LTKBID,CompoundName,SeverityClass,LabelSection,vDILI-Concern,Comment,compound_name,smiles,molecule_chembl_id,CAS_number,mw,alogp,prodrug,livertox_score,DILI_label,DILI_label_binary,livertox_mechanism_summary,v2_class,primary_label,name_norm,structure_source,resolved_smiles,pubchem_cid,pubchem_inchikey,parse_ok,standardized_smiles,inchikey,scaffold_smiles,fragment_count,largest_fragment_fraction,formal_charge,mol_wt,heavy_atoms,carbon_atoms,metal_atoms,tpsa,clogp,hbd,hba,rot_bonds,ring_count,fraction_csp3,eligible,exclusion_reasons,v1_label_raw,v1_class,dilimap_validation,dilimap_total_cmax_uM,structure_source_round03,structure_source_round03b
LT00040,Abacavir sulfate,8,Warnings & precautions,vMOST-DILI-concern,Unchanged,Abacavir,Nc1nc(NC2CC2)c2ncn([C@H]3C=C[C@@H](CO)C3)c2n1,CHEMBL1380,136470-78-5,286.34,1.09,1.0,C,DILI (likely),DILI,"Hepatitis, Cholestasis/Biliary, Hypersensitivity Syndrome",most,1.0,abacavir sulfate,DILImap_metadata,Nc1nc(NC2CC2)c2ncn([C@H]3C=C[C@@H](CO)C3)c2n1,,,True,Nc1nc(NC2CC2)c2ncn([C@H]3C=C[C@@H](CO)C3)c2n1,MCGSCOLBFJQGHM-SCZZXKLOSA-N,C1=CC(n2cnc3c(NC4CC4)ncnc32)CC1,1.0,1.0,0.0,286.33900000000006,21.0,14.0,0.0,101.88,1.0922999999999998,3.0,6.0,4.0,4.0,0.5,True,,Most-DILI-Concern,most,False,,,
LT03618,Abaloparatide,0,No match,vNo-DILI-concern,New,,,,,,,,,,,,no,0.0,abaloparatide,,CC[C@H](C)[C@@H](C(=O)N[C@@H](CCC(=O)N)C(=O)N[C@@H](CC(=O)O)C(=O)N[C@@H](CC(C)C)C(=O)N[C@@H](CCCNC(=N)N)C(=O)N[C@@H](CCCNC(=N)N)C(=O)N[C@@H](CCCNC(=N)N)C(=O)N[C@@H](CCC(=O)O)C(=O)N[C@@H](CC(C)C)C(=O)N[C@@H](CC(C)C)C(=O)N[C@@H](CCC(=O)O)C(=O)N[C@@H](CCCCN)C(=O)N[C@@H](CC(C)C)C(=O)N[C@@H](CC(C)C)C(=O)NC(C)(C)C(=O)N[C@@H](CCCCN)C(=O)N[C@@H](CC(C)C)C(=O)N[C@@H](CC1=CN=CN1)C(=O)N[C@@H]([C@@H](C)O)C(=O)N[C@@H](C)C(=O)N)NC(=O)[C@H](CO)NC(=O)[C@H](CCCCN)NC(=O)CNC(=O)[C@H](CCCCN)NC(=O)[C@H](CC(=O)O)NC(=O)[C@H](CC2=CN=CN2)NC(=O)[C@H](CC(C)C)NC(=O)[C@H](CC(C)C)NC(=O)[C@H](CCC(=O)N)NC(=O)[C@H](CC3=CN=CN3)NC(=O)[C@H](CCC(=O)O)NC(=O)[C@H](CO)NC(=O)[C@H](C(C)C)NC(=O)[C@H](C)N,76943386.0,BVISQZFBLRSESR-XSCWXTNMSA-N,True,CC[C@H](C)[C@H](NC(=O)[C@H](CO)NC(=O)[C@H](CCCCN)NC(=O)CNC(=O)[C@H](CCCCN)NC(=O)[C@H](CC(=O)O)NC(=O)[C@H](Cc1cnc[nH]1)NC(=O)[C@H](CC(C)C)NC(=O)[C@H](CC(C)C)NC(=O)[C@H](CCC(N)=O)NC(=O)[C@H](Cc1cnc[nH]1)NC(=O)[C@H](CCC(=O)O)NC(=O)[C@H](CO)NC(=O)[C@@H](NC(=O)[C@H](C)N)C(C)C)C(=O)N[C@@H](CCC(N)=O)C(=O)N[C@@H](CC(=O)O)C(=O)N[C@@H](CC(C)C)C(=O)N[C@@H](CCCNC(=N)N)C(=O)N[C@@H](CCCNC(=N)N)C(=O)N[C@@H](CCCNC(=N)N)C(=O)N[C@@H](CCC(=O)O)C(=O)N[C@@H](CC(C)C)C(=O)N[C@@H](CC(C)C)C(=O)N[C@@H](CCC(=O)O)C(=O)N[C@@H](CCCCN)C(=O)N[C@@H](CC(C)C)C(=O)N[C@@H](CC(C)C)C(=O)NC(C)(C)C(=O)N[C@@H](CCCCN)C(=O)N[C@@H](CC(C)C)C(=O)N[C@@H](Cc1cnc[nH]1)C(=O)N[C@H](C(=O)N[C@@H](C)C(N)=O)[C@@H](C)O,BVISQZFBLRSESR-XSCWXTNMSA-N,O=C(CCc1cnc[nH]1)NCC(=O)NCC(=O)NCC(=O)NC(Cc1cnc[nH]1)C(=O)NCC(=O)NCC(=O)NCC(=O)NCC(=O)NCC(=O)NCC(=O)NCC(=O)NCC(=O)NCC(=O)NCC(=O)NCC(=O)NCC(=O)NCC(=O)NCC(=O)NCC(=O)NCC(=O)NCC(=O)NCC(=O)NCC(=O)NCC(=O)NCC(=O)NCC(=O)NCCc1cnc[nH]1,1.0,1.0,0.0,3960.6569999999847,279.0,174.0,0.0,1738.5999999999988,-15.40709000000028,61.0,55.0,142.0,3.0,0.6954022988505747,False,mw_above_1000;heavy_atoms_above_80;structure_too_large,,other,False,,,PubChem_name_property
LT01402,Abatacept,0,No match,vLess-DILI-concern,Unchanged,Abatacept,,CHEMBL1201823,,,,0.0,D,DILI (few cases),,"Hepatitis, Necrosis, Hypersensitivity, idiosyncratic cases",less,,abatacept,,,,,False,,,,,,,,,,,,,,,,,,False,missing_structure,Less-DILI-Concern,less,False,,,
LT01330,Abciximab,0,No match,vNo-DILI-concern,Unchanged,Abciximab,,CHEMBL1201584,,,,0.0,,No DILI,No DILI,,no,0.0,abciximab,,,,,False,,,,,,,,,,,,,,,,,,False,missing_structure,No-DILI-Concern,no,False,,,
LT03619,Abemaciclib,3,Warnings & precautions,vLess-DILI-concern,New,,,,,,,,,,,,less,,abemaciclib,,CCN1CCN(CC1)CC2=CN=C(C=C2)NC3=NC=C(C(=N3)C4=CC5=C(C(=C4)F)N=C(N5C(C)C)C)F,46220502.0,UZWDCWONPYILKI-UHFFFAOYSA-N,True,CCN1CCN(Cc2ccc(Nc3ncc(F)c(-c4cc(F)c5nc(C)n(C(C)C)c5c4)n3)nc2)CC1,UZWDCWONPYILKI-UHFFFAOYSA-N,c1cc(-c2ccc3nc[nH]c3c2)nc(Nc2ccc(CN3CCNCC3)cn2)n1,1.0,1.0,0.0,506.6050000000003,37.0,27.0,0.0,75.0,4.936920000000004,1.0,7.0,7.0,5.0,0.4074074074074074,True,,,other,False,,,PubChem_name_property
LT02339,Abiraterone acetate,8,Warnings & precautions,vMost-DILI-concern,New,,,,,,,,,,,,most,1.0,abiraterone acetate,,C[C@]12CC[C@H](O)CC1=CC[C@@H]1[C@@H]2CC[C@]2(C)C(c3cccnc3)=CC[C@@H]12,,,True,C[C@]12CC[C@H](O)CC1=CC[C@@H]1[C@@H]2CC[C@]2(C)C(c3cccnc3)=CC[C@@H]12,GZOSMCIZMLWJML-VJLLXTKPSA-N,C1=C2CCCCC2C2CCC3C(c4cccnc4)=CCC3C2C1,1.0,1.0,0.0,349.51800000000003,26.0,24.0,0.0,33.120000000000005,5.398600000000005,1.0,2.0,1.0,5.0,0.625,True,,,other,False,,DILImap_metadata_offline,
LT03614,Acalabrutinib,4,Adverse reactions,Ambiguous-DILI-concern,New,,,,,,,,,,,,ambiguous,,acalabrutinib,,CC#CC(=O)N1CCC[C@H]1C2=NC(=C3N2C=CN=C3N)C4=CC=C(C=C4)C(=O)NC5=CC=CC=N5,71226662.0,WDENQIQQYWYTPO-IBGZPJMESA-N,True,CC#CC(=O)N1CCC[C@H]1c1nc(-c2ccc(C(=O)Nc3ccccn3)cc2)c2c(N)nccn12,WDENQIQQYWYTPO-IBGZPJMESA-N,O=C(Nc1ccccn1)c1ccc(-c2nc(C3CCCN3)n3ccncc23)cc1,1.0,1.0,0.0,465.51700000000017,35.0,26.0,0.0,118.51,3.3126000000000015,2.0,6.0,4.0,5.0,0.19230769230769232,True,,,other,False,,,PubChem_name_property
LT01141,Acamprosate calcium,3,Adverse reactions,vLess-DILI-concern,Unchanged,Acamprosate,CC(=O)NCCCS(=O)(=O)O,CHEMBL1201293,77337-73-6,181.21,-0.6,0.0,E,No DILI (unlikely),,,less,,acamprosate calcium,DILImap_metadata,CC(=O)NCCCS(=O)(=O)O,,,True,CC(=O)NCCCS(=O)(=O)O,AFCGFAGUEYAMAO-UHFFFAOYSA-N,,1.0,1.0,0.0,181.213,11.0,5.0,0.0,83.47,-0.5995999999999997,2.0,3.0,4.0,0.0,0.8,True,,Less-DILI-Concern,less,False,,,
LT01034,Acarbose,8,Warnings & precautions,vMost-DILI-concern,Unchanged,Acarbose,C[C@H]1O[C@H](O[C@H]2[C@H](O)[C@@H](O)[C@@H](O[C@H]3[C@H](O)[C@@H](O)[C@H](O)O[C@@H]3CO)O[C@@H]2CO)[C@H](O)[C@@H](O)[C@@H]1N[C@H]1C=C(CO)[C@@H](O)[C@H](O)[C@H]1O,CHEMBL1566,56180-94-0,645.61,-8.56,0.0,B,DILI (likely),DILI,"Hepatitis, Cholestasis/Biliary, Immune-mediated, Hypersensitivity",most,1.0,acarbose,DILImap_metadata,C[C@H]1O[C@H](O[C@H]2[C@H](O)[C@@H](O)[C@@H](O[C@H]3[C@H](O)[C@@H](O)[C@H](O)O[C@@H]3CO)O[C@@H]2CO)[C@H](O)[C@@H](O)[C@@H]1N[C@H]1C=C(CO)[C@@H](O)[C@H](O)[C@H]1O,,,True,C[C@H]1O[C@H](O[C@H]2[C@H](O)[C@@H](O)[C@@H](O[C@H]3[C@H](O)[C@@H](O)[C@H](O)O[C@@H]3CO)O[C@@H]2CO)[C@H](O)[C@@H](O)[C@@H]1N[C@H]1C=C(CO)[C@@H](O)[C@H](O)[C@H]1O,XUFXOAAUWZOOIT-SXARVLRPSA-N,C1=CC(NC2CCC(OC3CCC(OC4CCCOC4)OC3)OC2)CCC1,1.0,1.0,0.0,645.6080000000004,44.0,25.0,0.0,321.17,-8.564500000000011,14.0,19.0,9.0,4.0,0.92,True,,Most-DILI-Concern,most,False,0.112948606744009,,
LT01035,Acebutolol hydrochloride,3,Adverse reactions,vLess-DILI-concern,Unchanged,Acebutolol,CCCC(=O)Nc1ccc(OCC(O)CNC(C)C)c(C(C)=O)c1,CHEMBL642,34381-68-5,336.43,2.37,0.0,C,DILI (few cases),,"Hepatitis, likely idiosyncratic",less,,acebutolol hydrochloride,DILImap_metadata,CCCC(=O)Nc1ccc(OCC(O)CNC(C)C)c(C(C)=O)c1,,,True,CCCC(=O)Nc1ccc(OCC(O)CNC(C)C)c(C(C)=O)c1,GOEMGAFJFRBGGG-UHFFFAOYSA-N,c1ccccc1,1.0,1.0,0.0,336.4320000000001,24.0,18.0,0.0,87.66,2.3655,3.0,5.0,10.0,1.0,0.5555555555555556,True,,Less-DILI-Concern,less,False,,,
LT01853,Aceclofenac,0,No match,vLess-DILI-concern,Unchanged,Aceclofenac,O=C(O)COC(=O)Cc1ccccc1Nc1c(Cl)cccc1Cl,CHEMBL93645,89796-99-6,354.19,3.91,0.0,,DILI (few cases),,,less,,aceclofenac,DILImap_metadata,O=C(O)COC(=O)Cc1ccccc1Nc1c(Cl)cccc1Cl,,,True,O=C(O)COC(=O)Cc1ccccc1Nc1c(Cl)cccc1Cl,MNIPYSSQXLZQLJ-UHFFFAOYSA-N,c1ccc(Nc2ccccc2)cc1,1.0,1.0,0.0,354.1890000000001,23.0,16.0,0.0,75.63,3.907300000000002,2.0,4.0,6.0,2.0,0.125,True,,Less-DILI-Concern,less,False,30.4437049323809,,
LT00004,Acetaminophen,5,Warnings & precautions,vMost-DILI-concern,Unchanged,Acetaminophen,CC(=O)Nc1ccc(O)cc1,CHEMBL112,,151.16,1.35,1.0,A [HD],DILI (known),DILI,"CYP, Hypersensitivity",most,1.0,acetaminophen,DILImap_metadata,CC(=O)Nc1ccc(O)cc1,,,True,CC(=O)Nc1ccc(O)cc1,RZVAJINKPMORJF-UHFFFAOYSA-N,c1ccccc1,1.0,1.0,0.0,151.165,11.0,8.0,0.0,49.33,1.3505999999999998,2.0,2.0,1.0,1.0,0.125,True,,Most-DILI-Concern,most,False,132.31,,
LT00498,Acetazolamide,8,Warnings & precautions,vMost-DILI-concern,Unchanged,Acetazolamide,CC(=O)Nc1nnc(S(N)(=O)=O)s1,CHEMBL20,59-66-5,222.25,-0.86,0.0,D,DILI (likely),DILI,,most,1.0,acetazolamide,DILImap_metadata,CC(=O)Nc1nnc(S(N)(=O)=O)s1,,,True,CC(=O)Nc1nnc(S(N)(=O)=O)s1,BZKPWHYZMXOIDC-UHFFFAOYSA-N,c1nncs1,1.0,1.0,0.0,222.251,13.0,4.0,0.0,115.03999999999999,-0.8561000000000003,2.0,6.0,2.0,1.0,0.25,True,,Most-DILI-Concern,most,False,112.484375703037,,
LT00913,Acetohydroxamic acid,3,Warnings & precautions,Ambiguous-DILI-concern,Unchanged,Acetohydroxamic acid,CC(=O)NO,CHEMBL734,546-88-3,75.07,-0.49,0.0,,,,,ambiguous,,acetohydroxamic acid,DILImap_metadata,CC(=O)NO,,,True,CC(=O)NO,RRUDCFGSUDOHDG-UHFFFAOYSA-N,,1.0,1.0,0.0,75.067,5.0,2.0,0.0,49.33,-0.4882999999999999,2.0,2.0,0.0,0.0,0.5,True,,Ambiguous DILI-concern,ambiguous,False,,,
LT02096,Acetylcholine chloride,0,No match,vNo-DILI-concern,Unchanged,Acetylcholine chloride,,,60-31-1,,,,,No DILI,No DILI,,no,0.0,acetylcholine chloride,,CC(=O)OCC[N+](C)(C)C.[Cl-],6060.0,JUGOREOARAHOCO-UHFFFAOYSA-M,True,CC(=O)OCC[N+](C)(C)C,OIPILFWXSMYKGL-UHFFFAOYSA-N,,2.0,0.9090909090909091,1.0,146.21,10.0,7.0,0.0,26.3,0.25570000000000004,0.0,2.0,3.0,0.0,0.8571428571428571,True,,No-DILI-Concern,no,False,,,PubChem_name_property
LT01041,Acetylcysteine,0,No match,vNo-DILI-concern,Unchanged,Acetylcysteine,CC(=O)N[C@@H](CS)C(=O)O,CHEMBL600,616-91-1,163.2,-0.49,0.0,E,No DILI,No DILI,,no,0.0,acetylcysteine,DILImap_metadata,CC(=O)N[C@@H](CS)C(=O)O,,,True,CC(=O)N[C@@H](CS)C(=O)O,PWKSKIMOESPYIA-BYPYZUCNSA-N,,1.0,1.0,0.0,163.198,10.0,5.0,0.0,66.4,-0.4945,3.0,3.0,3.0,0.0,0.6,True,,No-DILI-Concern,no,False,,,
LT01042,Acitretin,5,Box warning,vMost-DILI-concern,Unchanged,Acitretin,COc1cc(C)c(/C=C/C(C)=C/C=C/C(C)=C/C(=O)O)c(C)c1C,CHEMBL1131,55079-83-9,326.44,5.17,0.0,B,DILI (likely),DILI,"Hepatitis, Cholestasis/Biliary, Hypersensitivity",most,1.0,acitretin,DILImap_metadata,COc1cc(C)c(/C=C/C(C)=C/C=C/C(C)=C/C(=O)O)c(C)c1C,,,True,COc1cc(C)c(/C=C/C(C)=C/C=C/C(C)=C/C(=O)O)c(C)c1C,IHUNBGSDBOWDMA-AQFIFDHZSA-N,c1ccccc1,1.0,1.0,0.0,326.4360000000001,24.0,21.0,0.0,46.53,5.167060000000005,1.0,2.0,6.0,1.0,0.2857142857142857,True,,Most-DILI-Concern,most,False,,,
LT00041,Acyclovir,5,Adverse reactions,vLess-DILI-concern,Unchanged,Aciclovir,Nc1nc2c(ncn2COCCO)c(=O)[nH]1,CHEMBL184,59277-89-3,225.21,-1.33,1.0,,,,,less,,acyclovir,DILImap_metadata,Nc1nc2c(ncn2COCCO)c(=O)[nH]1,,,True,Nc1nc2c(ncn2COCCO)c(=O)[nH]1,MKUXAQIIEYXACX-UHFFFAOYSA-N,O=c1[nH]cnc2[nH]cnc12,1.0,1.0,0.0,225.20799999999997,16.0,8.0,0.0,119.04999999999998,-1.3318000000000003,3.0,6.0,4.0,2.0,0.375,True,,Less-DILI-Concern,less,False,,,
LT01387,Adalimumab,7,Adverse reactions,vLess-DILI-concern,Unchanged,Adalimumab,,CHEMBL1201580,,,,0.0,B,DILI (likely),DILI,"Hepatitis, Necrosis, Immune-mediated, Hypersensitivity",less,,adalimumab,,,,,False,,,,,,,,,,,,,,,,,,False,missing_structure,Less-DILI-Concern,less,False,,,
LT01155,Adefovir dipivoxil,2,Warnings & precautions,vLess-DILI-concern,Unchanged,Adefovir,Nc1ncnc2c1ncn2CCOCP(=O)(O)O,CHEMBL484,142340-99-6,273.19,-0.44,1.0,E,No DILI (unlikely),,,less,,adefovir dipivoxil,DILImap_metadata,Nc1ncnc2c1ncn2CCOCP(=O)(O)O,,,True,Nc1ncnc2c1ncn2CCOCP(=O)(O)O,SUPKOOSCJHTBAH-UHFFFAOYSA-N,c1ncc2nc[nH]c2n1,1.0,1.0,0.0,273.1889999999999,18.0,8.0,0.0,136.38000000000002,-0.4397000000000001,3.0,6.0,5.0,2.0,0.375,True,,Less-DILI-Concern,less,False,,,
LT01047,Adenosine,0,No match,vNo-DILI-concern,Unchanged,Adenosine,Nc1ncnc2c1ncn2[C@@H]1O[C@H](CO)[C@@H](O)[C@H]1O,CHEMBL477,58-61-7,267.25,-1.98,0.0,,No DILI,No DILI,,no,0.0,adenosine,DILImap_metadata,Nc1ncnc2c1ncn2[C@@H]1O[C@H](CO)[C@@H](O)[C@H]1O,,,True,Nc1ncnc2c1ncn2[C@@H]1O[C@H](CO)[C@@H](O)[C@H]1O,OIRDTQYFTABQOQ-KQYNXXCUSA-N,c1ncc2ncn(C3CCCO3)c2n1,1.0,1.0,0.0,267.245,19.0,10.0,0.0,139.54000000000002,-1.9800000000000006,4.0,8.0,2.0,3.0,0.5,True,,No-DILI-Concern,no,False,,,
LT02889,Afatinib dimaleate,8,Warnings & precautions,Ambiguous-DILI-concern,New,,,,,,,,,,,,ambiguous,,afatinib dimaleate,,CN(C/C=C/C(=O)NC1=C(C=C2N=CN=C(C2=C1)NC3=CC(=C(C=C3)F)Cl)O[C@@H]4COCC4)C.C(=C\C(=O)O)\C(=O)O.C(=C\C(=O)O)\C(=O)O,15606394.0,USNRYVNRPYXCSP-JUGPPOIOSA-N,True,CN(C)C/C=C/C(=O)Nc1cc2c(Nc3ccc(F)c(Cl)c3)ncnc2cc1O[C@H]1CCOC1,ULXXDDBFHOBEHA-CWDCEQMOSA-N,c1ccc(Nc2ncnc3cc(OC4CCOC4)ccc23)cc1,3.0,0.68,0.0,485.9470000000003,34.0,24.0,0.0,88.61000000000001,4.389900000000003,2.0,7.0,8.0,4.0,0.2916666666666667,True,,,other,False,,,PubChem_name_property
LT02385,Agalsidase beta,0,No match,vNo-DILI-concern,Unchanged,Agalsidase beta,,CHEMBL2108888,,,,0.0,E,No DILI,No DILI,,no,0.0,agalsidase beta,,,,,False,,,,,,,,,,,,,,,,,,False,missing_structure,No-DILI-Concern,no,False,,,
LT02213,Alaproclate,8,Withdrawn,vMost-DILI-concern,Unchanged,Alaproclate,CC(N)C(=O)OC(C)(C)Cc1ccc(Cl)cc1,CHEMBL36591,,255.75,2.55,0.0,,DILI (withdrawn),DILI,,most,1.0,alaproclate,DILImap_metadata,CC(N)C(=O)OC(C)(C)Cc1ccc(Cl)cc1,,,True,CC(N)C(=O)OC(C)(C)Cc1ccc(Cl)cc1,FZSPJBYOKQPKCD-UHFFFAOYSA-N,c1ccccc1,1.0,1.0,0.0,255.74499999999998,17.0,13.0,0.0,52.32000000000001,2.5515000000000008,1.0,3.0,4.0,1.0,0.46153846153846156,True,,Most-DILI-Concern,most,False,2.09188660801564,,
LT00461,Alatrofloxacin mesylate,8,Withdrawn,vMost-DILI-concern,Unchanged,Alatrofloxacin mesylate,,,,,,,,DILI (withdrawn),DILI,,most,1.0,alatrofloxacin mesylate,,C[C@H](N)C(=O)N[C@@H](C)C(=O)N[C@H]1[C@@H]2CN(c3nc4c(cc3F)c(=O)c(C(=O)O)cn4-c3ccc(F)cc3F)C[C@@H]21,,,True,C[C@H](N)C(=O)N[C@@H](C)C(=O)N[C@H]1[C@@H]2CN(c3nc4c(cc3F)c(=O)c(C(=O)O)cn4-c3ccc(F)cc3F)C[C@@H]21,UUZPPAMZDFLUHD-VUJLHGSVSA-N,O=c1ccn(-c2ccccc2)c2nc(N3CC4CC4C3)ccc12,1.0,1.0,0.0,558.5170000000002,40.0,26.0,0.0,159.64999999999998,0.903900000000001,4.0,7.0,7.0,5.0,0.34615384615384615,True,,Most-DILI-Concern,most,False,,DILImap_metadata_offline,
LT00499,Albendazole,7,Warnings & precautions,vMost-DILI-concern,Unchanged,Albendazole,CCCSc1ccc2[nH]c(NC(=O)OC)nc2c1,CHEMBL1483,54965-21-8,265.34,3.24,1.0,B,DILI (likely),DILI,"Hepatitis, Cholestasis/Biliary, Hypersensitivity",most,1.0,albendazole,DILImap_metadata,CCCSc1ccc2[nH]c(NC(=O)OC)nc2c1,,,True,CCCSc1ccc2[nH]c(NC(=O)OC)nc2c1,HXHWSAZORRCQMX-UHFFFAOYSA-N,c1ccc2[nH]cnc2c1,1.0,1.0,0.0,265.33799999999997,18.0,12.0,0.0,67.01,3.2433000000000005,2.0,4.0,4.0,2.0,0.3333333333333333,True,,Most-DILI-Concern,most,False,4.1588151051481,,
LT01051,Albuterol,0,No match,vNo-DILI-concern,Unchanged,Salbutamol,CC(C)(C)NCC(O)c1ccc(O)c(CO)c1,CHEMBL714,18559-94-9,239.31,1.31,0.0,E,No DILI,No DILI,,no,0.0,albuterol,DILImap_metadata,CC(C)(C)NCC(O)c1ccc(O)c(CO)c1,,,True,CC(C)(C)NCC(O)c1ccc(O)c(CO)c1,NDAUXUAQIAJITI-UHFFFAOYSA-N,c1ccccc1,1.0,1.0,0.0,239.315,17.0,13.0,0.0,72.72,1.3059999999999998,4.0,4.0,4.0,1.0,0.5384615384615384,True,,No-DILI-Concern,no,False,,,
LT00692,Alclofenac,8,Withdrawn,vMost-DILI-concern,Unchanged,Alclofenac,C=CCOc1ccc(CC(=O)O)cc1Cl,CHEMBL94081,,226.66,2.53,0.0,,DILI (withdrawn),DILI,,most,1.0,alclofenac,DILImap_metadata,C=CCOc1ccc(CC(=O)O)cc1Cl,,,True,C=CCOc1ccc(CC(=O)O)cc1Cl,ARHWPKZXBHOEEE-UHFFFAOYSA-N,c1ccccc1,1.0,1.0,0.0,226.659,15.0,11.0,0.0,46.53,2.5319000000000003,1.0,2.0,5.0,1.0,0.18181818181818182,True,,Most-DILI-Concern,most,False,,,
LT01319,Aldesleukin,3,Warnings & precautions,Ambiguous-DILI-concern,Unchanged,Aldesleukin,,CHEMBL1201438,,,,0.0,C[HD],DILI (few cases),,"Hepatitis, Cholestasis/Biliary, Immune-mediated, idiosyncratic cases",ambiguous,,aldesleukin,,,,,False,,,,,,,,,,,,,,,,,,False,missing_structure,Ambiguous DILI-concern,ambiguous,False,,,
LT03620,Alectinib hydrochloride,4,Warnings & precautions,Ambiguous-DILI-concern,New,,,,,,,,,,,,ambiguous,,alectinib hydrochloride,,CCC1=CC2=C(C=C1N3CCC(CC3)N4CCOCC4)C(C5=C(C2=O)C6=C(N5)C=C(C=C6)C#N)(C)C.Cl,53239799.0,GYABBVHSRIHYJR-UHFFFAOYSA-N,True,CCc1cc2c(cc1N1CCC(N3CCOCC3)CC1)C(C)(C)c1[nH]c3cc(C#N)ccc3c1C2=O,KDGFLJKFZUIJMX-UHFFFAOYSA-N,O=C1c2ccc(N3CCC(N4CCOCC4)CC3)cc2Cc2[nH]c3ccccc3c21,2.0,0.972972972972973,0.0,482.62800000000027,36.0,30.0,0.0,72.36,4.773280000000004,1.0,5.0,3.0,6.0,0.4666666666666667,True,,,other,False,,,PubChem_name_property
LT01364,Alemtuzumab,0,No match,vLess-DILI-concern,Revised,Alemtuzumab,,CHEMBL1201587,,,,0.0,C,No DILI,No DILI,", idiosyncratic cases",less,,alemtuzumab,,,,,False,,,,,,,,,,,,,,,,,,False,missing_structure,No-DILI-Concern,no,False,,,
LT00980,Alendronate sodium,0,No match,vLess-DILI-concern,Unchanged,Alendronate,NCCCC(O)(P(=O)(O)O)P(=O)(O)O,CHEMBL870,121268-17-5,249.1,-1.27,0.0,C,DILI (few cases),,,less,,alendronate sodium,DILImap_metadata,NCCCC(O)(P(=O)(O)O)P(=O)(O)O,,,True,NCCCC(O)(P(=O)(O)O)P(=O)(O)O,OGSPWJRAVKPPFI-UHFFFAOYSA-N,,1.0,1.0,0.0,249.096,14.0,4.0,0.0,161.30999999999997,-1.2731999999999999,6.0,4.0,5.0,0.0,1.0,True,,Less-DILI-Concern,less,False,,,
LT00925,Alfentanil hydrochloride,0,No match,vNo-DILI-concern,Unchanged,Alfentanil,CCC(=O)N(c1ccccc1)C1(COC)CCN(CCn2nnn(CC)c2=O)CC1,CHEMBL634,,416.53,1.38,0.0,E,No DILI,No DILI,,no,0.0,alfentanil hydrochloride,DILImap_metadata,CCC(=O)N(c1ccccc1)C1(COC)CCN(CCn2nnn(CC)c2=O)CC1,,,True,CCC(=O)N(c1ccccc1)C1(COC)CCN(CCn2nnn(CC)c2=O)CC1,IDBPHNDTYPBSNI-UHFFFAOYSA-N,O=c1[nH]nnn1CCN1CCC(Nc2ccccc2)CC1,1.0,1.0,0.0,416.52600000000024,30.0,21.0,0.0,85.49000000000001,1.3838999999999997,0.0,6.0,9.0,3.0,0.6190476190476191,True,,No-DILI-Concern,no,False,,,
LT01107,Alfuzosin hydrochloride,5,Adverse reactions,vLess-DILI-concern,Unchanged,Alfuzosin,COc1cc2nc(N(C)CCCNC(=O)C3CCCO3)nc(N)c2cc1OC,CHEMBL709,81403-68-1,389.46,1.35,0.0,C,DILI (few cases),,"Hepatitis, CYP, Cholestasis/Biliary, Hypersensitivity",less,,alfuzosin hydrochloride,DILImap_metadata,COc1cc2nc(N(C)CCCNC(=O)C3CCCO3)nc(N)c2cc1OC,,,True,COc1cc2nc(N(C)CCCNC(=O)C3CCCO3)nc(N)c2cc1OC,WNMJYKCGWZFFKR-UHFFFAOYSA-N,O=C(NCCCNc1ncc2ccccc2n1)C1CCCO1,1.0,1.0,0.0,389.4560000000002,28.0,19.0,0.0,111.83,1.3507000000000002,2.0,8.0,8.0,3.0,0.5263157894736842,True,,Less-DILI-Concern,less,False,,,
LT01404,Alglucosidase alfa,0,No match,vNo-DILI-concern,Unchanged,Alglucosidase alfa,,CHEMBL1201824,,,,0.0,E,No DILI,No DILI,,no,0.0,alglucosidase alfa,,,,,False,,,,,,,,,,,,,,,,,,False,missing_structure,No-DILI-Concern,no,False,,,
LT01244,Aliskiren hemifumarate,0,No match,vLess-DILI-concern,Unchanged,Aliskiren,COCCCOc1cc(C[C@@H](C[C@H](N)[C@@H](O)C[C@H](C(=O)NCC(C)(C)C(N)=O)C(C)C)C(C)C)ccc1OC,CHEMBL1639,173334-58-2,551.77,3.29,0.0,C,DILI (few cases),,"CYP, Cholestasis/Biliary, idiosyncratic cases",less,,aliskiren hemifumarate,DILImap_metadata,COCCCOc1cc(C[C@@H](C[C@H](N)[C@@H](O)C[C@H](C(=O)NCC(C)(C)C(N)=O)C(C)C)C(C)C)ccc1OC,,,True,COCCCOc1cc(C[C@@H](C[C@H](N)[C@@H](O)C[C@H](C(=O)NCC(C)(C)C(N)=O)C(C)C)C(C)C)ccc1OC,UXOWGYHJODZGMF-QORCZRPOSA-N,c1ccccc1,1.0,1.0,0.0,551.7690000000003,39.0,30.0,0.0,146.13,3.2935000000000043,4.0,7.0,19.0,1.0,0.7333333333333333,True,,Less-DILI-Concern,less,False,,,
LT00043,Allopurinol,8,Warnings & precautions,vMost-DILI-concern,Unchanged,Allopurinol,Oc1ncnc2[nH]ncc12,CHEMBL1467,315-30-0,136.11,0.06,0.0,A,DILI (known),DILI,"Hepatitis, Cholestasis/Biliary, Immune-mediated, Hypersensitivity",most,1.0,allopurinol,DILImap_metadata,Oc1ncnc2[nH]ncc12,,,True,Oc1ncnc2[nH]ncc12,OFCNXPDARWKPPY-UHFFFAOYSA-N,c1ncc2cn[nH]c2n1,1.0,1.0,0.0,136.114,10.0,5.0,0.0,74.69,0.058499999999999885,2.0,4.0,0.0,2.0,0.0,True,,Most-DILI-Concern,most,False,17.9263766764748,,
LT01053,Almotriptan malate,0,No match,vNo-DILI-concern,Unchanged,Almotriptan,CN(C)CCc1c[nH]c2ccc(CS(=O)(=O)N3CCCC3)cc12,CHEMBL1505,181183-52-8,335.47,2.2,0.0,E,No DILI,No DILI,,no,0.0,almotriptan malate,DILImap_metadata,CN(C)CCc1c[nH]c2ccc(CS(=O)(=O)N3CCCC3)cc12,,,True,CN(C)CCc1c[nH]c2ccc(CS(=O)(=O)N3CCCC3)cc12,WKEMJKQOLOHJLZ-UHFFFAOYSA-N,O=S(=O)(Cc1ccc2[nH]ccc2c1)N1CCCC1,1.0,1.0,0.0,335.4730000000002,23.0,17.0,0.0,56.410000000000004,2.1975999999999996,1.0,3.0,6.0,3.0,0.5294117647058824,True,,No-DILI-Concern,no,False,,,
LT02888,Alogliptin benzoate,8,Warnings & precautions,Ambiguous-DILI-concern,New,,,,,,,,,,,,ambiguous,,alogliptin benzoate,,CN1C(=O)C=C(N(C1=O)CC2=CC=CC=C2C#N)N3CCC[C@H](C3)N.C1=CC=C(C=C1)C(=O)O,16088021.0,KEJICOXJTRHYAK-XFULWGLBSA-N,True,Cn1c(=O)cc(N2CCC[C@@H](N)C2)n(Cc2ccccc2C#N)c1=O,ZSBOMTDTBDDKMP-OAHLLOKOSA-N,O=c1cc(N2CCCCC2)n(Cc2ccccc2)c(=O)[nH]1,2.0,0.7352941176470589,0.0,339.39900000000017,25.0,18.0,0.0,97.04999999999998,0.3944800000000007,1.0,5.0,3.0,3.0,0.3888888888888889,True,,,other,False,,,PubChem_name_property
LT01070,Alosetron hydrochloride,4,Adverse reactions,vLess-DILI-concern,Unchanged,Alosetron,Cc1[nH]cnc1CN1CCc2c(c3ccccc3n2C)C1=O,CHEMBL1110,122852-69-1,294.36,2.41,0.0,D,DILI (few cases),,,less,,alosetron hydrochloride,DILImap_metadata,Cc1[nH]cnc1CN1CCc2c(c3ccccc3n2C)C1=O,,,True,Cc1[nH]cnc1CN1CCc2c(c3ccccc3n2C)C1=O,JSWZEAMFRNKZNL-UHFFFAOYSA-N,O=C1c2c([nH]c3ccccc23)CCN1Cc1c[nH]cn1,1.0,1.0,0.0,294.35800000000006,22.0,17.0,0.0,53.92,2.4083200000000007,1.0,2.0,2.0,4.0,0.29411764705882354,True,,Less-DILI-Concern,less,False,,,
LT03621,Alpelisib,3,Adverse reactions,vLess-DILI-concern,New,,,,,,,,,,,,less,,alpelisib,,CC1=C(SC(=N1)NC(=O)N2CCC[C@H]2C(=O)N)C3=CC(=NC=C3)C(C)(C)C(F)(F)F,56649450.0,STUWGJZDJHPWGZ-LBPRGKRZSA-N,True,Cc1nc(NC(=O)N2CCC[C@H]2C(N)=O)sc1-c1ccnc(C(C)(C)C(F)(F)F)c1,STUWGJZDJHPWGZ-LBPRGKRZSA-N,O=C(Nc1ncc(-c2ccncc2)s1)N1CCCC1,1.0,1.0,0.0,441.4790000000001,30.0,19.0,0.0,101.21000000000001,3.835020000000002,2.0,5.0,4.0,3.0,0.47368421052631576,True,,,other,False,,,PubChem_name_property
LT01060,Alpidem,8,Withdrawn,vMost-DILI-concern,Unchanged,Alpidem,CCCN(CCC)C(=O)Cc1c(-c2ccc(Cl)cc2)nc2ccc(Cl)cn12,CHEMBL54349,,404.34,5.5,0.0,,DILI (withdrawn),DILI,,most,1.0,alpidem,DILImap_metadata,CCCN(CCC)C(=O)Cc1c(-c2ccc(Cl)cc2)nc2ccc(Cl)cn12,,,True,CCCN(CCC)C(=O)Cc1c(-c2ccc(Cl)cc2)nc2ccc(Cl)cn12,JRTIDHTUMYMPRU-UHFFFAOYSA-N,c1ccc(-c2cn3ccccc3n2)cc1,1.0,1.0,0.0,404.34100000000007,27.0,21.0,0.0,37.61,5.4992000000000045,0.0,2.0,7.0,3.0,0.3333333333333333,True,,Most-DILI-Concern,most,False,,,
LT00501,Alprazolam,7,Adverse reactions,vLess-DILI-concern,Unchanged,Alprazolam,Cc1nnc2n1-c1ccc(Cl)cc1C(c1ccccc1)=NC2,CHEMBL661,,308.77,3.58,0.0,D,DILI (few cases),,"CYP, Cholestasis/Biliary",less,,alprazolam,DILImap_metadata,Cc1nnc2n1-c1ccc(Cl)cc1C(c1ccccc1)=NC2,,,True,Cc1nnc2n1-c1ccc(Cl)cc1C(c1ccccc1)=NC2,VREFGVBLTWBCJP-UHFFFAOYSA-N,c1ccc(C2=NCc3nncn3-c3ccccc32)cc1,1.0,1.0,0.0,308.77200000000005,22.0,17.0,0.0,43.07,3.5801200000000017,0.0,3.0,1.0,4.0,0.11764705882352941,True,,Less-DILI-Concern,less,False,,,
LT01315,Alteplase,0,No match,vNo-DILI-concern,Unchanged,Alteplase,,CHEMBL1201593,,,,0.0,,No DILI,No DILI,,no,0.0,alteplase,,,,,False,,,,,,,,,,,,,,,,,,False,missing_structure,No-DILI-Concern,no,False,,,
LT00502,Altretamine,2,Adverse reactions,Ambiguous-DILI-concern,Unchanged,Altretamine,CN(C)c1nc(N(C)C)nc(N(C)C)n1,CHEMBL1455,645-05-6,210.28,0.07,0.0,E*,No DILI,No DILI,,ambiguous,,altretamine,DILImap_metadata,CN(C)c1nc(N(C)C)nc(N(C)C)n1,,,True,CN(C)c1nc(N(C)C)nc(N(C)C)n1,UUVWYPNAQBNQJQ-UHFFFAOYSA-N,c1ncncn1,1.0,1.0,0.0,210.285,15.0,9.0,0.0,48.39000000000001,0.0696000000000001,0.0,6.0,3.0,1.0,0.6666666666666666,True,,Ambiguous DILI-concern,ambiguous,False,,,
LT01215,Alvimopan,0,No match,vNo-DILI-concern,Unchanged,Alvimopan,C[C@H]1CN(C[C@H](Cc2ccccc2)C(=O)NCC(=O)O)CC[C@@]1(C)c1cccc(O)c1,CHEMBL270190,170098-38-1,424.54,3.05,0.0,,No DILI,No DILI,,no,0.0,alvimopan,DILImap_metadata,C[C@H]1CN(C[C@H](Cc2ccccc2)C(=O)NCC(=O)O)CC[C@@]1(C)c1cccc(O)c1,,,True,C[C@H]1CN(C[C@H](Cc2ccccc2)C(=O)NCC(=O)O)CC[C@@]1(C)c1cccc(O)c1,UPNUIXSCZBYVBB-JVFUWBCBSA-N,c1ccc(CCCN2CCC(c3ccccc3)CC2)cc1,1.0,1.0,0.0,424.5410000000002,31.0,25.0,0.0,89.87,3.051400000000001,3.0,4.0,8.0,3.0,0.44,True,,No-DILI-Concern,no,False,0.0255816436613746,,
LT00503,Amantadine hydrochloride,3,Warnings & precautions,Ambiguous-DILI-concern,Unchanged,Amantadine,NC12CC3CC(CC(C3)C1)C2,CHEMBL660,665-66-7,151.25,1.91,0.0,E,No DILI,No DILI,,ambiguous,,amantadine hydrochloride,DILImap_metadata,NC12CC3CC(CC(C3)C1)C2,,,True,NC12CC3CC(CC(C3)C1)C2,DKNWSYNQZKUICI-UHFFFAOYSA-N,C1C2CC3CC1CC(C2)C3,1.0,1.0,0.0,151.253,11.0,10.0,0.0,26.02,1.9139,1.0,1.0,0.0,4.0,1.0,True,,Ambiguous DILI-concern,ambiguous,False,,,
LT01629,Ambenonium chloride,0,No match,vNo-DILI-concern,Unchanged,Ambenonium,CC[N+](CC)(CCNC(=O)C(=O)NCC[N+](CC)(CC)Cc1ccccc1Cl)Cc1ccccc1Cl,CHEMBL1652,,537.58,4.64,0.0,,No DILI,No DILI,,no,0.0,ambenonium chloride,DILImap_metadata,CC[N+](CC)(CCNC(=O)C(=O)NCC[N+](CC)(CC)Cc1ccccc1Cl)Cc1ccccc1Cl,,,True,CC[N+](CC)(CCNC(=O)C(=O)NCC[N+](CC)(CC)Cc1ccccc1Cl)Cc1ccccc1Cl,OMHBPUNFVFNHJK-UHFFFAOYSA-P,O=C(NCC[NH2+]Cc1ccccc1)C(=O)NCC[NH2+]Cc1ccccc1,1.0,1.0,2.0,537.5760000000002,36.0,28.0,0.0,58.2,4.639200000000005,2.0,2.0,14.0,2.0,0.5,True,,No-DILI-Concern,no,False,,,
LT00618,Ambrisentan,7,Adverse reactions,Ambiguous-DILI-concern,Unchanged,Ambrisentan,COC(c1ccccc1)(c1ccccc1)[C@H](Oc1nc(C)cc(C)n1)C(=O)O,CHEMBL1111,177036-94-1,378.43,3.52,0.0,E,No DILI,No DILI,,ambiguous,,ambrisentan,DILImap_metadata,COC(c1ccccc1)(c1ccccc1)[C@H](Oc1nc(C)cc(C)n1)C(=O)O,,,True,COC(c1ccccc1)(c1ccccc1)[C@H](Oc1nc(C)cc(C)n1)C(=O)O,OUJTZYPIHDYQMC-LJQANCHMSA-N,c1ccc(C(COc2ncccn2)c2ccccc2)cc1,1.0,1.0,0.0,378.4280000000001,28.0,22.0,0.0,81.54,3.515640000000001,1.0,5.0,7.0,3.0,0.22727272727272727,True,,Ambiguous DILI-concern,ambiguous,False,3.09999999999999,,
LT03376,Amifampridine,0,No match,vNo-DILI-concern,New,,,,,,,,,,,,no,0.0,amifampridine,,C1=CN=CC(=C1N)N,5918.0,OYTKINVCDFNREN-UHFFFAOYSA-N,True,Nc1ccncc1N,OYTKINVCDFNREN-UHFFFAOYSA-N,c1ccncc1,1.0,1.0,0.0,109.13200000000002,8.0,5.0,0.0,64.92999999999999,0.246,2.0,3.0,0.0,1.0,0.0,True,,,other,False,,,PubChem_name_property
LT03895,Amifampridine phosphate,3,Adverse reactions,Ambiguous-DILI-concern,New,,,,,,,,,,,,ambiguous,,amifampridine phosphate,,C1=CN=CC(=C1N)N.OP(=O)(O)O,9920716.0,KAICRBBQCRKMPO-UHFFFAOYSA-N,True,Nc1ccncc1N,OYTKINVCDFNREN-UHFFFAOYSA-N,c1ccncc1,2.0,0.6153846153846154,0.0,109.13200000000002,8.0,5.0,0.0,64.92999999999999,0.246,2.0,3.0,0.0,1.0,0.0,True,,,other,False,,,PubChem_name_property
LT01067,Amifostine,0,No match,vNo-DILI-concern,Unchanged,Amifostine,NCCCNCCSP(=O)(O)O,CHEMBL1006,112901-68-5,214.23,-0.25,1.0,,No DILI,No DILI,,no,0.0,amifostine,DILImap_metadata,NCCCNCCSP(=O)(O)O,,,True,NCCCNCCSP(=O)(O)O,JKOQGQFVAUAYPM-UHFFFAOYSA-N,,1.0,1.0,0.0,214.22699999999998,12.0,5.0,0.0,95.58,-0.2492999999999997,4.0,4.0,7.0,0.0,1.0,True,,No-DILI-Concern,no,False,,,
LT01068,Amikacin sulfate,0,No match,vNo-DILI-concern,Unchanged,Amikacin,NCC[C@H](O)C(=O)N[C@@H]1C[C@H](N)[C@@H](O[C@H]2O[C@H](CN)[C@@H](O)[C@H](O)[C@H]2O)[C@H](O)[C@H]1O[C@H]1O[C@H](CO)[C@@H](O)[C@H](N)[C@H]1O,CHEMBL177,39831-55-5,585.61,-8.42,0.0,E,No DILI,No DILI,,no,0.0,amikacin sulfate,DILImap_metadata,NCC[C@H](O)C(=O)N[C@@H]1C[C@H](N)[C@@H](O[C@H]2O[C@H](CN)[C@@H](O)[C@H](O)[C@H]2O)[C@H](O)[C@H]1O[C@H]1O[C@H](CO)[C@@H](O)[C@H](N)[C@H]1O,,,True,NCC[C@H](O)C(=O)N[C@@H]1C[C@H](N)[C@@H](O[C@H]2O[C@H](CN)[C@@H](O)[C@H](O)[C@H]2O)[C@H](O)[C@H]1O[C@H]1O[C@H](CO)[C@@H](O)[C@H](N)[C@H]1O,LKCWBDHBTVXHDL-RMDFUYIESA-N,C1CCC(OC2CCCC(OC3CCCCO3)C2)OC1,1.0,1.0,0.0,585.6080000000002,40.0,22.0,0.0,331.93999999999994,-8.424200000000015,13.0,17.0,10.0,3.0,0.9545454545454546,True,,No-DILI-Concern,no,False,,,
LT02070,Amiloride hydrochloride,3,Adverse reactions,vLess-DILI-concern,Unchanged,Amiloride,N=C(N)NC(=O)c1nc(Cl)c(N)nc1N,CHEMBL945,2016-88-8,229.63,-1.08,0.0,D,DILI (few cases),,"Immune-mediated, Hypersensitivity",less,,amiloride hydrochloride,DILImap_metadata,N=C(N)NC(=O)c1nc(Cl)c(N)nc1N,,,True,N=C(N)NC(=O)c1nc(Cl)c(N)nc1N,XSDQTOBWRPYKKA-UHFFFAOYSA-N,c1cnccn1,1.0,1.0,0.0,229.63099999999997,15.0,6.0,0.0,156.79,-1.0823299999999998,5.0,6.0,1.0,1.0,0.0,True,,Less-DILI-Concern,less,False,,,
LT00045,Amineptine,8,Withdrawn,vMost-DILI-concern,Unchanged,Amineptine,O=C(O)CCCCCCNC1c2ccccc2CCc2ccccc21,CHEMBL418995,,337.46,4.5,0.0,,DILI (withdrawn),DILI,,most,1.0,amineptine,DILImap_metadata,O=C(O)CCCCCCNC1c2ccccc2CCc2ccccc21,,,True,O=C(O)CCCCCCNC1c2ccccc2CCc2ccccc21,ONNOFKFOZAJDHT-UHFFFAOYSA-N,c1ccc2c(c1)CCc1ccccc1C2,1.0,1.0,0.0,337.46300000000014,25.0,22.0,0.0,49.33,4.499300000000004,2.0,2.0,8.0,3.0,0.4090909090909091,True,,Most-DILI-Concern,most,False,,,
LT01071,Aminocaproic acid,0,No match,vNo-DILI-concern,Unchanged,Aminocaproic acid,NCCCCCC(=O)O,CHEMBL1046,,131.18,0.59,0.0,,No DILI,No DILI,,no,0.0,aminocaproic acid,DILImap_metadata,NCCCCCC(=O)O,,,True,NCCCCCC(=O)O,SLXKOJJOQWFEFD-UHFFFAOYSA-N,,1.0,1.0,0.0,131.175,9.0,6.0,0.0,63.32000000000001,0.5901000000000001,2.0,2.0,5.0,0.0,0.8333333333333334,True,,No-DILI-Concern,no,False,,,
LT00054,Aminohippurate sodium,0,No match,vNo-DILI-concern,Unchanged,Aminohippurate,,,94-16-6,,,,,No DILI,No DILI,,no,0.0,aminohippurate sodium,,C1=CC(=CC=C1C(=O)NCC(=O)[O-])N.[Na+],443971.0,UNZMYCAEMNVPHX-UHFFFAOYSA-M,True,Nc1ccc(C(=O)NCC(=O)O)cc1,HSMNQINEKMPTIC-UHFFFAOYSA-N,c1ccccc1,2.0,0.9333333333333333,0.0,194.18999999999997,14.0,9.0,0.0,92.42,0.08320000000000022,3.0,3.0,3.0,1.0,0.1111111111111111,True,,No-DILI-Concern,no,False,,,PubChem_name_property
LT00711,Aminophylline,0,No match,vNo-DILI-concern,Unchanged,Aminophylline,,,317-34-0,,,,E,No DILI,No DILI,,no,0.0,aminophylline,,CN1C2=C(C(=O)N(C1=O)C)NC=N2.CN1C2=C(C(=O)N(C1=O)C)NC=N2.C(CN)N,9433.0,FQPFAHBPWDRTLU-UHFFFAOYSA-N,True,Cn1c(=O)c2[nH]cnc2n(C)c1=O,ZFXYFBGIUFBOJW-UHFFFAOYSA-N,O=c1[nH]c(=O)c2[nH]cnc2[nH]1,3.0,0.43333333333333335,0.0,180.167,13.0,7.0,0.0,72.68,-1.0397000000000005,1.0,3.0,0.0,2.0,0.2857142857142857,True,,No-DILI-Concern,no,False,,,PubChem_name_property
LT00505,Aminosalicylic acid ,5,Warnings & precautions,vMOST-DILI-concern,Unchanged,4-aminosalicylic acid,Nc1ccc(C(=O)O)c(O)c1,CHEMBL1169,65-49-6,153.14,0.67,0.0,,DILI (likely),DILI,,most,1.0,aminosalicylic acid,DILImap_metadata,Nc1ccc(C(=O)O)c(O)c1,,,True,Nc1ccc(C(=O)O)c(O)c1,WUBBRNOQWQTFEX-UHFFFAOYSA-N,c1ccccc1,1.0,1.0,0.0,153.137,11.0,7.0,0.0,83.55000000000001,0.6726000000000001,3.0,3.0,1.0,1.0,0.0,True,,Most-DILI-Concern,most,False,,,
LT00046,Amiodarone hydrochloride,8,Box warning,vMost-DILI-concern,Unchanged,Amiodarone,CCCCc1oc2ccccc2c1C(=O)c1cc(I)c(OCCN(CC)CC)c(I)c1,CHEMBL633,19774-82-4,645.32,6.94,0.0,A,DILI (known),DILI,"Hepatitis, Necrosis, Mitochondrial dysfunction, Cholestasis/Biliary, Steatosis, Fibrosis, Encephalopathy, Hypersensitivity",most,1.0,amiodarone hydrochloride,DILImap_metadata,CCCCc1oc2ccccc2c1C(=O)c1cc(I)c(OCCN(CC)CC)c(I)c1,,,True,CCCCc1oc2ccccc2c1C(=O)c1cc(I)c(OCCN(CC)CC)c(I)c1,IYIKLHRQXLHMJQ-UHFFFAOYSA-N,O=C(c1ccccc1)c1coc2ccccc12,1.0,1.0,0.0,645.3190000000002,31.0,25.0,0.0,42.68,6.936200000000007,0.0,4.0,11.0,3.0,0.4,True,,Most-DILI-Concern,most,False,,,
LT01793,Amisulpride,3,Adverse reactions,vLess-DILI-concern,New,,,,,,,,,,,,less,,amisulpride,,CCN1CCCC1CNC(=O)c1cc(S(=O)(=O)CC)c(N)cc1OC,,,True,CCN1CCCC1CNC(=O)c1cc(S(=O)(=O)CC)c(N)cc1OC,NTJOBXMMWNYJFB-UHFFFAOYSA-N,O=C(NCC1CCCN1)c1ccccc1,1.0,1.0,0.0,369.4870000000002,25.0,17.0,0.0,101.73,1.2851000000000006,2.0,6.0,7.0,2.0,0.5882352941176471,True,,,other,False,,DILImap_metadata_offline,
LT00047,Amitriptyline hydrochloride,5,Adverse reactions,vLess-DILI-concern,Unchanged,Amitriptyline,CN(C)CCC=C1c2ccccc2CCc2ccccc21,CHEMBL629,549-18-8,277.41,4.17,0.0,B,DILI (likely),DILI,"Hepatitis, Cholestasis/Biliary, Hypersensitivity",less,,amitriptyline hydrochloride,DILImap_metadata,CN(C)CCC=C1c2ccccc2CCc2ccccc21,,,True,CN(C)CCC=C1c2ccccc2CCc2ccccc21,KRMDCWKBEZIMAB-UHFFFAOYSA-N,C=C1c2ccccc2CCc2ccccc21,1.0,1.0,0.0,277.411,21.0,20.0,0.0,3.24,4.168600000000003,0.0,1.0,3.0,3.0,0.3,True,,Less-DILI-Concern,less,False,,,
LT00175,Amlodipine besylate,5,Adverse reactions,vLess-DILI-concern,Unchanged,Amlodipine,CCOC(=O)C1=C(COCCN)NC(C)=C(C(=O)OC)C1c1ccccc1Cl,CHEMBL1491,111470-99-6,408.88,2.27,0.0,C,DILI (few cases),,"Cholestasis/Biliary, idiosyncratic cases",less,,amlodipine besylate,DILImap_metadata,CCOC(=O)C1=C(COCCN)NC(C)=C(C(=O)OC)C1c1ccccc1Cl,,,True,CCOC(=O)C1=C(COCCN)NC(C)=C(C(=O)OC)C1c1ccccc1Cl,HTIQEAQVCYTUBX-UHFFFAOYSA-N,C1=CC(c2ccccc2)C=CN1,1.0,1.0,0.0,408.88200000000006,28.0,20.0,0.0,99.88000000000001,2.266300000000001,2.0,7.0,8.0,2.0,0.4,True,,Less-DILI-Concern,less,False,,,
LT02067,Ammonium chloride,0,No match,vNo-DILI-concern,Unchanged,Ammonium chloride,Cl.N,CHEMBL1200939,,53.49,,0.0,,No DILI,No DILI,,no,0.0,ammonium chloride,DILImap_metadata,Cl.N,,,True,N,QGZKDVFQNNGYKY-UHFFFAOYSA-N,,2.0,0.5,0.0,17.031,1.0,0.0,0.0,35.0,0.16199999999999998,1.0,1.0,0.0,0.0,0.0,False,no_carbon;mw_below_40,No-DILI-Concern,no,False,,,
LT00256,Amoxapine,3,Adverse reactions,Ambiguous-DILI-concern,Unchanged,Amoxapine,Clc1ccc2c(c1)C(N1CCNCC1)=Nc1ccccc1O2,CHEMBL1113,14028-44-5,313.79,3.43,0.0,E,No DILI,No DILI,,ambiguous,,amoxapine,DILImap_metadata,Clc1ccc2c(c1)C(N1CCNCC1)=Nc1ccccc1O2,,,True,Clc1ccc2c(c1)C(N1CCNCC1)=Nc1ccccc1O2,QWGDMFLQWFTERH-UHFFFAOYSA-N,c1ccc2c(c1)N=C(N1CCNCC1)c1ccccc1O2,1.0,1.0,0.0,313.788,22.0,17.0,0.0,36.86,3.4292000000000025,1.0,4.0,0.0,4.0,0.23529411764705882,True,,Ambiguous DILI-concern,ambiguous,False,,,
LT00507,Amoxicillin,5,Adverse reactions,vLess-DILI-concern,Unchanged,Amoxicillin,CC1(C)S[C@@H]2[C@H](NC(=O)[C@H](N)c3ccc(O)cc3)C(=O)N2[C@H]1C(=O)O,CHEMBL1082,34642-77-8,365.41,0.02,0.0,B,DILI (likely),DILI,"Hepatitis, Cholestasis/Biliary, Hypersensitivity",less,,amoxicillin,DILImap_metadata,CC1(C)S[C@@H]2[C@H](NC(=O)[C@H](N)c3ccc(O)cc3)C(=O)N2[C@H]1C(=O)O,,,True,CC1(C)S[C@@H]2[C@H](NC(=O)[C@H](N)c3ccc(O)cc3)C(=O)N2[C@H]1C(=O)O,LSQZJLSUYDQPKJ-NJBDSQKTSA-N,O=C(Cc1ccccc1)NC1C(=O)N2CCSC12,1.0,1.0,0.0,365.4110000000001,25.0,16.0,0.0,132.96,0.023700000000000443,4.0,6.0,4.0,3.0,0.4375,True,,Less-DILI-Concern,less,False,28.1320777208248,,
LT02100,Amphetamine sulfate,0,No match,vLess-DILI-concern,Unchanged,Amphetamine,CC(N)Cc1ccccc1,CHEMBL405,,135.21,1.58,0.0,,,,,less,,amphetamine sulfate,DILImap_metadata,CC(N)Cc1ccccc1,,,True,CC(N)Cc1ccccc1,KWTSXDURSIMDCE-UHFFFAOYSA-N,c1ccccc1,1.0,1.0,0.0,135.20999999999998,10.0,9.0,0.0,26.02,1.5763,1.0,1.0,2.0,1.0,0.3333333333333333,True,,Less-DILI-Concern,less,False,,,
LT00048,Amphotericin B,3,Warnings & precautions,vLess-DILI-concern,Unchanged,Amphotericin b,C[C@@H]1[C@H](O)[C@@H](C)/C=C/C=C/C=C/C=C/C=C/C=C/C=C/[C@H](O[C@@H]2O[C@H](C)[C@@H](O)[C@H](N)[C@@H]2O)C[C@@H]2O[C@](O)(C[C@@H](O)C[C@@H](O)[C@H](O)CC[C@@H](O)C[C@@H](O)CC(=O)O[C@H]1C)C[C@H](O)[C@H]2C(=O)O,CHEMBL267345,1397-89-3,924.09,0.71,0.0,,,,,less,,amphotericin b,DILImap_metadata,C[C@@H]1[C@H](O)[C@@H](C)/C=C/C=C/C=C/C=C/C=C/C=C/C=C/[C@H](O[C@@H]2O[C@H](C)[C@@H](O)[C@H](N)[C@@H]2O)C[C@@H]2O[C@](O)(C[C@@H](O)C[C@@H](O)[C@H](O)CC[C@@H](O)C[C@@H](O)CC(=O)O[C@H]1C)C[C@H](O)[C@H]2C(=O)O,,,True,C[C@@H]1[C@H](O)[C@@H](C)/C=C/C=C/C=C/C=C/C=C/C=C/C=C/[C@H](O[C@@H]2O[C@H](C)[C@@H](O)[C@H](N)[C@@H]2O)C[C@@H]2O[C@](O)(C[C@@H](O)C[C@@H](O)[C@H](O)CC[C@@H](O)C[C@@H](O)CC(=O)O[C@H]1C)C[C@H](O)[C@H]2C(=O)O,APKFDSVGJQXUKY-INPOYWNPSA-N,O=C1CCCCCCCCCCCC2CCCC(CC(OC3CCCCO3)C=CC=CC=CC=CC=CC=CC=CCCCCO1)O2,1.0,1.0,0.0,924.0910000000002,65.0,47.0,0.0,319.60999999999996,0.7117000000000053,12.0,17.0,3.0,3.0,0.6595744680851063,True,,Less-DILI-Concern,less,False,,,
LT00049,Ampicillin sodium,3,Warnings & precautions,vLess-DILI-concern,Unchanged,Ampicillin,CC1(C)S[C@@H]2[C@H](NC(=O)[C@H](N)c3ccccc3)C(=O)N2[C@H]1C(=O)O,CHEMBL174,69-52-3,349.41,0.32,0.0,C,DILI (few cases),,"Cholestasis/Biliary, Hypersensitivity, idiosyncratic cases",less,,ampicillin sodium,DILImap_metadata,CC1(C)S[C@@H]2[C@H](NC(=O)[C@H](N)c3ccccc3)C(=O)N2[C@H]1C(=O)O,,,True,CC1(C)S[C@@H]2[C@H](NC(=O)[C@H](N)c3ccccc3)C(=O)N2[C@H]1C(=O)O,AVKUERGKIZMTKX-NJBDSQKTSA-N,O=C(Cc1ccccc1)NC1C(=O)N2CCSC12,1.0,1.0,0.0,349.4120000000001,24.0,16.0,0.0,112.73,0.3181000000000002,3.0,5.0,4.0,3.0,0.4375,True,,Less-DILI-Concern,less,False,,,
LT01055,Amprenavir,3,Warnings & precautions,Ambiguous-DILI-concern,Unchanged,Amprenavir,CC(C)CN(C[C@@H](O)[C@H](Cc1ccccc1)NC(=O)O[C@H]1CCOC1)S(=O)(=O)c1ccc(N)cc1,CHEMBL116,161814-49-9,505.64,2.4,0.0,D,DILI (few cases),,,ambiguous,,amprenavir,DILImap_metadata,CC(C)CN(C[C@@H](O)[C@H](Cc1ccccc1)NC(=O)O[C@H]1CCOC1)S(=O)(=O)c1ccc(N)cc1,,,True,CC(C)CN(C[C@@H](O)[C@H](Cc1ccccc1)NC(=O)O[C@H]1CCOC1)S(=O)(=O)c1ccc(N)cc1,YMARZQAQMVYCKC-OEMFJLHTSA-N,O=C(NC(CCNS(=O)(=O)c1ccccc1)Cc1ccccc1)OC1CCOC1,1.0,1.0,0.0,505.63700000000034,35.0,25.0,0.0,131.19,2.4028,3.0,7.0,11.0,3.0,0.48,True,,Ambiguous DILI-concern,ambiguous,False,,,
LT00964,Anagrelide hydrochloride,3,Warnings & precautions,Ambiguous-DILI-concern,Unchanged,Anagrelide,O=C1CN2Cc3c(ccc(Cl)c3Cl)N=C2N1,CHEMBL760,58579-51-4,256.09,1.93,0.0,E*,No DILI,No DILI,,ambiguous,,anagrelide hydrochloride,DILImap_metadata,O=C1CN2Cc3c(ccc(Cl)c3Cl)N=C2N1,,,True,O=C1CN2Cc3c(ccc(Cl)c3Cl)N=C2N1,OTBXOEAOVRKTNQ-UHFFFAOYSA-N,O=C1CN2Cc3ccccc3N=C2N1,1.0,1.0,0.0,256.092,16.0,10.0,0.0,44.7,1.9263000000000001,1.0,3.0,0.0,3.0,0.2,True,,Ambiguous DILI-concern,ambiguous,False,,,
LT01373,Anakinra,0,No match,vLess-DILI-concern,Unchanged,Anakinra,,CHEMBL1201570,,,,0.0,C,DILI (few cases),,"Hepatitis, Necrosis, Immune-mediated, Hypersensitivity",less,,anakinra,,,,,False,,,,,,,,,,,,,,,,,,False,missing_structure,Less-DILI-Concern,less,False,,,
LT00263,Anastrozole,3,Adverse reactions,vLess-DILI-concern,Unchanged,Anastrozole,CC(C)(C#N)c1cc(Cn2cncn2)cc(C(C)(C)C#N)c1,CHEMBL1399,120511-73-1,293.37,2.93,0.0,C,DILI (few cases),,"Hepatitis, CYP, Cholestasis/Biliary, Steatosis, Immune-mediated, Hypersensitivity",less,,anastrozole,DILImap_metadata,CC(C)(C#N)c1cc(Cn2cncn2)cc(C(C)(C)C#N)c1,,,True,CC(C)(C#N)c1cc(Cn2cncn2)cc(C(C)(C)C#N)c1,YBBLVLTVTVSKRW-UHFFFAOYSA-N,c1ccc(Cn2cncn2)cc1,1.0,1.0,0.0,293.374,22.0,17.0,0.0,78.28999999999999,2.9287600000000014,0.0,4.0,4.0,2.0,0.4117647058823529,True,,Less-DILI-Concern,less,False,0.101739354058015,,
LT02229,Angiotensin ii acetate,0,No match,vNo-DILI-concern,New,,,,,,,,,,,,no,0.0,angiotensin ii acetate,,CC[C@H](C)[C@@H](C(=O)N[C@@H](CC1=CN=CN1)C(=O)N2CCC[C@H]2C(=O)N[C@@H](CC3=CC=CC=C3)C(=O)O)NC(=O)[C@H](CC4=CC=C(C=C4)O)NC(=O)[C@H](C(C)C)NC(=O)[C@H](CCCN=C(N)N)NC(=O)[C@H](CC(=O)O)N.CC(=O)O,172197.0,VBTZKFAHKJXHBA-PIONDTTLSA-N,True,CC[C@H](C)[C@H](NC(=O)[C@H](Cc1ccc(O)cc1)NC(=O)[C@@H](NC(=O)[C@H](CCCN=C(N)N)NC(=O)[C@@H](N)CC(=O)O)C(C)C)C(=O)N[C@@H](Cc1cnc[nH]1)C(=O)N1CCC[C@H]1C(=O)N[C@@H](Cc1ccccc1)C(=O)O,CZGUSIXMZVURDU-JZXHSEFVSA-N,O=C(CCc1ccccc1)NCC(=O)NC(Cc1cnc[nH]1)C(=O)N1CCCC1C(=O)NCCc1ccccc1,2.0,0.9493670886075949,0.0,1046.1969999999997,75.0,50.0,0.0,408.83999999999986,-1.3147000000000029,13.0,13.0,29.0,4.0,0.5,False,mw_above_1000,,other,False,,,PubChem_name_property
LT01203,Anidulafungin,7,Warnings & precautions,vMost-DILI-concern,Revised,Anidulafungin,CCCCCOc1ccc(-c2ccc(-c3ccc(C(=O)N[C@H]4C[C@@H](O)[C@@H](O)NC(=O)[C@@H]5[C@@H](O)[C@@H](C)CN5C(=O)[C@H]([C@@H](C)O)NC(=O)[C@H]([C@H](O)[C@@H](O)c5ccc(O)cc5)NC(=O)[C@@H]5C[C@@H](O)CN5C(=O)[C@H]([C@@H](C)O)NC4=O)cc3)cc2)cc1,CHEMBL264241,166663-25-8,1140.25,,0.0,D,DILI (few cases),,,most,1.0,anidulafungin,DILImap_metadata,CCCCCOc1ccc(-c2ccc(-c3ccc(C(=O)N[C@H]4C[C@@H](O)[C@@H](O)NC(=O)[C@@H]5[C@@H](O)[C@@H](C)CN5C(=O)[C@H]([C@@H](C)O)NC(=O)[C@H]([C@H](O)[C@@H](O)c5ccc(O)cc5)NC(=O)[C@@H]5C[C@@H](O)CN5C(=O)[C@H]([C@@H](C)O)NC4=O)cc3)cc2)cc1,,,True,CCCCCOc1ccc(-c2ccc(-c3ccc(C(=O)N[C@H]4C[C@@H](O)[C@@H](O)NC(=O)[C@@H]5[C@@H](O)[C@@H](C)CN5C(=O)[C@H]([C@@H](C)O)NC(=O)[C@H]([C@H](O)[C@@H](O)c5ccc(O)cc5)NC(=O)[C@@H]5C[C@@H](O)CN5C(=O)[C@H]([C@@H](C)O)NC4=O)cc3)cc2)cc1,JHVAMHSQVVQIOT-MFAJLEFUSA-N,O=C(NC1CCCNC(=O)C2CCCN2C(=O)CNC(=O)C(CCc2ccccc2)NC(=O)C2CCCN2C(=O)CNC1=O)c1ccc(-c2ccc(-c3ccccc3)cc2)cc1,1.0,1.0,0.0,1140.2540000000004,82.0,58.0,0.0,377.41999999999996,-0.927099999999986,14.0,17.0,14.0,7.0,0.46551724137931033,False,mw_above_1000;heavy_atoms_above_80,Ambiguous DILI-concern,ambiguous,False,,,
LT01442,Antithymocyte globulin,3,Adverse reactions,Ambiguous-DILI-concern,Unchanged,Antithymocyte globulin,,,,,,,E*,No DILI,No DILI,,ambiguous,,antithymocyte globulin,,,,,False,,,,,,,,,,,,,,,,,,False,missing_structure,Ambiguous DILI-concern,ambiguous,False,,,
LT03622,Apalutamide,0,No match,vNo-DILI-concern,New,,,,,,,,,,,,no,0.0,apalutamide,,CNC(=O)C1=C(C=C(C=C1)N2C(=S)N(C(=O)C23CCC3)C4=CC(=C(N=C4)C#N)C(F)(F)F)F,24872560.0,HJBWBFZLDZWPHF-UHFFFAOYSA-N,True,CNC(=O)c1ccc(N2C(=S)N(c3cnc(C#N)c(C(F)(F)F)c3)C(=O)C23CCC3)cc1F,HJBWBFZLDZWPHF-UHFFFAOYSA-N,O=C1N(c2cccnc2)C(=S)N(c2ccccc2)C12CCC2,1.0,1.0,0.0,477.4430000000002,33.0,21.0,0.0,89.33000000000001,3.5315800000000026,1.0,5.0,3.0,4.0,0.2857142857142857,True,,,other,False,,,PubChem_name_property
LT02418,Apixaban,4,Adverse reactions,vLess-DILI-concern,New,,,,,,,,,,,,less,,apixaban,,COC1=CC=C(C=C1)N2C3=C(CCN(C3=O)C4=CC=C(C=C4)N5CCCCC5=O)C(=N2)C(=O)N,10182969.0,QNZCBYKSOIHPEH-UHFFFAOYSA-N,True,COc1ccc(-n2nc(C(N)=O)c3c2C(=O)N(c2ccc(N4CCCCC4=O)cc2)CC3)cc1,QNZCBYKSOIHPEH-UHFFFAOYSA-N,O=C1CCCCN1c1ccc(N2CCc3cnn(-c4ccccc4)c3C2=O)cc1,1.0,1.0,0.0,459.5060000000003,34.0,25.0,0.0,110.76,2.6996,1.0,5.0,5.0,5.0,0.28,True,,,other,False,,,PubChem_name_property
LT00693,Aplaviroc,8,Discontinued,vMost-DILI-concern,Unchanged,Aplaviroc,CCCCN1C(=O)[C@@H]([C@H](O)C2CCCCC2)NC(=O)C12CCN(Cc1ccc(Oc3ccc(C(=O)O)cc3)cc1)CC2,CHEMBL1255794,,577.72,4.58,0.0,,DILI (likely),DILI,,most,1.0,aplaviroc,DILImap_metadata,CCCCN1C(=O)[C@@H]([C@H](O)C2CCCCC2)NC(=O)C12CCN(Cc1ccc(Oc3ccc(C(=O)O)cc3)cc1)CC2,,,True,CCCCN1C(=O)[C@@H]([C@H](O)C2CCCCC2)NC(=O)C12CCN(Cc1ccc(Oc3ccc(C(=O)O)cc3)cc1)CC2,GWNOTCOIYUNTQP-FQLXRVMXSA-N,O=C1NC2(CCN(Cc3ccc(Oc4ccccc4)cc3)CC2)C(=O)NC1CC1CCCCC1,1.0,1.0,0.0,577.7220000000002,42.0,33.0,0.0,119.41000000000001,4.580000000000004,3.0,6.0,10.0,5.0,0.5454545454545454,True,,Most-DILI-Concern,most,False,,,
LT02217,Apomorphine hydrochloride,0,No match,vNo-DILI-concern,Unchanged,Apomorphine,CN1CCc2cccc3c2[C@H]1Cc1ccc(O)c(O)c1-3,CHEMBL53,,267.33,2.85,0.0,E,No DILI,No DILI,,no,0.0,apomorphine hydrochloride,DILImap_metadata,CN1CCc2cccc3c2[C@H]1Cc1ccc(O)c(O)c1-3,,,True,CN1CCc2cccc3c2[C@H]1Cc1ccc(O)c(O)c1-3,VMWNQDUVQKEIOC-CYBMUJFWSA-N,c1ccc2c(c1)CC1NCCc3cccc-2c31,1.0,1.0,0.0,267.328,20.0,17.0,0.0,43.7,2.8499000000000025,2.0,3.0,0.0,4.0,0.29411764705882354,True,,No-DILI-Concern,no,False,,,
LT03623,Apremilast,0,No match,vNo-DILI-concern,New,,,,,,,,,,,,no,0.0,apremilast,,CCOC1=C(C=CC(=C1)[C@@H](CS(=O)(=O)C)N2C(=O)C3=C(C2=O)C(=CC=C3)NC(=O)C)OC,11561674.0,IMOZEMNVLZVGJZ-QGZVFWFLSA-N,True,CCOc1cc([C@@H](CS(C)(=O)=O)N2C(=O)c3cccc(NC(C)=O)c3C2=O)ccc1OC,IMOZEMNVLZVGJZ-QGZVFWFLSA-N,O=C1c2ccccc2C(=O)N1Cc1ccccc1,1.0,1.0,0.0,460.5080000000002,32.0,22.0,0.0,119.08,2.4342000000000006,1.0,7.0,8.0,3.0,0.3181818181818182,True,,,other,False,,,PubChem_name_property
LT01195,Aprepitant,3,Adverse reactions,Ambiguous-DILI-concern,Unchanged,Aprepitant,C[C@@H](O[C@H]1OCCN(Cc2n[nH]c(=O)[nH]2)[C@H]1c1ccc(F)cc1)c1cc(C(F)(F)F)cc(C(F)(F)F)c1,CHEMBL1471,170729-80-3,534.43,4.95,0.0,E,No DILI,No DILI,,ambiguous,,aprepitant,DILImap_metadata,C[C@@H](O[C@H]1OCCN(Cc2n[nH]c(=O)[nH]2)[C@H]1c1ccc(F)cc1)c1cc(C(F)(F)F)cc(C(F)(F)F)c1,,,True,C[C@@H](O[C@H]1OCCN(Cc2n[nH]c(=O)[nH]2)[C@H]1c1ccc(F)cc1)c1cc(C(F)(F)F)cc(C(F)(F)F)c1,ATALOFNDEOCMKK-OITMNORJSA-N,O=c1[nH]nc(CN2CCOC(OCc3ccccc3)C2c2ccccc2)[nH]1,1.0,1.0,0.0,534.4320000000001,37.0,23.0,0.0,83.24000000000001,4.952100000000003,2.0,5.0,6.0,4.0,0.391304347826087,True,,Ambiguous DILI-concern,ambiguous,False,,,
LT00962,Aprotinin,7,Adverse reactions,Ambiguous-DILI-concern,Unchanged,Aprotinin,,CHEMBL1201619,9087-70-1,,,0.0,,,,,ambiguous,,aprotinin,,CC[C@H](C)[C@H]1C(=O)N[C@H](C(=O)N[C@H](C(=O)N[C@H](C(=O)N[C@H](C(=O)N[C@H](C(=O)N[C@H](C(=O)N[C@H](C(=O)N[C@H](C(=O)N[C@H](C(=O)NCC(=O)N[C@H](C(=O)N[C@H]2CSSC[C@H]3C(=O)N[C@H](C(=O)N[C@H](C(=O)N[C@H](C(=O)N[C@@H](CSSC[C@@H](C(=O)N[C@H](C(=O)N[C@H](C(=O)N4CCC[C@H]4C(=O)N5CCC[C@H]5C(=O)N[C@H](C(=O)N[C@H](C(=O)NCC(=O)N6CCC[C@H]6C(=O)N[C@@H](CSSC[C@@H](C(=O)N[C@H](C(=O)N[C@H](C(=O)N[C@H](C(=O)N[C@H](C(=O)N[C@H](C(=O)N[C@H](C(=O)N[C@H](C(=O)N[C@H](C(=O)N[C@H](C(=O)N[C@H](C(=O)N[C@H](C(=O)N[C@H](C(=O)N3)CC(=O)O)CCC(=O)O)C)CO)CCCCN)CC7=CC=CC=C7)CC(=O)N)CC(=O)N)CCCNC(=N)N)CCCCN)C)CCCNC(=N)N)NC(=O)CNC(=O)CNC(=O)[C@@H](NC(=O)[C@@H](NC(=O)[C@@H](NC(=O)[C@@H](NC(=O)[C@@H](NC2=O)CCC(=O)N)[C@@H](C)O)CC8=CC=CC=C8)C(C)C)CC9=CC=C(C=C9)O)C(=O)N[C@H](C(=O)N[C@H](C(=O)N[C@H](C(=O)N1)CCCNC(=N)N)C)CCCCN)[C@@H](C)O)CC1=CC=C(C=C1)O)CCC(=O)O)CC(C)C)NC(=O)[C@H](CC1=CC=CC=C1)NC(=O)[C@H](CC(=O)O)NC(=O)[C@@H]1CCCN1C(=O)[C@H](CCCNC(=N)N)N)C(=O)NCC(=O)NCC(=O)N[C@@H](C)C(=O)O)[C@@H](C)O)CCCNC(=N)N)CCSC)CC(C)C)C)CCCCN)C)CC(=O)N)CC1=CC=C(C=C1)O)CC1=CC=CC=C1)CC1=CC=C(C=C1)O)CCCNC(=N)N)[C@@H](C)CC,16130295.0,ZPNFWUPYTFPOJU-LPYSRVMUSA-N,True,CC[C@H](C)[C@@H]1NC(=O)[C@H](CCCNC(=N)N)NC(=O)[C@H](C)NC(=O)[C@H](CCCCN)NC(=O)[C@@H]2CSSC[C@@H]3NC(=O)CNC(=O)CNC(=O)[C@H](Cc4ccc(O)cc4)NC(=O)[C@H](C(C)C)NC(=O)[C@H](Cc4ccccc4)NC(=O)[C@H]([C@@H](C)O)NC(=O)[C@H](CCC(N)=O)NC(=O)[C@H](CSSC[C@H](NC(=O)[C@H](CC(=O)O)NC(=O)[C@H](CCC(=O)O)NC(=O)[C@H](C)NC(=O)[C@H](CO)NC(=O)[C@H](CCCCN)NC(=O)[C@H](Cc4ccccc4)NC(=O)[C@H](CC(N)=O)NC(=O)[C@H](CC(N)=O)NC(=O)[C@H](CCCNC(=N)N)NC(=O)[C@H](CCCCN)NC(=O)[C@H](C)NC(=O)[C@H](CCCNC(=N)N)NC3=O)C(=O)N[C@@H](CCSC)C(=O)N[C@@H](CCCNC(=N)N)C(=O)N[C@@H]([C@@H](C)O)C(=O)N[C@H](C(=O)NCC(=O)NCC(=O)N[C@@H](C)C(=O)O)CSSC[C@H](NC(=O)[C@H](Cc3ccccc3)NC(=O)[C@H](CC(=O)O)NC(=O)[C@@H]3CCCN3C(=O)[C@@H](N)CCCNC(=N)N)C(=O)N[C@@H](CC(C)C)C(=O)N[C@@H](CCC(=O)O)C(=O)N3CCC[C@H]3C(=O)N3CCC[C@H]3C(=O)N[C@@H](Cc3ccc(O)cc3)C(=O)N[C@@H]([C@@H](C)O)C(=O)NCC(=O)N3CCC[C@H]3C(=O)N2)NC(=O)[C@H](CC(C)C)NC(=O)CNC(=O)[C@H](C)NC(=O)[C@H](CCCCN)NC(=O)[C@H](C)NC(=O)[C@H](CC(N)=O)NC(=O)[C@H](Cc2ccc(O)cc2)NC(=O)[C@H](Cc2ccccc2)NC(=O)[C@H](Cc2ccc(O)cc2)NC(=O)[C@H](CCCNC(=N)N)NC(=O)[C@H]([C@@H](C)CC)NC1=O,ZPNFWUPYTFPOJU-LPYSRVMUSA-N,O=C1CNC(=O)CNC(=O)CNC(=O)C2CSSCC3NC(=O)CNC(=O)CNC(=O)CNC(=O)CNC(=O)CNC(=O)CNC(=O)C(Cc4ccccc4)NC(=O)C(Cc4ccccc4)NC(=O)C(Cc4ccccc4)NC(=O)CNC(=O)CNC(=O)CNC(=O)CNC(=O)CNC(=O)CNC(=O)C(CSSCC(NC(=O)CNC(=O)CNC(=O)C(Cc4ccccc4)NC(=O)CNC(=O)C(Cc4ccccc4)NC(=O)CNC(=O)CNC3=O)C(=O)NCC(=O)NCC(=O)NCC(=O)NCC(=O)NCC(=O)NCC(=O)NC(Cc3ccccc3)C(=O)NCC(=O)NCC(=O)NCC(=O)NCC(=O)NCC(=O)N2)NC(=O)C2CCCN2C(=O)CNC(=O)CNC(=O)C(Cc2ccccc2)NC(=O)C2CCCN2C(=O)C2CCCN2C(=O)CNC(=O)CNC(=O)C(NC(=O)C(Cc2ccccc2)NC(=O)CNC(=O)C2CCCN2)CSSCCN1,1.0,1.0,0.0,6511.557999999995,454.0,284.0,0.0,2645.7400000000007,-26.69198000000003,93.0,92.0,105.0,15.0,0.5774647887323944,False,mw_above_1000;heavy_atoms_above_80;structure_too_large,Ambiguous DILI-concern,ambiguous,False,,,PubChem_name_property
LT01030,Argatroban,0,No match,vNo-DILI-concern,Unchanged,Argatroban,CC1CNc2c(cccc2S(=O)(=O)N[C@@H](CCCNC(=N)N)C(=O)N2CC[C@@H](C)C[C@@H]2C(=O)O)C1,CHEMBL1166,74863-84-6,508.65,0.91,0.0,,No DILI,No DILI,,no,0.0,argatroban,DILImap_metadata,CC1CNc2c(cccc2S(=O)(=O)N[C@@H](CCCNC(=N)N)C(=O)N2CC[C@@H](C)C[C@@H]2C(=O)O)C1,,,True,CC1CNc2c(cccc2S(=O)(=O)N[C@@H](CCCNC(=N)N)C(=O)N2CC[C@@H](C)C[C@@H]2C(=O)O)C1,KXNPVXPOPUZYGB-IOVMHBDKSA-N,O=C(CNS(=O)(=O)c1cccc2c1NCCC2)N1CCCCC1,1.0,1.0,0.0,508.6450000000003,35.0,23.0,0.0,177.71,0.9125700000000025,6.0,6.0,9.0,3.0,0.6086956521739131,True,,No-DILI-Concern,no,False,,,
LT02077,Arginine hydrochloride,0,No match,vNo-DILI-concern,Unchanged,L-arginine,N=C(N)NCCC[C@H](N)C(=O)O,CHEMBL1485,1119-34-2,174.2,-1.34,0.0,,No DILI,No DILI,,no,0.0,arginine hydrochloride,DILImap_metadata,N=C(N)NCCC[C@H](N)C(=O)O,,,True,N=C(N)NCCC[C@H](N)C(=O)O,ODKSFYDXXFIFQN-BYPYZUCNSA-N,,1.0,1.0,0.0,174.204,12.0,6.0,0.0,125.22000000000001,-1.338429999999999,5.0,3.0,5.0,0.0,0.6666666666666666,True,,No-DILI-Concern,no,False,,,
LT02331,Argipressin,0,No match,vNo-DILI-concern,Unchanged,Argipressin,,CHEMBL2108986,113-79-1,,,0.0,,No DILI,No DILI,,no,0.0,argipressin,,C1C[C@H](N(C1)C(=O)[C@@H]2CSSC[C@@H](C(=O)N[C@H](C(=O)N[C@H](C(=O)N[C@H](C(=O)N[C@H](C(=O)N2)CC(=O)N)CCC(=O)N)CC3=CC=CC=C3)CC4=CC=C(C=C4)O)N)C(=O)N[C@@H](CCCN=C(N)N)C(=O)NCC(=O)N,644077.0,KBZOIRJILGZLEJ-LGYYRGKSSA-N,True,NC(=O)CC[C@@H]1NC(=O)[C@H](Cc2ccccc2)NC(=O)[C@H](Cc2ccc(O)cc2)NC(=O)[C@@H](N)CSSC[C@@H](C(=O)N2CCC[C@H]2C(=O)N[C@@H](CCCN=C(N)N)C(=O)NCC(N)=O)NC(=O)[C@H](CC(N)=O)NC1=O,KBZOIRJILGZLEJ-LGYYRGKSSA-N,O=C1CNC(=O)C(Cc2ccccc2)NC(=O)C(Cc2ccccc2)NC(=O)CCSSCC(C(=O)N2CCCC2)NC(=O)CN1,1.0,1.0,0.0,1084.2529999999992,75.0,46.0,0.0,463.9299999999999,-5.404500000000026,14.0,16.0,19.0,4.0,0.4782608695652174,False,mw_above_1000,No-DILI-Concern,no,False,,,PubChem_name_property
LT01143,Aripiprazole,5,Adverse reactions,vLess-DILI-concern,Revised,Aripiprazole,O=C1CCc2ccc(OCCCCN3CCN(c4cccc(Cl)c4Cl)CC3)cc2N1,CHEMBL1112,129722-12-9,448.39,4.86,0.0,E,No DILI,No DILI,,less,,aripiprazole,DILImap_metadata,O=C1CCc2ccc(OCCCCN3CCN(c4cccc(Cl)c4Cl)CC3)cc2N1,,,True,O=C1CCc2ccc(OCCCCN3CCN(c4cccc(Cl)c4Cl)CC3)cc2N1,CEUORZQYGODEFX-UHFFFAOYSA-N,O=C1CCc2ccc(OCCCCN3CCN(c4ccccc4)CC3)cc2N1,1.0,1.0,0.0,448.39400000000006,30.0,23.0,0.0,44.81,4.859300000000005,1.0,4.0,7.0,4.0,0.43478260869565216,True,,Ambiguous DILI-concern,ambiguous,False,,,
LT03624,Aripiprazole lauroxil,5,Adverse reactions,vLess-DILI-concern,New,,,,,,,,,,,,less,,aripiprazole lauroxil,,CCCCCCCCCCCC(=O)OCN1C(=O)CCC2=C1C=C(C=C2)OCCCCN3CCN(CC3)C4=C(C(=CC=C4)Cl)Cl,49831411.0,DDINXHAORAAYAD-UHFFFAOYSA-N,True,CCCCCCCCCCCC(=O)OCN1C(=O)CCc2ccc(OCCCCN3CCN(c4cccc(Cl)c4Cl)CC3)cc21,DDINXHAORAAYAD-UHFFFAOYSA-N,O=C1CCc2ccc(OCCCCN3CCN(c4ccccc4)CC3)cc2N1,1.0,1.0,0.0,660.7270000000003,45.0,36.0,0.0,62.32000000000001,8.675400000000005,0.0,6.0,19.0,4.0,0.6111111111111112,True,,,other,False,,,PubChem_name_property
LT01230,Armodafinil,3,Warnings & precautions,Ambiguous-DILI-concern,Unchanged,Armodafinil,NC(=O)C[S@@+]([O-])C(c1ccccc1)c1ccccc1,CHEMBL1201192,,273.36,2.01,0.0,E,No DILI,No DILI,,ambiguous,,armodafinil,DILImap_metadata,NC(=O)C[S@@+]([O-])C(c1ccccc1)c1ccccc1,,,True,NC(=O)C[S@@+]([O-])C(c1ccccc1)c1ccccc1,YFGHCGITMMYXAQ-LJQANCHMSA-N,c1ccc(Cc2ccccc2)cc1,1.0,1.0,0.0,273.357,19.0,15.0,0.0,66.15,2.01,1.0,2.0,5.0,2.0,0.13333333333333333,True,,Ambiguous DILI-concern,ambiguous,False,,,
LT01093,Arsenic trioxide,3,Adverse reactions,Ambiguous-DILI-concern,Unchanged,Arsenic trioxide,O1[As]2O[As]3O[As]1O[As](O2)O3,CHEMBL2362016,,395.68,,0.0,,,,,ambiguous,,arsenic trioxide,DILImap_metadata,O1[As]2O[As]3O[As]1O[As](O2)O3,,,True,O1[As]2O[As]3O[As]1O[As](O2)O3,KTTMEOWBIWLMSE-UHFFFAOYSA-N,O1[As]2O[As]3O[As]1O[As](O2)O3,1.0,1.0,0.0,395.682,10.0,0.0,0.0,55.38000000000001,-1.9336000000000002,0.0,6.0,0.0,4.0,0.0,False,no_carbon,Ambiguous DILI-concern,ambiguous,False,,,
LT01865,Artesunate,5,Adverse reactions,Ambiguous-DILI-concern,New,,,,,,,,,,,,ambiguous,,artesunate,,C[C@H]1[C@H](OC(=O)CCC(=O)O)O[C@@H]2O[C@@]3(C)CC[C@H]4[C@H](C)CC[C@@H]1[C@@]24OO3,,,True,C[C@H]1[C@H](OC(=O)CCC(=O)O)O[C@@H]2O[C@@]3(C)CC[C@H]4[C@H](C)CC[C@@H]1[C@@]24OO3,FIHJKUPKCHIPAT-AHIGJZGOSA-N,C1CC2CCOC3OC4CCC(C1)C23OO4,1.0,1.0,0.0,384.4250000000002,27.0,19.0,0.0,100.52000000000002,2.6024000000000003,1.0,7.0,4.0,5.0,0.8947368421052632,True,,,other,False,,DILImap_metadata_offline,
LT03625,Asciminib hydrochloride,4,Adverse reactions,Ambiguous-DILI-concern,New,,,,,,,,,,,,ambiguous,,asciminib hydrochloride,,C1CN(C[C@@H]1O)C2=C(C=C(C=N2)C(=O)NC3=CC=C(C=C3)OC(F)(F)Cl)C4=CC=NN4.Cl,133082086.0,HGCOOPLEWPBLOY-PFEQFJNWSA-N,True,O=C(Nc1ccc(OC(F)(F)Cl)cc1)c1cnc(N2CC[C@@H](O)C2)c(-c2ccn[nH]2)c1,VOVZXURTCKPRDQ-CQSZACIVSA-N,O=C(Nc1ccccc1)c1cnc(N2CCCC2)c(-c2ccn[nH]2)c1,2.0,0.96875,0.0,449.845,31.0,20.0,0.0,103.37,3.462900000000001,3.0,6.0,6.0,4.0,0.25,True,,,other,False,,,PubChem_name_property
LT01303,Asparaginase,7,Warnings & precautions,vMost-DILI-concern,Unchanged,Asparaginase,,CHEMBL2108989,,,,0.0,A,DILI (known),DILI,"Cholestasis/Biliary, Steatosis, Encephalopathy, Immune-mediated, Hypersensitivity",most,1.0,asparaginase,,,,,False,,,,,,,,,,,,,,,,,,False,missing_structure,Most-DILI-Concern,most,False,,,
LT00053,Aspirin,0,No match,vLess-DILI-concern,Unchanged,Aspirin,CC(=O)Oc1ccccc1C(=O)O,CHEMBL25,50-78-2,180.16,1.31,0.0,A [HD],DILI (likely),DILI,"Hepatitis, Mitochondrial dysfunction, Steatosis, Lactic acidosis, Encephalopathy, Hypersensitivity",less,,aspirin,DILImap_metadata,CC(=O)Oc1ccccc1C(=O)O,,,True,CC(=O)Oc1ccccc1C(=O)O,BSYNRYMUTXBXSQ-UHFFFAOYSA-N,c1ccccc1,1.0,1.0,0.0,180.15899999999996,13.0,9.0,0.0,63.60000000000001,1.3101,1.0,3.0,2.0,1.0,0.1111111111111111,True,,Less-DILI-Concern,less,False,6.41799999999999,,
LT01199,Atazanavir sulfate,3,Warnings & precautions,vLess-DILI-concern,Unchanged,Atazanavir,COC(=O)N[C@H](C(=O)N[C@@H](Cc1ccccc1)[C@@H](O)CN(Cc1ccc(-c2ccccn2)cc1)NC(=O)[C@@H](NC(=O)OC)C(C)(C)C)C(C)(C)C,CHEMBL1163,229975-97-7,704.87,4.21,0.0,D,DILI (few cases),,"Hepatitis, CYP, Cholestasis/Biliary, Steatosis, Lactic acidosis, Hypersensitivity, possibly idiosyncratic",less,,atazanavir sulfate,DILImap_metadata,COC(=O)N[C@H](C(=O)N[C@@H](Cc1ccccc1)[C@@H](O)CN(Cc1ccc(-c2ccccn2)cc1)NC(=O)[C@@H](NC(=O)OC)C(C)(C)C)C(C)(C)C,,,True,COC(=O)N[C@H](C(=O)N[C@@H](Cc1ccccc1)[C@@H](O)CN(Cc1ccc(-c2ccccn2)cc1)NC(=O)[C@@H](NC(=O)OC)C(C)(C)C)C(C)(C)C,AXRYRYVKAWYZBR-GASGPIRDSA-N,c1ccc(CCCCNCc2ccc(-c3ccccn3)cc2)cc1,1.0,1.0,0.0,704.869,51.0,38.0,0.0,171.21999999999997,4.2116000000000025,5.0,9.0,14.0,3.0,0.4473684210526316,True,,Less-DILI-Concern,less,False,,,
LT00277,Atenolol,4,Adverse reactions,vLess-DILI-concern,Unchanged,Atenolol,CC(C)NCC(O)COc1ccc(CC(N)=O)cc1,CHEMBL24,29122-68-7,266.34,0.45,0.0,D,DILI (few cases),,"Hypersensitivity, likely idiosyncratic",less,,atenolol,DILImap_metadata,CC(C)NCC(O)COc1ccc(CC(N)=O)cc1,,,True,CC(C)NCC(O)COc1ccc(CC(N)=O)cc1,METKIMKYRPQLGS-UHFFFAOYSA-N,c1ccccc1,1.0,1.0,0.0,266.34099999999995,19.0,14.0,0.0,84.57999999999998,0.45210000000000006,3.0,4.0,8.0,1.0,0.5,True,,Less-DILI-Concern,less,False,4.99,,
LT03626,Atogepant,3,Adverse reactions,Ambiguous-DILI-concern,New,,,,,,,,,,,,ambiguous,,atogepant,,C[C@@H]1[C@@H](C[C@@H](C(=O)N1CC(F)(F)F)NC(=O)C2=CC3=C(C[C@@]4(C3)C5=C(NC4=O)N=CC=C5)N=C2)C6=C(C=CC(=C6F)F)F,72163100.0,QIVUCLWGARAQIO-OLIXTKCUSA-N,True,C[C@@H]1[C@H](c2c(F)ccc(F)c2F)C[C@H](NC(=O)c2cnc3c(c2)C[C@@]2(C3)C(=O)Nc3ncccc32)C(=O)N1CC(F)(F)F,QIVUCLWGARAQIO-OLIXTKCUSA-N,O=C(NC1CC(c2ccccc2)CNC1=O)c1cnc2c(c1)CC1(C2)C(=O)Nc2ncccc21,1.0,1.0,0.0,603.5230000000004,43.0,29.0,0.0,104.29,3.9479000000000024,2.0,5.0,4.0,6.0,0.3448275862068966,True,,,other,False,,,PubChem_name_property
LT01139,Atomoxetine hydrochloride,8,Warnings & precautions,vMost-DILI-concern,Unchanged,Atomoxetine,CNCC[C@@H](Oc1ccccc1C)c1ccccc1,CHEMBL641,82248-59-7,255.36,3.72,0.0,C,DILI (likely),DILI,"Hepatitis, CYP, Immune-mediated, Hypersensitivity",most,1.0,atomoxetine hydrochloride,DILImap_metadata,CNCC[C@@H](Oc1ccccc1C)c1ccccc1,,,True,CNCC[C@@H](Oc1ccccc1C)c1ccccc1,VHGCDTVCOLNTBX-QGZVFWFLSA-N,c1ccc(COc2ccccc2)cc1,1.0,1.0,0.0,255.361,19.0,17.0,0.0,21.259999999999998,3.7246200000000034,1.0,2.0,6.0,2.0,0.29411764705882354,True,,Most-DILI-Concern,most,False,,,
LT00258,Atorvastatin calcium,5,Warnings & precautions,vMost-DILI-concern,Unchanged,Atorvastatin,CC(C)c1c(C(=O)Nc2ccccc2)c(-c2ccccc2)c(-c2ccc(F)cc2)n1CC[C@@H](O)C[C@@H](O)CC(=O)O,CHEMBL1487,134523-03-8,558.65,6.31,0.0,A,DILI (known),DILI,"Hepatitis, CYP, Cholestasis/Biliary, Immune-mediated",most,1.0,atorvastatin calcium,DILImap_metadata,CC(C)c1c(C(=O)Nc2ccccc2)c(-c2ccccc2)c(-c2ccc(F)cc2)n1CC[C@@H](O)C[C@@H](O)CC(=O)O,,,True,CC(C)c1c(C(=O)Nc2ccccc2)c(-c2ccccc2)c(-c2ccc(F)cc2)n1CC[C@@H](O)C[C@@H](O)CC(=O)O,XUKUURHRXDUEBC-KAYWLYCHSA-N,O=C(Nc1ccccc1)c1c[nH]c(-c2ccccc2)c1-c1ccccc1,1.0,1.0,0.0,558.6500000000003,41.0,33.0,0.0,111.79,6.313600000000008,4.0,4.0,12.0,4.0,0.2727272727272727,True,,Most-DILI-Concern,most,False,,,
LT01096,Atovaquone,8,Warnings & precautions,Ambiguous-DILI-concern,Unchanged,Atovaquone,O=C1C(O)=C([C@H]2CC[C@H](c3ccc(Cl)cc3)CC2)C(=O)c2ccccc21,CHEMBL1450,95233-18-4,366.84,5.51,0.0,D,DILI (few cases),,"Mitochondrial dysfunction, CYP, Cholestasis/Biliary, Immune-mediated, Hypersensitivity",ambiguous,,atovaquone,DILImap_metadata,O=C1C(O)=C([C@H]2CC[C@H](c3ccc(Cl)cc3)CC2)C(=O)c2ccccc21,,,True,O=C1C(O)=C([C@H]2CC[C@H](c3ccc(Cl)cc3)CC2)C(=O)c2ccccc21,KUCQYCKVKVOKAY-CTYIDZIISA-N,O=C1C=C(C2CCC(c3ccccc3)CC2)C(=O)c2ccccc21,1.0,1.0,0.0,366.84400000000016,26.0,22.0,0.0,54.37,5.505100000000004,1.0,3.0,2.0,4.0,0.2727272727272727,True,,Ambiguous DILI-concern,ambiguous,False,,,
LT00917,Atracurium,0,No match,vNo-DILI-Concern,Unchanged,Atracurium,COc1ccc(CC2c3cc(OC)c(OC)cc3CC[N+]2(C)CCC(=O)OCCCCCOC(=O)CC[N+]2(C)CCc3cc(OC)c(OC)cc3C2Cc2ccc(OC)c(OC)c2)cc1OC,CHEMBL1360,64228-81-5,929.16,8.07,0.0,,No DILI,No DILI,,no,0.0,atracurium,DILImap_metadata,COc1ccc(CC2c3cc(OC)c(OC)cc3CC[N+]2(C)CCC(=O)OCCCCCOC(=O)CC[N+]2(C)CCc3cc(OC)c(OC)cc3C2Cc2ccc(OC)c(OC)c2)cc1OC,,,True,COc1ccc(CC2c3cc(OC)c(OC)cc3CC[N+]2(C)CCC(=O)OCCCCCOC(=O)CC[N+]2(C)CCc3cc(OC)c(OC)cc3C2Cc2ccc(OC)c(OC)c2)cc1OC,YXSLJKQTIDHPOT-UHFFFAOYSA-N,O=C(CC[NH+]1CCc2ccccc2C1Cc1ccccc1)OCCCCCOC(=O)CC[NH+]1CCc2ccccc2C1Cc1ccccc1,1.0,1.0,2.0,929.161,67.0,53.0,0.0,126.44000000000004,8.06550000000001,0.0,12.0,24.0,6.0,0.5094339622641509,True,,No-DILI-Concern,no,False,,,
LT00511,Atropine,0,No match,vNo-DILI-concern,Unchanged,Atropine,CN1[C@@H]2CC[C@H]1C[C@@H](OC(=O)C(CO)c1ccccc1)C2,CHEMBL517712,5908-99-6,289.38,1.93,0.0,E,No DILI,No DILI,,no,0.0,atropine,DILImap_metadata,CN1[C@@H]2CC[C@H]1C[C@@H](OC(=O)C(CO)c1ccccc1)C2,,,True,CN1[C@@H]2CC[C@H]1C[C@@H](OC(=O)C(CO)c1ccccc1)C2,RKUNBYITZUJHSG-SPUOUPEWSA-N,O=C(Cc1ccccc1)OC1CC2CCC(C1)N2,1.0,1.0,0.0,289.37500000000006,21.0,17.0,0.0,49.769999999999996,1.9308999999999996,1.0,4.0,4.0,3.0,0.5882352941176471,True,,No-DILI-Concern,no,False,,,
LT02166,Auranofin,3,Warnings & precautions,vLess-DILI-concern,Unchanged,Auranofin,,CHEMBL1366,34031-32-8,678.49,,0.0,E,No DILI (unlikely),,,less,,auranofin,,CCP(CC)CC.CC(=O)OC[C@@H]1[C@H]([C@@H]([C@H]([C@@H](O1)[S-])OC(=O)C)OC(=O)C)OC(=O)C.[Au+],16667669.0,AUJRCFUBUPVWSZ-XTZHGVARSA-M,True,CC(=O)OC[C@H]1O[C@@H](S)[C@H](OC(C)=O)[C@@H](OC(C)=O)[C@@H]1OC(C)=O,SFOZKJGZNOBSHF-RGDJUOJXSA-N,C1CCOCC1,3.0,0.75,0.0,364.3720000000002,24.0,14.0,0.0,114.43,-0.0007000000000008111,1.0,10.0,5.0,1.0,0.7142857142857143,True,,Less-DILI-Concern,less,False,0.459844655042815,,PubChem_name_property
LT03627,Avacopan,8,Warnings & precautions,Ambiguous-DILI-concern,New,,,,,,,,,,,,ambiguous,,avacopan,,CC1=C(C(=CC=C1)F)C(=O)N2CCC[C@@H]([C@@H]2C3=CC=C(C=C3)NC4CCCC4)C(=O)NC5=CC(=C(C=C5)C)C(F)(F)F,49841217.0,PUKBOVABABRILL-YZNIXAGQSA-N,True,Cc1ccc(NC(=O)[C@H]2CCCN(C(=O)c3c(C)cccc3F)[C@H]2c2ccc(NC3CCCC3)cc2)cc1C(F)(F)F,PUKBOVABABRILL-YZNIXAGQSA-N,O=C(Nc1ccccc1)C1CCCN(C(=O)c2ccccc2)C1c1ccc(NC2CCCC2)cc1,1.0,1.0,0.0,581.6540000000003,42.0,33.0,0.0,61.440000000000005,8.048040000000006,2.0,3.0,6.0,5.0,0.3939393939393939,True,,,other,False,,,PubChem_name_property
LT02440,Avanafil,0,No match,vNo-DILI-concern,New,,,,,,,,,,,,no,0.0,avanafil,,COC1=C(C=C(C=C1)CNC2=NC(=NC=C2C(=O)NCC3=NC=CC=N3)N4CCC[C@H]4CO)Cl,9869929.0,WEAJZXNPAWBCOA-INIZCTEOSA-N,True,COc1ccc(CNc2nc(N3CCC[C@H]3CO)ncc2C(=O)NCc2ncccn2)cc1Cl,WEAJZXNPAWBCOA-INIZCTEOSA-N,O=C(NCc1ncccn1)c1cnc(N2CCCC2)nc1NCc1ccccc1,1.0,1.0,0.0,483.96000000000026,34.0,23.0,0.0,125.39,2.4318000000000004,3.0,9.0,9.0,4.0,0.34782608695652173,True,,,other,False,,,PubChem_name_property
LT03628,Avapritinib,4,Adverse reactions,Ambiguous-DILI-concern,New,,,,,,,,,,,,ambiguous,,avapritinib,,C[C@](C1=CC=C(C=C1)F)(C2=CN=C(N=C2)N3CCN(CC3)C4=NC=NN5C4=CC(=C5)C6=CN(N=C6)C)N,118023034.0,DWYRIWUZIJHQKQ-SANMLTNESA-N,True,Cn1cc(-c2cc3c(N4CCN(c5ncc([C@@](C)(N)c6ccc(F)cc6)cn5)CC4)ncnn3c2)cn1,DWYRIWUZIJHQKQ-SANMLTNESA-N,c1ccc(Cc2cnc(N3CCN(c4ncnn5cc(-c6cn[nH]c6)cc45)CC3)nc2)cc1,1.0,1.0,0.0,498.5700000000003,37.0,26.0,0.0,106.28999999999999,2.6077000000000004,1.0,8.0,5.0,6.0,0.2692307692307692,True,,,other,False,,,PubChem_name_property
LT03629,Avatrombopag maleate,0,No match,vNo-DILI-concern,New,,,,,,,,,,,,no,0.0,avatrombopag maleate,,C1CCC(CC1)N2CCN(CC2)C3=C(N=C(S3)NC(=O)C4=CC(=C(N=C4)N5CCC(CC5)C(=O)O)Cl)C6=CC(=CS6)Cl.C(=C\C(=O)O)\C(=O)O,9918581.0,MISPBGHDNZYFNM-BTJKTKAUSA-N,True,O=C(Nc1nc(-c2cc(Cl)cs2)c(N2CCN(C3CCCCC3)CC2)s1)c1cnc(N2CCC(C(=O)O)CC2)c(Cl)c1,OFZJKCQENFPZBH-UHFFFAOYSA-N,O=C(Nc1nc(-c2cccs2)c(N2CCN(C3CCCCC3)CC2)s1)c1ccc(N2CCCCC2)nc1,2.0,0.84,0.0,649.6700000000003,42.0,29.0,0.0,101.89999999999999,6.5814000000000075,2.0,9.0,7.0,6.0,0.5172413793103449,True,,,other,False,,,PubChem_name_property
LT02399,Axitinib,3,Warnings & precautions,Ambiguous-DILI-concern,New,,,,,,,,,,,,ambiguous,,axitinib,,CNC(=O)c1ccccc1Sc1ccc2c(/C=C/c3ccccn3)n[nH]c2c1,,,True,CNC(=O)c1ccccc1Sc1ccc2c(/C=C/c3ccccn3)n[nH]c2c1,RITAVMQDGBJQJZ-FMIVXFBMSA-N,C(=Cc1n[nH]c2cc(Sc3ccccc3)ccc12)c1ccccn1,1.0,1.0,0.0,386.48,28.0,22.0,0.0,70.67,4.639100000000004,2.0,4.0,5.0,4.0,0.045454545454545456,True,,,other,False,,DILImap_metadata_offline,
LT01028,Azacitidine,8,Warnings & precautions,Ambiguous-DILI-concern,Unchanged,Azacitidine,Nc1ncn([C@@H]2O[C@H](CO)[C@@H](O)[C@H]2O)c(=O)n1,CHEMBL1489,320-67-2,244.21,-3.17,1.0,E*,No DILI,No DILI,,ambiguous,,azacitidine,DILImap_metadata,Nc1ncn([C@@H]2O[C@H](CO)[C@@H](O)[C@H]2O)c(=O)n1,,,True,Nc1ncn([C@@H]2O[C@H](CO)[C@@H](O)[C@H]2O)c(=O)n1,NMUSYJAQQFHJEW-KVTDHHQDSA-N,O=c1ncncn1C1CCCO1,1.0,1.0,0.0,244.207,17.0,8.0,0.0,143.72000000000003,-3.1679999999999997,4.0,8.0,2.0,2.0,0.625,True,,Ambiguous DILI-concern,ambiguous,False,,,
LT00006,Azathioprine,5,Warnings & precautions,vMost-DILI-concern,Unchanged,Azathioprine,Cn1cnc([N+](=O)[O-])c1Sc1ncnc2[nH]cnc12,CHEMBL1542,446-86-6,277.27,1.15,1.0,A,DILI (known),DILI,"Hepatitis, Necrosis, Cholestasis/Biliary, Sinusoidal, Cirrhosis, Immune-mediated, Hypersensitivity",most,1.0,azathioprine,DILImap_metadata,Cn1cnc([N+](=O)[O-])c1Sc1ncnc2[nH]cnc12,,,True,Cn1cnc([N+](=O)[O-])c1Sc1ncnc2[nH]cnc12,LMEKQMALGUDUQG-UHFFFAOYSA-N,c1nc(Sc2cnc[nH]2)c2nc[nH]c2n1,1.0,1.0,0.0,277.269,19.0,9.0,0.0,115.42,1.1457999999999997,1.0,7.0,3.0,3.0,0.1111111111111111,True,,Most-DILI-Concern,most,False,3.607,,
LT03630,Azilsartan kamedoxomil,0,No match,vNo-DILI-concern,New,,,,,,,,,,,,no,0.0,azilsartan kamedoxomil,,CCOC1=NC2=CC=CC(=C2N1CC3=CC=C(C=C3)C4=CC=CC=C4C5=NOC(=O)[N-]5)C(=O)OCC6=C(OC(=O)O6)C.[K+],23699544.0,IHWFKDWIUSZLCJ-UHFFFAOYSA-M,True,CCOc1nc2cccc(C(=O)OCc3oc(=O)oc3C)c2n1Cc1ccc(-c2ccccc2-c2noc(=O)[nH]2)cc1,QJFSABGVXDWMIW-UHFFFAOYSA-N,O=C(OCc1coc(=O)o1)c1cccc2ncn(Cc3ccc(-c4ccccc4-c4noc(=O)[nH]4)cc3)c12,2.0,0.9767441860465116,0.0,568.5420000000004,42.0,30.0,0.0,155.58999999999997,4.705220000000004,1.0,10.0,9.0,6.0,0.16666666666666666,True,,,other,False,,,PubChem_name_property
LT00265,Azithromycin,7,Adverse reactions,vLess-DILI-concern,Unchanged,Azithromycin,CC[C@H]1OC(=O)[C@H](C)[C@@H](O[C@H]2C[C@@](C)(OC)[C@@H](O)[C@H](C)O2)[C@H](C)[C@@H](O[C@@H]2O[C@H](C)C[C@H](N(C)C)[C@H]2O)[C@](C)(O)C[C@@H](C)CN(C)[C@H](C)[C@@H](O)[C@]1(C)O,CHEMBL529,83905-01-5,749.0,1.9,0.0,A,DILI (likely),DILI,"Hepatitis, Necrosis, Cholestasis/Biliary, Fibrosis, Immune-mediated, Hypersensitivity",less,,azithromycin,DILImap_metadata,CC[C@H]1OC(=O)[C@H](C)[C@@H](O[C@H]2C[C@@](C)(OC)[C@@H](O)[C@H](C)O2)[C@H](C)[C@@H](O[C@@H]2O[C@H](C)C[C@H](N(C)C)[C@H]2O)[C@](C)(O)C[C@@H](C)CN(C)[C@H](C)[C@@H](O)[C@]1(C)O,,,True,CC[C@H]1OC(=O)[C@H](C)[C@@H](O[C@H]2C[C@@](C)(OC)[C@@H](O)[C@H](C)O2)[C@H](C)[C@@H](O[C@@H]2O[C@H](C)C[C@H](N(C)C)[C@H]2O)[C@](C)(O)C[C@@H](C)CN(C)[C@H](C)[C@@H](O)[C@]1(C)O,MQTOSJVFKKJCRP-BICOPXKESA-N,O=C1CC(OC2CCCCO2)CC(OC2CCCCO2)CCCCNCCCCO1,1.0,1.0,0.0,748.9960000000001,52.0,38.0,0.0,180.08,1.9007000000000054,5.0,14.0,7.0,3.0,0.9736842105263158,True,,Less-DILI-Concern,less,False,,,
LT01110,Aztreonam,5,Adverse reactions,Ambiguous-DILI-concern,Unchanged,Aztreonam,C[C@H]1[C@H](NC(=O)/C(=N\OC(C)(C)C(=O)O)c2csc(N)n2)C(=O)N1S(=O)(=O)O,CHEMBL158,78110-38-0,435.44,-1.17,0.0,E*,No DILI,No DILI,,ambiguous,,aztreonam,DILImap_metadata,C[C@H]1[C@H](NC(=O)/C(=N\OC(C)(C)C(=O)O)c2csc(N)n2)C(=O)N1S(=O)(=O)O,,,True,C[C@H]1[C@H](NC(=O)/C(=N\OC(C)(C)C(=O)O)c2csc(N)n2)C(=O)N1S(=O)(=O)O,WZPBZJONDBGPKJ-VEHQQRBSSA-N,N=C(C(=O)NC1CNC1=O)c1cscn1,1.0,1.0,0.0,435.44000000000017,28.0,13.0,0.0,201.57999999999998,-1.1724999999999979,4.0,10.0,7.0,2.0,0.46153846153846156,True,,Ambiguous DILI-concern,ambiguous,False,,,
LT02059,Bacitracin,0,No match,vNo-DILI-concern,Unchanged,Bacitracin,CC[C@H](C)[C@H](N)C1=N[C@H](C(=O)N[C@@H](CC(C)C)C(=O)N[C@H](CCC(=O)O)C(=O)N[C@H](C(=O)N[C@H]2CCCCNC(=O)[C@H](CC(N)=O)NC(=O)[C@@H](CC(=O)O)NC(=O)[C@H](Cc3cnc[nH]3)NC(=O)[C@@H](Cc3ccccc3)NC(=O)[C@H]([C@@H](C)CC)NC(=O)[C@@H](CCCN)NC2=O)[C@@H](C)CC)CS1,CHEMBL1200558,1405-89-6,1422.72,,0.0,,No DILI,No DILI,,no,0.0,bacitracin,DILImap_metadata,CC[C@H](C)[C@H](N)C1=N[C@H](C(=O)N[C@@H](CC(C)C)C(=O)N[C@H](CCC(=O)O)C(=O)N[C@H](C(=O)N[C@H]2CCCCNC(=O)[C@H](CC(N)=O)NC(=O)[C@@H](CC(=O)O)NC(=O)[C@H](Cc3cnc[nH]3)NC(=O)[C@@H](Cc3ccccc3)NC(=O)[C@H]([C@@H](C)CC)NC(=O)[C@@H](CCCN)NC2=O)[C@@H](C)CC)CS1,,,True,CC[C@H](C)[C@H](N)C1=N[C@H](C(=O)N[C@@H](CC(C)C)C(=O)N[C@H](CCC(=O)O)C(=O)N[C@H](C(=O)N[C@H]2CCCCNC(=O)[C@H](CC(N)=O)NC(=O)[C@@H](CC(=O)O)NC(=O)[C@H](Cc3cnc[nH]3)NC(=O)[C@@H](Cc3ccccc3)NC(=O)[C@H]([C@@H](C)CC)NC(=O)[C@@H](CCCN)NC2=O)[C@@H](C)CC)CS1,CLKOFPXJLQSYAH-ABRJDSQDSA-N,O=C1CNC(=O)CNC(=O)C(Cc2cnc[nH]2)NC(=O)C(Cc2ccccc2)NC(=O)CNC(=O)CNC(=O)C(NC(=O)CNC(=O)CNC(=O)CNC(=O)C2CSC=N2)CCCCN1,1.0,1.0,0.0,1422.7199999999998,100.0,66.0,0.0,530.8699999999999,-1.6776000000000149,17.0,19.0,31.0,4.0,0.6363636363636364,False,mw_above_1000;heavy_atoms_above_80,No-DILI-Concern,no,False,,,
LT01113,Baclofen,3,Adverse reactions,vLess-DILI-concern,Unchanged,Baclofen,NCC(CC(=O)O)c1ccc(Cl)cc1,CHEMBL701,,213.66,1.86,0.0,D,DILI (few cases),,Hepatitis,less,,baclofen,DILImap_metadata,NCC(CC(=O)O)c1ccc(Cl)cc1,,,True,NCC(CC(=O)O)c1ccc(Cl)cc1,KPYSYYIEGFHWSV-UHFFFAOYSA-N,c1ccccc1,1.0,1.0,0.0,213.664,14.0,10.0,0.0,63.32000000000001,1.857,2.0,2.0,4.0,1.0,0.3,True,,Less-DILI-Concern,less,False,,,
LT03631,Baloxavir marboxil,0,No match,vNo-DILI-concern,New,,,,,,,,,,,,no,0.0,baloxavir marboxil,,COC(=O)OCOC1=C2C(=O)N3CCOC[C@H]3N(N2C=CC1=O)[C@H]4C5=C(CSC6=CC=CC=C46)C(=C(C=C5)F)F,124081896.0,RZVPBGBYGMDSBG-GGAORHGYSA-N,True,COC(=O)OCOc1c2n(ccc1=O)N([C@@H]1c3ccccc3SCc3c1ccc(F)c3F)[C@@H]1COCCN1C2=O,RZVPBGBYGMDSBG-GGAORHGYSA-N,O=C1c2cc(=O)ccn2N(C2c3ccccc3CSc3ccccc32)C2COCCN12,1.0,1.0,0.0,571.5580000000003,40.0,27.0,0.0,99.53999999999999,3.391200000000002,0.0,9.0,4.0,6.0,0.2962962962962963,True,,,other,False,,,PubChem_name_property
LT00512,Balsalazide disodium,8,Adverse reactions,Ambiguous-DILI-concern,Unchanged,Balsalazide,O=C(O)CCNC(=O)c1ccc(/N=N/c2ccc(O)c(C(=O)O)c2)cc1,CHEMBL1201346,150399-21-6,357.32,2.71,1.0,C,DILI (few cases),,,ambiguous,,balsalazide disodium,DILImap_metadata,O=C(O)CCNC(=O)c1ccc(/N=N/c2ccc(O)c(C(=O)O)c2)cc1,,,True,O=C(O)CCNC(=O)c1ccc(/N=N/c2ccc(O)c(C(=O)O)c2)cc1,IPOKCKJONYRRHP-FMQUCBEESA-N,c1ccc(N=Nc2ccccc2)cc1,1.0,1.0,0.0,357.3220000000001,26.0,17.0,0.0,148.65,2.7103,4.0,6.0,7.0,2.0,0.11764705882352941,True,,Ambiguous DILI-concern,ambiguous,False,,,
LT03632,Baricitinib,3,Warnings & precautions,Ambiguous-DILI-concern,New,,,,,,,,,,,,ambiguous,,baricitinib,,CCS(=O)(=O)N1CC(C1)(CC#N)N2C=C(C=N2)C3=C4C=CNC4=NC=N3,44205240.0,XUZMWHLSFXCVMG-UHFFFAOYSA-N,True,CCS(=O)(=O)N1CC(CC#N)(n2cc(-c3ncnc4[nH]ccc34)cn2)C1,XUZMWHLSFXCVMG-UHFFFAOYSA-N,c1nc(-c2cnn(C3CNC3)c2)c2cc[nH]c2n1,1.0,1.0,0.0,371.42600000000004,26.0,16.0,0.0,120.56,1.09568,1.0,6.0,5.0,4.0,0.375,True,,,other,False,,,PubChem_name_property
LT01346,Basiliximab,0,No match,vNo-DILI-concern,Unchanged,Basiliximab,,CHEMBL1201439,,,,0.0,E,No DILI,No DILI,,no,0.0,basiliximab,,,,,False,,,,,,,,,,,,,,,,,,False,missing_structure,No-DILI-Concern,no,False,,,
LT02400,Bedaquiline fumarate,3,Warnings & precautions,Ambiguous-DILI-concern,New,,,,,,,,,,,,ambiguous,,bedaquiline fumarate,,CN(C)CC[C@@](C1=CC=CC2=CC=CC=C21)([C@H](C3=CC=CC=C3)C4=C(N=C5C=CC(=CC5=C4)Br)OC)O.C(=C/C(=O)O)\C(=O)O,24812732.0,ZLVSPMRFRHMMOY-WWCCMVHESA-N,True,COc1nc2ccc(Br)cc2cc1[C@@H](c1ccccc1)[C@@](O)(CCN(C)C)c1cccc2ccccc12,QUIJNHUBAXPXFS-XLJNKUFUSA-N,c1ccc(C(Cc2cccc3ccccc23)c2cnc3ccccc3c2)cc1,2.0,0.8222222222222222,0.0,555.5160000000002,37.0,32.0,0.0,45.59,7.130500000000007,1.0,4.0,8.0,5.0,0.21875,True,,,other,False,,,PubChem_name_property
LT03612,Belinostat,8,Warnings & precautions,Ambiguous-DILI-concern,New,,,,,,,,,,,,ambiguous,,belinostat,,C1=CC=C(C=C1)NS(=O)(=O)C2=CC=CC(=C2)/C=C/C(=O)NO,6918638.0,NCNRHFGMJRPRSK-MDZDMXLPSA-N,True,O=C(/C=C/c1cccc(S(=O)(=O)Nc2ccccc2)c1)NO,NCNRHFGMJRPRSK-MDZDMXLPSA-N,O=S(=O)(Nc1ccccc1)c1ccccc1,1.0,1.0,0.0,318.35400000000004,22.0,15.0,0.0,95.5,2.006,3.0,4.0,5.0,2.0,0.0,True,,,other,False,,,PubChem_name_property
LT03633,Belumosudil mesylate,3,Adverse reactions,Ambiguous-DILI-concern,New,,,,,,,,,,,,ambiguous,,belumosudil mesylate,,CC(C)NC(=O)COC1=CC=CC(=C1)C2=NC=C3C(=N2)C=CC=C3NC4=CC5=C(C=C4)NN=C5.CS(=O)(=O)O,146025939.0,BGNMZPDNJWWQCU-UHFFFAOYSA-N,True,CC(C)NC(=O)COc1cccc(-c2ncc3c(Nc4ccc5[nH]ncc5c4)cccc3n2)c1,LMJPUXPTYLIRIY-UHFFFAOYSA-N,c1ccc(-c2ncc3c(Nc4ccc5[nH]ncc5c4)cccc3n2)cc1,2.0,0.8717948717948718,0.0,452.5180000000001,34.0,26.0,0.0,104.82000000000001,4.820100000000003,3.0,6.0,7.0,5.0,0.15384615384615385,True,,,other,False,,,PubChem_name_property
LT03634,Belzutifan,3,Adverse reactions,Ambiguous-DILI-concern,New,,,,,,,,,,,,ambiguous,,belzutifan,,CS(=O)(=O)C1=C2[C@@H]([C@@H]([C@@H](C2=C(C=C1)OC3=CC(=CC(=C3)C#N)F)F)F)O,117947097.0,LOMMPXLFBTZENJ-ZACQAIPSSA-N,True,CS(=O)(=O)c1ccc(Oc2cc(F)cc(C#N)c2)c2c1[C@H](O)[C@H](F)[C@@H]2F,LOMMPXLFBTZENJ-ZACQAIPSSA-N,c1ccc(Oc2cccc3c2CCC3)cc1,1.0,1.0,0.0,383.34700000000004,26.0,17.0,0.0,87.39,3.288880000000002,1.0,5.0,3.0,3.0,0.23529411764705882,True,,,other,False,,,PubChem_name_property
LT03635,Bempedoic acid,3,Adverse reactions,Ambiguous-DILI-concern,New,,,,,,,,,,,,ambiguous,,bempedoic acid,,CC(C)(CCCCCC(CCCCCC(C)(C)C(=O)O)O)C(=O)O,10472693.0,HYHMLYSLQUKXKP-UHFFFAOYSA-N,True,CC(C)(CCCCCC(O)CCCCCC(C)(C)C(=O)O)C(=O)O,HYHMLYSLQUKXKP-UHFFFAOYSA-N,,1.0,1.0,0.0,344.492,24.0,19.0,0.0,94.83,4.4699000000000035,3.0,3.0,14.0,0.0,0.8947368421052632,True,,,other,False,,,PubChem_name_property
LT01116,Benazepril hydrochloride,4,Adverse reactions,vLess-DILI-concern,Unchanged,Benazepril,CCOC(=O)[C@H](CCc1ccccc1)N[C@H]1CCc2ccccc2N(CC(=O)O)C1=O,CHEMBL838,86541-74-4,424.5,2.57,1.0,D,DILI (few cases),,"Cholestasis/Biliary, Immune-mediated, Hypersensitivity, likely idiosyncratic",less,,benazepril hydrochloride,DILImap_metadata,CCOC(=O)[C@H](CCc1ccccc1)N[C@H]1CCc2ccccc2N(CC(=O)O)C1=O,,,True,CCOC(=O)[C@H](CCc1ccccc1)N[C@H]1CCc2ccccc2N(CC(=O)O)C1=O,XPCFTKFZXHTYIP-PMACEKPBSA-N,O=C1Nc2ccccc2CCC1NCCCc1ccccc1,1.0,1.0,0.0,424.49700000000024,31.0,24.0,0.0,95.94,2.5731,2.0,5.0,9.0,3.0,0.375,True,,Less-DILI-Concern,less,False,,,
LT00659,Bendamustine hydrochloride,0,No match,vNo-DILI-concern,Unchanged,Bendamustine,Cn1c(CCCC(=O)O)nc2cc(N(CCCl)CCCl)ccc21,CHEMBL487253,3543-75-7,358.27,3.26,0.0,C,No DILI,No DILI,,no,0.0,bendamustine hydrochloride,DILImap_metadata,Cn1c(CCCC(=O)O)nc2cc(N(CCCl)CCCl)ccc21,,,True,Cn1c(CCCC(=O)O)nc2cc(N(CCCl)CCCl)ccc21,YTKUWDBFDASYHO-UHFFFAOYSA-N,c1ccc2[nH]cnc2c1,1.0,1.0,0.0,358.26900000000006,23.0,16.0,0.0,58.36000000000001,3.2646000000000024,1.0,3.0,9.0,2.0,0.5,True,,No-DILI-Concern,no,False,,,
LT01117,Bendazac,8,Withdrawn,vMost-DILI-concern,Unchanged,Bendazac,O=C(O)COc1nn(Cc2ccccc2)c2ccccc12,CHEMBL1089221,20187-55-7,282.3,2.55,0.0,,DILI (withdrawn),DILI,,most,1.0,bendazac,DILImap_metadata,O=C(O)COc1nn(Cc2ccccc2)c2ccccc12,,,True,O=C(O)COc1nn(Cc2ccccc2)c2ccccc12,BYFMCKSPFYVMOU-UHFFFAOYSA-N,c1ccc(Cn2ncc3ccccc32)cc1,1.0,1.0,0.0,282.29900000000004,21.0,16.0,0.0,64.35,2.548,1.0,3.0,5.0,3.0,0.125,True,,Most-DILI-Concern,most,False,,,
LT00825,Bendroflumethiazide,5,Adverse reactions,vLess-DILI-concern,Unchanged,Bendroflumethiazide,NS(=O)(=O)c1cc2c(cc1C(F)(F)F)NC(Cc1ccccc1)NS2(=O)=O,CHEMBL1684,73-48-3,421.42,1.63,0.0,E,No DILI (unlikely),,,less,,bendroflumethiazide,DILImap_metadata,NS(=O)(=O)c1cc2c(cc1C(F)(F)F)NC(Cc1ccccc1)NS2(=O)=O,,,True,NS(=O)(=O)c1cc2c(cc1C(F)(F)F)NC(Cc1ccccc1)NS2(=O)=O,HDWIHXWEUNVBIY-UHFFFAOYSA-N,O=S1(=O)NC(Cc2ccccc2)Nc2ccccc21,1.0,1.0,0.0,421.4220000000001,27.0,15.0,0.0,118.35999999999999,1.6254000000000004,3.0,5.0,3.0,3.0,0.2,True,,Less-DILI-Concern,less,False,0.105833916685452,,
LT00513,Benoxaprofen,8,Withdrawn,vMost-DILI-concern,Unchanged,Benoxaprofen,CC(C(=O)O)c1ccc2oc(-c3ccc(Cl)cc3)nc2c1,CHEMBL340978,,301.73,4.34,0.0,,DILI (withdrawn),DILI,,most,1.0,benoxaprofen,DILImap_metadata,CC(C(=O)O)c1ccc2oc(-c3ccc(Cl)cc3)nc2c1,,,True,CC(C(=O)O)c1ccc2oc(-c3ccc(Cl)cc3)nc2c1,MITFXPHMIHQXPI-UHFFFAOYSA-N,c1ccc(-c2nc3ccccc3o2)cc1,1.0,1.0,0.0,301.729,21.0,16.0,0.0,63.33,4.336300000000002,1.0,3.0,3.0,3.0,0.125,True,,Most-DILI-Concern,most,False,,,
LT01120,Benzarone,8,Withdrawn,vMost-DILI-concern,Unchanged,Benzarone,CCc1oc2ccccc2c1C(=O)c1ccc(O)cc1,CHEMBL1474963,,266.3,3.93,0.0,C,DILI (withdrawn),DILI,,most,1.0,benzarone,DILImap_metadata,CCc1oc2ccccc2c1C(=O)c1ccc(O)cc1,,,True,CCc1oc2ccccc2c1C(=O)c1ccc(O)cc1,RFRXIWQYSOIBDI-UHFFFAOYSA-N,O=C(c1ccccc1)c1coc2ccccc12,1.0,1.0,0.0,266.29599999999994,20.0,17.0,0.0,50.44,3.9318000000000026,1.0,3.0,3.0,3.0,0.11764705882352941,True,,Most-DILI-Concern,most,False,,,
LT00278,Benzbromarone,8,Withdrawn,vMost-DILI-concern,Unchanged,Benzbromarone,CCc1oc2ccccc2c1C(=O)c1cc(Br)c(O)c(Br)c1,CHEMBL388590,3562-84-3,424.09,5.46,0.0,B,DILI (withdrawn),DILI,"Hepatitis, Mitochondrial dysfunction, CYP, Immune-mediated, Hypersensitivity",most,1.0,benzbromarone,DILImap_metadata,CCc1oc2ccccc2c1C(=O)c1cc(Br)c(O)c(Br)c1,,,True,CCc1oc2ccccc2c1C(=O)c1cc(Br)c(O)c(Br)c1,WHQCHUCQKNIQEC-UHFFFAOYSA-N,O=C(c1ccccc1)c1coc2ccccc12,1.0,1.0,0.0,424.088,22.0,17.0,0.0,50.44,5.456800000000003,1.0,3.0,3.0,3.0,0.11764705882352941,True,,Most-DILI-Concern,most,False,6.5105,,
LT01121,Benziodarone,8,Withdrawn,vMost-DILI-concern,Unchanged,Benziodarone,CCc1oc2ccccc2c1C(=O)c1cc(I)c(O)c(I)c1,CHEMBL232201,,518.09,5.14,0.0,,DILI (withdrawn),DILI,,most,1.0,benziodarone,DILImap_metadata,CCc1oc2ccccc2c1C(=O)c1cc(I)c(O)c(I)c1,,,True,CCc1oc2ccccc2c1C(=O)c1cc(I)c(O)c(I)c1,CZCHIEJNWPNBDE-UHFFFAOYSA-N,O=C(c1ccccc1)c1coc2ccccc12,1.0,1.0,0.0,518.0880000000001,22.0,17.0,0.0,50.44,5.141000000000003,1.0,3.0,3.0,3.0,0.11764705882352941,True,,Most-DILI-Concern,most,False,5.5,,
LT02756,Benznidazole,2,Adverse reactions,Ambiguous-DILI-concern,New,,,,,,,,,,,,ambiguous,,benznidazole,,C1=CC=C(C=C1)CNC(=O)CN2C=CN=C2[N+](=O)[O-],31593.0,CULUWZNBISUWAS-UHFFFAOYSA-N,True,O=C(Cn1ccnc1[N+](=O)[O-])NCc1ccccc1,CULUWZNBISUWAS-UHFFFAOYSA-N,O=C(Cn1ccnc1)NCc1ccccc1,1.0,1.0,0.0,260.253,19.0,12.0,0.0,90.06,1.1077,1.0,4.0,5.0,2.0,0.16666666666666666,True,,,other,False,,,PubChem_name_property
LT00800,Benzonatate,0,No match,vLess-DILI-concern,Unchanged,Benzonatate,CCCCNc1ccc(C(=O)OCCOCCOCCOCCOCCOCCOCCOCCOCCOC)cc1,CHEMBL1374379,32760-16-0,603.75,2.83,0.0,,,,,less,,benzonatate,DILImap_metadata,CCCCNc1ccc(C(=O)OCCOCCOCCOCCOCCOCCOCCOCCOCCOC)cc1,,,True,CCCCNc1ccc(C(=O)OCCOCCOCCOCCOCCOCCOCCOCCOCCOC)cc1,MAFMQEKGGFWBAB-UHFFFAOYSA-N,c1ccccc1,1.0,1.0,0.0,603.7500000000003,42.0,30.0,0.0,121.40000000000003,2.8346000000000036,1.0,12.0,32.0,1.0,0.7666666666666667,True,,Less-DILI-Concern,less,False,,,
LT00832,Benzphetamine hydrochloride,0,No match,vNo-DILI-concern,Unchanged,Benzphetamine,,,,,,,A [HD],DILI (likely),DILI,,no,0.0,benzphetamine hydrochloride,,C[C@@H](CC1=CC=CC=C1)N(C)CC2=CC=CC=C2.Cl,11558159.0,ANFSNXAXVLRZCG-RSAXXLAASA-N,True,C[C@@H](Cc1ccccc1)N(C)Cc1ccccc1,YXKTVDFXDRQTKV-HNNXBMFYSA-N,c1ccc(CCNCc2ccccc2)cc1,2.0,0.9473684210526315,0.0,239.36199999999997,18.0,17.0,0.0,3.24,3.7496000000000027,0.0,1.0,5.0,2.0,0.29411764705882354,True,,No-DILI-Concern,no,False,,,PubChem_name_property
LT01123,Benztropine mesylate,0,No match,vNo-DILI-concern,Unchanged,Benztropine,CN1[C@@H]2CC[C@H]1C[C@@H](OC(c1ccccc1)c1ccccc1)C2,CHEMBL1201203,132-17-2,307.44,4.42,0.0,E,No DILI,No DILI,,no,0.0,benztropine mesylate,DILImap_metadata,CN1[C@@H]2CC[C@H]1C[C@@H](OC(c1ccccc1)c1ccccc1)C2,,,True,CN1[C@@H]2CC[C@H]1C[C@@H](OC(c1ccccc1)c1ccccc1)C2,GIJXKZJWITVLHI-PMOLBWCYSA-N,c1ccc(C(OC2CC3CCC(C2)N3)c2ccccc2)cc1,1.0,1.0,0.0,307.43700000000007,23.0,21.0,0.0,12.47,4.417800000000004,0.0,2.0,4.0,4.0,0.42857142857142855,True,,No-DILI-Concern,no,False,,,
LT01276,Benzylpenicilloyl polylysine,0,No match,vNo-DILI-concern,Unchanged,Benzylpenicilloyl polylysine,,CHEMBL1201779,,,,0.0,,No DILI,No DILI,,no,0.0,benzylpenicilloyl polylysine,,,,,False,,,,,,,,,,,,,,,,,,False,missing_structure,No-DILI-Concern,no,False,,,
LT03636,Berotralstat hydrochloride,3,Adverse reactions,Ambiguous-DILI-concern,New,,,,,,,,,,,,ambiguous,,berotralstat hydrochloride,,C1CC1CN[C@@H](C2=CC(=C(C=C2)F)NC(=O)C3=CC(=NN3C4=CC=CC(=C4)CN)C(F)(F)F)C5=CC=CC(=C5)C#N.Cl.Cl,139030242.0,XFZLBLTUANGZBD-QDSLRZTOSA-N,True,N#Cc1cccc([C@@H](NCC2CC2)c2ccc(F)c(NC(=O)c3cc(C(F)(F)F)nn3-c3cccc(CN)c3)c2)c1,UXNXMBYCBRBRFD-MUUNZHRXSA-N,O=C(Nc1cccc(C(NCC2CC2)c2ccccc2)c1)c1ccnn1-c1ccccc1,3.0,0.9534883720930233,0.0,562.5710000000001,41.0,30.0,0.0,108.75999999999999,5.7018800000000045,3.0,5.0,9.0,5.0,0.23333333333333334,True,,,other,False,,,PubChem_name_property
LT02189,Betaine,0,No match,vNo-DILI-concern,Unchanged,Betaine,C[N+](C)(C)CC(=O)O,CHEMBL95889,107-43-7,118.16,-0.22,0.0,E,No DILI,No DILI,,no,0.0,betaine,DILImap_metadata,C[N+](C)(C)CC(=O)O,,,True,C[N+](C)(C)CC(=O)O,KWIUHFFTVRNATP-UHFFFAOYSA-O,,1.0,1.0,1.0,118.15599999999998,8.0,5.0,0.0,37.3,-0.22280000000000016,1.0,1.0,2.0,0.0,0.8,True,,No-DILI-Concern,no,False,,,
LT01132,Betaxolol hydrochloride,3,Adverse reactions,Ambiguous-DILI-concern,Unchanged,Betaxolol,CC(C)NCC(O)COc1ccc(CCOCC2CC2)cc1,CHEMBL423,63659-19-8,307.43,2.39,0.0,E,No DILI,No DILI,,ambiguous,,betaxolol hydrochloride,DILImap_metadata,CC(C)NCC(O)COc1ccc(CCOCC2CC2)cc1,,,True,CC(C)NCC(O)COc1ccc(CCOCC2CC2)cc1,NWIUTZDMDHAVTP-UHFFFAOYSA-N,c1ccc(CCOCC2CC2)cc1,1.0,1.0,0.0,307.434,22.0,18.0,0.0,50.72,2.3933999999999997,2.0,4.0,11.0,2.0,0.6666666666666666,True,,Ambiguous DILI-concern,ambiguous,False,,,
LT00730,Bethanechol chloride,0,No match,vNo-DILI-concern,Unchanged,Bethanechol,CC(C[N+](C)(C)C)OC(N)=O,CHEMBL1482,590-63-6,161.22,0.18,0.0,,No DILI,No DILI,,no,0.0,bethanechol chloride,DILImap_metadata,CC(C[N+](C)(C)C)OC(N)=O,,,True,CC(C[N+](C)(C)C)OC(N)=O,NZUPCNDJBJXXRF-UHFFFAOYSA-O,,1.0,1.0,1.0,161.22499999999997,11.0,7.0,0.0,52.32,0.1764,1.0,2.0,3.0,0.0,0.8571428571428571,True,,No-DILI-Concern,no,False,,,
LT03798,Betrixaban,0,No match,vNo-DILI-concern,New,,,,,,,,,,,,no,0.0,betrixaban,,CN(C)C(=N)C1=CC=C(C=C1)C(=O)NC2=C(C=C(C=C2)OC)C(=O)NC3=NC=C(C=C3)Cl,10275777.0,XHOLNRLADUSQLD-UHFFFAOYSA-N,True,COc1ccc(NC(=O)c2ccc(C(=N)N(C)C)cc2)c(C(=O)Nc2ccc(Cl)cn2)c1,XHOLNRLADUSQLD-UHFFFAOYSA-N,O=C(Nc1ccccc1C(=O)Nc1ccccn1)c1ccccc1,1.0,1.0,0.0,451.9140000000001,32.0,23.0,0.0,107.41000000000001,4.135170000000002,3.0,5.0,6.0,3.0,0.13043478260869565,True,,,other,False,,,PubChem_name_property
LT01390,Bevacizumab,0,No match,vNo-DILI-concern,Unchanged,Bevacizumab,,CHEMBL1201583,,,,0.0,E,No DILI,No DILI,,no,0.0,bevacizumab,,,,,False,,,,,,,,,,,,,,,,,,False,missing_structure,No-DILI-Concern,no,False,,,
LT01064,Bexarotene,8,Warnings & precautions,vMost-DILI-concern,Unchanged,Bexarotene,C=C(c1ccc(C(=O)O)cc1)c1cc2c(cc1C)C(C)(C)CCC2(C)C,CHEMBL1023,153559-49-0,348.49,6.1,0.0,D,DILI (likely),DILI,"Hepatitis, CYP, Hypersensitivity",most,1.0,bexarotene,DILImap_metadata,C=C(c1ccc(C(=O)O)cc1)c1cc2c(cc1C)C(C)(C)CCC2(C)C,,,True,C=C(c1ccc(C(=O)O)cc1)c1cc2c(cc1C)C(C)(C)CCC2(C)C,NAVMQTYZDKMPEU-UHFFFAOYSA-N,C=C(c1ccccc1)c1ccc2c(c1)CCCC2,1.0,1.0,0.0,348.48600000000016,26.0,24.0,0.0,37.3,6.103720000000005,1.0,1.0,3.0,3.0,0.375,True,,Most-DILI-Concern,most,False,10.4,,
LT00056,Bicalutamide,8,Warnings & precautions,vMost-DILI-concern,Unchanged,Bicalutamide,CC(O)(CS(=O)(=O)c1ccc(F)cc1)C(=O)Nc1ccc(C#N)c(C(F)(F)F)c1,CHEMBL409,90357-06-5,430.38,2.88,0.0,B,DILI (likely),DILI,"CYP, Immune-mediated",most,1.0,bicalutamide,DILImap_metadata,CC(O)(CS(=O)(=O)c1ccc(F)cc1)C(=O)Nc1ccc(C#N)c(C(F)(F)F)c1,,,True,CC(O)(CS(=O)(=O)c1ccc(F)cc1)C(=O)Nc1ccc(C#N)c(C(F)(F)F)c1,LKJPYSCBVHEWIU-UHFFFAOYSA-N,O=C(CCS(=O)(=O)c1ccccc1)Nc1ccccc1,1.0,1.0,0.0,430.3790000000001,29.0,18.0,0.0,107.25999999999999,2.8795800000000007,2.0,5.0,5.0,2.0,0.2222222222222222,True,,Most-DILI-Concern,most,False,,,
LT03637,Binimetinib,3,Warnings & precautions,Ambiguous-DILI-concern,New,,,,,,,,,,,,ambiguous,,binimetinib,,CN1C=NC2=C1C=C(C(=C2F)NC3=C(C=C(C=C3)Br)F)C(=O)NOCCO,10288191.0,ACWZRVQXLIRSDF-UHFFFAOYSA-N,True,Cn1cnc2c(F)c(Nc3ccc(Br)cc3F)c(C(=O)NOCCO)cc21,ACWZRVQXLIRSDF-UHFFFAOYSA-N,c1ccc(Nc2ccc3[nH]cnc3c2)cc1,1.0,1.0,0.0,441.23200000000014,27.0,17.0,0.0,88.41000000000001,3.0113,3.0,5.0,6.0,3.0,0.17647058823529413,True,,,other,False,,,PubChem_name_property
LT00817,Biperiden hydrochloride,0,No match,vNo-DILI-concern,Unchanged,Biperiden,OC(CCN1CCCCC1)(c1ccccc1)C1CC2C=CC1C2,CHEMBL1101,,311.47,3.96,0.0,E,No DILI,No DILI,,no,0.0,biperiden hydrochloride,DILImap_metadata,OC(CCN1CCCCC1)(c1ccccc1)C1CC2C=CC1C2,,,True,OC(CCN1CCCCC1)(c1ccccc1)C1CC2C=CC1C2,YSXKPIUOCJLQIE-UHFFFAOYSA-N,C1=CC2CC1CC2C(CCN1CCCCC1)c1ccccc1,1.0,1.0,0.0,311.46900000000005,23.0,21.0,0.0,23.47,3.9624000000000033,1.0,2.0,5.0,4.0,0.6190476190476191,True,,No-DILI-Concern,no,False,,,
LT02190,Bisacodyl,0,No match,vNo-DILI-concern,Unchanged,Bisacodyl,CC(=O)Oc1ccc(C(c2ccc(OC(C)=O)cc2)c2ccccn2)cc1,CHEMBL942,603-50-9,361.4,4.11,0.0,E,No DILI,No DILI,,no,0.0,bisacodyl,DILImap_metadata,CC(=O)Oc1ccc(C(c2ccc(OC(C)=O)cc2)c2ccccn2)cc1,,,True,CC(=O)Oc1ccc(C(c2ccc(OC(C)=O)cc2)c2ccccn2)cc1,KHOITXIGCFIULA-UHFFFAOYSA-N,c1ccc(C(c2ccccc2)c2ccccn2)cc1,1.0,1.0,0.0,361.39700000000005,27.0,22.0,0.0,65.49000000000001,4.112400000000003,0.0,5.0,5.0,3.0,0.13636363636363635,True,,No-DILI-Concern,no,True,0.15,,
LT01136,Bisoprolol fumarate,3,Adverse reactions,Ambiguous-DILI-concern,Unchanged,Bisoprolol,CC(C)NCC(O)COc1ccc(COCCOC(C)C)cc1,CHEMBL645,104344-23-2,325.45,2.37,0.0,E,No DILI,No DILI,,ambiguous,,bisoprolol fumarate,DILImap_metadata,CC(C)NCC(O)COc1ccc(COCCOC(C)C)cc1,,,True,CC(C)NCC(O)COc1ccc(COCCOC(C)C)cc1,VHYCDWMUTMEGQY-UHFFFAOYSA-N,c1ccccc1,1.0,1.0,0.0,325.449,23.0,18.0,0.0,59.95,2.3659,2.0,5.0,12.0,1.0,0.6666666666666666,True,,Ambiguous DILI-concern,ambiguous,False,,,
LT01027,Bivalirudin,0,No match,vNo-DILI-concern,Unchanged,Bivalirudin,CC[C@H](C)[C@H](NC(=O)[C@H](CCC(=O)O)NC(=O)[C@H](CCC(=O)O)NC(=O)[C@H](Cc1ccccc1)NC(=O)[C@H](CC(=O)O)NC(=O)CNC(=O)[C@H](CC(N)=O)NC(=O)CNC(=O)CNC(=O)CNC(=O)CNC(=O)[C@@H]1CCCN1C(=O)[C@H](CCCNC(=N)N)NC(=O)[C@@H]1CCCN1C(=O)[C@H](N)Cc1ccccc1)C(=O)N1CCC[C@H]1C(=O)N[C@@H](CCC(=O)O)C(=O)N[C@@H](CCC(=O)O)C(=O)N[C@@H](Cc1ccc(O)cc1)C(=O)N[C@@H](CC(C)C)C(=O)O,CHEMBL2103749,128270-60-0,2180.32,,0.0,,No DILI,No DILI,,no,0.0,bivalirudin,DILImap_metadata,CC[C@H](C)[C@H](NC(=O)[C@H](CCC(=O)O)NC(=O)[C@H](CCC(=O)O)NC(=O)[C@H](Cc1ccccc1)NC(=O)[C@H](CC(=O)O)NC(=O)CNC(=O)[C@H](CC(N)=O)NC(=O)CNC(=O)CNC(=O)CNC(=O)CNC(=O)[C@@H]1CCCN1C(=O)[C@H](CCCNC(=N)N)NC(=O)[C@@H]1CCCN1C(=O)[C@H](N)Cc1ccccc1)C(=O)N1CCC[C@H]1C(=O)N[C@@H](CCC(=O)O)C(=O)N[C@@H](CCC(=O)O)C(=O)N[C@@H](Cc1ccc(O)cc1)C(=O)N[C@@H](CC(C)C)C(=O)O,,,True,CC[C@H](C)[C@H](NC(=O)[C@H](CCC(=O)O)NC(=O)[C@H](CCC(=O)O)NC(=O)[C@H](Cc1ccccc1)NC(=O)[C@H](CC(=O)O)NC(=O)CNC(=O)[C@H](CC(N)=O)NC(=O)CNC(=O)CNC(=O)CNC(=O)CNC(=O)[C@@H]1CCCN1C(=O)[C@H](CCCNC(=N)N)NC(=O)[C@@H]1CCCN1C(=O)[C@H](N)Cc1ccccc1)C(=O)N1CCC[C@H]1C(=O)N[C@@H](CCC(=O)O)C(=O)N[C@@H](CCC(=O)O)C(=O)N[C@@H](Cc1ccc(O)cc1)C(=O)N[C@@H](CC(C)C)C(=O)O,OIRCOABEOLEUMC-GEJPAHFPSA-N,O=C(CNC(=O)CNC(=O)C1CCCN1C(=O)CNC(=O)CNC(=O)CNC(=O)C(Cc1ccccc1)NC(=O)CNC(=O)CNC(=O)CNC(=O)CNC(=O)CNC(=O)CNC(=O)CNC(=O)C1CCCN1C(=O)CNC(=O)C1CCCN1C(=O)CCc1ccccc1)NCCc1ccccc1,1.0,1.0,0.0,2180.317,155.0,98.0,0.0,901.5700000000002,-8.116429999999925,28.0,29.0,66.0,6.0,0.5408163265306123,False,mw_above_1000;heavy_atoms_above_80,No-DILI-Concern,no,False,,,
LT01138,Bleomycin sulfate,3,Warnings & precautions,Ambiguous-DILI-concern,Unchanged,Bleomycin,Cc1c(N)nc([C@H](CC(N)=O)NC[C@H](N)C(N)=O)nc1C(=O)N[C@H](C(=O)N[C@H](C)[C@@H](O)[C@H](C)C(=O)N[C@H](C(=O)NCCc1nc(-c2nc(C(=O)NCCC[S+](C)C)cs2)cs1)[C@@H](C)O)[C@@H](O[C@@H]1O[C@@H](CO)[C@@H](O)[C@H](O)[C@@H]1O[C@H]1O[C@H](CO)[C@@H](O)[C@H](OC(N)=O)[C@@H]1O)c1c[nH]cn1,CHEMBL403664,9041-93-4,1415.58,,0.0,D,DILI (few cases),,"Hepatitis, Oxidative stress, Cholestasis/Biliary, Sinusoidal, Steatosis, Hypersensitivity",ambiguous,,bleomycin sulfate,DILImap_metadata,Cc1c(N)nc([C@H](CC(N)=O)NC[C@H](N)C(N)=O)nc1C(=O)N[C@H](C(=O)N[C@H](C)[C@@H](O)[C@H](C)C(=O)N[C@H](C(=O)NCCc1nc(-c2nc(C(=O)NCCC[S+](C)C)cs2)cs1)[C@@H](C)O)[C@@H](O[C@@H]1O[C@@H](CO)[C@@H](O)[C@H](O)[C@@H]1O[C@H]1O[C@H](CO)[C@@H](O)[C@H](OC(N)=O)[C@@H]1O)c1c[nH]cn1,,,True,Cc1c(N)nc([C@H](CC(N)=O)NC[C@H](N)C(N)=O)nc1C(=O)N[C@H](C(=O)N[C@H](C)[C@@H](O)[C@H](C)C(=O)N[C@H](C(=O)NCCc1nc(-c2nc(C(=O)NCCC[S+](C)C)cs2)cs1)[C@@H](C)O)[C@@H](O[C@@H]1O[C@@H](CO)[C@@H](O)[C@H](O)[C@@H]1O[C@H]1O[C@H](CO)[C@@H](O)[C@H](OC(N)=O)[C@@H]1O)c1c[nH]cn1,OYVAGSVQBOHSSS-UAPAGMARSA-O,O=C(CCCNC(=O)C(NC(=O)c1ccncn1)C(OC1OCCCC1OC1CCCCO1)c1c[nH]cn1)NCC(=O)NCCc1nc(-c2nccs2)cs1,1.0,1.0,1.0,1415.5760000000005,96.0,55.0,0.0,627.07,-7.703580000000035,20.0,31.0,35.0,6.0,0.6181818181818182,False,mw_above_1000;heavy_atoms_above_80,Ambiguous DILI-concern,ambiguous,False,,,
LT01202,Bortezomib,7,Warnings & precautions,vMost-DILI-concern,Unchanged,Bortezomib,CC(C)C[C@H](NC(=O)[C@H](Cc1ccccc1)NC(=O)c1cnccn1)B(O)O,CHEMBL325041,179324-69-7,384.25,,0.0,C,DILI (likely),DILI,"Hepatitis, Necrosis, CYP, Cholestasis/Biliary",most,1.0,bortezomib,DILImap_metadata,CC(C)C[C@H](NC(=O)[C@H](Cc1ccccc1)NC(=O)c1cnccn1)B(O)O,,,True,CC(C)C[C@H](NC(=O)[C@H](Cc1ccccc1)NC(=O)c1cnccn1)B(O)O,GXJABQQUPOEUTA-RDJZCZTQSA-N,O=C(NCCc1ccccc1)c1cnccn1,1.0,1.0,0.0,384.24500000000006,28.0,19.0,0.0,124.44000000000001,0.36059999999999964,4.0,6.0,9.0,2.0,0.3684210526315789,True,,Most-DILI-Concern,most,False,,,
LT01140,Bosentan,7,Box warning,vMost-DILI-concern,Unchanged,Bosentan,COc1ccccc1Oc1c(NS(=O)(=O)c2ccc(C(C)(C)C)cc2)nc(-c2ncccn2)nc1OCCO,CHEMBL957,157212-55-0,551.63,4.2,0.0,C,DILI (likely),DILI,"Hepatitis, CYP, Cholestasis/Biliary, Immune-mediated, Hypersensitivity",most,1.0,bosentan,DILImap_metadata,COc1ccccc1Oc1c(NS(=O)(=O)c2ccc(C(C)(C)C)cc2)nc(-c2ncccn2)nc1OCCO,,,True,COc1ccccc1Oc1c(NS(=O)(=O)c2ccc(C(C)(C)C)cc2)nc(-c2ncccn2)nc1OCCO,GJPICJJJRGTNOD-UHFFFAOYSA-N,O=S(=O)(Nc1nc(-c2ncccn2)ncc1Oc1ccccc1)c1ccccc1,1.0,1.0,0.0,551.6250000000002,39.0,27.0,0.0,145.65,4.203900000000004,2.0,10.0,10.0,4.0,0.25925925925925924,True,,Most-DILI-Concern,most,False,,,
LT02349,Bosutinib monohydrate,4,Warnings & precautions,vMost-DILI-concern,New,,,,,,,,,,,,most,1.0,bosutinib monohydrate,,CN1CCN(CC1)CCCOC2=C(C=C3C(=C2)N=CC(=C3NC4=CC(=C(C=C4Cl)Cl)OC)C#N)OC.O,11990828.0,BXPOSPOKHGNMEP-UHFFFAOYSA-N,True,COc1cc(Nc2c(C#N)cnc3cc(OCCCN4CCN(C)CC4)c(OC)cc23)c(Cl)cc1Cl,UBPYILGKFZZVDX-UHFFFAOYSA-N,c1ccc(Nc2ccnc3cc(OCCCN4CCNCC4)ccc23)cc1,2.0,0.972972972972973,0.0,530.4560000000001,36.0,26.0,0.0,82.88000000000001,5.190380000000005,1.0,8.0,9.0,4.0,0.38461538461538464,True,,,other,False,,,PubChem_name_property
LT01305,Botulinum toxin type a,0,No match,vNo-DILI-concern,Unchanged,Botulinum toxin type a,,CHEMBL4297862,,,,0.0,,No DILI,No DILI,,no,0.0,botulinum toxin type a,,,,,False,,,,,,,,,,,,,,,,,,False,missing_structure,No-DILI-Concern,no,False,,,
LT01356,Botulinum toxin type b,0,No match,vNo-DILI-concern,Unchanged,Botulinum toxin type b,,CHEMBL1201569,,,,0.0,,No DILI,No DILI,,no,0.0,botulinum toxin type b,,,,,False,,,,,,,,,,,,,,,,,,False,missing_structure,No-DILI-Concern,no,False,,,
LT03638,Bremelanotide acetate,4,Adverse reactions,Ambiguous-DILI-concern,New,,,,,,,,,,,,ambiguous,,bremelanotide acetate,,CCCC[C@@H](C(=O)N[C@H]1CC(=O)NCCCC[C@H](NC(=O)[C@@H](NC(=O)[C@@H](NC(=O)[C@H](NC(=O)[C@@H](NC1=O)CC2=CN=CN2)CC3=CC=CC=C3)CCCN=C(N)N)CC4=CNC5=CC=CC=C54)C(=O)O)NC(=O)C.CC(=O)O,91971505.0,MAYUSRUHXFWITM-GBRHMYBBSA-N,True,CCCC[C@H](NC(C)=O)C(=O)N[C@H]1CC(=O)NCCCC[C@@H](C(=O)O)NC(=O)[C@H](Cc2c[nH]c3ccccc23)NC(=O)[C@H](CCCN=C(N)N)NC(=O)[C@@H](Cc2ccccc2)NC(=O)[C@H](Cc2cnc[nH]2)NC1=O,FFHBJDQSGDNCIV-MFVUMRCOSA-N,O=C1CCC(=O)NC(Cc2cnc[nH]2)C(=O)NC(Cc2ccccc2)C(=O)NCC(=O)NC(Cc2c[nH]c3ccccc23)C(=O)NCCCCCN1,2.0,0.9487179487179487,0.0,1025.181999999999,74.0,50.0,0.0,378.9699999999999,-0.6490000000000122,13.0,11.0,17.0,5.0,0.46,False,mw_above_1000,,other,False,,,PubChem_name_property
LT03639,Brexanolone,0,No match,vNo-DILI-concern,New,,,,,,,,,,,,no,0.0,brexanolone,,CC(=O)[C@H]1CC[C@@H]2[C@@]1(CC[C@H]3[C@H]2CC[C@@H]4[C@@]3(CC[C@H](C4)O)C)C,92786.0,AURFZBICLPNKBZ-SYBPFIFISA-N,True,CC(=O)[C@H]1CC[C@H]2[C@@H]3CC[C@H]4C[C@H](O)CC[C@]4(C)[C@H]3CC[C@]12C,AURFZBICLPNKBZ-SYBPFIFISA-N,C1CCC2C(C1)CCC1C3CCCC3CCC21,1.0,1.0,0.0,318.50100000000003,23.0,21.0,0.0,37.3,4.595200000000005,1.0,2.0,1.0,4.0,0.9523809523809523,True,,,other,False,,,PubChem_name_property
LT03640,Brexpiprazole,0,No match,vNo-DILI-concern,New,,,,,,,,,,,,no,0.0,brexpiprazole,,C1CN(CCN1CCCCOC2=CC3=C(C=C2)C=CC(=O)N3)C4=C5C=CSC5=CC=C4,11978813.0,ZKIAIYBUSXZPLP-UHFFFAOYSA-N,True,O=c1ccc2ccc(OCCCCN3CCN(c4cccc5sccc45)CC3)cc2[nH]1,ZKIAIYBUSXZPLP-UHFFFAOYSA-N,O=c1ccc2ccc(OCCCCN3CCN(c4cccc5sccc45)CC3)cc2[nH]1,1.0,1.0,0.0,433.5770000000001,31.0,25.0,0.0,48.57,4.724000000000003,1.0,5.0,7.0,5.0,0.32,True,,,other,False,,,PubChem_name_property
LT03641,Brigatinib,3,Adverse reactions,Ambiguous-DILI-concern,New,,,,,,,,,,,,ambiguous,,brigatinib,,CN1CCN(CC1)C2CCN(CC2)C3=CC(=C(C=C3)NC4=NC=C(C(=N4)NC5=CC=CC=C5P(=O)(C)C)Cl)OC,68165256.0,AILRADAXUVEEIR-UHFFFAOYSA-N,True,COc1cc(N2CCC(N3CCN(C)CC3)CC2)ccc1Nc1ncc(Cl)c(Nc2ccccc2P(C)(C)=O)n1,AILRADAXUVEEIR-UHFFFAOYSA-N,c1ccc(Nc2ccnc(Nc3ccc(N4CCC(N5CCNCC5)CC4)cc3)n2)cc1,1.0,1.0,0.0,584.1050000000001,40.0,29.0,0.0,85.86,5.090000000000004,2.0,9.0,8.0,5.0,0.4482758620689655,True,,,other,False,,,PubChem_name_property
LT03868,Brilliant blue g,0,No match,vNo-DILI-concern,New,,,,,,,,,,,,no,0.0,brilliant blue g,,CCN(CC1=CC(=CC=C1)S(=O)(=O)[O-])C2=CC(=C(C=C2)C(=C3C=CC(=[N+](CC)CC4=CC(=CC=C4)S(=O)(=O)[O-])C=C3C)C5=CC=C(C=C5)NC6=CC=C(C=C6)OCC)C.[Na+],61363.0,RWVGQQGBQSJDQV-UHFFFAOYSA-M,True,CCOc1ccc(Nc2ccc(C(=C3C=CC(=[N+](CC)Cc4cccc(S(=O)(=O)[O-])c4)C=C3C)c3ccc(N(CC)Cc4cccc(S(=O)(=O)O)c4)cc3C)cc2)cc1,YVNQAIFQFWTPLQ-UHFFFAOYSA-N,C1=CC(=C(c2ccc(NCc3ccccc3)cc2)c2ccc(Nc3ccccc3)cc2)C=CC1=[NH+]Cc1ccccc1,2.0,0.9833333333333333,0.0,832.057,59.0,47.0,0.0,139.07999999999998,9.306220000000001,2.0,8.0,15.0,6.0,0.2127659574468085,True,,,other,False,,,PubChem_name_property
LT03643,Brivaracetam,0,No match,vNo-DILI-concern,New,,,,,,,,,,,,no,0.0,brivaracetam,,CCC[C@@H]1CC(=O)N(C1)[C@@H](CC)C(=O)N,9837243.0,MSYKRHVOOPPJKU-BDAKNGLRSA-N,True,CCC[C@@H]1CC(=O)N([C@@H](CC)C(N)=O)C1,MSYKRHVOOPPJKU-BDAKNGLRSA-N,O=C1CCCN1,1.0,1.0,0.0,212.29299999999998,15.0,11.0,0.0,63.400000000000006,0.8989,1.0,2.0,5.0,1.0,0.8181818181818182,True,,,other,False,,,PubChem_name_property
LT00519,Bromfenac sodium,8,Withdrawn,vMost-DILI-concern,Unchanged,Bromfenac,Nc1c(CC(=O)O)cccc1C(=O)c1ccc(Br)cc1,CHEMBL1077,91714-93-1,334.17,2.89,0.0,,DILI (withdrawn),DILI,Necrosis (manual annotation),most,1.0,bromfenac sodium,DILImap_metadata,Nc1c(CC(=O)O)cccc1C(=O)c1ccc(Br)cc1,,,True,Nc1c(CC(=O)O)cccc1C(=O)c1ccc(Br)cc1,ZBPLOVFIXSTCRZ-UHFFFAOYSA-N,O=C(c1ccccc1)c1ccccc1,1.0,1.0,0.0,334.169,20.0,15.0,0.0,80.39000000000001,2.889400000000001,2.0,3.0,4.0,2.0,0.06666666666666667,True,,Most-DILI-Concern,most,False,,,
LT00279,Bromocriptine mesylate,3,Warnings & precautions,vLess-DILI-concern,Unchanged,Bromocriptine,CC(C)C[C@H]1C(=O)N2CCC[C@H]2[C@]2(O)O[C@](NC(=O)[C@@H]3C=C4c5cccc6[nH]c(Br)c(c56)C[C@H]4N(C)C3)(C(C)C)C(=O)N12,CHEMBL493,22260-51-1,654.61,3.19,0.0,D,DILI (few cases),,,less,,bromocriptine mesylate,DILImap_metadata,CC(C)C[C@H]1C(=O)N2CCC[C@H]2[C@]2(O)O[C@](NC(=O)[C@@H]3C=C4c5cccc6[nH]c(Br)c(c56)C[C@H]4N(C)C3)(C(C)C)C(=O)N12,,,True,CC(C)C[C@H]1C(=O)N2CCC[C@H]2[C@]2(O)O[C@](NC(=O)[C@@H]3C=C4c5cccc6[nH]c(Br)c(c56)C[C@H]4N(C)C3)(C(C)C)C(=O)N12,OZVBMTJYIDMWIL-AYFBDAFISA-N,O=C(NC1OC2C3CCCN3C(=O)CN2C1=O)C1C=C2c3cccc4[nH]cc(c34)CC2NC1,1.0,1.0,0.0,654.6059999999999,43.0,32.0,0.0,118.21,3.192800000000001,3.0,6.0,5.0,7.0,0.59375,True,,Less-DILI-Concern,less,False,,,
LT02076,Brompheniramine maleate,0,No match,vNo-DILI-concern,Unchanged,Brompheniramine,CN(C)CCC(c1ccc(Br)cc1)c1ccccn1,CHEMBL811,980-71-2,319.25,3.93,0.0,E,No DILI,No DILI,,no,0.0,brompheniramine maleate,DILImap_metadata,CN(C)CCC(c1ccc(Br)cc1)c1ccccn1,,,True,CN(C)CCC(c1ccc(Br)cc1)c1ccccn1,ZDIGNSYAACHWNL-UHFFFAOYSA-N,c1ccc(Cc2ccccn2)cc1,1.0,1.0,0.0,319.246,19.0,16.0,0.0,16.130000000000003,3.9277000000000024,0.0,2.0,5.0,2.0,0.3125,True,,No-DILI-Concern,no,False,,,
LT01144,Budesonide,0,No match,vNo-DILI-concern,Unchanged,Budesonide,CCCC1O[C@@H]2C[C@H]3[C@@H]4CCC5=CC(=O)C=C[C@]5(C)[C@H]4[C@@H](O)C[C@]3(C)[C@]2(C(=O)CO)O1,CHEMBL1370,51333-22-3,430.54,2.72,0.0,E,No DILI,No DILI,,no,0.0,budesonide,DILImap_metadata,CCCC1O[C@@H]2C[C@H]3[C@@H]4CCC5=CC(=O)C=C[C@]5(C)[C@H]4[C@@H](O)C[C@]3(C)[C@]2(C(=O)CO)O1,,,True,CCCC1O[C@@H]2C[C@H]3[C@@H]4CCC5=CC(=O)C=C[C@]5(C)[C@H]4[C@@H](O)C[C@]3(C)[C@]2(C(=O)CO)O1,VOVIALXJUBGFJZ-KWVAZRHASA-N,O=C1C=CC2C(=C1)CCC1C2CCC2C1CC1OCOC12,1.0,1.0,0.0,430.5410000000002,31.0,25.0,0.0,93.06,2.7168000000000014,2.0,6.0,4.0,5.0,0.76,True,,No-DILI-Concern,no,False,0.0039284999999999,,
LT01145,Bumetanide,3,Warnings & precautions,Ambiguous-DILI-concern,Unchanged,Bumetanide,CCCCNc1cc(C(=O)O)cc(S(N)(=O)=O)c1Oc1ccccc1,CHEMBL1072,28395-03-1,364.42,3.04,0.0,E,No DILI,No DILI,,ambiguous,,bumetanide,DILImap_metadata,CCCCNc1cc(C(=O)O)cc(S(N)(=O)=O)c1Oc1ccccc1,,,True,CCCCNc1cc(C(=O)O)cc(S(N)(=O)=O)c1Oc1ccccc1,MAEIEVLCKWDQJH-UHFFFAOYSA-N,c1ccc(Oc2ccccc2)cc1,1.0,1.0,0.0,364.42300000000006,25.0,17.0,0.0,118.71999999999998,3.036500000000001,3.0,5.0,8.0,2.0,0.23529411764705882,True,,Ambiguous DILI-concern,ambiguous,False,,,
LT00058,Bupropion hydrochloride,5,Adverse reactions,vLess-DILI-concern,Unchanged,Bupropion,CC(NC(C)(C)C)C(=O)c1cccc(Cl)c1,CHEMBL894,,239.75,3.3,0.0,C,DILI (few cases),,"CYP, Cholestasis/Biliary, Immune-mediated, Hypersensitivity",less,,bupropion hydrochloride,DILImap_metadata,CC(NC(C)(C)C)C(=O)c1cccc(Cl)c1,,,True,CC(NC(C)(C)C)C(=O)c1cccc(Cl)c1,SNPPWIUOZRMYNY-UHFFFAOYSA-N,c1ccccc1,1.0,1.0,0.0,239.746,16.0,13.0,0.0,29.1,3.2993000000000023,1.0,2.0,3.0,1.0,0.46153846153846156,True,,Less-DILI-Concern,less,False,,,
LT01148,Buspirone hydrochloride,3,Adverse reactions,Ambiguous-DILI-concern,Unchanged,Buspirone,O=C1CC2(CCCC2)CC(=O)N1CCCCN1CCN(c2ncccn2)CC1,CHEMBL49,33386-08-2,385.51,2.09,0.0,E,No DILI,No DILI,,ambiguous,,buspirone hydrochloride,DILImap_metadata,O=C1CC2(CCCC2)CC(=O)N1CCCCN1CCN(c2ncccn2)CC1,,,True,O=C1CC2(CCCC2)CC(=O)N1CCCCN1CCN(c2ncccn2)CC1,QWCRAEMEVRGPNT-UHFFFAOYSA-N,O=C1CC2(CCCC2)CC(=O)N1CCCCN1CCN(c2ncccn2)CC1,1.0,1.0,0.0,385.5120000000001,28.0,21.0,0.0,69.64000000000001,2.0881999999999996,0.0,6.0,6.0,4.0,0.7142857142857143,True,,Ambiguous DILI-concern,ambiguous,False,,,
LT00280,Busulfan,8,Warnings & precautions,vMost-DILI-concern,Unchanged,Busulfan,CS(=O)(=O)OCCCCOS(C)(=O)=O,CHEMBL820,55-98-1,246.31,-0.28,0.0,A,DILI (known),DILI,"Hepatitis, Necrosis, Cholestasis/Biliary, Sinusoidal, Fibrosis, Hypersensitivity",most,1.0,busulfan,DILImap_metadata,CS(=O)(=O)OCCCCOS(C)(=O)=O,,,True,CS(=O)(=O)OCCCCOS(C)(=O)=O,COVZYZSDYWQREU-UHFFFAOYSA-N,,1.0,1.0,0.0,246.30599999999998,14.0,6.0,0.0,86.74000000000001,-0.2809999999999997,0.0,6.0,7.0,0.0,1.0,True,,Most-DILI-Concern,most,False,3.65393203686411,,
LT00707,Butabarbital sodium,3,Adverse reactions,Ambiguous-DILI-concern,Unchanged,Butabarbital,CCC(C)C1(CC)C(=O)NC(=O)NC1=O,CHEMBL449,,212.25,0.79,0.0,E,No DILI,No DILI,,ambiguous,,butabarbital sodium,DILImap_metadata,CCC(C)C1(CC)C(=O)NC(=O)NC1=O,,,True,CCC(C)C1(CC)C(=O)NC(=O)NC1=O,ZRIHAIZYIMGOAB-UHFFFAOYSA-N,O=C1CC(=O)NC(=O)N1,1.0,1.0,0.0,212.249,15.0,10.0,0.0,75.27000000000001,0.7948999999999999,2.0,3.0,3.0,1.0,0.7,True,,Ambiguous DILI-concern,ambiguous,False,,,
LT01151,Butorphanol tartrate,0,No match,vNo-DILI-concern,Unchanged,Butorphanol,Oc1ccc2c(c1)[C@@]13CCCC[C@@]1(O)[C@@H](C2)N(CC1CCC1)CC3,CHEMBL33986,,327.47,3.37,0.0,E,No DILI,No DILI,,no,0.0,butorphanol tartrate,DILImap_metadata,Oc1ccc2c(c1)[C@@]13CCCC[C@@]1(O)[C@@H](C2)N(CC1CCC1)CC3,,,True,Oc1ccc2c(c1)[C@@]13CCCC[C@@]1(O)[C@@H](C2)N(CC1CCC1)CC3,IFKLAQQSCNILHL-QHAWAJNXSA-N,c1ccc2c(c1)CC1C3CCCCC23CCN1CC1CCC1,1.0,1.0,0.0,327.46800000000013,24.0,21.0,0.0,43.7,3.3656000000000015,2.0,3.0,2.0,5.0,0.7142857142857143,True,,No-DILI-Concern,no,False,,,
LT02900,Cabazitaxel,4,Adverse reactions,Ambiguous-DILI-concern,New,,,,,,,,,,,,ambiguous,,cabazitaxel,,CO[C@H]1C(=O)[C@]2(C)[C@@H](OC)C[C@H]3OC[C@@]3(OC(C)=O)[C@H]2[C@H](OC(=O)c2ccccc2)[C@]2(O)C[C@H](OC(=O)[C@H](O)[C@@H](NC(=O)OC(C)(C)C)c3ccccc3)C(C)=C1C2(C)C,,,True,CO[C@H]1C(=O)[C@]2(C)[C@@H](OC)C[C@H]3OC[C@@]3(OC(C)=O)[C@H]2[C@H](OC(=O)c2ccccc2)[C@]2(O)C[C@H](OC(=O)[C@H](O)[C@@H](NC(=O)OC(C)(C)C)c3ccccc3)C(C)=C1C2(C)C,BMQGVNUXMIRLCK-OAGWZNDDSA-N,O=C(CCc1ccccc1)OC1C=C2CC(=O)C3CCC4OCC4C3C(OC(=O)c3ccccc3)C(C2)C1,1.0,1.0,0.0,835.944,60.0,45.0,0.0,202.45,4.5678000000000045,3.0,14.0,10.0,6.0,0.5777777777777777,True,,,other,False,,DILImap_metadata_offline,
LT01152,Cabergoline,0,No match,vNo-DILI-concern,Unchanged,Cabergoline,C=CCN1C[C@H](C(=O)N(CCCN(C)C)C(=O)NCC)C[C@@H]2c3cccc4[nH]cc(c34)C[C@H]21,CHEMBL1201087,81409-90-7,451.62,3.19,0.0,,No DILI,No DILI,,no,0.0,cabergoline,DILImap_metadata,C=CCN1C[C@H](C(=O)N(CCCN(C)C)C(=O)NCC)C[C@@H]2c3cccc4[nH]cc(c34)C[C@H]21,,,True,C=CCN1C[C@H](C(=O)N(CCCN(C)C)C(=O)NCC)C[C@@H]2c3cccc4[nH]cc(c34)C[C@H]21,KORNTPPJEAJQIU-KJXAQDMKSA-N,c1cc2c3c(c[nH]c3c1)CC1NCCCC21,1.0,1.0,0.0,451.61500000000024,33.0,26.0,0.0,71.68,3.193900000000001,2.0,4.0,8.0,4.0,0.5384615384615384,True,,No-DILI-Concern,no,False,8.85700367565652e-05,,
LT03644,Cabotegravir sodium,3,Warnings & precautions,Ambiguous-DILI-concern,New,,,,,,,,,,,,ambiguous,,cabotegravir sodium,,C[C@H]1CO[C@H]2N1C(=O)C3=C(C(=O)C(=CN3C2)C(=O)NCC4=C(C=C(C=C4)F)F)[O-].[Na+],46215800.0,AEZBWGMXBKPGFP-KIUAEZIZSA-M,True,C[C@H]1CO[C@@H]2Cn3cc(C(=O)NCc4ccc(F)cc4F)c(=O)c(O)c3C(=O)N12,WCWSTNLSLKSJPK-LKFCYVNXSA-N,O=C(NCc1ccccc1)c1cn2c(cc1=O)C(=O)N1CCOC1C2,2.0,0.9666666666666667,0.0,405.357,29.0,19.0,0.0,100.87,0.9626999999999997,2.0,5.0,3.0,4.0,0.3157894736842105,True,,,other,False,,,PubChem_name_property
LT02429,Cabozantinib s-malate,4,Adverse reactions,Ambiguous-DILI-concern,New,,,,,,,,,,,,ambiguous,,cabozantinib s malate,,COC1=CC2=C(C=CN=C2C=C1OC)OC3=CC=C(C=C3)NC(=O)C4(CC4)C(=O)NC5=CC=C(C=C5)F.C([C@@H](C(=O)O)O)C(=O)O,25102846.0,HFCFMRYTXDINDK-WNQIDUERSA-N,True,COc1cc2nccc(Oc3ccc(NC(=O)C4(C(=O)Nc5ccc(F)cc5)CC4)cc3)c2cc1OC,ONIQOQHATWINJY-UHFFFAOYSA-N,O=C(Nc1ccccc1)C1(C(=O)Nc2ccc(Oc3ccnc4ccccc34)cc2)CC1,2.0,0.8043478260869565,0.0,501.51400000000024,37.0,28.0,0.0,98.78,5.5408000000000035,2.0,6.0,8.0,5.0,0.17857142857142858,True,,,other,False,,,PubChem_name_property
LT01888,Caffeine citrate,0,No match,vNo-DILI-concern,Unchanged,Caffeine,Cn1c(=O)c2c(ncn2C)n(C)c1=O,CHEMBL113,,194.19,-1.03,0.0,,No DILI,No DILI,,no,0.0,caffeine citrate,DILImap_metadata,Cn1c(=O)c2c(ncn2C)n(C)c1=O,,,True,Cn1c(=O)c2c(ncn2C)n(C)c1=O,RYYVLZVUVIJVGH-UHFFFAOYSA-N,O=c1[nH]c(=O)c2[nH]cnc2[nH]1,1.0,1.0,0.0,194.194,14.0,8.0,0.0,61.82,-1.0293,0.0,3.0,0.0,2.0,0.375,True,,No-DILI-Concern,no,False,,,
LT00878,Calcitonin salmon,0,No match,vNo-DILI-concern,Unchanged,Calcitonin salmon,CC(C)C[C@H](NC(=O)[C@H](CCCCN)NC(=O)CNC(=O)[C@H](CC(C)C)NC(=O)[C@@H](NC(=O)[C@@H]1CSSC[C@H](N)C(=O)N[C@@H](CO)C(=O)N[C@@H](CC(N)=O)C(=O)N[C@@H](CC(C)C)C(=O)N[C@@H](CO)C(=O)N[C@@H]([C@@H](C)O)C(=O)N1)C(C)C)C(=O)N[C@@H](CO)C(=O)N[C@@H](CCC(N)=O)C(=O)N[C@@H](CCC(=O)O)C(=O)N[C@@H](CC(C)C)C(=O)N[C@@H](Cc1c[nH]cn1)C(=O)N[C@@H](CCCCN)C(=O)N[C@@H](CC(C)C)C(=O)N[C@@H](CCC(N)=O)C(=O)N[C@H](C(=O)N[C@@H](Cc1ccc(O)cc1)C(=O)N1CCC[C@H]1C(=O)N[C@@H](CCCNC(=N)N)C(=O)N[C@H](C(=O)N[C@@H](CC(N)=O)C(=O)N[C@H](C(=O)NCC(=O)N[C@@H](CO)C(=O)NCC(=O)N[C@H](C(=O)N1CCC[C@H]1C(N)=O)[C@@H](C)O)[C@@H](C)O)[C@@H](C)O)[C@@H](C)O,CHEMBL3989767,,3431.91,,0.0,,No DILI,No DILI,,no,0.0,calcitonin salmon,DILImap_metadata,CC(C)C[C@H](NC(=O)[C@H](CCCCN)NC(=O)CNC(=O)[C@H](CC(C)C)NC(=O)[C@@H](NC(=O)[C@@H]1CSSC[C@H](N)C(=O)N[C@@H](CO)C(=O)N[C@@H](CC(N)=O)C(=O)N[C@@H](CC(C)C)C(=O)N[C@@H](CO)C(=O)N[C@@H]([C@@H](C)O)C(=O)N1)C(C)C)C(=O)N[C@@H](CO)C(=O)N[C@@H](CCC(N)=O)C(=O)N[C@@H](CCC(=O)O)C(=O)N[C@@H](CC(C)C)C(=O)N[C@@H](Cc1c[nH]cn1)C(=O)N[C@@H](CCCCN)C(=O)N[C@@H](CC(C)C)C(=O)N[C@@H](CCC(N)=O)C(=O)N[C@H](C(=O)N[C@@H](Cc1ccc(O)cc1)C(=O)N1CCC[C@H]1C(=O)N[C@@H](CCCNC(=N)N)C(=O)N[C@H](C(=O)N[C@@H](CC(N)=O)C(=O)N[C@H](C(=O)NCC(=O)N[C@@H](CO)C(=O)NCC(=O)N[C@H](C(=O)N1CCC[C@H]1C(N)=O)[C@@H](C)O)[C@@H](C)O)[C@@H](C)O)[C@@H](C)O,,,True,CC(C)C[C@H](NC(=O)[C@H](CCCCN)NC(=O)CNC(=O)[C@H](CC(C)C)NC(=O)[C@@H](NC(=O)[C@@H]1CSSC[C@H](N)C(=O)N[C@@H](CO)C(=O)N[C@@H](CC(N)=O)C(=O)N[C@@H](CC(C)C)C(=O)N[C@@H](CO)C(=O)N[C@@H]([C@@H](C)O)C(=O)N1)C(C)C)C(=O)N[C@@H](CO)C(=O)N[C@@H](CCC(N)=O)C(=O)N[C@@H](CCC(=O)O)C(=O)N[C@@H](CC(C)C)C(=O)N[C@@H](Cc1c[nH]cn1)C(=O)N[C@@H](CCCCN)C(=O)N[C@@H](CC(C)C)C(=O)N[C@@H](CCC(N)=O)C(=O)N[C@H](C(=O)N[C@@H](Cc1ccc(O)cc1)C(=O)N1CCC[C@H]1C(=O)N[C@@H](CCCNC(=N)N)C(=O)N[C@H](C(=O)N[C@@H](CC(N)=O)C(=O)N[C@H](C(=O)NCC(=O)N[C@@H](CO)C(=O)NCC(=O)N[C@H](C(=O)N1CCC[C@H]1C(N)=O)[C@@H](C)O)[C@@H](C)O)[C@@H](C)O)[C@@H](C)O,BBBFJLBPOGFECG-VJVYQDLKSA-N,O=C1CCSSCC(C(=O)NCC(=O)NCC(=O)NCC(=O)NCC(=O)NCC(=O)NCC(=O)NCC(=O)NCC(=O)NCC(=O)NC(Cc2c[nH]cn2)C(=O)NCC(=O)NCC(=O)NCC(=O)NCC(=O)NC(Cc2ccccc2)C(=O)N2CCCC2C(=O)NCC(=O)NCC(=O)NCC(=O)NCC(=O)NCC(=O)NCC(=O)NCC(=O)NCC(=O)N2CCCC2)NC(=O)CNC(=O)CNC(=O)CNC(=O)CNC(=O)CN1,1.0,1.0,0.0,3431.908999999989,239.0,145.0,0.0,1508.2099999999994,-21.52893000000023,52.0,54.0,98.0,5.0,0.6758620689655173,False,mw_above_1000;heavy_atoms_above_80;structure_too_large,No-DILI-Concern,no,False,,,
LT00899,Calcitriol,0,No match,vNo-DILI-concern,Unchanged,Calcitriol,C=C1/C(=C\C=C2/CCC[C@]3(C)[C@@H]([C@H](C)CCCC(C)(C)O)CC[C@@H]23)C[C@@H](O)C[C@@H]1O,CHEMBL846,32222-06-3,416.65,5.7,0.0,E,No DILI,No DILI,,no,0.0,calcitriol,DILImap_metadata,C=C1/C(=C\C=C2/CCC[C@]3(C)[C@@H]([C@H](C)CCCC(C)(C)O)CC[C@@H]23)C[C@@H](O)C[C@@H]1O,,,True,C=C1/C(=C\C=C2/CCC[C@]3(C)[C@@H]([C@H](C)CCCC(C)(C)O)CC[C@@H]23)C[C@@H](O)C[C@@H]1O,GMRQFYUYWCNGIN-NKMMMXOESA-N,C=C1CCCCC1=CC=C1CCCC2CCCC12,1.0,1.0,0.0,416.6460000000002,30.0,27.0,0.0,60.69,5.704700000000008,3.0,3.0,6.0,3.0,0.7777777777777778,True,,No-DILI-Concern,no,False,,,
LT00947,Calcium acetate,0,No match,vNo-DILI-concern,Unchanged,Calcium acetate,CC(=O)[O-].CC(=O)[O-].[Ca+2],CHEMBL1200800,,158.17,,0.0,,No DILI,No DILI,,no,0.0,calcium acetate,DILImap_metadata,CC(=O)[O-].CC(=O)[O-].[Ca+2],,,True,CC(=O)O,QTBSBXVTEAMEQO-UHFFFAOYSA-N,,3.0,0.4444444444444444,0.0,60.05200000000001,4.0,2.0,0.0,37.3,0.09089999999999993,1.0,1.0,0.0,0.0,0.5,True,,No-DILI-Concern,no,False,,,
LT02899,Canagliflozin,0,No match,vLess-DILI-concern,New,,,,,,,,,,,,less,,canagliflozin,,CC1=C(C=C(C=C1)[C@H]2[C@@H]([C@H]([C@@H]([C@H](O2)CO)O)O)O)CC3=CC=C(S3)C4=CC=C(C=C4)F,24812758.0,XTNGUQKDFGDXSJ-ZXGKGEBGSA-N,True,Cc1ccc([C@@H]2O[C@H](CO)[C@@H](O)[C@H](O)[C@H]2O)cc1Cc1ccc(-c2ccc(F)cc2)s1,XTNGUQKDFGDXSJ-ZXGKGEBGSA-N,c1ccc(-c2ccc(Cc3cccc(C4CCCCO4)c3)s2)cc1,1.0,1.0,0.0,444.52400000000017,31.0,24.0,0.0,90.15,2.968320000000003,4.0,6.0,5.0,4.0,0.3333333333333333,True,,,other,False,,,PubChem_name_property
LT02432,Canakinumab,3,Adverse reactions,vLess-DILI-concern,Unchanged,Canakinumab,,CHEMBL1201834,,,,0.0,E*,No DILI (unlikely),,,less,,canakinumab,,,,,False,,,,,,,,,,,,,,,,,,False,missing_structure,Less-DILI-Concern,less,False,,,
LT01022,Candesartan cilexetil,3,Adverse reactions,vLess-DILI-concern,Unchanged,Candesartan,CCOc1nc2cccc(C(=O)OC(C)OC(=O)OC3CCCCC3)c2n1Cc1ccc(-c2ccccc2-c2nn[nH]n2)cc1,CHEMBL1014,139481-59-7,610.67,6.32,1.0,C,DILI (few cases),,"Hepatitis, CYP, Cholestasis/Biliary, Immune-mediated, Hypersensitivity, idiosyncratic",less,,candesartan cilexetil,DILImap_metadata,CCOc1nc2cccc(C(=O)OC(C)OC(=O)OC3CCCCC3)c2n1Cc1ccc(-c2ccccc2-c2nn[nH]n2)cc1,,,True,CCOc1nc2cccc(C(=O)OC(C)OC(=O)OC3CCCCC3)c2n1Cc1ccc(-c2ccccc2-c2nn[nH]n2)cc1,GHOSNRCGJFBJIB-UHFFFAOYSA-N,O=C(OCOC(=O)c1cccc2ncn(Cc3ccc(-c4ccccc4-c4nn[nH]n4)cc3)c12)OC1CCCCC1,1.0,1.0,0.0,610.6710000000002,45.0,33.0,0.0,143.33999999999997,6.319100000000007,1.0,10.0,10.0,6.0,0.3333333333333333,True,,Less-DILI-Concern,less,False,,,
LT02516,Cangrelor,0,No match,vNo-DILI-concern,New,,,,,,,,,,,,no,0.0,cangrelor,,CSCCNC1=C2C(=NC(=N1)SCCC(F)(F)F)N(C=N2)[C@H]3[C@@H]([C@@H]([C@H](O3)COP(=O)(O)OP(=O)(C(P(=O)(O)O)(Cl)Cl)O)O)O,9854012.0,PAEBIVWUMLRPSK-IDTAVKCVSA-N,True,CSCCNc1nc(SCCC(F)(F)F)nc2c1ncn2[C@@H]1O[C@H](COP(=O)(O)OP(=O)(O)C(Cl)(Cl)P(=O)(O)O)[C@@H](O)[C@H]1O,PAEBIVWUMLRPSK-IDTAVKCVSA-N,c1ncc2ncn(C3CCCO3)c2n1,1.0,1.0,0.0,776.3660000000004,44.0,17.0,0.0,255.90999999999994,2.8505000000000034,7.0,14.0,15.0,3.0,0.7058823529411765,True,,,other,False,,,PubChem_name_property
LT03645,Cannabidiol,3,Warnings & precautions,Ambiguous-DILI-concern,New,,,,,,,,,,,,ambiguous,,cannabidiol,,CCCCCC1=CC(=C(C(=C1)O)[C@@H]2C=C(CC[C@H]2C(=C)C)C)O,644019.0,QHMBSVQNZZTUGM-ZWKOTPCHSA-N,True,C=C(C)[C@@H]1CCC(C)=C[C@H]1c1c(O)cc(CCCCC)cc1O,QHMBSVQNZZTUGM-ZWKOTPCHSA-N,C1=CC(c2ccccc2)CCC1,1.0,1.0,0.0,314.46900000000005,23.0,21.0,0.0,40.46,5.846500000000007,2.0,2.0,6.0,2.0,0.5238095238095238,True,,,other,False,,,PubChem_name_property
LT02018,Capecitabine,2,Warnings & precautions,vLess-DILI-concern,Revised,Capecitabine,CCCCCOC(=O)Nc1nc(=O)n([C@@H]2O[C@H](C)[C@@H](O)[C@H]2O)cc1F,CHEMBL1773,154361-50-9,359.35,0.76,1.0,E*,No DILI,No DILI,,less,,capecitabine,DILImap_metadata,CCCCCOC(=O)Nc1nc(=O)n([C@@H]2O[C@H](C)[C@@H](O)[C@H]2O)cc1F,,,True,CCCCCOC(=O)Nc1nc(=O)n([C@@H]2O[C@H](C)[C@@H](O)[C@H]2O)cc1F,GAGWJHPBXLXJQN-UORFTKCHSA-N,O=c1ncccn1C1CCCO1,1.0,1.0,0.0,359.35400000000004,25.0,15.0,0.0,122.91000000000001,0.7601999999999995,3.0,7.0,6.0,2.0,0.6666666666666666,True,,Ambiguous DILI-concern,ambiguous,False,,,
LT03646,Capmatinib hydrochloride,3,Warnings & precautions,vLess-DILI-concern,New,,,,,,,,,,,,less,,capmatinib hydrochloride,,CNC(=O)C1=C(C=C(C=C1)C2=NN3C(=CN=C3N=C2)CC4=CC5=C(C=C4)N=CC=C5)F.O.Cl.Cl,122201352.0,COWBUPJEEDYWKD-UHFFFAOYSA-N,True,CNC(=O)c1ccc(-c2cnc3ncc(Cc4ccc5ncccc5c4)n3n2)cc1F,LIOLIMKSCNQPLV-UHFFFAOYSA-N,c1ccc(-c2cnc3ncc(Cc4ccc5ncccc5c4)n3n2)cc1,4.0,0.9117647058823529,0.0,412.4280000000001,31.0,23.0,0.0,85.07000000000001,3.429000000000002,1.0,5.0,4.0,5.0,0.08695652173913043,True,,,other,False,,,PubChem_name_property
LT01889,Capreomycin sulfate,3,Adverse reactions,Ambiguous-DILI-concern,Unchanged,Capreomycin,C[C@@H]1NC(=O)[C@@H](N)CNC(=O)[C@H](C2CCNC(=N)N2)NC(=O)/C(=C/NC(N)=O)NC(=O)[C@H](CNC(=O)CC(N)CCCN)NC1=O.N=C1NCCC([C@@H]2NC(=O)/C(=C/NC(N)=O)NC(=O)[C@H](CNC(=O)CC(N)CCCN)NC(=O)[C@H](CO)NC(=O)[C@@H](N)CNC2=O)N1,CHEMBL2221250,1405-37-4,1321.44,,0.0,E,No DILI,No DILI,,ambiguous,,capreomycin sulfate,DILImap_metadata,C[C@@H]1NC(=O)[C@@H](N)CNC(=O)[C@H](C2CCNC(=N)N2)NC(=O)/C(=C/NC(N)=O)NC(=O)[C@H](CNC(=O)CC(N)CCCN)NC1=O.N=C1NCCC([C@@H]2NC(=O)/C(=C/NC(N)=O)NC(=O)[C@H](CNC(=O)CC(N)CCCN)NC(=O)[C@H](CO)NC(=O)[C@@H](N)CNC2=O)N1,,,True,N=C1NCCC([C@@H]2NC(=O)/C(=C/NC(N)=O)NC(=O)[C@H](CNC(=O)CC(N)CCCN)NC(=O)[C@H](CO)NC(=O)[C@@H](N)CNC2=O)N1,JNIIDKODPGHQSS-FHLJGSFWSA-N,C=C1NC(=O)CNC(=O)CNC(=O)CCNC(=O)C(C2CCNC(=N)N2)NC1=O,2.0,0.5053763440860215,0.0,668.7170000000002,47.0,25.0,0.0,375.9199999999999,-8.025130000000015,15.0,12.0,10.0,2.0,0.6,True,,Ambiguous DILI-concern,ambiguous,False,,,
LT00059,Captopril,7,Adverse reactions,vLess-DILI-concern,Unchanged,Captopril,C[C@H](CS)C(=O)N1CCC[C@H]1C(=O)O,CHEMBL1560,62571-86-2,217.29,0.63,0.0,B,DILI (likely),DILI,"Cholestasis/Biliary, Immune-mediated, Hypersensitivity",less,,captopril,DILImap_metadata,C[C@H](CS)C(=O)N1CCC[C@H]1C(=O)O,,,True,C[C@H](CS)C(=O)N1CCC[C@H]1C(=O)O,FAKRSMQSSFJEIM-RQJHMYQMSA-N,C1CCNC1,1.0,1.0,0.0,217.28999999999996,14.0,9.0,0.0,57.61,0.6279000000000001,2.0,3.0,3.0,1.0,0.7777777777777778,True,,Less-DILI-Concern,less,False,4.16038520843043,,
LT00060,Carbamazepine,7,Warnings & precautions,vMost-DILI-concern,Unchanged,Carbamazepine,NC(=O)N1c2ccccc2C=Cc2ccccc21,CHEMBL108,298-46-4,236.27,3.39,0.0,A,DILI (known),DILI,"Hepatitis, Necrosis, Cholestasis/Biliary, Immune-mediated, Hypersensitivity Syndrome",most,1.0,carbamazepine,DILImap_metadata,NC(=O)N1c2ccccc2C=Cc2ccccc21,,,True,NC(=O)N1c2ccccc2C=Cc2ccccc21,FFGPTBGBLSHEPO-UHFFFAOYSA-N,C1=Cc2ccccc2Nc2ccccc21,1.0,1.0,0.0,236.274,18.0,15.0,0.0,46.330000000000005,3.3872000000000018,1.0,1.0,0.0,3.0,0.0,True,,Most-DILI-Concern,most,False,47.1918643830194,,
LT01159,Carbenicillin disodium,3,Warnings & precautions,vLess-DILI-concern,Unchanged,Carbenicillin,CC1(C)S[C@@H]2[C@H](NC(=O)C(C(=O)O)c3ccccc3)C(=O)N2[C@H]1C(=O)O,CHEMBL1214,4800-94-6,378.41,0.49,0.0,D,DILI (few cases),,,less,,carbenicillin disodium,DILImap_metadata,CC1(C)S[C@@H]2[C@H](NC(=O)C(C(=O)O)c3ccccc3)C(=O)N2[C@H]1C(=O)O,,,True,CC1(C)S[C@@H]2[C@H](NC(=O)C(C(=O)O)c3ccccc3)C(=O)N2[C@H]1C(=O)O,FPPNZSSZRUTDAP-UWFZAAFLSA-N,O=C(Cc1ccccc1)NC1C(=O)N2CCSC12,1.0,1.0,0.0,378.4060000000001,26.0,17.0,0.0,124.01,0.4864999999999999,3.0,5.0,5.0,3.0,0.4117647058823529,True,,Less-DILI-Concern,less,False,,,
LT01160,Carbidopa,3,Warnings & precautions,Ambiguous-DILI-concern,Unchanged,Carbidopa,C[C@@](Cc1ccc(O)c(O)c1)(NN)C(=O)O,CHEMBL1201236,28860-95-9,226.23,-0.05,0.0,E,No DILI,No DILI,,ambiguous,,carbidopa,DILImap_metadata,C[C@@](Cc1ccc(O)c(O)c1)(NN)C(=O)O,,,True,C[C@@](Cc1ccc(O)c(O)c1)(NN)C(=O)O,TZFNLOMSOLWIDK-JTQLQIEISA-N,c1ccccc1,1.0,1.0,0.0,226.232,16.0,10.0,0.0,115.81000000000002,-0.05310000000000015,5.0,5.0,4.0,1.0,0.3,True,,Ambiguous DILI-concern,ambiguous,False,,,
LT00759,Carbinoxamine maleate,0,No match,vNo-DILI-concern,Unchanged,Carbinoxamine,CN(C)CCOC(c1ccc(Cl)cc1)c1ccccn1,CHEMBL864,3505-38-2,290.79,3.4,0.0,E,No DILI,No DILI,,no,0.0,carbinoxamine maleate,DILImap_metadata,CN(C)CCOC(c1ccc(Cl)cc1)c1ccccn1,,,True,CN(C)CCOC(c1ccc(Cl)cc1)c1ccccn1,OJFSXZCBGQGRNV-UHFFFAOYSA-N,c1ccc(Cc2ccccn2)cc1,1.0,1.0,0.0,290.794,20.0,16.0,0.0,25.36,3.4026000000000023,0.0,3.0,6.0,2.0,0.3125,True,,No-DILI-Concern,no,False,,,
LT00061,Carboplatin,3,Warnings & precautions,vLess-DILI-concern,Unchanged,Carboplatin,,CHEMBL1351,41575-94-4,371.25,,0.0,D,DILI (few cases),,"Hepatitis, Necrosis, Sinusoidal, idiosyncratic",less,,carboplatin,,C1CC(C1)(C(=O)O)C(=O)O.[NH2-].[NH2-].[Pt+2],426756.0,VSRXQHXAPYXROS-UHFFFAOYSA-N,True,O=C(O)C1(C(=O)O)CCC1,CCQPAEQGAVNNIA-UHFFFAOYSA-N,C1CCC1,4.0,0.7692307692307693,0.0,144.12599999999998,10.0,6.0,0.0,74.6,0.32589999999999975,2.0,2.0,2.0,1.0,0.6666666666666666,True,,Less-DILI-Concern,less,False,,,PubChem_name_property
LT00898,Carboprost tromethamine,0,No match,vNo-DILI-concern,Unchanged,Carboprost tromethamine,,,,,,,,No DILI,No DILI,,no,0.0,carboprost tromethamine,,CCCCC[C@@](C)(/C=C/[C@H]1[C@@H](C[C@@H]([C@@H]1C/C=C\CCCC(=O)O)O)O)O.C(C(CO)(CO)N)O,5281074.0,UMMADZJLZAPZAW-XOWPVRJPSA-N,True,CCCCC[C@](C)(O)/C=C/[C@@H]1[C@@H](C/C=C\CCCC(=O)O)[C@@H](O)C[C@H]1O,DLJKPYFALUEJCK-IIELGFQLSA-N,C1CCCC1,2.0,0.7647058823529411,0.0,368.5140000000001,26.0,21.0,0.0,97.99000000000001,3.433000000000003,4.0,4.0,12.0,1.0,0.7619047619047619,True,,No-DILI-Concern,no,False,,,PubChem_name_property
LT02395,Carfilzomib,8,Warnings & precautions,vMost-DILI-concern,New,,,,,,,,,,,,most,1.0,carfilzomib,,CC(C)C[C@@H](C(=O)[C@]1(CO1)C)NC(=O)[C@H](CC2=CC=CC=C2)NC(=O)[C@H](CC(C)C)NC(=O)[C@H](CCC3=CC=CC=C3)NC(=O)CN4CCOCC4,11556711.0,BLMPQMFVWMYDKT-NZTKNTHTSA-N,True,CC(C)C[C@H](NC(=O)[C@H](CCc1ccccc1)NC(=O)CN1CCOCC1)C(=O)N[C@@H](Cc1ccccc1)C(=O)N[C@@H](CC(C)C)C(=O)[C@@]1(C)CO1,BLMPQMFVWMYDKT-NZTKNTHTSA-N,O=C(CN1CCOCC1)NC(CCc1ccccc1)C(=O)NCC(=O)NC(Cc1ccccc1)C(=O)NCC(=O)C1CO1,1.0,1.0,0.0,719.924,52.0,40.0,0.0,158.47,2.5835000000000052,4.0,8.0,20.0,4.0,0.575,True,,,other,False,,,PubChem_name_property
LT00675,Carglumic acid,0,No match,vNo-DILI-concern,New,,,,,,,,,,,,no,0.0,carglumic acid,,C(CC(=O)O)[C@@H](C(=O)O)NC(=O)N,121396.0,LCQLHJZYVOQKHU-VKHMYHEASA-N,True,NC(=O)N[C@@H](CCC(=O)O)C(=O)O,LCQLHJZYVOQKHU-VKHMYHEASA-N,,1.0,1.0,0.0,190.155,13.0,6.0,0.0,129.72,-1.0272999999999997,4.0,3.0,5.0,0.0,0.5,True,,,other,False,,,PubChem_name_property
LT03647,Cariprazine hydrochloride,3,Adverse reactions,Ambiguous-DILI-concern,New,,,,,,,,,,,,ambiguous,,cariprazine hydrochloride,,CN(C)C(=O)NC1CCC(CC1)CCN2CCN(CC2)C3=C(C(=CC=C3)Cl)Cl.Cl,25096873.0,GPPJWWMREQHLQT-UHFFFAOYSA-N,True,CN(C)C(=O)NC1CCC(CCN2CCN(c3cccc(Cl)c3Cl)CC2)CC1,KPWSJANDNDDRMB-UHFFFAOYSA-N,c1ccc(N2CCN(CCC3CCCCC3)CC2)cc1,2.0,0.9655172413793104,0.0,427.4200000000001,28.0,21.0,0.0,38.82000000000001,4.335500000000003,1.0,3.0,5.0,3.0,0.6666666666666666,True,,,other,False,,,PubChem_name_property
LT02037,Carisoprodol,0,No match,vNo-DILI-concern,Unchanged,Carisoprodol,CCCC(C)(COC(N)=O)COC(=O)NC(C)C,CHEMBL1233,,260.33,2.02,1.0,E,No DILI,No DILI,,no,0.0,carisoprodol,DILImap_metadata,CCCC(C)(COC(N)=O)COC(=O)NC(C)C,,,True,CCCC(C)(COC(N)=O)COC(=O)NC(C)C,OFZCIYFFPZCNJE-UHFFFAOYSA-N,,1.0,1.0,0.0,260.334,18.0,12.0,0.0,90.65,2.0227,2.0,4.0,7.0,0.0,0.8333333333333334,True,,No-DILI-Concern,no,False,,,
LT00207,Carvedilol,3,Adverse reactions,vLess-DILI-concern,Unchanged,Carvedilol,COc1ccccc1OCCNCC(O)COc1cccc2[nH]c3ccccc3c12,CHEMBL723,72956-09-3,406.48,3.74,0.0,D,DILI (few cases),,"Cholestasis/Biliary, Hypersensitivity, likely idiosyncratic",less,,carvedilol,DILImap_metadata,COc1ccccc1OCCNCC(O)COc1cccc2[nH]c3ccccc3c12,,,True,COc1ccccc1OCCNCC(O)COc1cccc2[nH]c3ccccc3c12,OGHNVEJMJSYVRP-UHFFFAOYSA-N,c1ccc(OCCNCCCOc2cccc3[nH]c4ccccc4c23)cc1,1.0,1.0,0.0,406.482,30.0,24.0,0.0,75.74000000000001,3.738000000000002,3.0,5.0,10.0,4.0,0.25,True,,Less-DILI-Concern,less,False,0.234149999999999,,
LT03648,Casimersen,0,No match,vNo-DILI-concern,New,,,,,,,,,,,,no,0.0,casimersen,,,,,False,,,,,,,,,,,,,,,,,,False,missing_structure,,other,False,,,
LT01089,Caspofungin acetate,7,Warnings & precautions,Ambiguous-DILI-concern,Unchanged,Caspofungin,CCC(C)CC(C)CCCCCCCCC(=O)N[C@H]1C[C@@H](O)[C@@H](NCCN)NC(=O)[C@@H]2[C@@H](O)CCN2C(=O)[C@H]([C@H](O)CCN)NC(=O)[C@H]([C@H](O)[C@@H](O)c2ccc(O)cc2)NC(=O)[C@@H]2C[C@@H](O)CN2C(=O)[C@H]([C@@H](C)O)NC1=O,CHEMBL499808,179463-17-3,1093.33,,0.0,D,DILI (few cases),,,ambiguous,,caspofungin acetate,DILImap_metadata,CCC(C)CC(C)CCCCCCCCC(=O)N[C@H]1C[C@@H](O)[C@@H](NCCN)NC(=O)[C@@H]2[C@@H](O)CCN2C(=O)[C@H]([C@H](O)CCN)NC(=O)[C@H]([C@H](O)[C@@H](O)c2ccc(O)cc2)NC(=O)[C@@H]2C[C@@H](O)CN2C(=O)[C@H]([C@@H](C)O)NC1=O,,,True,CCC(C)CC(C)CCCCCCCCC(=O)N[C@H]1C[C@@H](O)[C@@H](NCCN)NC(=O)[C@@H]2[C@@H](O)CCN2C(=O)[C@H]([C@H](O)CCN)NC(=O)[C@H]([C@H](O)[C@@H](O)c2ccc(O)cc2)NC(=O)[C@@H]2C[C@@H](O)CN2C(=O)[C@H]([C@@H](C)O)NC1=O,JYIKNQVWKBUSNH-OGZDCFRISA-N,O=C1CCCCNC(=O)C2CCCN2C(=O)CNC(=O)C(CCc2ccccc2)NC(=O)C2CCCN2C(=O)CN1,1.0,1.0,0.0,1093.3310000000001,77.0,52.0,0.0,412.03,-3.31190000000001,16.0,18.0,23.0,4.0,0.75,False,mw_above_1000,Ambiguous DILI-concern,ambiguous,False,,,
LT01166,Cefaclor,3,Adverse reactions,vLess-DILI-concern,Unchanged,Cefaclor,N[C@@H](C(=O)N[C@@H]1C(=O)N2C(C(=O)O)=C(Cl)CS[C@H]12)c1ccccc1,CHEMBL680,70356-03-5,367.81,0.62,0.0,C,DILI (few cases),,,less,,cefaclor,DILImap_metadata,N[C@@H](C(=O)N[C@@H]1C(=O)N2C(C(=O)O)=C(Cl)CS[C@H]12)c1ccccc1,,,True,N[C@@H](C(=O)N[C@@H]1C(=O)N2C(C(=O)O)=C(Cl)CS[C@H]12)c1ccccc1,QYIYFLOTGYLRGG-GPCCPHFNSA-N,O=C(Cc1ccccc1)NC1C(=O)N2C=CCSC12,1.0,1.0,0.0,367.814,24.0,15.0,0.0,112.73,0.6213000000000004,3.0,5.0,4.0,3.0,0.26666666666666666,True,,Less-DILI-Concern,less,False,,,
LT01167,Cefadroxil hemihydrate,7,Adverse reactions,vLess-DILI-concern,Unchanged,Cefadroxil,CC1=C(C(=O)O)N2C(=O)[C@@H](NC(=O)[C@H](N)c3ccc(O)cc3)[C@H]2SC1,CHEMBL1644,66592-87-8,363.39,0.15,0.0,D,DILI (few cases),,,less,,cefadroxil hemihydrate,DILImap_metadata,CC1=C(C(=O)O)N2C(=O)[C@@H](NC(=O)[C@H](N)c3ccc(O)cc3)[C@H]2SC1,,,True,CC1=C(C(=O)O)N2C(=O)[C@@H](NC(=O)[C@H](N)c3ccc(O)cc3)[C@H]2SC1,BOEGTKLJZSQCCD-UEKVPHQBSA-N,O=C(Cc1ccccc1)NC1C(=O)N2C=CCSC12,1.0,1.0,0.0,363.3950000000001,25.0,16.0,0.0,132.96,0.15050000000000108,4.0,6.0,4.0,3.0,0.3125,True,,Less-DILI-Concern,less,False,,,
LT01171,Cefazolin sodium,3,Adverse reactions,vLess-DILI-concern,Unchanged,Cefazolin,Cc1nnc(SCC2=C(C(=O)O)N3C(=O)[C@@H](NC(=O)Cn4cnnn4)[C@H]3SC2)s1,CHEMBL1435,27164-46-1,454.52,-0.64,0.0,B,DILI (likely),DILI,,less,,cefazolin sodium,DILImap_metadata,Cc1nnc(SCC2=C(C(=O)O)N3C(=O)[C@@H](NC(=O)Cn4cnnn4)[C@H]3SC2)s1,,,True,Cc1nnc(SCC2=C(C(=O)O)N3C(=O)[C@@H](NC(=O)Cn4cnnn4)[C@H]3SC2)s1,MLYYVTUWGNIJIB-BXKDBHETSA-N,O=C(Cn1cnnn1)NC1C(=O)N2C=C(CSc3nncs3)CSC12,1.0,1.0,0.0,454.5190000000002,29.0,14.0,0.0,156.08999999999997,-0.6360799999999995,2.0,11.0,7.0,4.0,0.42857142857142855,True,,Less-DILI-Concern,less,False,,,
LT01289,Cefdinir,7,Adverse reactions,vLess-DILI-concern,Unchanged,Cefdinir,C=CC1=C(C(=O)O)N2C(=O)[C@@H](NC(=O)/C(=N\O)c3csc(N)n3)[C@H]2SC1,CHEMBL927,91832-40-5,395.42,-0.17,0.0,D,DILI (few cases),,,less,,cefdinir,DILImap_metadata,C=CC1=C(C(=O)O)N2C(=O)[C@@H](NC(=O)/C(=N\O)c3csc(N)n3)[C@H]2SC1,,,True,C=CC1=C(C(=O)O)N2C(=O)[C@@H](NC(=O)/C(=N\O)c3csc(N)n3)[C@H]2SC1,RTXOFQZKPXMALH-GHXIOONMSA-N,N=C(C(=O)NC1C(=O)N2C=CCSC12)c1cscn1,1.0,1.0,0.0,395.4220000000001,26.0,14.0,0.0,158.21000000000004,-0.17179999999999884,4.0,9.0,5.0,3.0,0.21428571428571427,True,,Less-DILI-Concern,less,False,8.68691310505285,,
LT01087,Cefditoren pivoxil,2,Adverse reactions,vLess-DILI-concern,Revised,Cefditoren,CO/N=C(\C(=O)N[C@@H]1C(=O)N2C(C(=O)OCOC(=O)C(C)(C)C)=C(/C=C\c3scnc3C)CS[C@H]12)c1csc(N)n1,CHEMBL454446,117467-28-4,620.74,2.3,1.0,E*,No DILI,No DILI,,less,,cefditoren pivoxil,DILImap_metadata,CO/N=C(\C(=O)N[C@@H]1C(=O)N2C(C(=O)OCOC(=O)C(C)(C)C)=C(/C=C\c3scnc3C)CS[C@H]12)c1csc(N)n1,,,True,CO/N=C(\C(=O)N[C@@H]1C(=O)N2C(C(=O)OCOC(=O)C(C)(C)C)=C(/C=C\c3scnc3C)CS[C@H]12)c1csc(N)n1,AFZFFLVORLEPPO-UVYJNCLZSA-N,N=C(C(=O)NC1C(=O)N2C=C(C=Cc3cncs3)CSC12)c1cscn1,1.0,1.0,0.0,620.735,41.0,25.0,0.0,175.40000000000003,2.2981199999999986,2.0,14.0,9.0,4.0,0.4,True,,Ambiguous DILI-concern,ambiguous,False,,,
LT01172,Cefepime hydrochloride,3,Adverse reactions,vLess-DILI-concern,Unchanged,Cefepime,CO/N=C(\C(=O)N[C@@H]1C(=O)N2C(C(=O)[O-])=C(C[N+]3(C)CCCC3)CS[C@H]12)c1csc(N)n1,CHEMBL186,123171-59-5,480.57,-1.28,0.0,D,DILI (few cases),,,less,,cefepime hydrochloride,DILImap_metadata,CO/N=C(\C(=O)N[C@@H]1C(=O)N2C(C(=O)[O-])=C(C[N+]3(C)CCCC3)CS[C@H]12)c1csc(N)n1,,,True,CO/N=C(\C(=O)N[C@@H]1C(=O)N2C(C(=O)[O-])=C(C[N+]3(C)CCCC3)CS[C@H]12)c1csc(N)n1,HVFLCNVBZFFHBT-ZKDACBOMSA-N,N=C(C(=O)NC1C(=O)N2C=C(C[NH+]3CCCC3)CSC12)c1cscn1,1.0,1.0,0.0,480.5720000000003,32.0,19.0,0.0,150.04000000000002,-1.2798999999999958,2.0,10.0,7.0,4.0,0.5263157894736842,True,,Less-DILI-Concern,less,False,,,
LT03649,Cefiderocol sulfate tosylate,2,Adverse reactions,Ambiguous-DILI-concern,New,,,,,,,,,,,,ambiguous,,cefiderocol sulfate tosylate,,CC1=CC=C(C=C1)S(=O)(=O)O.CC1=CC=C(C=C1)S(=O)(=O)O.CC1=CC=C(C=C1)S(=O)(=O)O.CC1=CC=C(C=C1)S(=O)(=O)[O-].CC(O/N=C(\C(=O)N[C@@H]1C(=O)N2[C@@H]1SCC(=C2C(=O)O)C[N+]3(CCCC3)CCNC(=O)C4=C(C(=C(C=C4)O)O)Cl)/C5=CSC(=N5)N)(C(=O)O)C.CC(O/N=C(\C(=O)N[C@@H]1C(=O)N2[C@@H]1SCC(=C2C(=O)O)C[N+]3(CCCC3)CCNC(=O)C4=C(C(=C(C=C4)O)O)Cl)/C5=CSC(=N5)N)(C(=O)O)C.CC(O/N=C(\C(=O)N[C@@H]1C(=O)N2[C@@H]1SCC(=C2C(=O)O)C[N+]3(CCCC3)CCNC(=O)C4=C(C(=C(C=C4)O)O)Cl)/C5=CSC(=N5)N)(C(=O)O)C.O.[O-]S(=O)(=O)[O-],131839616.0,QNMVZYPDWLKAJC-RXVBEKIDSA-N,True,CC(C)(O/N=C(\C(=O)N[C@@H]1C(=O)N2C(C(=O)O)=C(C[N+]3(CCNC(=O)c4ccc(O)c(O)c4Cl)CCCC3)CS[C@H]12)c1csc(N)n1)C(=O)O,DBPPRLRVDVJOCL-FQRUVTKNSA-O,N=C(C(=O)NC1C(=O)N2C=C(C[N+]3(CCNC(=O)c4ccccc4)CCCC3)CSC12)c1cscn1,9.0,0.25,1.0,753.2360000000004,50.0,30.0,0.0,254.07,1.1530000000000016,7.0,13.0,13.0,5.0,0.43333333333333335,True,,,other,False,,,PubChem_name_property
LT01173,Cefixime,4,Adverse reactions,vLess-DILI-concern,Revised,Cefixime,C=CC1=C(C(=O)O)N2C(=O)[C@@H](NC(=O)/C(=N\OCC(=O)O)c3csc(N)n3)[C@H]2SC1,CHEMBL1541,79350-37-1,453.46,-0.54,0.0,C,DILI (few cases),,,less,,cefixime,DILImap_metadata,C=CC1=C(C(=O)O)N2C(=O)[C@@H](NC(=O)/C(=N\OCC(=O)O)c3csc(N)n3)[C@H]2SC1,,,True,C=CC1=C(C(=O)O)N2C(=O)[C@@H](NC(=O)/C(=N\OCC(=O)O)c3csc(N)n3)[C@H]2SC1,OKBVVJOGVLARMR-QSWIMTSFSA-N,N=C(C(=O)NC1C(=O)N2C=CCSC12)c1cscn1,1.0,1.0,0.0,453.45800000000014,30.0,16.0,0.0,184.51,-0.5447999999999991,4.0,10.0,8.0,3.0,0.25,True,,Ambiguous DILI-concern,ambiguous,False,,,
LT01176,Cefoperazone sodium,3,Adverse reactions,vLess-DILI-concern,Unchanged,Cefoperazone,CCN1CCN(C(=O)N[C@@H](C(=O)N[C@@H]2C(=O)N3C(C(=O)O)=C(CSc4nnnn4C)CS[C@H]23)c2ccc(O)cc2)C(=O)C1=O,CHEMBL507674,62893-19-0,645.68,-1.11,0.0,D,DILI (few cases),,,less,,cefoperazone sodium,DILImap_metadata,CCN1CCN(C(=O)N[C@@H](C(=O)N[C@@H]2C(=O)N3C(C(=O)O)=C(CSc4nnnn4C)CS[C@H]23)c2ccc(O)cc2)C(=O)C1=O,,,True,CCN1CCN(C(=O)N[C@@H](C(=O)N[C@@H]2C(=O)N3C(C(=O)O)=C(CSc4nnnn4C)CS[C@H]23)c2ccc(O)cc2)C(=O)C1=O,GCFBRXLSHGKWDP-XCGNWRKASA-N,O=C1NCCN(C(=O)NC(C(=O)NC2C(=O)N3C=C(CSc4nnn[nH]4)CSC23)c2ccccc2)C1=O,1.0,1.0,0.0,645.6800000000003,44.0,25.0,0.0,220.25999999999996,-1.1119999999999965,4.0,12.0,9.0,5.0,0.4,True,,Less-DILI-Concern,less,False,,,
LT01177,Cefotaxime sodium,5,Adverse reactions,vLess-DILI-concern,Unchanged,Cefotaxime,CO/N=C(\C(=O)N[C@@H]1C(=O)N2C(C(=O)O)=C(COC(C)=O)CS[C@H]12)c1csc(N)n1,CHEMBL1730,64485-93-4,455.47,-0.62,0.0,D,DILI (few cases),,,less,,cefotaxime sodium,DILImap_metadata,CO/N=C(\C(=O)N[C@@H]1C(=O)N2C(C(=O)O)=C(COC(C)=O)CS[C@H]12)c1csc(N)n1,,,True,CO/N=C(\C(=O)N[C@@H]1C(=O)N2C(C(=O)O)=C(COC(C)=O)CS[C@H]12)c1csc(N)n1,GPRBEKHLDVQUJE-QSWIMTSFSA-N,N=C(C(=O)NC1C(=O)N2C=CCSC12)c1cscn1,1.0,1.0,0.0,455.47400000000016,30.0,16.0,0.0,173.51,-0.6224999999999987,3.0,11.0,7.0,3.0,0.375,True,,Less-DILI-Concern,less,False,,,
LT01178,Cefotetan disodium,3,Adverse reactions,Ambiguous-DILI-concern,Unchanged,Cefotetan,CO[C@@]1(NC(=O)C2SC(=C(C(N)=O)C(=O)O)S2)C(=O)N2C(C(=O)O)=C(CSc3nnnn3C)CS[C@@H]21,CHEMBL474579,,575.63,-1.4,0.0,,,,,ambiguous,,cefotetan disodium,DILImap_metadata,CO[C@@]1(NC(=O)C2SC(=C(C(N)=O)C(=O)O)S2)C(=O)N2C(C(=O)O)=C(CSc3nnnn3C)CS[C@@H]21,,,True,CO[C@@]1(NC(=O)C2SC(=C(C(N)=O)C(=O)O)S2)C(=O)N2C(C(=O)O)=C(CSc3nnnn3C)CS[C@@H]21,SRZNHPXWXCNNDU-RHBCBLIFSA-N,C=C1SC(C(=O)NC2C(=O)N3C=C(CSc4nnn[nH]4)CSC23)S1,1.0,1.0,0.0,575.6320000000002,36.0,17.0,0.0,219.92999999999995,-1.3974999999999984,4.0,13.0,9.0,4.0,0.4117647058823529,True,,Ambiguous DILI-concern,ambiguous,False,,,
LT01179,Cefoxitin sodium,3,Warnings & precautions,Ambiguous-DILI-concern,Unchanged,Cefoxitin,CO[C@@]1(NC(=O)Cc2cccs2)C(=O)N2C(C(=O)O)=C(COC(N)=O)CS[C@@H]21,CHEMBL996,33564-30-6,427.46,0.1,0.0,E*,No DILI,No DILI,,ambiguous,,cefoxitin sodium,DILImap_metadata,CO[C@@]1(NC(=O)Cc2cccs2)C(=O)N2C(C(=O)O)=C(COC(N)=O)CS[C@@H]21,,,True,CO[C@@]1(NC(=O)Cc2cccs2)C(=O)N2C(C(=O)O)=C(COC(N)=O)CS[C@@H]21,WZOZEZRFJCJXNZ-ZBFHGGJFSA-N,O=C(Cc1cccs1)NC1C(=O)N2C=CCSC12,1.0,1.0,0.0,427.4600000000002,28.0,16.0,0.0,148.26000000000002,0.09859999999999991,3.0,8.0,7.0,3.0,0.375,True,,Ambiguous DILI-concern,ambiguous,False,,,
LT01180,Cefpodoxime proxetil,3,Adverse reactions,Ambiguous-DILI-concern,Unchanged,Cefpodoxime,COCC1=C(C(=O)O)N2C(=O)[C@@H](NC(=O)/C(=N\OC)c3csc(N)n3)[C@H]2SC1,CHEMBL1672,87239-81-4,427.46,-0.54,0.0,D,DILI (few cases),,,ambiguous,,cefpodoxime proxetil,DILImap_metadata,COCC1=C(C(=O)O)N2C(=O)[C@@H](NC(=O)/C(=N\OC)c3csc(N)n3)[C@H]2SC1,,,True,COCC1=C(C(=O)O)N2C(=O)[C@@H](NC(=O)/C(=N\OC)c3csc(N)n3)[C@H]2SC1,WYUSVOMTXWRGEK-HBWVYFAYSA-N,N=C(C(=O)NC1C(=O)N2C=CCSC12)c1cscn1,1.0,1.0,0.0,427.4640000000001,28.0,15.0,0.0,156.44,-0.539199999999999,3.0,10.0,7.0,3.0,0.4,True,,Ambiguous DILI-concern,ambiguous,False,,,
LT01182,Cefprozil,4,Adverse reactions,vLess-DILI-concern,Unchanged,Cefprozil,CC=CC1=C(C(=O)O)N2C(=O)[C@@H](NC(=O)[C@H](N)c3ccc(O)cc3)[C@H]2SC1,CHEMBL3301800,,389.43,0.71,0.0,D,DILI (few cases),,,less,,cefprozil,DILImap_metadata,CC=CC1=C(C(=O)O)N2C(=O)[C@@H](NC(=O)[C@H](N)c3ccc(O)cc3)[C@H]2SC1,,,True,CC=CC1=C(C(=O)O)N2C(=O)[C@@H](NC(=O)[C@H](N)c3ccc(O)cc3)[C@H]2SC1,WDLWHQDACQUCJR-PBFPGSCMSA-N,O=C(Cc1ccccc1)NC1C(=O)N2C=CCSC12,1.0,1.0,0.0,389.4330000000001,27.0,18.0,0.0,132.96,0.7067000000000008,4.0,6.0,5.0,3.0,0.2777777777777778,True,,Less-DILI-Concern,less,False,,,
LT02387,Ceftaroline fosamil,3,Adverse reactions,vLess-DILI-concern,New,,,,,,,,,,,,less,,ceftaroline fosamil,,CCO/N=C(/C1=NSC(=N1)NP(=O)(O)O)\C(=O)N[C@H]2[C@@H]3N(C2=O)C(=C(CS3)SC4=NC(=CS4)C5=CC=[N+](C=C5)C)C(=O)[O-],9852981.0,ZCCUWMICIWSJIX-NQJJCJBVSA-N,True,CCO/N=C(\C(=O)N[C@@H]1C(=O)N2C(C(=O)O)=C(Sc3nc(-c4cc[n+](C)cc4)cs3)CS[C@H]12)c1nsc(NP(=O)([O-])O)n1,ZCCUWMICIWSJIX-NQJJCJBVSA-N,N=C(C(=O)NC1C(=O)N2C=C(Sc3nc(-c4cc[nH+]cc4)cs3)CSC12)c1ncsn1,1.0,1.0,0.0,684.7000000000003,43.0,22.0,0.0,223.23999999999998,0.5876999999999997,4.0,14.0,11.0,5.0,0.2727272727272727,True,,,other,False,,,PubChem_name_property
LT00062,Ceftazidime,3,Adverse reactions,vLess-DILI-concern,Unchanged,Ceftazidime,CC(C)(O/N=C(\C(=O)N[C@@H]1C(=O)N2C(C(=O)[O-])=C(C[n+]3ccccc3)CS[C@H]12)c1csc(N)n1)C(=O)O,CHEMBL44354,72558-82-8,546.59,-1.3,0.0,D,DILI (few cases),,,less,,ceftazidime,DILImap_metadata,CC(C)(O/N=C(\C(=O)N[C@@H]1C(=O)N2C(C(=O)[O-])=C(C[n+]3ccccc3)CS[C@H]12)c1csc(N)n1)C(=O)O,,,True,CC(C)(O/N=C(\C(=O)N[C@@H]1C(=O)N2C(C(=O)[O-])=C(C[n+]3ccccc3)CS[C@H]12)c1csc(N)n1)C(=O)O,ORFOPKXBNMVMKC-DWVKKRMSSA-N,N=C(C(=O)NC1C(=O)N2C=C(C[n+]3ccccc3)CSC12)c1cscn1,1.0,1.0,0.0,546.5870000000002,37.0,22.0,0.0,191.22,-1.2991999999999946,3.0,11.0,9.0,4.0,0.3181818181818182,True,,Less-DILI-Concern,less,False,,,
LT01183,Ceftibuten dihydrate,3,Adverse reactions,Ambiguous-DILI-concern,Unchanged,Ceftibuten,Nc1nc(/C(=C/CC(=O)O)C(=O)N[C@@H]2C(=O)N3C(C(=O)O)=CCS[C@H]23)cs1,CHEMBL1605,118081-34-8,410.43,-0.05,0.0,D,DILI (few cases),,,ambiguous,,ceftibuten dihydrate,DILImap_metadata,Nc1nc(/C(=C/CC(=O)O)C(=O)N[C@@H]2C(=O)N3C(C(=O)O)=CCS[C@H]23)cs1,,,True,Nc1nc(/C(=C/CC(=O)O)C(=O)N[C@@H]2C(=O)N3C(C(=O)O)=CCS[C@H]23)cs1,UNJFKXSSGBWRBZ-BJCIPQKHSA-N,C=C(C(=O)NC1C(=O)N2C=CCSC12)c1cscn1,1.0,1.0,0.0,410.4330000000001,27.0,15.0,0.0,162.92,-0.0481999999999998,4.0,8.0,6.0,3.0,0.26666666666666666,True,,Ambiguous DILI-concern,ambiguous,False,,,
LT01281,Ceftizoxime sodium,4,Adverse reactions,Ambiguous-DILI-concern,Unchanged,Ceftizoxime,CO/N=C(\C(=O)N[C@@H]1C(=O)N2C(C(=O)O)=CCS[C@H]12)c1csc(N)n1,CHEMBL528,68401-81-0,383.41,-0.56,0.0,E*,No DILI,No DILI,,ambiguous,,ceftizoxime sodium,DILImap_metadata,CO/N=C(\C(=O)N[C@@H]1C(=O)N2C(C(=O)O)=CCS[C@H]12)c1csc(N)n1,,,True,CO/N=C(\C(=O)N[C@@H]1C(=O)N2C(C(=O)O)=CCS[C@H]12)c1csc(N)n1,NNULBSISHYWZJU-LLKWHZGFSA-N,N=C(C(=O)NC1C(=O)N2C=CCSC12)c1cscn1,1.0,1.0,0.0,383.41100000000006,25.0,13.0,0.0,147.20999999999998,-0.5557999999999992,3.0,9.0,5.0,3.0,0.3076923076923077,True,,Ambiguous DILI-concern,ambiguous,False,,,
LT01185,Ceftriaxone sodium,4,Adverse reactions,vLess-DILI-concern,Unchanged,Ceftriaxone,CO/N=C(\C(=O)N[C@@H]1C(=O)N2C(C(=O)O)=C(CSc3nc(=O)c(O)nn3C)CS[C@H]12)c1csc(N)n1,CHEMBL161,74578-69-1,554.59,-1.2,0.0,B,DILI (likely),DILI,"Hepatitis, Cholestasis/Biliary, Immune-mediated, Hypersensitivity",less,,ceftriaxone sodium,DILImap_metadata,CO/N=C(\C(=O)N[C@@H]1C(=O)N2C(C(=O)O)=C(CSc3nc(=O)c(O)nn3C)CS[C@H]12)c1csc(N)n1,,,True,CO/N=C(\C(=O)N[C@@H]1C(=O)N2C(C(=O)O)=C(CSc3nc(=O)c(O)nn3C)CS[C@H]12)c1csc(N)n1,VAAUVRVFOQPIGI-SPQHTLEESA-N,N=C(C(=O)NC1C(=O)N2C=C(CSc3nc(=O)cn[nH]3)CSC12)c1cscn1,1.0,1.0,0.0,554.592,36.0,18.0,0.0,215.22000000000003,-1.198999999999999,4.0,14.0,8.0,4.0,0.3333333333333333,True,,Less-DILI-Concern,less,False,,,
LT01186,Cefuroxime sodium,5,Adverse reactions,vLess-DILI-concern,Unchanged,Cefuroxime,CO/N=C(\C(=O)N[C@@H]1C(=O)N2C(C(=O)O)=C(COC(N)=O)CS[C@H]12)c1ccco1,CHEMBL1436,56238-63-2,424.39,-0.54,0.0,C,DILI (few cases),,Cholestasis/Biliary (manual annotation),less,,cefuroxime sodium,DILImap_metadata,CO/N=C(\C(=O)N[C@@H]1C(=O)N2C(C(=O)O)=C(COC(N)=O)CS[C@H]12)c1ccco1,,,True,CO/N=C(\C(=O)N[C@@H]1C(=O)N2C(C(=O)O)=C(COC(N)=O)CS[C@H]12)c1ccco1,JFPVXVDWJQMJEE-IZRZKJBUSA-N,N=C(C(=O)NC1C(=O)N2C=CCSC12)c1ccco1,1.0,1.0,0.0,424.39100000000013,29.0,16.0,0.0,173.76,-0.5359999999999987,3.0,9.0,7.0,3.0,0.3125,True,,Less-DILI-Concern,less,False,,,
LT00252,Celecoxib,3,Warnings & precautions,vLess-DILI-concern,Unchanged,Celecoxib,Cc1ccc(-c2cc(C(F)(F)F)nn2-c2ccc(S(N)(=O)=O)cc2)cc1,CHEMBL118,169590-42-5,381.38,3.51,0.0,B,DILI (likely),DILI,"Hepatitis, Cholestasis/Biliary, Immune-mediated, Hypersensitivity",less,,celecoxib,DILImap_metadata,Cc1ccc(-c2cc(C(F)(F)F)nn2-c2ccc(S(N)(=O)=O)cc2)cc1,,,True,Cc1ccc(-c2cc(C(F)(F)F)nn2-c2ccc(S(N)(=O)=O)cc2)cc1,RZEKVGVHFLEQIL-UHFFFAOYSA-N,c1ccc(-c2ccnn2-c2ccccc2)cc1,1.0,1.0,0.0,381.3790000000001,26.0,17.0,0.0,77.98,3.5139200000000006,1.0,3.0,3.0,3.0,0.11764705882352941,True,,Less-DILI-Concern,less,False,2.5,,
LT03650,Cenobamate,3,Adverse reactions,Ambiguous-DILI-concern,New,,,,,,,,,,,,ambiguous,,cenobamate,,C1=CC=C(C(=C1)[C@H](CN2N=CN=N2)OC(=O)N)Cl,11962412.0,GFHAXPJGXSQLPT-VIFPVBQESA-N,True,NC(=O)O[C@@H](Cn1ncnn1)c1ccccc1Cl,GFHAXPJGXSQLPT-VIFPVBQESA-N,c1ccc(CCn2ncnn2)cc1,1.0,1.0,0.0,267.676,18.0,10.0,0.0,95.92,1.1630999999999996,1.0,5.0,4.0,2.0,0.2,True,,,other,False,,,PubChem_name_property
LT01189,Cephalexin,4,Adverse reactions,vLess-DILI-concern,Unchanged,Cephalexin,CC1=C(C(=O)O)N2C(=O)[C@@H](NC(=O)[C@H](N)c3ccccc3)[C@H]2SC1,CHEMBL1727,15686-71-2,347.4,0.44,0.0,C,DILI (few cases),,,less,,cephalexin,DILImap_metadata,CC1=C(C(=O)O)N2C(=O)[C@@H](NC(=O)[C@H](N)c3ccccc3)[C@H]2SC1,,,True,CC1=C(C(=O)O)N2C(=O)[C@@H](NC(=O)[C@H](N)c3ccccc3)[C@H]2SC1,ZAIPMKNFIOOWCQ-UEKVPHQBSA-N,O=C(Cc1ccccc1)NC1C(=O)N2C=CCSC12,1.0,1.0,0.0,347.3960000000001,24.0,16.0,0.0,112.73,0.4449000000000012,3.0,5.0,4.0,3.0,0.3125,True,,Less-DILI-Concern,less,False,,,
LT01279,Cephradine,4,Adverse reactions,Ambiguous-DILI-concern,Unchanged,Cephradine,CC1=C(C(=O)O)N2C(=O)[C@@H](NC(=O)[C@H](N)C3=CCC=CC3)[C@H]2SC1,CHEMBL1604,38821-53-3,349.41,0.35,0.0,E*,No DILI,No DILI,,ambiguous,,cephradine,DILImap_metadata,CC1=C(C(=O)O)N2C(=O)[C@@H](NC(=O)[C@H](N)C3=CCC=CC3)[C@H]2SC1,,,True,CC1=C(C(=O)O)N2C(=O)[C@@H](NC(=O)[C@H](N)C3=CCC=CC3)[C@H]2SC1,RDLPVSKMFDYCOR-UEKVPHQBSA-N,O=C(CC1=CCC=CC1)NC1C(=O)N2C=CCSC12,1.0,1.0,0.0,349.4120000000001,24.0,16.0,0.0,112.73,0.34860000000000113,3.0,5.0,4.0,3.0,0.4375,True,,Ambiguous DILI-concern,ambiguous,False,,,
LT03596,Ceritinib,4,Warnings & precautions,vMost-DILI-concern,New,,,,,,,,,,,,most,1.0,ceritinib,,CC1=CC(=C(C=C1C2CCNCC2)OC(C)C)NC3=NC=C(C(=N3)NC4=CC=CC=C4S(=O)(=O)C(C)C)Cl,57379345.0,VERWOWGGCGHDQE-UHFFFAOYSA-N,True,Cc1cc(Nc2ncc(Cl)c(Nc3ccccc3S(=O)(=O)C(C)C)n2)c(OC(C)C)cc1C1CCNCC1,VERWOWGGCGHDQE-UHFFFAOYSA-N,c1ccc(Nc2ccnc(Nc3ccc(C4CCNCC4)cc3)n2)cc1,1.0,1.0,0.0,558.1480000000001,38.0,28.0,0.0,105.23999999999998,6.361920000000006,3.0,8.0,9.0,4.0,0.42857142857142855,True,,,other,False,,,PubChem_name_property
LT01412,Certolizumab pegol,4,Adverse reactions,vLess-DILI-concern,Revised,Certolizumab pegol,,CHEMBL1201831,,,,0.0,,,,,less,,certolizumab pegol,,,,,False,,,,,,,,,,,,,,,,,,False,missing_structure,Ambiguous DILI-concern,ambiguous,False,,,
LT01190,Cetirizine hydrochloride,3,Adverse reactions,vLess-DILI-concern,Unchanged,Cetirizine,O=C(O)COCCN1CCN(C(c2ccccc2)c2ccc(Cl)cc2)CC1,CHEMBL1000,83881-52-1,388.9,3.15,0.0,C,DILI (few cases),,,less,,cetirizine hydrochloride,DILImap_metadata,O=C(O)COCCN1CCN(C(c2ccccc2)c2ccc(Cl)cc2)CC1,,,True,O=C(O)COCCN1CCN(C(c2ccccc2)c2ccc(Cl)cc2)CC1,ZKLPARSLTMPFCP-UHFFFAOYSA-N,c1ccc(C(c2ccccc2)N2CCNCC2)cc1,1.0,1.0,0.0,388.8950000000002,27.0,21.0,0.0,53.010000000000005,3.148200000000002,1.0,4.0,8.0,3.0,0.38095238095238093,True,,Less-DILI-Concern,less,False,,,
LT00484,Cetrorelix acetate,3,Warnings & precautions,Ambiguous-DILI-concern,Unchanged,Cetrorelix,CC(=O)N[C@H](Cc1ccc2ccccc2c1)C(=O)N[C@H](Cc1ccc(Cl)cc1)C(=O)N[C@H](Cc1cccnc1)C(=O)N[C@@H](CO)C(=O)N[C@@H](Cc1ccc(O)cc1)C(=O)N[C@H](CCCNC(N)=O)C(=O)N[C@@H](CC(C)C)C(=O)N[C@@H](CCCNC(=N)N)C(=O)N1CCC[C@H]1C(=O)N[C@H](C)C(N)=O,CHEMBL1200490,130143-01-0,1431.06,,0.0,,,,,ambiguous,,cetrorelix acetate,DILImap_metadata,CC(=O)N[C@H](Cc1ccc2ccccc2c1)C(=O)N[C@H](Cc1ccc(Cl)cc1)C(=O)N[C@H](Cc1cccnc1)C(=O)N[C@@H](CO)C(=O)N[C@@H](Cc1ccc(O)cc1)C(=O)N[C@H](CCCNC(N)=O)C(=O)N[C@@H](CC(C)C)C(=O)N[C@@H](CCCNC(=N)N)C(=O)N1CCC[C@H]1C(=O)N[C@H](C)C(N)=O,,,True,CC(=O)N[C@H](Cc1ccc2ccccc2c1)C(=O)N[C@H](Cc1ccc(Cl)cc1)C(=O)N[C@H](Cc1cccnc1)C(=O)N[C@@H](CO)C(=O)N[C@@H](Cc1ccc(O)cc1)C(=O)N[C@H](CCCNC(N)=O)C(=O)N[C@@H](CC(C)C)C(=O)N[C@@H](CCCNC(=N)N)C(=O)N1CCC[C@H]1C(=O)N[C@H](C)C(N)=O,SBNPWPIBESPSIF-MHWMIDJBSA-N,O=C(CNC(=O)CNC(=O)C(Cc1ccccc1)NC(=O)CNC(=O)C(Cc1cccnc1)NC(=O)C(Cc1ccccc1)NC(=O)CCc1ccc2ccccc2c1)NCC(=O)N1CCCC1,1.0,1.0,0.0,1431.0640000000003,102.0,70.0,0.0,495.66999999999985,-0.506130000000012,17.0,16.0,38.0,6.0,0.42857142857142855,False,mw_above_1000;heavy_atoms_above_80,Ambiguous DILI-concern,ambiguous,False,,,
LT01389,Cetuximab,0,No match,vNo-DILI-concern,Unchanged,Cetuximab,,CHEMBL1201577,,,,0.0,E,No DILI,No DILI,,no,0.0,cetuximab,,,,,False,,,,,,,,,,,,,,,,,,False,missing_structure,No-DILI-Concern,no,False,,,
LT01048,Cevimeline hydrochloride,3,Adverse reactions,Ambiguous-DILI-concern,Unchanged,Cevimeline,CC1OC2(CS1)CN1CCC2CC1,CHEMBL168815,153504-70-2,199.32,1.56,0.0,E,No DILI,No DILI,,ambiguous,,cevimeline hydrochloride,DILImap_metadata,CC1OC2(CS1)CN1CCC2CC1,,,True,CC1OC2(CS1)CN1CCC2CC1,WUTYZMFRCNBCHQ-UHFFFAOYSA-N,C1OC2(CS1)CN1CCC2CC1,1.0,1.0,0.0,199.31899999999993,13.0,10.0,0.0,12.47,1.5602,0.0,3.0,0.0,4.0,1.0,True,,Ambiguous DILI-concern,ambiguous,False,,,
LT00065,Chenodiol,8,Warnings & precautions,Ambiguous-DILI-concern,Unchanged,Chenodiol,C[C@H](CCC(=O)O)[C@H]1CC[C@H]2[C@@H]3[C@H](O)C[C@@H]4C[C@H](O)CC[C@]4(C)[C@H]3CC[C@]12C,CHEMBL240597,474-25-9,392.58,4.48,0.0,E*,No DILI,No DILI,,ambiguous,,chenodiol,DILImap_metadata,C[C@H](CCC(=O)O)[C@H]1CC[C@H]2[C@@H]3[C@H](O)C[C@@H]4C[C@H](O)CC[C@]4(C)[C@H]3CC[C@]12C,,,True,C[C@H](CCC(=O)O)[C@H]1CC[C@H]2[C@@H]3[C@H](O)C[C@@H]4C[C@H](O)CC[C@]4(C)[C@H]3CC[C@]12C,RUDATBOHQWOJDD-BSWAIDMHSA-N,C1CCC2C(C1)CCC1C3CCCC3CCC21,1.0,1.0,0.0,392.5800000000002,28.0,24.0,0.0,77.76,4.477900000000004,3.0,3.0,4.0,4.0,0.9583333333333334,True,,Ambiguous DILI-concern,ambiguous,False,,,
LT00286,Chlorambucil,3,Warnings & precautions,vLess-DILI-concern,Unchanged,Chlorambucil,O=C(O)CCCc1ccc(N(CCCl)CCCl)cc1,CHEMBL515,305-03-3,304.22,3.38,0.0,D,DILI (few cases),,"Hepatitis, Necrosis, Cholestasis/Biliary, Sinusoidal, Fibrosis, Hypersensitivity, idiosyncratic",less,,chlorambucil,DILImap_metadata,O=C(O)CCCc1ccc(N(CCCl)CCCl)cc1,,,True,O=C(O)CCCc1ccc(N(CCCl)CCCl)cc1,JCKYGMPEJWAADB-UHFFFAOYSA-N,c1ccccc1,1.0,1.0,0.0,304.217,19.0,14.0,0.0,40.54,3.377900000000002,1.0,2.0,9.0,1.0,0.5,True,,Less-DILI-Concern,less,False,,,
LT01196,Chloramphenicol,0,No match,vNo-DILI-concern,Unchanged,Chloramphenicol,O=C(N[C@H](CO)[C@H](O)c1ccc([N+](=O)[O-])cc1)C(Cl)Cl,CHEMBL130,56-75-7,323.13,0.91,0.0,B,DILI (likely),DILI,"Hepatitis, Mitochondrial dysfunction, Cholestasis/Biliary, Immune-mediated, Hypersensitivity",no,0.0,chloramphenicol,DILImap_metadata,O=C(N[C@H](CO)[C@H](O)c1ccc([N+](=O)[O-])cc1)C(Cl)Cl,,,True,O=C(N[C@H](CO)[C@H](O)c1ccc([N+](=O)[O-])cc1)C(Cl)Cl,WIIZWVCIJKGZOK-RKDXNWHRSA-N,c1ccccc1,1.0,1.0,0.0,323.13199999999995,20.0,11.0,0.0,112.70000000000002,0.9089999999999998,3.0,5.0,6.0,1.0,0.36363636363636365,True,,No-DILI-Concern,no,False,28.935486182032,,
LT00066,Chlorcyclizine hydrochloride,0,No match,vLess-DILI-concern,Unchanged,Chlorcyclizine,CN1CCN(C(c2ccccc2)c2ccc(Cl)cc2)CC1,CHEMBL22150,,300.83,3.68,0.0,,,,,less,,chlorcyclizine hydrochloride,DILImap_metadata,CN1CCN(C(c2ccccc2)c2ccc(Cl)cc2)CC1,,,True,CN1CCN(C(c2ccccc2)c2ccc(Cl)cc2)CC1,WFNAKBGANONZEQ-UHFFFAOYSA-N,c1ccc(C(c2ccccc2)N2CCNCC2)cc1,1.0,1.0,0.0,300.8330000000001,21.0,18.0,0.0,6.48,3.6768000000000027,0.0,2.0,3.0,3.0,0.3333333333333333,True,,Less-DILI-Concern,less,False,,,
LT01198,Chlordiazepoxide hydrochloride,5,Adverse reactions,vLess-DILI-concern,Unchanged,Chlordiazepoxide,CNC1=Nc2ccc(Cl)cc2C(c2ccccc2)=[N+]([O-])C1,CHEMBL451,,299.76,2.95,0.0,D,DILI (few cases),,Cholestasis/Biliary,less,,chlordiazepoxide hydrochloride,DILImap_metadata,CNC1=Nc2ccc(Cl)cc2C(c2ccccc2)=[N+]([O-])C1,,,True,CNC1=Nc2ccc(Cl)cc2C(c2ccccc2)=[N+]([O-])C1,ANTSCNMPPGJYLG-UHFFFAOYSA-N,C1=Nc2ccccc2C(c2ccccc2)=[NH+]C1,1.0,1.0,0.0,299.761,21.0,16.0,0.0,50.459999999999994,2.950700000000001,1.0,3.0,1.0,3.0,0.125,True,,Less-DILI-Concern,less,False,,,
LT01201,Chlormezanone,8,Withdrawn,vMost-DILI-concern,Unchanged,Chlormezanone,CN1C(=O)CCS(=O)(=O)C1c1ccc(Cl)cc1,CHEMBL1200714,80-77-3,273.74,1.62,0.0,,DILI (withdrawn),DILI,,most,1.0,chlormezanone,DILImap_metadata,CN1C(=O)CCS(=O)(=O)C1c1ccc(Cl)cc1,,,True,CN1C(=O)CCS(=O)(=O)C1c1ccc(Cl)cc1,WEQAYVWKMWHEJO-UHFFFAOYSA-N,O=C1CCS(=O)(=O)C(c2ccccc2)N1,1.0,1.0,0.0,273.741,17.0,11.0,0.0,54.45,1.6155000000000002,0.0,3.0,1.0,2.0,0.36363636363636365,True,,Most-DILI-Concern,most,True,16.8774521631875,,
LT01207,Chloroquine phosphate,3,Adverse reactions,vLess-DILI-concern,Unchanged,Chloroquine,CCN(CC)CCCC(C)Nc1ccnc2cc(Cl)ccc12,CHEMBL76,54-05-7,319.88,4.81,0.0,D,DILI (few cases),,Hypersensitivity,less,,chloroquine phosphate,DILImap_metadata,CCN(CC)CCCC(C)Nc1ccnc2cc(Cl)ccc12,,,True,CCN(CC)CCCC(C)Nc1ccnc2cc(Cl)ccc12,WHTVZRBIWZFKQO-UHFFFAOYSA-N,c1ccc2ncccc2c1,1.0,1.0,0.0,319.88000000000005,22.0,18.0,0.0,28.16,4.810600000000004,1.0,3.0,8.0,2.0,0.5,True,,Less-DILI-Concern,less,False,,,
LT01208,Chlorothiazide,2,Adverse reactions,vLess-DILI-concern,Unchanged,Chlorothiazide,NS(=O)(=O)c1cc2c(cc1Cl)N=CNS2(=O)=O,CHEMBL842,58-94-6,295.73,-0.06,0.0,D,DILI (few cases),,,less,,chlorothiazide,DILImap_metadata,NS(=O)(=O)c1cc2c(cc1Cl)N=CNS2(=O)=O,,,True,NS(=O)(=O)c1cc2c(cc1Cl)N=CNS2(=O)=O,JBMKAUGHUNFTOL-UHFFFAOYSA-N,O=S1(=O)NC=Nc2ccccc21,1.0,1.0,0.0,295.72900000000004,17.0,7.0,0.0,118.69,-0.0608999999999999,2.0,5.0,1.0,2.0,0.0,True,,Less-DILI-Concern,less,False,,,
LT00009,Chlorpheniramine maleate,0,No match,vNo-DILI-concern,Unchanged,Chlorpheniramine,CN(C)CCC(c1ccc(Cl)cc1)c1ccccn1,CHEMBL505,113-92-8,274.8,3.82,0.0,E,No DILI,No DILI,,no,0.0,chlorpheniramine maleate,DILImap_metadata,CN(C)CCC(c1ccc(Cl)cc1)c1ccccn1,,,True,CN(C)CCC(c1ccc(Cl)cc1)c1ccccn1,SOYKEARSMXGVTM-UHFFFAOYSA-N,c1ccc(Cc2ccccn2)cc1,1.0,1.0,0.0,274.795,19.0,16.0,0.0,16.130000000000003,3.8186000000000027,0.0,2.0,5.0,2.0,0.3125,True,,No-DILI-Concern,no,False,,,
LT00068,Chlorpromazine hydrochloride,2,Adverse reactions,vLess-DILI-concern,Unchanged,Chlorpromazine,CN(C)CCCN1c2ccccc2Sc2ccc(Cl)cc21,CHEMBL71,69-09-0,318.87,4.89,0.0,A,DILI (likely),DILI,"Cholestasis/Biliary, Steatosis, Immune-mediated, Hypersensitivity",less,,chlorpromazine hydrochloride,DILImap_metadata,CN(C)CCCN1c2ccccc2Sc2ccc(Cl)cc21,,,True,CN(C)CCCN1c2ccccc2Sc2ccc(Cl)cc21,ZPEIMTDSQAKGNT-UHFFFAOYSA-N,c1ccc2c(c1)Nc1ccccc1S2,1.0,1.0,0.0,318.8730000000001,21.0,17.0,0.0,6.48,4.894400000000004,0.0,3.0,4.0,3.0,0.29411764705882354,True,,Less-DILI-Concern,less,False,,,
LT00379,Chlorpropamide,2,Adverse reactions,vLess-DILI-concern,Unchanged,Chlorpropamide,CCCNC(=O)NS(=O)(=O)c1ccc(Cl)cc1,CHEMBL498,94-20-2,276.75,1.74,0.0,B,DILI (likely),DILI,,less,,chlorpropamide,DILImap_metadata,CCCNC(=O)NS(=O)(=O)c1ccc(Cl)cc1,,,True,CCCNC(=O)NS(=O)(=O)c1ccc(Cl)cc1,RKWGIWYCVPQPMF-UHFFFAOYSA-N,c1ccccc1,1.0,1.0,0.0,276.745,17.0,10.0,0.0,75.27000000000001,1.7379,2.0,3.0,4.0,1.0,0.3,True,,Less-DILI-Concern,less,False,325.19,,
LT01213,Chlorthalidone,2,Adverse reactions,Ambiguous-DILI-concern,Unchanged,Chlorthalidone,NS(=O)(=O)c1cc(C2(O)NC(=O)c3ccccc32)ccc1Cl,CHEMBL1055,77-36-1,338.77,0.92,0.0,E*,No DILI,No DILI,,ambiguous,,chlorthalidone,DILImap_metadata,NS(=O)(=O)c1cc(C2(O)NC(=O)c3ccccc32)ccc1Cl,,,True,NS(=O)(=O)c1cc(C2(O)NC(=O)c3ccccc32)ccc1Cl,JIVPVXMEBJLZRO-UHFFFAOYSA-N,O=C1NC(c2ccccc2)c2ccccc21,1.0,1.0,0.0,338.77200000000005,22.0,14.0,0.0,109.49000000000001,0.9242000000000001,3.0,4.0,2.0,3.0,0.07142857142857142,True,,Ambiguous DILI-concern,ambiguous,False,,,
LT00067,Chlorzoxazone,8,Warnings & precautions,vMost-DILI-concern,Unchanged,Chlorzoxazone,O=c1[nH]c2cc(Cl)ccc2o1,CHEMBL1371,95-25-0,169.57,1.77,0.0,B,DILI (likely),DILI,"Cholestasis/Biliary, Hypersensitivity",most,1.0,chlorzoxazone,DILImap_metadata,O=c1[nH]c2cc(Cl)ccc2o1,,,True,O=c1[nH]c2cc(Cl)ccc2o1,TZFWDZFKRBELIQ-UHFFFAOYSA-N,O=c1[nH]c2ccccc2o1,1.0,1.0,0.0,169.56699999999998,11.0,7.0,0.0,46.0,1.7745,1.0,2.0,0.0,2.0,0.0,True,,Most-DILI-Concern,most,False,42.1654773839712,,
LT00328,Cholestyramine,3,Adverse reactions,Ambiguous-DILI-concern,Unchanged,Cholestyramine,,CHEMBL1201625,,,,0.0,E,No DILI,No DILI,,ambiguous,,cholestyramine,,,,,False,,,,,,,,,,,,,,,,,,False,missing_structure,Ambiguous DILI-concern,ambiguous,False,,,
LT00529,Cholic acid,3,Warnings & precautions,Ambiguous-DILI-concern,New,,,,,,,,,,,,ambiguous,,cholic acid,,C[C@H](CCC(=O)O)[C@H]1CC[C@@H]2[C@@]1([C@H](C[C@H]3[C@H]2[C@@H](C[C@H]4[C@@]3(CC[C@H](C4)O)C)O)O)C,221493.0,BHQCQFFYRZLCQQ-OELDTZBJSA-N,True,C[C@H](CCC(=O)O)[C@H]1CC[C@H]2[C@@H]3[C@H](O)C[C@@H]4C[C@H](O)CC[C@]4(C)[C@H]3C[C@H](O)[C@]12C,BHQCQFFYRZLCQQ-OELDTZBJSA-N,C1CCC2C(C1)CCC1C3CCCC3CCC21,1.0,1.0,0.0,408.5790000000002,29.0,24.0,0.0,97.99000000000001,3.448700000000003,4.0,4.0,4.0,4.0,0.9583333333333334,True,,,other,False,,,PubChem_name_property
LT03899,Choline c-11,0,No match,vNo-DILI-concern,New,,,,,,,,,,,,no,0.0,choline c 11,,C[N+](C)([11CH3])CCO,449688.0,OEYIOHPDSNJKLS-BJUDXGSMSA-N,True,C[N+](C)([11CH3])CCO,OEYIOHPDSNJKLS-BJUDXGSMSA-N,,1.0,1.0,1.0,103.1734336,7.0,5.0,0.0,20.23,-0.3150999999999999,1.0,1.0,2.0,0.0,1.0,True,,,other,False,,,PubChem_name_property
LT01082,Choriogonadotropin alfa,3,Warnings & precautions,Ambiguous-DILI-concern,Unchanged,Choriogonadotropin alfa,,CHEMBL1201464,,,,0.0,,,,,ambiguous,,choriogonadotropin alfa,,,,,False,,,,,,,,,,,,,,,,,,False,missing_structure,Ambiguous DILI-concern,ambiguous,False,,,
LT01216,Cidofovir,5,Adverse reactions,Ambiguous-DILI-concern,Unchanged,Cidofovir,Nc1ccn(C[C@@H](CO)OCP(=O)(O)O)c(=O)n1,CHEMBL152,113852-37-2,279.19,-1.66,1.0,E,No DILI,No DILI,,ambiguous,,cidofovir,DILImap_metadata,Nc1ccn(C[C@@H](CO)OCP(=O)(O)O)c(=O)n1,,,True,Nc1ccn(C[C@@H](CO)OCP(=O)(O)O)c(=O)n1,VWFCHDSQECPREK-LURJTMIESA-N,O=c1nccc[nH]1,1.0,1.0,0.0,279.18899999999996,18.0,8.0,0.0,147.89999999999998,-1.6618000000000002,4.0,6.0,6.0,1.0,0.5,True,,Ambiguous DILI-concern,ambiguous,False,,,
LT01025,Cilostazol,5,Adverse reactions,Ambiguous-DILI-concern,Unchanged,Cilostazol,O=C1CCc2cc(OCCCCc3nnnn3C3CCCCC3)ccc2N1,CHEMBL799,73963-72-1,369.47,3.46,0.0,E,No DILI,No DILI,,ambiguous,,cilostazol,DILImap_metadata,O=C1CCc2cc(OCCCCc3nnnn3C3CCCCC3)ccc2N1,,,True,O=C1CCc2cc(OCCCCc3nnnn3C3CCCCC3)ccc2N1,RRGUKTPIGVIEKM-UHFFFAOYSA-N,O=C1CCc2cc(OCCCCc3nnnn3C3CCCCC3)ccc2N1,1.0,1.0,0.0,369.4690000000002,27.0,20.0,0.0,81.93,3.4647000000000014,1.0,5.0,7.0,4.0,0.6,True,,Ambiguous DILI-concern,ambiguous,False,,,
LT01218,Cimetidine,2,Adverse reactions,vLess-DILI-concern,Unchanged,Cimetidine,CN/C(=N\CCSCc1nc[nH]c1C)NC#N,CHEMBL30,51481-61-9,252.35,0.6,0.0,B,DILI (likely),DILI,"Necrosis, CYP, Cholestasis/Biliary, Immune-mediated, Hypersensitivity",less,,cimetidine,DILImap_metadata,CN/C(=N\CCSCc1nc[nH]c1C)NC#N,,,True,CN/C(=N\CCSCc1nc[nH]c1C)NC#N,AQIXAKUUQRKLND-UHFFFAOYSA-N,c1c[nH]cn1,1.0,1.0,0.0,252.347,17.0,10.0,0.0,88.88999999999999,0.5974,3.0,4.0,5.0,1.0,0.5,True,,Less-DILI-Concern,less,False,6.44,,
LT01209,Cinacalcet hydrochloride,0,No match,vNo-DILI-concern,Unchanged,Cinacalcet,C[C@@H](NCCCc1cccc(C(F)(F)F)c1)c1cccc2ccccc12,CHEMBL1201284,364782-34-3,357.42,6.14,0.0,,No DILI,No DILI,,no,0.0,cinacalcet hydrochloride,DILImap_metadata,C[C@@H](NCCCc1cccc(C(F)(F)F)c1)c1cccc2ccccc12,,,True,C[C@@H](NCCCc1cccc(C(F)(F)F)c1)c1cccc2ccccc12,VDHAWDNDOKGFTD-MRXNPFEDSA-N,c1ccc(CCCNCc2cccc3ccccc23)cc1,1.0,1.0,0.0,357.41900000000004,26.0,22.0,0.0,12.03,6.142000000000005,1.0,1.0,6.0,3.0,0.2727272727272727,True,,No-DILI-Concern,no,False,,,
LT01219,Cinchophen,8,Withdrawn,vMost-DILI-concern,Unchanged,Cinchophen,O=C(O)c1cc(-c2ccccc2)nc2ccccc12,CHEMBL348000,132-60-5,249.27,3.6,0.0,,DILI (withdrawn),DILI,,most,1.0,cinchophen,DILImap_metadata,O=C(O)c1cc(-c2ccccc2)nc2ccccc12,,,True,O=C(O)c1cc(-c2ccccc2)nc2ccccc12,YTRMTPPVNRALON-UHFFFAOYSA-N,c1ccc(-c2ccc3ccccc3n2)cc1,1.0,1.0,0.0,249.269,19.0,16.0,0.0,50.19,3.6000000000000014,1.0,2.0,2.0,3.0,0.0,True,,Most-DILI-Concern,most,False,,,
LT00178,Ciprofloxacin hydrochloride,7,Warnings & precautions,vMost-DILI-concern,Unchanged,Ciprofloxacin,O=C(O)c1cn(C2CC2)c2cc(N3CCNCC3)c(F)cc2c1=O,CHEMBL8,86393-32-0,331.35,1.58,0.0,B,DILI (likely),DILI,"Cholestasis/Biliary, Hypersensitivity",most,1.0,ciprofloxacin hydrochloride,DILImap_metadata,O=C(O)c1cn(C2CC2)c2cc(N3CCNCC3)c(F)cc2c1=O,,,True,O=C(O)c1cn(C2CC2)c2cc(N3CCNCC3)c(F)cc2c1=O,MYSWGUAQZAJSOK-UHFFFAOYSA-N,O=c1ccn(C2CC2)c2cc(N3CCNCC3)ccc12,1.0,1.0,0.0,331.34700000000004,24.0,17.0,0.0,74.57,1.5833,2.0,4.0,3.0,4.0,0.4117647058823529,True,,Most-DILI-Concern,most,False,,,
LT00978,Cisatracurium besylate,0,No match,vNo-DILI-concern,Unchanged,Cisatracurium besylate,,,96946-42-8,,,,,No DILI,No DILI,,no,0.0,cisatracurium besylate,,C[N@@+]1(CCC2=CC(=C(C=C2[C@H]1CC3=CC(=C(C=C3)OC)OC)OC)OC)CCC(=O)OCCCCCOC(=O)CC[N@+]4(CCC5=CC(=C(C=C5[C@H]4CC6=CC(=C(C=C6)OC)OC)OC)OC)C.C1=CC=C(C=C1)S(=O)(=O)[O-].C1=CC=C(C=C1)S(=O)(=O)[O-],62886.0,XXZSQOVSEBAPGS-DONVQRBFSA-L,True,COc1ccc(C[C@@H]2c3cc(OC)c(OC)cc3CC[N@+]2(C)CCC(=O)OCCCCCOC(=O)CC[N@@+]2(C)CCc3cc(OC)c(OC)cc3[C@H]2Cc2ccc(OC)c(OC)c2)cc1OC,YXSLJKQTIDHPOT-LJCJQEJUSA-N,O=C(CC[NH+]1CCc2ccccc2C1Cc1ccccc1)OCCCCCOC(=O)CC[NH+]1CCc2ccccc2C1Cc1ccccc1,3.0,0.7701149425287356,2.0,929.1609999999998,67.0,53.0,0.0,126.44000000000003,8.06550000000001,0.0,12.0,24.0,6.0,0.5094339622641509,True,,No-DILI-Concern,no,False,,,PubChem_name_property
LT00071,Cisplatin,3,Warnings & precautions,vLess-DILI-concern,Unchanged,Cisplatin,,CHEMBL1386,15663-27-1,300.05,,0.0,C,DILI (few cases),,"Hepatitis, Necrosis, Sinusoidal, Steatosis, Immune-mediated, Hypersensitivity",less,,cisplatin,,N.N.Cl[Pt]Cl,5460033.0,LXZZYRPGZAFOLE-UHFFFAOYSA-L,True,N,QGZKDVFQNNGYKY-UHFFFAOYSA-N,,3.0,0.2,0.0,17.031,1.0,0.0,0.0,35.0,0.16199999999999998,1.0,1.0,0.0,0.0,0.0,False,no_carbon;mw_below_40,Less-DILI-Concern,less,False,,,PubChem_name_property
LT00219,Citalopram hydrobromide,7,Adverse reactions,vLess-DILI-concern,Unchanged,Citalopram,CN(C)CCCC1(c2ccc(F)cc2)OCc2cc(C#N)ccc21,CHEMBL549,59729-32-7,324.4,3.81,0.0,C,DILI (few cases),,"Cholestasis/Biliary, CYP (manual annotation)",less,,citalopram hydrobromide,DILImap_metadata,CN(C)CCCC1(c2ccc(F)cc2)OCc2cc(C#N)ccc21,,,True,CN(C)CCCC1(c2ccc(F)cc2)OCc2cc(C#N)ccc21,WSEQXVZVJXJVFP-UHFFFAOYSA-N,c1ccc(C2OCc3ccccc32)cc1,1.0,1.0,0.0,324.39900000000006,24.0,20.0,0.0,36.26,3.812980000000003,0.0,3.0,5.0,3.0,0.35,True,,Less-DILI-Concern,less,False,,,
LT01224,Cladribine,3,Warnings & precautions,vLess-DILI-concern,Revised,Cladribine,Nc1nc(Cl)nc2c1ncn2[C@H]1C[C@H](O)[C@@H](CO)O1,CHEMBL1619,4291-63-8,285.69,-0.3,1.0,E,No DILI,No DILI,,less,,cladribine,DILImap_metadata,Nc1nc(Cl)nc2c1ncn2[C@H]1C[C@H](O)[C@@H](CO)O1,,,True,Nc1nc(Cl)nc2c1ncn2[C@H]1C[C@H](O)[C@@H](CO)O1,PTOAARAWEBMLNO-KVQBGUIXSA-N,c1ncc2ncn(C3CCCO3)c2n1,1.0,1.0,0.0,285.69100000000003,19.0,10.0,0.0,119.31000000000002,-0.29740000000000044,3.0,7.0,2.0,3.0,0.5,True,,Ambiguous DILI-concern,ambiguous,False,,,
LT00187,Clarithromycin,8,Warnings & precautions,vMost-DILI-concern,Unchanged,Clarithromycin,CC[C@H]1OC(=O)[C@H](C)[C@@H](O[C@H]2C[C@@](C)(OC)[C@@H](O)[C@H](C)O2)[C@H](C)[C@@H](O[C@@H]2O[C@H](C)C[C@H](N(C)C)[C@H]2O)[C@](C)(OC)C[C@@H](C)C(=O)[C@H](C)[C@@H](O)[C@]1(C)O,CHEMBL1741,81103-11-9,747.96,2.44,0.0,B,DILI (likely),DILI,"Hepatitis, CYP, Cholestasis/Biliary, Hypersensitivity",most,1.0,clarithromycin,DILImap_metadata,CC[C@H]1OC(=O)[C@H](C)[C@@H](O[C@H]2C[C@@](C)(OC)[C@@H](O)[C@H](C)O2)[C@H](C)[C@@H](O[C@@H]2O[C@H](C)C[C@H](N(C)C)[C@H]2O)[C@](C)(OC)C[C@@H](C)C(=O)[C@H](C)[C@@H](O)[C@]1(C)O,,,True,CC[C@H]1OC(=O)[C@H](C)[C@@H](O[C@H]2C[C@@](C)(OC)[C@@H](O)[C@H](C)O2)[C@H](C)[C@@H](O[C@@H]2O[C@H](C)C[C@H](N(C)C)[C@H]2O)[C@](C)(OC)C[C@@H](C)C(=O)[C@H](C)[C@@H](O)[C@]1(C)O,AGOYDEPGAOXOCK-KCBOHYOISA-N,O=C1CCCCOC(=O)CC(OC2CCCCO2)CC(OC2CCCCO2)CCC1,1.0,1.0,0.0,747.9640000000002,52.0,38.0,0.0,182.91,2.439700000000004,4.0,14.0,8.0,3.0,0.9473684210526315,True,,Most-DILI-Concern,most,False,3.21,,
LT02222,Clemastine fumarate,0,No match,vNo-DILI-concern,Unchanged,Clemastine,CN1CCC[C@@H]1CCO[C@](C)(c1ccccc1)c1ccc(Cl)cc1,CHEMBL1626,14976-57-9,343.9,5.1,0.0,E,No DILI,No DILI,,no,0.0,clemastine fumarate,DILImap_metadata,CN1CCC[C@@H]1CCO[C@](C)(c1ccccc1)c1ccc(Cl)cc1,,,True,CN1CCC[C@@H]1CCO[C@](C)(c1ccccc1)c1ccc(Cl)cc1,YNNUSGIPVFPVBX-NHCUHLMSSA-N,c1ccc(C(OCCC2CCCN2)c2ccccc2)cc1,1.0,1.0,0.0,343.898,24.0,21.0,0.0,12.47,5.104400000000005,0.0,2.0,6.0,3.0,0.42857142857142855,True,,No-DILI-Concern,no,False,,,
LT00644,Clevidipine,0,No match,vNo-DILI-concern,Unchanged,Clevidipine,CCCC(=O)OCOC(=O)C1=C(C)NC(C)=C(C(=O)OC)C1c1cccc(Cl)c1Cl,CHEMBL1237132,167221-71-8,456.32,4.25,0.0,,No DILI,No DILI,,no,0.0,clevidipine,DILImap_metadata,CCCC(=O)OCOC(=O)C1=C(C)NC(C)=C(C(=O)OC)C1c1cccc(Cl)c1Cl,,,True,CCCC(=O)OCOC(=O)C1=C(C)NC(C)=C(C(=O)OC)C1c1cccc(Cl)c1Cl,KPBZROQVTHLCDU-UHFFFAOYSA-N,C1=CC(c2ccccc2)C=CN1,1.0,1.0,0.0,456.3220000000001,30.0,21.0,0.0,90.92999999999999,4.245200000000003,1.0,7.0,7.0,2.0,0.38095238095238093,True,,No-DILI-Concern,no,False,,,
LT01225,Clindamycin hydrochloride,3,Warnings & precautions,vLess-DILI-concern,Unchanged,Clindamycin,CCC[C@@H]1C[C@@H](C(=O)N[C@@H]([C@H]2O[C@H](SC)[C@H](O)[C@@H](O)[C@H]2O)[C@H](C)Cl)N(C)C1,CHEMBL1753,21462-39-5,424.99,0.39,0.0,B,DILI (likely),DILI,"Hepatitis, Cholestasis/Biliary, Immune-mediated, Hypersensitivity",less,,clindamycin hydrochloride,DILImap_metadata,CCC[C@@H]1C[C@@H](C(=O)N[C@@H]([C@H]2O[C@H](SC)[C@H](O)[C@@H](O)[C@H]2O)[C@H](C)Cl)N(C)C1,,,True,CCC[C@@H]1C[C@@H](C(=O)N[C@@H]([C@H]2O[C@H](SC)[C@H](O)[C@@H](O)[C@H]2O)[C@H](C)Cl)N(C)C1,KDLRVYVGXIQJDK-AWPVFWJPSA-N,O=C(NCC1CCCCO1)C1CCCN1,1.0,1.0,0.0,424.9910000000001,27.0,18.0,0.0,102.26,0.3895000000000004,4.0,7.0,7.0,2.0,0.9444444444444444,True,,Less-DILI-Concern,less,False,,,
LT02346,Clindamycin phosphate,3,Warnings & precautions,vLess-DILI-concern,Revised,Clindamycin-2-phosphate,,,,,,,,,,,less,,clindamycin phosphate,,CCC[C@@H]1C[C@@H](C(=O)N[C@@H]([C@H]2O[C@H](SC)[C@H](O)[C@@H](O)[C@H]2O)[C@H](C)Cl)N(C)C1,,,True,CCC[C@@H]1C[C@@H](C(=O)N[C@@H]([C@H]2O[C@H](SC)[C@H](O)[C@@H](O)[C@H]2O)[C@H](C)Cl)N(C)C1,KDLRVYVGXIQJDK-AWPVFWJPSA-N,O=C(NCC1CCCCO1)C1CCCN1,1.0,1.0,0.0,424.9910000000001,27.0,18.0,0.0,102.26,0.3895000000000004,4.0,7.0,7.0,2.0,0.9444444444444444,True,,Ambiguous DILI-concern,ambiguous,False,,DILImap_metadata_offline,
LT01542,Clobazam,3,Adverse reactions,Ambiguous-DILI-concern,New,,,,,,,,,,,,ambiguous,,clobazam,,CN1C(=O)CC(=O)N(c2ccccc2)c2cc(Cl)ccc21,,,True,CN1C(=O)CC(=O)N(c2ccccc2)c2cc(Cl)ccc21,CXOXHMZGEKVPMT-UHFFFAOYSA-N,O=C1CC(=O)N(c2ccccc2)c2ccccc2N1,1.0,1.0,0.0,300.74500000000006,21.0,16.0,0.0,40.620000000000005,3.3712000000000018,0.0,2.0,1.0,3.0,0.125,True,,,other,False,,DILImap_metadata_offline,
LT01206,Clofarabine,8,Warnings & precautions,Ambiguous-DILI-concern,Unchanged,Clofarabine,Nc1nc(Cl)nc2c1ncn2[C@@H]1O[C@H](CO)[C@@H](O)[C@@H]1F,CHEMBL1750,123318-82-1,303.68,-0.35,1.0,D,DILI (few cases),,"Necrosis, Sinusoidal",ambiguous,,clofarabine,DILImap_metadata,Nc1nc(Cl)nc2c1ncn2[C@@H]1O[C@H](CO)[C@@H](O)[C@@H]1F,,,True,Nc1nc(Cl)nc2c1ncn2[C@@H]1O[C@H](CO)[C@@H](O)[C@@H]1F,WDDPHFBMKLOVOX-AYQXTPAHSA-N,c1ncc2ncn(C3CCCO3)c2n1,1.0,1.0,0.0,303.681,20.0,10.0,0.0,119.31000000000002,-0.34940000000000027,3.0,7.0,2.0,3.0,0.5,True,,Ambiguous DILI-concern,ambiguous,False,,,
LT00011,Clofibrate,3,Warnings & precautions,vLess-DILI-concern,Unchanged,Clofibrate,CCOC(=O)C(C)(C)Oc1ccc(Cl)cc1,CHEMBL565,637-07-0,242.7,3.06,1.0,D,DILI (few cases),,"Hepatitis, Cholestasis/Biliary, Cirrhosis, Immune-mediated, Hypersensitivity",less,,clofibrate,DILImap_metadata,CCOC(=O)C(C)(C)Oc1ccc(Cl)cc1,,,True,CCOC(=O)C(C)(C)Oc1ccc(Cl)cc1,KNHUKKLJHYUCFP-UHFFFAOYSA-N,c1ccccc1,1.0,1.0,0.0,242.702,16.0,12.0,0.0,35.53,3.060500000000001,0.0,3.0,4.0,1.0,0.4166666666666667,True,,Less-DILI-Concern,less,False,253.399,,
LT00694,Clomacran,8,Withdrawn,vMost-DILI-concern,Unchanged,Clomacran,CN(C)CCCC1c2ccccc2Nc2ccc(Cl)cc21,CHEMBL1615350,,300.83,4.87,0.0,,DILI (withdrawn),DILI,,most,1.0,clomacran,DILImap_metadata,CN(C)CCCC1c2ccccc2Nc2ccc(Cl)cc21,,,True,CN(C)CCCC1c2ccccc2Nc2ccc(Cl)cc21,JFRLWWDJCFYFSU-UHFFFAOYSA-N,c1ccc2c(c1)Cc1ccccc1N2,1.0,1.0,0.0,300.833,21.0,18.0,0.0,15.27,4.870700000000004,1.0,2.0,4.0,3.0,0.3333333333333333,True,,Most-DILI-Concern,most,False,,,
LT01228,Clometacin,8,Withdrawn,vMost-DILI-concern,Unchanged,Clometacin,COc1ccc2c(C(=O)c3ccc(Cl)cc3)c(C)n(CC(=O)O)c2c1,CHEMBL13376,,357.79,3.93,0.0,,DILI (withdrawn),DILI,,most,1.0,clometacin,DILImap_metadata,COc1ccc2c(C(=O)c3ccc(Cl)cc3)c(C)n(CC(=O)O)c2c1,,,True,COc1ccc2c(C(=O)c3ccc(Cl)cc3)c(C)n(CC(=O)O)c2c1,DGMZLCLHHVYDIS-UHFFFAOYSA-N,O=C(c1ccccc1)c1c[nH]c2ccccc12,1.0,1.0,0.0,357.7930000000001,25.0,19.0,0.0,68.53,3.9273200000000026,1.0,3.0,5.0,3.0,0.15789473684210525,True,,Most-DILI-Concern,most,False,,,
LT00233,Clomiphene citrate,3,Warnings & precautions,vLess-DILI-concern,Unchanged,Clomiphene,CCN(CC)CCOc1ccc(C(=C(Cl)c2ccccc2)c2ccccc2)cc1,CHEMBL2355051,50-41-9,405.97,6.56,0.0,C,DILI (few cases),,"Sinusoidal, Hypersensitivity, idiosyncratic cases",less,,clomiphene citrate,DILImap_metadata,CCN(CC)CCOc1ccc(C(=C(Cl)c2ccccc2)c2ccccc2)cc1,,,True,CCN(CC)CCOc1ccc(C(=C(Cl)c2ccccc2)c2ccccc2)cc1,GKIRPKYJQBWNGO-UHFFFAOYSA-N,C(=C(c1ccccc1)c1ccccc1)c1ccccc1,1.0,1.0,0.0,405.96900000000005,29.0,26.0,0.0,12.47,6.562600000000006,0.0,2.0,9.0,3.0,0.23076923076923078,True,,Less-DILI-Concern,less,False,,,
LT00185,Clomipramine hydrochloride,8,Warnings & precautions,vMost-DILI-concern,Unchanged,Clomipramine,CN(C)CCCN1c2ccccc2CCc2ccc(Cl)cc21,CHEMBL415,17321-77-6,314.86,4.53,0.0,D,DILI (likely),DILI,"Cholestasis/Biliary, Immune-mediated, Hypersensitivity",most,1.0,clomipramine hydrochloride,DILImap_metadata,CN(C)CCCN1c2ccccc2CCc2ccc(Cl)cc21,,,True,CN(C)CCCN1c2ccccc2CCc2ccc(Cl)cc21,GDLIGKIOYRNHDA-UHFFFAOYSA-N,c1ccc2c(c1)CCc1ccccc1N2,1.0,1.0,0.0,314.86,22.0,19.0,0.0,6.48,4.528400000000004,0.0,2.0,4.0,3.0,0.3684210526315789,True,,Most-DILI-Concern,most,False,,,
LT00532,Clonazepam,3,Adverse reactions,vLess-DILI-concern,Unchanged,Clonazepam,O=C1CN=C(c2ccccc2Cl)c2cc([N+](=O)[O-])ccc2N1,CHEMBL452,,315.72,3.04,0.0,D,DILI (few cases),,Cholestasis/Biliary,less,,clonazepam,DILImap_metadata,O=C1CN=C(c2ccccc2Cl)c2cc([N+](=O)[O-])ccc2N1,,,True,O=C1CN=C(c2ccccc2Cl)c2cc([N+](=O)[O-])ccc2N1,DGBIGWXXNGSACT-UHFFFAOYSA-N,O=C1CN=C(c2ccccc2)c2ccccc2N1,1.0,1.0,0.0,315.716,22.0,15.0,0.0,84.6,3.037700000000001,1.0,4.0,2.0,3.0,0.06666666666666667,True,,Less-DILI-Concern,less,False,,,
LT01231,Clonidine hydrochloride,3,Adverse reactions,Ambiguous-DILI-concern,Unchanged,Clonidine,Clc1cccc(Cl)c1NC1=NCCN1,CHEMBL134,4205-91-8,230.1,2.36,0.0,E,No DILI,No DILI,,ambiguous,,clonidine hydrochloride,DILImap_metadata,Clc1cccc(Cl)c1NC1=NCCN1,,,True,Clc1cccc(Cl)c1NC1=NCCN1,GJSURZIOUXUGAL-UHFFFAOYSA-N,c1ccc(NC2=NCCN2)cc1,1.0,1.0,0.0,230.09799999999998,14.0,9.0,0.0,36.42,2.3644999999999996,2.0,3.0,1.0,2.0,0.2222222222222222,True,,Ambiguous DILI-concern,ambiguous,False,,,
LT01023,Clopidogrel bisulfate,7,Adverse reactions,vLess-DILI-concern,Unchanged,Clopidogrel,COC(=O)[C@H](c1ccccc1Cl)N1CCc2sccc2C1,CHEMBL1771,120202-66-6,321.83,3.67,1.0,B,DILI (likely),DILI,"CYP, Cholestasis/Biliary, Immune-mediated, Hypersensitivity",less,,clopidogrel bisulfate,DILImap_metadata,COC(=O)[C@H](c1ccccc1Cl)N1CCc2sccc2C1,,,True,COC(=O)[C@H](c1ccccc1Cl)N1CCc2sccc2C1,GKTWGGQPFAXNFI-HNNXBMFYSA-N,c1ccc(CN2CCc3sccc3C2)cc1,1.0,1.0,0.0,321.829,21.0,16.0,0.0,29.54,3.6739000000000024,0.0,4.0,3.0,3.0,0.3125,True,,Less-DILI-Concern,less,False,,,
LT00341,Clorazepate dipotassium,3,Warnings & precautions,Ambiguous-DILI-concern,Unchanged,Clorazepate,O=C(O)C1N=C(c2ccccc2)c2cc(Cl)ccc2NC1=O,CHEMBL1213252,,314.73,2.58,1.0,D,DILI (few cases),,Cholestasis/Biliary,ambiguous,,clorazepate dipotassium,DILImap_metadata,O=C(O)C1N=C(c2ccccc2)c2cc(Cl)ccc2NC1=O,,,True,O=C(O)C1N=C(c2ccccc2)c2cc(Cl)ccc2NC1=O,XDDJGVMJFWAHJX-UHFFFAOYSA-N,O=C1CN=C(c2ccccc2)c2ccccc2N1,1.0,1.0,0.0,314.72800000000007,22.0,16.0,0.0,78.75999999999999,2.5827,2.0,3.0,2.0,3.0,0.0625,True,,Ambiguous DILI-concern,ambiguous,False,,,
LT00248,Clotrimazole,3,Warnings & precautions,vLess-DILI-concern,Unchanged,Clotrimazole,Clc1ccccc1C(c1ccccc1)(c1ccccc1)n1ccnc1,CHEMBL104,23593-75-1,344.85,5.38,0.0,E,No DILI (unlikely),,,less,,clotrimazole,DILImap_metadata,Clc1ccccc1C(c1ccccc1)(c1ccccc1)n1ccnc1,,,True,Clc1ccccc1C(c1ccccc1)(c1ccccc1)n1ccnc1,VNFPBHJOKIVQEB-UHFFFAOYSA-N,c1ccc(C(c2ccccc2)(c2ccccc2)n2ccnc2)cc1,1.0,1.0,0.0,344.845,25.0,22.0,0.0,17.82,5.376700000000004,0.0,1.0,4.0,4.0,0.045454545454545456,True,,Less-DILI-Concern,less,False,0.0885,,
LT01235,Cloxacillin sodium,3,Warnings & precautions,vLess-DILI-concern,Unchanged,Cloxacillin,Cc1onc(-c2ccccc2Cl)c1C(=O)N[C@@H]1C(=O)N2[C@@H]1SC(C)(C)[C@@H]2C(=O)O,CHEMBL891,7081-44-9,435.89,2.55,0.0,B,DILI (likely),DILI,"Hepatitis, Cholestasis/Biliary, Hypersensitivity (manual annotation)",less,,cloxacillin sodium,DILImap_metadata,Cc1onc(-c2ccccc2Cl)c1C(=O)N[C@@H]1C(=O)N2[C@@H]1SC(C)(C)[C@@H]2C(=O)O,,,True,Cc1onc(-c2ccccc2Cl)c1C(=O)N[C@@H]1C(=O)N2[C@@H]1SC(C)(C)[C@@H]2C(=O)O,LQOLIRLGBULYKD-JKIFEVAISA-N,O=C(NC1C(=O)N2CCSC12)c1conc1-c1ccccc1,1.0,1.0,0.0,435.8890000000002,29.0,19.0,0.0,112.74,2.5487200000000003,2.0,6.0,4.0,4.0,0.3684210526315789,True,,Less-DILI-Concern,less,False,,,
LT00287,Clozapine,5,Warnings & precautions,vMost-DILI-concern,Unchanged,Clozapine,CN1CCN(C2=Nc3cc(Cl)ccc3Nc3ccccc32)CC1,CHEMBL42,5786-21-0,326.83,3.72,0.0,B,DILI (likely),DILI,"CYP, Cholestasis/Biliary, Immune-mediated, Hypersensitivity",most,1.0,clozapine,DILImap_metadata,CN1CCN(C2=Nc3cc(Cl)ccc3Nc3ccccc32)CC1,,,True,CN1CCN(C2=Nc3cc(Cl)ccc3Nc3ccccc32)CC1,QZUDBNBUXVUHMW-UHFFFAOYSA-N,c1ccc2c(c1)N=C(N1CCNCC1)c1ccccc1N2,1.0,1.0,0.0,326.83100000000013,23.0,18.0,0.0,30.869999999999997,3.7227000000000023,1.0,4.0,0.0,4.0,0.2777777777777778,True,,Most-DILI-Concern,most,False,1.07089312486613,,
LT03578,Cobicistat,5,Adverse reactions,Ambiguous-DILI-concern,New,,,,,,,,,,,,ambiguous,,cobicistat,,CC(C)c1nc(CN(C)C(=O)N[C@@H](CCN2CCOCC2)C(=O)N[C@H](CC[C@H](Cc2ccccc2)NC(=O)OCc2cncs2)Cc2ccccc2)cs1,,,True,CC(C)c1nc(CN(C)C(=O)N[C@@H](CCN2CCOCC2)C(=O)N[C@H](CC[C@H](Cc2ccccc2)NC(=O)OCc2cncs2)Cc2ccccc2)cs1,ZCIGNRJZKPOIKD-CQXVEOKZSA-N,O=C(NCc1cscn1)NC(CCN1CCOCC1)C(=O)NC(CCC(Cc1ccccc1)NC(=O)OCc1cncs1)Cc1ccccc1,1.0,1.0,0.0,776.0420000000001,54.0,40.0,0.0,138.02,6.000700000000006,3.0,10.0,19.0,5.0,0.475,True,,,other,False,,DILImap_metadata_offline,
LT03613,Cobimetinib fumarate,4,Warnings & precautions,Ambiguous-DILI-concern,New,,,,,,,,,,,,ambiguous,,cobimetinib fumarate,,C1CCN[C@@H](C1)C2(CN(C2)C(=O)C3=C(C(=C(C=C3)F)F)NC4=C(C=C(C=C4)I)F)O.C1CCN[C@@H](C1)C2(CN(C2)C(=O)C3=C(C(=C(C=C3)F)F)NC4=C(C=C(C=C4)I)F)O.C(=C/C(=O)O)\C(=O)O,71491931.0,RESIMIUSNACMNW-BXRWSSRYSA-N,True,O=C(c1ccc(F)c(F)c1Nc1ccc(I)cc1F)N1CC(O)([C@@H]2CCCCN2)C1,BSMCAPRUBJMWDF-KRWDZBQOSA-N,O=C(c1ccccc1Nc1ccccc1)N1CC(C2CCCCN2)C1,3.0,0.4411764705882353,0.0,531.3160000000001,30.0,21.0,0.0,64.60000000000001,3.7811000000000026,3.0,4.0,4.0,4.0,0.38095238095238093,True,,,other,False,,,PubChem_name_property
LT01269,Codeine sulfate,0,No match,vNo-DILI-concern,Unchanged,Codeine,COc1ccc2c3c1O[C@H]1[C@@H](O)C=C[C@H]4[C@@H](C2)N(C)CC[C@@]341,CHEMBL485,,299.37,1.5,0.0,E,No DILI,No DILI,,no,0.0,codeine sulfate,DILImap_metadata,COc1ccc2c3c1O[C@H]1[C@@H](O)C=C[C@H]4[C@@H](C2)N(C)CC[C@@]341,,,True,COc1ccc2c3c1O[C@H]1[C@@H](O)C=C[C@H]4[C@@H](C2)N(C)CC[C@@]341,OROGSEYTTFOCAN-DNJOTXNNSA-N,C1=CC2C3Cc4cccc5c4C2(CCN3)C(C1)O5,1.0,1.0,0.0,299.3700000000001,22.0,18.0,0.0,41.93,1.5010999999999999,1.0,4.0,1.0,5.0,0.5555555555555556,True,,No-DILI-Concern,no,False,,,
LT00076,Colchicine,6,Adverse reactions,Ambiguous-DILI-concern,Unchanged,Colchicine,COc1cc2c(c(OC)c1OC)-c1ccc(OC)c(=O)cc1[C@@H](NC(C)=O)CC2,CHEMBL107,64-86-8,399.44,2.87,0.0,E,No DILI,No DILI,,ambiguous,,colchicine,DILImap_metadata,COc1cc2c(c(OC)c1OC)-c1ccc(OC)c(=O)cc1[C@@H](NC(C)=O)CC2,,,True,COc1cc2c(c(OC)c1OC)-c1ccc(OC)c(=O)cc1[C@@H](NC(C)=O)CC2,IAKHMKGGTNLKSZ-INIZCTEOSA-N,O=c1cccc2c(c1)CCCc1ccccc1-2,1.0,1.0,0.0,399.4430000000002,29.0,22.0,0.0,83.09,2.871600000000001,1.0,6.0,5.0,3.0,0.36363636363636365,True,,Ambiguous DILI-concern,ambiguous,False,0.0063,,
LT01080,Colesevelam hydrochloride,3,Adverse reactions,Ambiguous-DILI-concern,Unchanged,Colesevelam,,CHEMBL1201473,,,,0.0,E,No DILI,No DILI,,ambiguous,,colesevelam hydrochloride,,,,,False,,,,,,,,,,,,,,,,,,False,missing_structure,Ambiguous DILI-concern,ambiguous,False,,,
LT00881,Colestipol hydrochloride,3,Adverse reactions,vLess-DILI-concern,Revised,Colestipol,,CHEMBL1201474,,,,0.0,E,No DILI,No DILI,,less,,colestipol hydrochloride,,C(CNCCNCCNCCN)N.Cl,3084661.0,GACQNVJDWUAPFY-UHFFFAOYSA-N,True,NCCNCCNCCNCCN,FAGUFWYHJQFNRV-UHFFFAOYSA-N,,2.0,0.9285714285714286,0.0,189.307,13.0,8.0,0.0,88.13,-2.3273999999999972,5.0,5.0,10.0,0.0,1.0,True,,Ambiguous DILI-concern,ambiguous,False,,,PubChem_name_property
LT01275,Colistimethate sodium,0,No match,vNo-DILI-concern,Unchanged,Colistimethate,CCC(C)CCCCC(=O)N(CS(=O)(=O)O)[C@@H](CCNCS(=O)(=O)O)C(=O)N[C@@H](CN[C@@H](CCNCS(=O)(=O)O)C(=O)N[C@H]1CCNC(=O)[C@H]([C@@H](C)O)NC(=O)[C@@H](CCNCS(=O)(=O)O)NC(=O)[C@H](CCNCS(=O)(=O)O)NC(=O)[C@H](CC(C)C)NC(=O)[C@@H](CC(C)C)NC(=O)[C@H](CCNCS(=O)(=O)O)NC1=O)[C@@H](C)O,CHEMBL2304327,,1720.05,,1.0,,No DILI,No DILI,,no,0.0,colistimethate sodium,DILImap_metadata,CCC(C)CCCCC(=O)N(CS(=O)(=O)O)[C@@H](CCNCS(=O)(=O)O)C(=O)N[C@@H](CN[C@@H](CCNCS(=O)(=O)O)C(=O)N[C@H]1CCNC(=O)[C@H]([C@@H](C)O)NC(=O)[C@@H](CCNCS(=O)(=O)O)NC(=O)[C@H](CCNCS(=O)(=O)O)NC(=O)[C@H](CC(C)C)NC(=O)[C@@H](CC(C)C)NC(=O)[C@H](CCNCS(=O)(=O)O)NC1=O)[C@@H](C)O,,,True,CCC(C)CCCCC(=O)N(CS(=O)(=O)O)[C@@H](CCNCS(=O)(=O)O)C(=O)N[C@@H](CN[C@@H](CCNCS(=O)(=O)O)C(=O)N[C@H]1CCNC(=O)[C@H]([C@@H](C)O)NC(=O)[C@@H](CCNCS(=O)(=O)O)NC(=O)[C@H](CCNCS(=O)(=O)O)NC(=O)[C@H](CC(C)C)NC(=O)[C@@H](CC(C)C)NC(=O)[C@H](CCNCS(=O)(=O)O)NC1=O)[C@@H](C)O,RRDRHWJDBOGQHN-JWCTVYNTSA-N,O=C1CCCNC(=O)CNC(=O)CNC(=O)CNC(=O)CNC(=O)CNC(=O)CN1,1.0,1.0,0.0,1720.0450000000005,111.0,59.0,0.0,721.0699999999999,-8.029299999999973,23.0,30.0,47.0,1.0,0.8305084745762712,False,mw_above_1000;heavy_atoms_above_80,No-DILI-Concern,no,False,,,
LT01210,Conivaptan hydrochloride,0,No match,vNo-DILI-concern,Unchanged,Conivaptan,Cc1nc2c([nH]1)-c1ccccc1N(C(=O)c1ccc(NC(=O)c3ccccc3-c3ccccc3)cc1)CC2,CHEMBL1755,168626-94-6,498.59,6.51,0.0,,No DILI,No DILI,,no,0.0,conivaptan hydrochloride,DILImap_metadata,Cc1nc2c([nH]1)-c1ccccc1N(C(=O)c1ccc(NC(=O)c3ccccc3-c3ccccc3)cc1)CC2,,,True,Cc1nc2c([nH]1)-c1ccccc1N(C(=O)c1ccc(NC(=O)c3ccccc3-c3ccccc3)cc1)CC2,IKENVDNFQMCRTR-UHFFFAOYSA-N,O=C(Nc1ccc(C(=O)N2CCc3nc[nH]c3-c3ccccc32)cc1)c1ccccc1-c1ccccc1,1.0,1.0,0.0,498.58600000000024,38.0,32.0,0.0,78.09,6.507320000000005,2.0,3.0,4.0,6.0,0.09375,True,,No-DILI-Concern,no,False,,,
LT03651,Copanlisib dihydrochloride,0,No match,vNo-DILI-concern,New,,,,,,,,,,,,no,0.0,copanlisib dihydrochloride,,COC1=C(C=CC2=C3NCCN3C(=NC(=O)C4=CN=C(N=C4)N)N=C21)OCCCN5CCOCC5.Cl.Cl,135565785.0,KWVVOPDWPMORCQ-UHFFFAOYSA-N,True,COc1c(OCCCN2CCOCC2)ccc2c3n(c(=NC(=O)c4cnc(N)nc4)nc12)CCN3,MWYDSXOGIBMAET-UHFFFAOYSA-N,O=C(N=c1nc2cc(OCCCN3CCOCC3)ccc2c2n1CCN2)c1cncnc1,3.0,0.9459459459459459,0.0,480.5290000000004,35.0,23.0,0.0,142.01,0.6848000000000003,2.0,10.0,7.0,5.0,0.43478260869565216,True,,,other,False,,,PubChem_name_property
LT03900,Copper cu-64 dotatate,0,No match,vNo-DILI-concern,New,,,,,,,,,,,,no,0.0,copper cu 64 dotatate,,C[C@H]([C@H]1C(=O)N[C@@H](CSSC[C@@H](C(=O)N[C@H](C(=O)N[C@@H](C(=O)N[C@H](C(=O)N1)CCCCN)CC2=CNC3=CC=CC=C32)CC4=CC=C(C=C4)O)NC(=O)[C@@H](CC5=CC=CC=C5)NC(=O)CN6CCN(CCN(CCN(CC6)CC(=O)[O-])CC(=O)[O-])CC(=O)O)C(=O)N[C@@H]([C@@H](C)O)C(=O)O)O.[64Cu+2],124220636.0,IJRLLVFQGCCPPI-NVGRTJHCSA-L,True,C[C@@H](O)[C@H](NC(=O)[C@@H]1CSSC[C@H](NC(=O)[C@@H](Cc2ccccc2)NC(=O)CN2CCN(CC(=O)O)CCN(CC(=O)O)CCN(CC(=O)O)CC2)C(=O)N[C@@H](Cc2ccc(O)cc2)C(=O)N[C@H](Cc2c[nH]c3ccccc23)C(=O)N[C@@H](CCCCN)C(=O)N[C@@H]([C@@H](C)O)C(=O)N1)C(=O)O,QVFLVLMYXXNJDT-CSBVGUNJSA-N,O=C1CNC(=O)CNC(=O)C(Cc2c[nH]c3ccccc23)NC(=O)C(Cc2ccccc2)NC(=O)C(NC(=O)C(Cc2ccccc2)NC(=O)CN2CCNCCNCCNCC2)CSSCCN1,2.0,0.9900990099009901,0.0,1435.6480000000004,100.0,65.0,0.0,497.4600000000001,-3.3746000000000187,17.0,22.0,26.0,6.0,0.5076923076923077,False,mw_above_1000;heavy_atoms_above_80,,other,False,,,PubChem_name_property
LT00438,Corticorelin ovine triflutate,0,No match,vNo-DILI-concern,Unchanged,Corticorelin ovine triflutate,,CHEMBL1201591,,,,0.0,,No DILI,No DILI,,no,0.0,corticorelin ovine triflutate,,CC[C@H](C)[C@@H](C(=O)N[C@@H](CO)C(=O)N[C@@H](CC(C)C)C(=O)N[C@@H](CC(=O)O)C(=O)N[C@@H](CC(C)C)C(=O)N[C@@H]([C@@H](C)O)C(=O)N[C@@H](CC1=CC=CC=C1)C(=O)N[C@@H](CC2=CN=CN2)C(=O)N[C@@H](CC(C)C)C(=O)N[C@@H](CC(C)C)C(=O)N[C@@H](CCCNC(=N)N)C(=O)N[C@@H](CCC(=O)O)C(=O)N[C@@H](C(C)C)C(=O)N[C@@H](CC(C)C)C(=O)N[C@@H](CCC(=O)O)C(=O)N[C@@H](CCSC)C(=O)N[C@@H]([C@@H](C)O)C(=O)N[C@@H](CCCCN)C(=O)N[C@@H](C)C(=O)N[C@@H](CC(=O)O)C(=O)N[C@@H](CCC(=O)N)C(=O)N[C@@H](CC(C)C)C(=O)N[C@@H](C)C(=O)N[C@@H](CCC(=O)N)C(=O)N[C@@H](CCC(=O)N)C(=O)N[C@@H](C)C(=O)N[C@@H](CC3=CN=CN3)C(=O)N[C@@H](CO)C(=O)N[C@@H](CC(=O)N)C(=O)N[C@@H](CCCNC(=N)N)C(=O)N[C@@H](CCCCN)C(=O)N[C@@H](CC(C)C)C(=O)N[C@@H](CC(C)C)C(=O)N[C@@H](CC(=O)O)C(=O)N[C@@H]([C@@H](C)CC)C(=O)N[C@@H](C)C(=O)N)NC(=O)[C@@H]4CCCN4C(=O)[C@@H]5CCCN5C(=O)[C@H](CCC(=O)O)NC(=O)[C@H](CCC(=O)N)NC(=O)[C@H](CO)N,16132344.0,QEEJLLNYQOBRRM-KSHGRFHLSA-N,True,CC[C@H](C)[C@H](NC(=O)[C@H](CC(=O)O)NC(=O)[C@H](CC(C)C)NC(=O)[C@H](CC(C)C)NC(=O)[C@H](CCCCN)NC(=O)[C@H](CCCNC(=N)N)NC(=O)[C@H](CC(N)=O)NC(=O)[C@H](CO)NC(=O)[C@H](Cc1cnc[nH]1)NC(=O)[C@H](C)NC(=O)[C@H](CCC(N)=O)NC(=O)[C@H](CCC(N)=O)NC(=O)[C@H](C)NC(=O)[C@H](CC(C)C)NC(=O)[C@H](CCC(N)=O)NC(=O)[C@H](CC(=O)O)NC(=O)[C@H](C)NC(=O)[C@H](CCCCN)NC(=O)[C@@H](NC(=O)[C@H](CCSC)NC(=O)[C@H](CCC(=O)O)NC(=O)[C@H](CC(C)C)NC(=O)[C@@H](NC(=O)[C@H](CCC(=O)O)NC(=O)[C@H](CCCNC(=N)N)NC(=O)[C@H](CC(C)C)NC(=O)[C@H](CC(C)C)NC(=O)[C@H](Cc1cnc[nH]1)NC(=O)[C@H](Cc1ccccc1)NC(=O)[C@@H](NC(=O)[C@H](CC(C)C)NC(=O)[C@H](CC(=O)O)NC(=O)[C@H](CC(C)C)NC(=O)[C@H](CO)NC(=O)[C@@H](NC(=O)[C@@H]1CCCN1C(=O)[C@@H]1CCCN1C(=O)[C@H](CCC(=O)O)NC(=O)[C@H](CCC(N)=O)NC(=O)[C@@H](N)CO)[C@@H](C)CC)[C@@H](C)O)C(C)C)[C@@H](C)O)C(=O)N[C@@H](C)C(N)=O,QEEJLLNYQOBRRM-KSHGRFHLSA-N,O=C(CNC(=O)CNC(=O)CNC(=O)CNC(=O)CNC(=O)CNC(=O)CNC(=O)CNC(=O)CNC(=O)CNC(=O)CNC(=O)CNC(=O)CNC(=O)CNC(=O)CNC(=O)CNC(=O)CNC(=O)CNC(=O)C(Cc1cnc[nH]1)NC(=O)C(Cc1ccccc1)NC(=O)CNC(=O)CNC(=O)CNC(=O)CNC(=O)CNC(=O)CNC(=O)C1CCCN1C(=O)C1CCCN1)NCCc1cnc[nH]1,1.0,1.0,0.0,4670.383999999984,328.0,205.0,0.0,1989.129999999998,-19.193660000000346,66.0,65.0,159.0,5.0,0.6780487804878049,False,mw_above_1000;heavy_atoms_above_80;structure_too_large,No-DILI-Concern,no,False,,,PubChem_name_property
LT00077,Corticotropin,0,No match,vNo-DILI-concern,Unchanged,Corticotropin,,CHEMBL1201610,,,,0.0,,No DILI,No DILI,,no,0.0,corticotropin,,C[C@@H](C(=O)N[C@@H](CCC(=O)O)C(=O)N[C@@H](CC(=O)O)C(=O)N[C@@H](CCC(=O)O)C(=O)N[C@@H](CO)C(=O)N[C@@H](C)C(=O)N[C@@H](CCC(=O)O)C(=O)N[C@@H](C)C(=O)N[C@@H](CC1=CC=CC=C1)C(=O)N2CCC[C@H]2C(=O)N[C@@H](CC(C)C)C(=O)N[C@@H](CCC(=O)O)C(=O)N[C@@H](CC3=CC=CC=C3)C(=O)O)NC(=O)CNC(=O)[C@H](CC(=O)N)NC(=O)[C@@H]4CCCN4C(=O)[C@H](CC5=CC=C(C=C5)O)NC(=O)[C@H](C(C)C)NC(=O)[C@H](CCCCN)NC(=O)[C@H](C(C)C)NC(=O)[C@@H]6CCCN6C(=O)[C@H](CCCNC(=N)N)NC(=O)[C@H](CCCNC(=N)N)NC(=O)[C@H](CCCCN)NC(=O)[C@H](CCCCN)NC(=O)CNC(=O)[C@H](C(C)C)NC(=O)[C@@H]7CCCN7C(=O)[C@H](CCCCN)NC(=O)CNC(=O)[C@H](CC8=CNC9=CC=CC=C98)NC(=O)[C@H](CCCNC(=N)N)NC(=O)[C@H](CC1=CC=CC=C1)NC(=O)[C@H](CC1=CN=CN1)NC(=O)[C@H](CCC(=O)O)NC(=O)[C@H](CCSC)NC(=O)[C@H](CO)NC(=O)[C@H](CC1=CC=C(C=C1)O)NC(=O)[C@H](CO)N,16132265.0,IDLFZVILOHSSID-OVLDLUHVSA-N,True,CSCC[C@H](NC(=O)[C@H](CO)NC(=O)[C@H](Cc1ccc(O)cc1)NC(=O)[C@@H](N)CO)C(=O)N[C@@H](CCC(=O)O)C(=O)N[C@@H](Cc1cnc[nH]1)C(=O)N[C@@H](Cc1ccccc1)C(=O)N[C@@H](CCCNC(=N)N)C(=O)N[C@@H](Cc1c[nH]c2ccccc12)C(=O)NCC(=O)N[C@@H](CCCCN)C(=O)N1CCC[C@H]1C(=O)N[C@H](C(=O)NCC(=O)N[C@@H](CCCCN)C(=O)N[C@@H](CCCCN)C(=O)N[C@@H](CCCNC(=N)N)C(=O)N[C@@H](CCCNC(=N)N)C(=O)N1CCC[C@H]1C(=O)N[C@H](C(=O)N[C@@H](CCCCN)C(=O)N[C@H](C(=O)N[C@@H](Cc1ccc(O)cc1)C(=O)N1CCC[C@H]1C(=O)N[C@@H](CC(N)=O)C(=O)NCC(=O)N[C@@H](C)C(=O)N[C@@H](CCC(=O)O)C(=O)N[C@@H](CC(=O)O)C(=O)N[C@@H](CCC(=O)O)C(=O)N[C@@H](CO)C(=O)N[C@@H](C)C(=O)N[C@@H](CCC(=O)O)C(=O)N[C@@H](C)C(=O)N[C@@H](Cc1ccccc1)C(=O)N1CCC[C@H]1C(=O)N[C@@H](CC(C)C)C(=O)N[C@@H](CCC(=O)O)C(=O)N[C@@H](Cc1ccccc1)C(=O)O)C(C)C)C(C)C)C(C)C,IDLFZVILOHSSID-OVLDLUHVSA-N,O=C(CCc1ccccc1)NCC(=O)NCC(=O)NCC(=O)NC(Cc1cnc[nH]1)C(=O)NC(Cc1ccccc1)C(=O)NCC(=O)NC(Cc1c[nH]c2ccccc12)C(=O)NCC(=O)NCC(=O)N1CCCC1C(=O)NCC(=O)NCC(=O)NCC(=O)NCC(=O)NCC(=O)NCC(=O)N1CCCC1C(=O)NCC(=O)NCC(=O)NCC(=O)NC(Cc1ccccc1)C(=O)N1CCCC1C(=O)NCC(=O)NCC(=O)NCC(=O)NCC(=O)NCC(=O)NCC(=O)NCC(=O)NCC(=O)NCC(=O)NCC(=O)NC(Cc1ccccc1)C(=O)N1CCCC1C(=O)NCC(=O)NCC(=O)NCCc1ccccc1,1.0,1.0,0.0,4541.14199999999,322.0,207.0,0.0,1836.2499999999984,-15.1620900000003,63.0,61.0,145.0,12.0,0.5652173913043478,False,mw_above_1000;heavy_atoms_above_80;structure_too_large,No-DILI-Concern,no,False,,,PubChem_name_property
LT00734,Cortisone acetate,0,No match,vNo-DILI-concern,Unchanged,Cortisone acetate,CC(=O)OCC(=O)[C@@]1(O)CC[C@H]2[C@@H]3CCC4=CC(=O)CC[C@]4(C)[C@H]3C(=O)C[C@@]21C,CHEMBL1650,50-04-4,402.49,2.56,0.0,,No DILI,No DILI,,no,0.0,cortisone acetate,DILImap_metadata,CC(=O)OCC(=O)[C@@]1(O)CC[C@H]2[C@@H]3CCC4=CC(=O)CC[C@]4(C)[C@H]3C(=O)C[C@@]21C,,,True,CC(=O)OCC(=O)[C@@]1(O)CC[C@H]2[C@@H]3CCC4=CC(=O)CC[C@]4(C)[C@H]3C(=O)C[C@@]21C,ITRJWOMZKQRYTA-RFZYENFJSA-N,O=C1C=C2CCC3C4CCCC4CC(=O)C3C2CC1,1.0,1.0,0.0,402.48700000000025,29.0,23.0,0.0,97.74000000000001,2.560600000000001,1.0,6.0,3.0,4.0,0.7391304347826086,True,,No-DILI-Concern,no,False,,,
LT00855,Cosyntropin,0,No match,vNo-DILI-concern,Unchanged,Cosyntropin,CSCC[C@H](NC(=O)[C@H](CO)NC(=O)[C@H](Cc1ccc(O)cc1)NC(=O)[C@@H](N)CO)C(=O)N[C@@H](CCC(=O)O)C(=O)N[C@@H](Cc1c[nH]cn1)C(=O)N[C@@H](Cc1ccccc1)C(=O)N[C@@H](CCCNC(=N)N)C(=O)N[C@@H](Cc1c[nH]c2ccccc12)C(=O)NCC(=O)N[C@@H](CCCCN)C(=O)N1CCC[C@H]1C(=O)N[C@H](C(=O)NCC(=O)N[C@@H](CCCCN)C(=O)N[C@@H](CCCCN)C(=O)N[C@@H](CCCNC(=N)N)C(=O)N[C@@H](CCCNC(=N)N)C(=O)N1CCC[C@H]1C(=O)N[C@H](C(=O)N[C@@H](CCCCN)C(=O)N[C@H](C(=O)N[C@@H](Cc1ccc(O)cc1)C(=O)N1CCC[C@H]1C(=O)O)C(C)C)C(C)C)C(C)C,CHEMBL2103784,,2933.49,,0.0,,No DILI,No DILI,,no,0.0,cosyntropin,DILImap_metadata,CSCC[C@H](NC(=O)[C@H](CO)NC(=O)[C@H](Cc1ccc(O)cc1)NC(=O)[C@@H](N)CO)C(=O)N[C@@H](CCC(=O)O)C(=O)N[C@@H](Cc1c[nH]cn1)C(=O)N[C@@H](Cc1ccccc1)C(=O)N[C@@H](CCCNC(=N)N)C(=O)N[C@@H](Cc1c[nH]c2ccccc12)C(=O)NCC(=O)N[C@@H](CCCCN)C(=O)N1CCC[C@H]1C(=O)N[C@H](C(=O)NCC(=O)N[C@@H](CCCCN)C(=O)N[C@@H](CCCCN)C(=O)N[C@@H](CCCNC(=N)N)C(=O)N[C@@H](CCCNC(=N)N)C(=O)N1CCC[C@H]1C(=O)N[C@H](C(=O)N[C@@H](CCCCN)C(=O)N[C@H](C(=O)N[C@@H](Cc1ccc(O)cc1)C(=O)N1CCC[C@H]1C(=O)O)C(C)C)C(C)C)C(C)C,,,True,CSCC[C@H](NC(=O)[C@H](CO)NC(=O)[C@H](Cc1ccc(O)cc1)NC(=O)[C@@H](N)CO)C(=O)N[C@@H](CCC(=O)O)C(=O)N[C@@H](Cc1c[nH]cn1)C(=O)N[C@@H](Cc1ccccc1)C(=O)N[C@@H](CCCNC(=N)N)C(=O)N[C@@H](Cc1c[nH]c2ccccc12)C(=O)NCC(=O)N[C@@H](CCCCN)C(=O)N1CCC[C@H]1C(=O)N[C@H](C(=O)NCC(=O)N[C@@H](CCCCN)C(=O)N[C@@H](CCCCN)C(=O)N[C@@H](CCCNC(=N)N)C(=O)N[C@@H](CCCNC(=N)N)C(=O)N1CCC[C@H]1C(=O)N[C@H](C(=O)N[C@@H](CCCCN)C(=O)N[C@H](C(=O)N[C@@H](Cc1ccc(O)cc1)C(=O)N1CCC[C@H]1C(=O)O)C(C)C)C(C)C)C(C)C,ZOEFCCMDUURGSE-SQKVDDBVSA-N,O=C(CCc1ccccc1)NCC(=O)NCC(=O)NCC(=O)NC(Cc1c[nH]cn1)C(=O)NC(Cc1ccccc1)C(=O)NCC(=O)NC(Cc1c[nH]c2ccccc12)C(=O)NCC(=O)NCC(=O)N1CCCC1C(=O)NCC(=O)NCC(=O)NCC(=O)NCC(=O)NCC(=O)NCC(=O)N1CCCC1C(=O)NCC(=O)NCC(=O)NCC(=O)NC(Cc1ccccc1)C(=O)N1CCCC1,1.0,1.0,0.0,2933.4919999999956,208.0,136.0,0.0,1158.7199999999998,-7.964489999999958,42.0,39.0,93.0,9.0,0.5808823529411765,False,mw_above_1000;heavy_atoms_above_80,No-DILI-Concern,no,False,,,
LT02436,Crizotinib,8,Warnings & precautions,vMost-DILI-concern,New,,,,,,,,,,,,most,1.0,crizotinib,,C[C@@H](Oc1cc(-c2cnn(C3CCNCC3)c2)cnc1N)c1c(Cl)ccc(F)c1Cl,,,True,C[C@@H](Oc1cc(-c2cnn(C3CCNCC3)c2)cnc1N)c1c(Cl)ccc(F)c1Cl,KTEIFNKAUNYNJU-GFCCVEGCSA-N,c1ccc(COc2cncc(-c3cnn(C4CCNCC4)c3)c2)cc1,1.0,1.0,0.0,450.34500000000014,30.0,21.0,0.0,77.99,5.037700000000004,2.0,5.0,5.0,4.0,0.3333333333333333,True,,,other,False,,DILImap_metadata_offline,
LT02430,Crofelemer,4,Adverse reactions,Ambiguous-DILI-concern,New,,,,,,,,,,,,ambiguous,,crofelemer,,,,,False,,,,,,,,,,,,,,,,,,False,missing_structure,,other,False,,,
LT02004,Cromoglicate,3,Adverse reactions,vLess-DILI-concern,Unchanged,Cromoglicate,O=C(O)c1cc(=O)c2c(OCC(O)COc3cccc4oc(C(=O)O)cc(=O)c34)cccc2o1,CHEMBL428880,,468.37,2.11,0.0,,,,,less,,cromoglicate,DILImap_metadata,O=C(O)c1cc(=O)c2c(OCC(O)COc3cccc4oc(C(=O)O)cc(=O)c34)cccc2o1,,,True,O=C(O)c1cc(=O)c2c(OCC(O)COc3cccc4oc(C(=O)O)cc(=O)c34)cccc2o1,IMZMKUWMOSJXDT-UHFFFAOYSA-N,O=c1ccoc2cccc(OCCCOc3cccc4occc(=O)c34)c12,1.0,1.0,0.0,468.37000000000023,34.0,23.0,0.0,173.70999999999998,2.1145,3.0,9.0,8.0,4.0,0.13043478260869565,True,,Less-DILI-Concern,less,False,,,
LT00361,Cupric chloride,0,No match,vNo-DILI-concern,Unchanged,Cupric chloride,,CHEMBL1200553,,134.45,,0.0,,No DILI,No DILI,,no,0.0,cupric chloride,,Cl[Cu]Cl,24014.0,ORTQZVOHEJQUHG-UHFFFAOYSA-L,True,[Cu+2],JPVYNHNXODAKFH-UHFFFAOYSA-N,,1.0,0.3333333333333333,2.0,63.546,1.0,0.0,1.0,0.0,-0.0025,0.0,0.0,0.0,0.0,0.0,False,no_carbon;metal_containing,No-DILI-Concern,no,False,,,PubChem_name_property
LT02002,Cyanocobalamin,0,No match,vNo-DILI-concern,Unchanged,Cyanocobalamin,,CHEMBL2110563,68-19-9,1356.4,,0.0,,No DILI,No DILI,,no,0.0,cyanocobalamin,,CC1=CC2=C(C=C1C)N(C=N2)[C@@H]3C([C@@H]([C@H](O3)CO)OP(=O)([O-])O[C@H](C)CNC(=O)CC[C@@]\4([C@H]([C@@H]5[C@]6([C@@]([C@@H](C(=N6)/C(=C\7/[C@@]([C@@H](C(=N7)/C=C\8/C([C@@H](C(=N8)/C(=C4\[N-]5)/C)CCC(=O)N)(C)C)CCC(=O)N)(C)CC(=O)N)/C)CCC(=O)N)(C)CC(=O)N)C)CC(=O)N)C)O.[C-]#N.[Co+3],165339223.0,FDJOLVPMNUYSCM-SYUKHSAKSA-L,True,C/C1=C2/N[C@H]([C@H](CC(N)=O)[C@@]2(C)CCC(=O)NC[C@@H](C)OP(=O)(O)O[C@H]2C(O)[C@@H](n3cnc4cc(C)c(C)cc43)O[C@@H]2CO)[C@]2(C)N=C(/C(C)=C3\N=C(/C=C4\N=C1[C@@H](CCC(N)=O)C4(C)C)[C@@H](CCC(N)=O)[C@]3(C)CC(N)=O)[C@@H](CCC(N)=O)[C@]2(C)CC(N)=O,XIMXJQOPHNZJDD-PNTPVAQHSA-N,O=C(CCC1CC2NC1=CC1=NC(=CC3=NC(=CC4=NC2CC4)CC3)CC1)NCCO[PH](=O)OC1COC(n2cnc3ccccc32)C1,3.0,0.967741935483871,0.0,1272.4529999999993,90.0,62.0,0.0,460.0199999999999,3.1632400000000103,11.0,18.0,26.0,8.0,0.6290322580645161,False,mw_above_1000;heavy_atoms_above_80,No-DILI-Concern,no,False,,,PubChem_name_property
LT01249,Cyclobenzaprine hydrochloride,5,Adverse reactions,vLess-DILI-concern,Unchanged,Cyclobenzaprine,CN(C)CCC=C1c2ccccc2C=Cc2ccccc21,CHEMBL669,6202-23-9,275.4,4.55,0.0,E*,No DILI (unlikely),,,less,,cyclobenzaprine hydrochloride,DILImap_metadata,CN(C)CCC=C1c2ccccc2C=Cc2ccccc21,,,True,CN(C)CCC=C1c2ccccc2C=Cc2ccccc21,JURKNVYFZMSNLP-UHFFFAOYSA-N,C=C1c2ccccc2C=Cc2ccccc21,1.0,1.0,0.0,275.39500000000004,21.0,20.0,0.0,3.24,4.553800000000004,0.0,1.0,3.0,3.0,0.2,True,,Less-DILI-Concern,less,False,,,
LT01250,Cyclofenil,8,Withdrawn,vMost-DILI-concern,Unchanged,Cyclofenil,CC(=O)Oc1ccc(C(=C2CCCCC2)c2ccc(OC(C)=O)cc2)cc1,CHEMBL141305,2624-43-3,364.44,5.3,0.0,,DILI (withdrawn),DILI,"Hepatitis, Cholestasis/Biliary (manual annotation)",most,1.0,cyclofenil,DILImap_metadata,CC(=O)Oc1ccc(C(=C2CCCCC2)c2ccc(OC(C)=O)cc2)cc1,,,True,CC(=O)Oc1ccc(C(=C2CCCCC2)c2ccc(OC(C)=O)cc2)cc1,GVOUFPWUYJWQSK-UHFFFAOYSA-N,c1ccc(C(=C2CCCCC2)c2ccccc2)cc1,1.0,1.0,0.0,364.44100000000003,27.0,23.0,0.0,52.6,5.303200000000005,0.0,4.0,4.0,3.0,0.30434782608695654,True,,Most-DILI-Concern,most,False,0.55,,
LT00013,Cyclophosphamide,5,Adverse reactions,vLess-DILI-concern,Unchanged,Cyclophosphamide,O=P1(N(CCCl)CCCl)NCCCO1,CHEMBL88,6055-19-2,261.09,1.88,1.0,B,DILI (likely),DILI,"Necrosis, CYP, Sinusoidal, Immune-mediated, Hypersensitivity",less,,cyclophosphamide,DILImap_metadata,O=P1(N(CCCl)CCCl)NCCCO1,,,True,O=P1(N(CCCl)CCCl)NCCCO1,CMSMOCZEIVJLDB-UHFFFAOYSA-N,O=[PH]1NCCCO1,1.0,1.0,0.0,261.089,14.0,7.0,0.0,41.57000000000001,1.884,1.0,2.0,5.0,1.0,1.0,True,,Less-DILI-Concern,less,False,180.016711268145,,
LT01253,Cycloserine,3,Warnings & precautions,Ambiguous-DILI-concern,Unchanged,Cycloserine,N[C@@H]1CONC1=O,CHEMBL771,339-72-0,102.09,-1.62,0.0,E*,No DILI,No DILI,,ambiguous,,cycloserine,DILImap_metadata,N[C@@H]1CONC1=O,,,True,N[C@@H]1CONC1=O,DYDCUQKUCUHJBH-UWTATZPHSA-N,O=C1CCON1,1.0,1.0,0.0,102.09299999999999,7.0,3.0,0.0,64.35,-1.6249000000000007,2.0,3.0,0.0,1.0,0.6666666666666666,True,,Ambiguous DILI-concern,ambiguous,False,,,
LT00380,Cyclosporine,7,Warnings & precautions,vMost-DILI-concern,Unchanged,Cyclosporine,C/C=C/C[C@@H](C)[C@@H](O)[C@H]1C(=O)N[C@@H](CC)C(=O)N(C)CC(=O)N(C)[C@@H](CC(C)C)C(=O)N[C@@H](C(C)C)C(=O)N(C)[C@@H](CC(C)C)C(=O)N[C@@H](C)C(=O)N[C@H](C)C(=O)N(C)[C@@H](CC(C)C)C(=O)N(C)[C@@H](CC(C)C)C(=O)N(C)[C@@H](C(C)C)C(=O)N1C,CHEMBL160,79217-60-0,1202.63,,0.0,C,DILI (likely),DILI,"Hepatitis, CYP, Cholestasis/Biliary, Immune-mediated",most,1.0,cyclosporine,DILImap_metadata,C/C=C/C[C@@H](C)[C@@H](O)[C@H]1C(=O)N[C@@H](CC)C(=O)N(C)CC(=O)N(C)[C@@H](CC(C)C)C(=O)N[C@@H](C(C)C)C(=O)N(C)[C@@H](CC(C)C)C(=O)N[C@@H](C)C(=O)N[C@H](C)C(=O)N(C)[C@@H](CC(C)C)C(=O)N(C)[C@@H](CC(C)C)C(=O)N(C)[C@@H](C(C)C)C(=O)N1C,,,True,C/C=C/C[C@@H](C)[C@@H](O)[C@H]1C(=O)N[C@@H](CC)C(=O)N(C)CC(=O)N(C)[C@@H](CC(C)C)C(=O)N[C@@H](C(C)C)C(=O)N(C)[C@@H](CC(C)C)C(=O)N[C@@H](C)C(=O)N[C@H](C)C(=O)N(C)[C@@H](CC(C)C)C(=O)N(C)[C@@H](CC(C)C)C(=O)N(C)[C@@H](C(C)C)C(=O)N1C,PMATZTZNYRCHOR-CGLBZJNRSA-N,O=C1CNC(=O)CNC(=O)CNC(=O)CNC(=O)CNC(=O)CNC(=O)CNC(=O)CNC(=O)CNC(=O)CNC(=O)CN1,1.0,1.0,0.0,1202.634999999999,85.0,62.0,0.0,278.8,3.2690000000000046,5.0,12.0,15.0,1.0,0.7903225806451613,False,mw_above_1000;heavy_atoms_above_80,Most-DILI-Concern,most,False,,,
LT01255,Cyproheptadine hydrochloride,7,Adverse reactions,vLess-DILI-concern,Unchanged,Cyproheptadine,CN1CCC(=C2c3ccccc3C=Cc3ccccc32)CC1,CHEMBL516,969-33-5,287.41,4.7,0.0,C,DILI (few cases),,"CYP, Cholestasis/Biliary, Immune-mediated, Hypersensitivity, idiosyncratic",less,,cyproheptadine hydrochloride,DILImap_metadata,CN1CCC(=C2c3ccccc3C=Cc3ccccc32)CC1,,,True,CN1CCC(=C2c3ccccc3C=Cc3ccccc32)CC1,JJCFRYNCJDLXIK-UHFFFAOYSA-N,C1=Cc2ccccc2C(=C2CCNCC2)c2ccccc21,1.0,1.0,0.0,287.4060000000001,22.0,21.0,0.0,3.24,4.697900000000004,0.0,1.0,0.0,4.0,0.23809523809523808,True,,Less-DILI-Concern,less,False,,,
LT01256,Cysteamine bitartrate,3,Adverse reactions,Ambiguous-DILI-concern,Unchanged,Cysteamine,NCCS,CHEMBL602,156-57-0,77.15,-0.13,0.0,D[HD],DILI (few cases),,CYP,ambiguous,,cysteamine bitartrate,DILImap_metadata,NCCS,,,True,NCCS,UFULAYFCSOUIOV-UHFFFAOYSA-N,,1.0,1.0,0.0,77.15199999999999,4.0,2.0,0.0,26.02,-0.12509999999999988,2.0,2.0,1.0,0.0,1.0,True,,Ambiguous DILI-concern,ambiguous,False,,,
LT00209,Cytarabine,3,Box warning,vMost-DILI-concern,Unchanged,Cytarabine,Nc1ccn([C@@H]2O[C@H](CO)[C@@H](O)[C@@H]2O)c(=O)n1,CHEMBL803,69-74-9,243.22,-2.56,0.0,C,DILI (likely),DILI,"CYP, Cholestasis/Biliary, Sinusoidal, Immune-mediated, Hypersensitivity",most,1.0,cytarabine,DILImap_metadata,Nc1ccn([C@@H]2O[C@H](CO)[C@@H](O)[C@@H]2O)c(=O)n1,,,True,Nc1ccn([C@@H]2O[C@H](CO)[C@@H](O)[C@@H]2O)c(=O)n1,UHDGCWIWMRVCDJ-CCXZUQQUSA-N,O=c1ncccn1C1CCCO1,1.0,1.0,0.0,243.21900000000002,17.0,9.0,0.0,130.82999999999998,-2.563,4.0,7.0,2.0,2.0,0.5555555555555556,True,,Most-DILI-Concern,most,False,,,
LT02345,Dabigatran etexilate mesylate,0,No match,vLess-DILI-concern,New,,,,,,,,,,,,less,,dabigatran etexilate mesylate,,CCCCCCOC(=O)NC(=N)C1=CC=C(C=C1)NCC2=NC3=C(N2C)C=CC(=C3)C(=O)N(CCC(=O)OCC)C4=CC=CC=N4.CS(=O)(=O)O,135566083.0,XETBXHPXHHOLOE-UHFFFAOYSA-N,True,CCCCCCOC(=O)NC(=N)c1ccc(NCc2nc3cc(C(=O)N(CCC(=O)OCC)c4ccccn4)ccc3n2C)cc1,KSGXQBZTULBEEQ-UHFFFAOYSA-N,O=C(Nc1ccccn1)c1ccc2[nH]c(CNc3ccccc3)nc2c1,2.0,0.9019607843137255,0.0,627.7460000000002,46.0,34.0,0.0,151.52999999999997,5.812270000000005,3.0,9.0,15.0,4.0,0.35294117647058826,True,,,other,False,,,PubChem_name_property
LT02904,Dabrafenib mesylate,3,Adverse reactions,Ambiguous-DILI-concern,New,,,,,,,,,,,,ambiguous,,dabrafenib mesylate,,CC(C)(C)C1=NC(=C(S1)C2=NC(=NC=C2)N)C3=C(C(=CC=C3)NS(=O)(=O)C4=C(C=CC=C4F)F)F.CS(=O)(=O)O,44516822.0,YKGMKSIHIVVYKY-UHFFFAOYSA-N,True,CC(C)(C)c1nc(-c2cccc(NS(=O)(=O)c3c(F)cccc3F)c2F)c(-c2ccnc(N)n2)s1,BFSMGDJOXZAERB-UHFFFAOYSA-N,O=S(=O)(Nc1cccc(-c2ncsc2-c2ccncn2)c1)c1ccccc1,2.0,0.875,0.0,519.5740000000002,35.0,23.0,0.0,110.85999999999999,5.364900000000002,2.0,7.0,5.0,4.0,0.17391304347826086,True,,,other,False,,,PubChem_name_property
LT00288,Dacarbazine,6,Box warning,vMost-DILI-concern,Unchanged,Dacarbazine,CN(C)/N=N/c1[nH]cnc1C(N)=O,CHEMBL476,4342-03-04 00:00:00,182.19,0.07,0.0,B,DILI (likely),DILI,"Necrosis, Sinusoidal, Immune-mediated",most,1.0,dacarbazine,DILImap_metadata,CN(C)/N=N/c1[nH]cnc1C(N)=O,,,True,CN(C)/N=N/c1[nH]cnc1C(N)=O,FDKXTQMXEQVLRF-ZHACJKMWSA-N,c1c[nH]cn1,1.0,1.0,0.0,182.18699999999998,13.0,6.0,0.0,99.72999999999999,0.0688999999999999,2.0,4.0,3.0,1.0,0.3333333333333333,True,,Most-DILI-Concern,most,False,,,
LT03652,Dacomitinib,4,Adverse reactions,vLess-DILI-concern,New,,,,,,,,,,,,less,,dacomitinib,,COC1=C(C=C2C(=C1)N=CN=C2NC3=CC(=C(C=C3)F)Cl)NC(=O)/C=C/CN4CCCCC4,11511120.0,LVXJQMNHJWSHET-AATRIKPKSA-N,True,COc1cc2ncnc(Nc3ccc(F)c(Cl)c3)c2cc1NC(=O)/C=C/CN1CCCCC1,LVXJQMNHJWSHET-AATRIKPKSA-N,O=C(C=CCN1CCCCC1)Nc1ccc2ncnc(Nc3ccccc3)c2c1,1.0,1.0,0.0,469.9480000000003,33.0,24.0,0.0,79.38000000000001,5.155100000000003,2.0,6.0,7.0,4.0,0.2916666666666667,True,,,other,False,,,PubChem_name_property
LT00079,Dactinomycin,8,Warnings & precautions,vMost-DILI-concern,Unchanged,Dactinomycin,Cc1c2oc3c(C)ccc(C(=O)N[C@@H]4C(=O)N[C@H](C(C)C)C(=O)N5CCC[C@H]5C(=O)N(C)CC(=O)N(C)[C@@H](C(C)C)C(=O)O[C@@H]4C)c3nc-2c(C(=O)N[C@@H]2C(=O)N[C@H](C(C)C)C(=O)N3CCC[C@H]3C(=O)N(C)CC(=O)N(C)[C@@H](C(C)C)C(=O)O[C@@H]2C)c(N)c1=O,CHEMBL1554,,1255.44,,0.0,C,DILI (likely),DILI,"Necrosis, Sinusoidal",most,1.0,dactinomycin,DILImap_metadata,Cc1c2oc3c(C)ccc(C(=O)N[C@@H]4C(=O)N[C@H](C(C)C)C(=O)N5CCC[C@H]5C(=O)N(C)CC(=O)N(C)[C@@H](C(C)C)C(=O)O[C@@H]4C)c3nc-2c(C(=O)N[C@@H]2C(=O)N[C@H](C(C)C)C(=O)N3CCC[C@H]3C(=O)N(C)CC(=O)N(C)[C@@H](C(C)C)C(=O)O[C@@H]2C)c(N)c1=O,,,True,Cc1c2oc3c(C)ccc(C(=O)N[C@@H]4C(=O)N[C@H](C(C)C)C(=O)N5CCC[C@H]5C(=O)N(C)CC(=O)N(C)[C@@H](C(C)C)C(=O)O[C@@H]4C)c3nc-2c(C(=O)N[C@@H]2C(=O)N[C@H](C(C)C)C(=O)N3CCC[C@H]3C(=O)N(C)CC(=O)N(C)[C@@H](C(C)C)C(=O)O[C@@H]2C)c(N)c1=O,RJURFGZVJUQBHK-IIXSONLDSA-N,O=C1CNC(=O)C2CCCN2C(=O)CNC(=O)C(NC(=O)c2cc(=O)cc3oc4cccc(C(=O)NC5COC(=O)CNC(=O)CNC(=O)C6CCCN6C(=O)CNC5=O)c4nc2-3)COC(=O)CN1,1.0,1.0,0.0,1255.4379999999994,90.0,62.0,0.0,359.97999999999996,0.7256400000000032,5.0,18.0,8.0,7.0,0.6129032258064516,False,mw_above_1000;heavy_atoms_above_80,Most-DILI-Concern,most,False,,,
LT03562,Dalbavancin hydrochloride,3,Warnings & precautions,Ambiguous-DILI-concern,New,,,,,,,,,,,,ambiguous,,dalbavancin hydrochloride,,CC(C)CCCCCCCCC(=O)N[C@@H]1[C@H]([C@@H]([C@H](O[C@H]1OC2=C3C=C4C=C2OC5=C(C=C(C=C5)[C@H]([C@H]6C(=O)N[C@@H](C7=C(C(=CC(=C7)O)O[C@@H]8[C@H]([C@H]([C@@H]([C@H](O8)CO)O)O)O)C9=C(C=CC(=C9)[C@H](C(=O)N6)NC(=O)[C@@H]4NC(=O)[C@@H]1C2=C(C(=CC(=C2)OC2=C(C=CC(=C2)[C@H](C(=O)N[C@H](CC2=CC=C(O3)C=C2)C(=O)N1)NC)O)O)Cl)O)C(=O)NCCCN(C)C)O)Cl)C(=O)O)O)O,16134627.0,KGPGQDLTDHGEGT-SZUNQUCBSA-N,True,CN[C@H]1C(=O)N[C@@H]2Cc3ccc(cc3)Oc3cc4cc(c3O[C@@H]3O[C@H](C(=O)O)[C@@H](O)[C@H](O)[C@H]3NC(=O)CCCCCCCCC(C)C)Oc3ccc(cc3Cl)[C@@H](O)[C@@H]3NC(=O)[C@H](NC(=O)[C@@H]4NC(=O)[C@@H](NC2=O)c2cc(cc(O)c2Cl)Oc2cc1ccc2O)c1ccc(O)c(c1)-c1c(O[C@H]2O[C@H](CO)[C@@H](O)[C@H](O)[C@@H]2O)cc(O)cc1[C@@H](C(=O)NCCCN(C)C)NC3=O,KGPGQDLTDHGEGT-SZUNQUCBSA-N,O=C1Cc2cccc(c2)Oc2cccc(c2)C2NC(=O)C(Cc3ccc(cc3)Oc3cc4cc(c3OC3CCCCO3)Oc3ccc(cc3)CC3NC(=O)C(NC(=O)C4NC2=O)c2cccc(c2)-c2c(cccc2OC2CCCCO2)CNC3=O)N1,1.0,1.0,0.0,1816.7160000000008,128.0,88.0,0.0,572.51,4.168000000000008,21.0,29.0,22.0,15.0,0.42045454545454547,False,mw_above_1000;heavy_atoms_above_80,,other,False,,,PubChem_name_property
LT03653,Dalfampridine,0,No match,vNo-DILI-concern,New,,,,,,,,,,,,no,0.0,dalfampridine,,C1=CN=CC=C1N,1727.0,NUKYPUAOHBNCPY-UHFFFAOYSA-N,True,Nc1ccncc1,NUKYPUAOHBNCPY-UHFFFAOYSA-N,c1ccncc1,1.0,1.0,0.0,94.117,7.0,5.0,0.0,38.91,0.6638000000000001,1.0,2.0,0.0,1.0,0.0,True,,,other,False,,,PubChem_name_property
LT00961,Dalteparin sodium,3,Adverse reactions,vLess-DILI-concern,Unchanged,Dalteparin sodium,,CHEMBL1201460,,,,0.0,,,,,less,,dalteparin sodium,,,,,False,,,,,,,,,,,,,,,,,,False,missing_structure,Less-DILI-Concern,less,False,,,
LT00539,Danazol,8,Box warning,vMost-DILI-concern,Unchanged,Danazol,C#C[C@]1(O)CC[C@H]2[C@@H]3CCC4=Cc5oncc5C[C@]4(C)[C@H]3CC[C@@]21C,CHEMBL1479,,337.46,4.22,0.0,A,DILI (known),DILI,,most,1.0,danazol,DILImap_metadata,C#C[C@]1(O)CC[C@H]2[C@@H]3CCC4=Cc5oncc5C[C@]4(C)[C@H]3CC[C@@]21C,,,True,C#C[C@]1(O)CC[C@H]2[C@@H]3CCC4=Cc5oncc5C[C@]4(C)[C@H]3CC[C@@]21C,POZRVZJJTULAOH-LHZXLZLDSA-N,C1=C2CCC3C4CCCC4CCC3C2Cc2cnoc21,1.0,1.0,0.0,337.46300000000014,25.0,22.0,0.0,46.260000000000005,4.221000000000004,1.0,3.0,0.0,5.0,0.6818181818181818,True,,Most-DILI-Concern,most,False,0.206249538827809,,
LT00080,Dantrolene sodium,8,Box warning,vMost-DILI-concern,Unchanged,Dantrolene,O=C1CN(/N=C/c2ccc(-c3ccc([N+](=O)[O-])cc3)o2)C(=O)N1,CHEMBL1201288,24868-20-0,314.26,1.74,0.0,A,DILI (known),DILI,"Hepatitis, Immune-mediated, Hypersensitivity",most,1.0,dantrolene sodium,DILImap_metadata,O=C1CN(/N=C/c2ccc(-c3ccc([N+](=O)[O-])cc3)o2)C(=O)N1,,,True,O=C1CN(/N=C/c2ccc(-c3ccc([N+](=O)[O-])cc3)o2)C(=O)N1,OZOMQRBLCMDCEG-VIZOYTHASA-N,O=C1CN(N=Cc2ccc(-c3ccccc3)o2)C(=O)N1,1.0,1.0,0.0,314.257,23.0,14.0,0.0,118.05000000000001,1.7404999999999997,1.0,6.0,4.0,3.0,0.07142857142857142,True,,Most-DILI-Concern,most,False,,,
LT02891,Dapagliflozin,0,No match,vNo-DILI-concern,New,,,,,,,,,,,,no,0.0,dapagliflozin,,CCOC1=CC=C(C=C1)CC2=C(C=CC(=C2)[C@H]3[C@@H]([C@H]([C@@H]([C@H](O3)CO)O)O)O)Cl,9887712.0,JVHXJTBJCFBINQ-ADAARDCZSA-N,True,CCOc1ccc(Cc2cc([C@@H]3O[C@H](CO)[C@@H](O)[C@H](O)[C@H]3O)ccc2Cl)cc1,JVHXJTBJCFBINQ-ADAARDCZSA-N,c1ccc(Cc2cccc(C3CCCCO3)c2)cc1,1.0,1.0,0.0,408.87800000000004,28.0,21.0,0.0,99.38000000000001,1.8444000000000003,4.0,6.0,6.0,3.0,0.42857142857142855,True,,,other,False,,,PubChem_name_property
LT00289,Dapsone,3,Warnings & precautions,vLess-DILI-concern,Unchanged,Dapsone,Nc1ccc(S(=O)(=O)c2ccc(N)cc2)cc1,CHEMBL1043,80-08-0,248.31,1.68,0.0,A,DILI (likely),DILI,"Cholestasis/Biliary, Hypersensitivity",less,,dapsone,DILImap_metadata,Nc1ccc(S(=O)(=O)c2ccc(N)cc2)cc1,,,True,Nc1ccc(S(=O)(=O)c2ccc(N)cc2)cc1,MQJKPEGWNLWLTK-UHFFFAOYSA-N,O=S(=O)(c1ccccc1)c1ccccc1,1.0,1.0,0.0,248.30700000000002,17.0,12.0,0.0,86.18,1.6838000000000002,2.0,4.0,2.0,2.0,0.0,True,,Less-DILI-Concern,less,False,6.0035,,
LT01200,Daptomycin,5,Adverse reactions,vLess-DILI-concern,Unchanged,Daptomycin,CCCCCCCCCC(=O)N[C@@H](Cc1c[nH]c2ccccc12)C(=O)N[C@@H](CC(N)=O)C(=O)N[C@@H](CC(=O)O)C(=O)N[C@@H]1C(=O)NCC(=O)N[C@@H](CCCN)C(=O)N[C@@H](CC(=O)O)C(=O)N[C@H](C)C(=O)N[C@@H](CC(=O)O)C(=O)NCC(=O)N[C@H](CO)C(=O)N[C@@H]([C@H](C)CC(=O)O)C(=O)N[C@@H](CC(=O)c2ccccc2N)C(=O)O[C@@H]1C,CHEMBL387675,103060-53-3,1620.69,,0.0,C,DILI (few cases),,"Hepatitis, Necrosis, Immune-mediated, Hypersensitivity, likely idiosyncratic",less,,daptomycin,DILImap_metadata,CCCCCCCCCC(=O)N[C@@H](Cc1c[nH]c2ccccc12)C(=O)N[C@@H](CC(N)=O)C(=O)N[C@@H](CC(=O)O)C(=O)N[C@@H]1C(=O)NCC(=O)N[C@@H](CCCN)C(=O)N[C@@H](CC(=O)O)C(=O)N[C@H](C)C(=O)N[C@@H](CC(=O)O)C(=O)NCC(=O)N[C@H](CO)C(=O)N[C@@H]([C@H](C)CC(=O)O)C(=O)N[C@@H](CC(=O)c2ccccc2N)C(=O)O[C@@H]1C,,,True,CCCCCCCCCC(=O)N[C@@H](Cc1c[nH]c2ccccc12)C(=O)N[C@@H](CC(N)=O)C(=O)N[C@@H](CC(=O)O)C(=O)N[C@@H]1C(=O)NCC(=O)N[C@@H](CCCN)C(=O)N[C@@H](CC(=O)O)C(=O)N[C@H](C)C(=O)N[C@@H](CC(=O)O)C(=O)NCC(=O)N[C@H](CO)C(=O)N[C@@H]([C@H](C)CC(=O)O)C(=O)N[C@@H](CC(=O)c2ccccc2N)C(=O)O[C@@H]1C,DOAKLVKFURWEDJ-RWDRXURGSA-N,O=C(CCc1c[nH]c2ccccc12)NCC(=O)NCC(=O)NC1COC(=O)C(CC(=O)c2ccccc2)NC(=O)CNC(=O)CNC(=O)CNC(=O)CNC(=O)CNC(=O)CNC(=O)CNC(=O)CNC1=O,1.0,1.0,0.0,1620.6930000000004,115.0,72.0,0.0,702.02,-5.621799999999983,22.0,24.0,35.0,4.0,0.5277777777777778,False,mw_above_1000;heavy_atoms_above_80,Less-DILI-Concern,less,False,,,
LT01374,Darbepoetin alfa,0,No match,vLess-DILI-concern,Unchanged,Darbepoetin alfa,,CHEMBL1201566,,,,0.0,,,,,less,,darbepoetin alfa,,,,,False,,,,,,,,,,,,,,,,,,False,missing_structure,Less-DILI-Concern,less,False,,,
LT01188,Darifenacin hydrobromide,0,No match,vNo-DILI-concern,Unchanged,Darifenacin,NC(=O)C(c1ccccc1)(c1ccccc1)[C@@H]1CCN(CCc2ccc3c(c2)CCO3)C1,CHEMBL1346,133099-07-7,426.56,3.96,0.0,E,No DILI,No DILI,,no,0.0,darifenacin hydrobromide,DILImap_metadata,NC(=O)C(c1ccccc1)(c1ccccc1)[C@@H]1CCN(CCc2ccc3c(c2)CCO3)C1,,,True,NC(=O)C(c1ccccc1)(c1ccccc1)[C@@H]1CCN(CCc2ccc3c(c2)CCO3)C1,HXGBXQDTNZMWGS-RUZDIDTESA-N,c1ccc(C(c2ccccc2)C2CCN(CCc3ccc4c(c3)CCO4)C2)cc1,1.0,1.0,0.0,426.5600000000003,32.0,28.0,0.0,55.56,3.957500000000003,1.0,3.0,7.0,5.0,0.32142857142857145,True,,No-DILI-Concern,no,False,,,
LT03654,Darolutamide,4,Adverse reactions,Ambiguous-DILI-concern,New,,,,,,,,,,,,ambiguous,,darolutamide,,C[C@@H](CN1C=CC(=N1)C2=CC(=C(C=C2)C#N)Cl)NC(=O)C3=NNC(=C3)C(C)O,67171867.0,BLIJXOOIHRSQRB-PXYINDEMSA-N,True,CC(O)c1cc(C(=O)N[C@@H](C)Cn2ccc(-c3ccc(C#N)c(Cl)c3)n2)n[nH]1,BLIJXOOIHRSQRB-PXYINDEMSA-N,O=C(NCCn1ccc(-c2ccccc2)n1)c1cc[nH]n1,1.0,1.0,0.0,398.8540000000001,28.0,19.0,0.0,119.62000000000002,2.670080000000001,3.0,5.0,6.0,3.0,0.2631578947368421,True,,,other,False,,,PubChem_name_property
LT01243,Darunavir,8,Warnings & precautions,vMost-DILI-concern,Unchanged,Darunavir,CC(C)CN(C[C@@H](O)[C@H](Cc1ccccc1)NC(=O)O[C@H]1CO[C@H]2OCC[C@H]21)S(=O)(=O)c1ccc(N)cc1,CHEMBL1323,635728-49-3,547.67,2.38,0.0,C,DILI (likely),DILI,"Hepatitis, CYP, Steatosis, Lactic acidosis, Hypersensitivity",most,1.0,darunavir,DILImap_metadata,CC(C)CN(C[C@@H](O)[C@H](Cc1ccccc1)NC(=O)O[C@H]1CO[C@H]2OCC[C@H]21)S(=O)(=O)c1ccc(N)cc1,,,True,CC(C)CN(C[C@@H](O)[C@H](Cc1ccccc1)NC(=O)O[C@H]1CO[C@H]2OCC[C@H]21)S(=O)(=O)c1ccc(N)cc1,CJBJHOAVZSMMDJ-HEXNFIEUSA-N,O=C(NC(CCNS(=O)(=O)c1ccccc1)Cc1ccccc1)OC1COC2OCCC12,1.0,1.0,0.0,547.6740000000003,38.0,27.0,0.0,140.42000000000002,2.3753,3.0,8.0,11.0,4.0,0.5185185185185185,True,,Most-DILI-Concern,most,True,13.493527123998,,
LT01248,Dasatinib,4,Adverse reactions,vLess-DILI-concern,Unchanged,Dasatinib,Cc1nc(Nc2ncc(C(=O)Nc3c(C)cccc3Cl)s2)cc(N2CCN(CCO)CC2)n1,CHEMBL1421,302962-49-8,488.02,3.31,0.0,D,DILI (few cases),,"Hepatitis, CYP, Immune-mediated, Hypersensitivity",less,,dasatinib,DILImap_metadata,Cc1nc(Nc2ncc(C(=O)Nc3c(C)cccc3Cl)s2)cc(N2CCN(CCO)CC2)n1,,,True,Cc1nc(Nc2ncc(C(=O)Nc3c(C)cccc3Cl)s2)cc(N2CCN(CCO)CC2)n1,ZBNZXTGUTAYRHI-UHFFFAOYSA-N,O=C(Nc1ccccc1)c1cnc(Nc2cc(N3CCNCC3)ncn2)s1,1.0,1.0,0.0,488.01700000000034,33.0,22.0,0.0,106.50999999999999,3.3135400000000015,3.0,9.0,7.0,4.0,0.36363636363636365,True,,Less-DILI-Concern,less,False,0.50758,,
LT03655,Dasiglucagon hydrochloride,0,No match,vNo-DILI-concern,New,,,,,,,,,,,,no,0.0,dasiglucagon hydrochloride,,C[C@H]([C@@H](C(=O)N[C@@H](CC1=CC=CC=C1)C(=O)N[C@@H]([C@@H](C)O)C(=O)N[C@@H](CO)C(=O)N[C@@H](CC(=O)O)C(=O)N[C@@H](CC2=CC=C(C=C2)O)C(=O)N[C@@H](CO)C(=O)N[C@@H](CCCCN)C(=O)N[C@@H](CC3=CC=C(C=C3)O)C(=O)N[C@@H](CC(C)C)C(=O)N[C@@H](CC(=O)O)C(=O)NC(C)(C)C(=O)N[C@@H](C)C(=O)N[C@@H](CCCNC(=N)N)C(=O)N[C@@H](C)C(=O)N[C@@H](CCC(=O)O)C(=O)N[C@@H](CCC(=O)O)C(=O)N[C@@H](CC4=CC=CC=C4)C(=O)N[C@@H](C(C)C)C(=O)N[C@@H](CCCCN)C(=O)N[C@@H](CC5=CNC6=CC=CC=C65)C(=O)N[C@@H](CC(C)C)C(=O)N[C@@H](CCC(=O)O)C(=O)N[C@@H](CO)C(=O)N[C@@H]([C@@H](C)O)C(=O)O)NC(=O)CNC(=O)[C@H](CCC(=O)N)NC(=O)[C@H](CO)NC(=O)[C@H](CC7=CNC=N7)N)O,126961379.0,RZRMFQMNPDPAIX-AJTOSFMRSA-N,True,CC(C)C[C@H](NC(=O)[C@H](Cc1c[nH]c2ccccc12)NC(=O)[C@H](CCCCN)NC(=O)[C@@H](NC(=O)[C@H](Cc1ccccc1)NC(=O)[C@H](CCC(=O)O)NC(=O)[C@H](CCC(=O)O)NC(=O)[C@H](C)NC(=O)[C@H](CCCNC(=N)N)NC(=O)[C@H](C)NC(=O)C(C)(C)NC(=O)[C@H](CC(=O)O)NC(=O)[C@H](CC(C)C)NC(=O)[C@H](Cc1ccc(O)cc1)NC(=O)[C@H](CCCCN)NC(=O)[C@H](CO)NC(=O)[C@H](Cc1ccc(O)cc1)NC(=O)[C@H](CC(=O)O)NC(=O)[C@H](CO)NC(=O)[C@@H](NC(=O)[C@H](Cc1ccccc1)NC(=O)[C@@H](NC(=O)CNC(=O)[C@H](CCC(N)=O)NC(=O)[C@H](CO)NC(=O)[C@@H](N)Cc1c[nH]cn1)[C@@H](C)O)[C@@H](C)O)C(C)C)C(=O)N[C@@H](CCC(=O)O)C(=O)N[C@@H](CO)C(=O)N[C@H](C(=O)O)[C@@H](C)O,RZRMFQMNPDPAIX-AJTOSFMRSA-N,O=C(CCc1c[nH]cn1)NCC(=O)NCC(=O)NCC(=O)NCC(=O)NC(Cc1ccccc1)C(=O)NCC(=O)NCC(=O)NCC(=O)NC(Cc1ccccc1)C(=O)NCC(=O)NCC(=O)NC(Cc1ccccc1)C(=O)NCC(=O)NCC(=O)NCC(=O)NCC(=O)NCC(=O)NCC(=O)NCC(=O)NCC(=O)NC(Cc1ccccc1)C(=O)NCC(=O)NCC(=O)NCCc1c[nH]c2ccccc12,1.0,1.0,0.0,3381.663999999989,240.0,152.0,0.0,1448.1899999999996,-14.683930000000066,52.0,49.0,109.0,7.0,0.5328947368421053,False,mw_above_1000;heavy_atoms_above_80;structure_too_large,,other,False,,,PubChem_name_property
LT00540,Daunorubicin hydrochloride,0,No match,vNo-DILI-concern,Unchanged,Daunorubicin,COc1cccc2c1C(=O)c1c(O)c3c(c(O)c1C2=O)C[C@@](O)(C(C)=O)C[C@@H]3O[C@H]1C[C@H](N)[C@H](O)[C@H](C)O1,CHEMBL178,23541-50-6,527.53,1.03,0.0,E*,No DILI,No DILI,,no,0.0,daunorubicin hydrochloride,DILImap_metadata,COc1cccc2c1C(=O)c1c(O)c3c(c(O)c1C2=O)C[C@@](O)(C(C)=O)C[C@@H]3O[C@H]1C[C@H](N)[C@H](O)[C@H](C)O1,,,True,COc1cccc2c1C(=O)c1c(O)c3c(c(O)c1C2=O)C[C@@](O)(C(C)=O)C[C@@H]3O[C@H]1C[C@H](N)[C@H](O)[C@H](C)O1,STQGQHZAVUOBTE-VGBVRHCVSA-N,O=C1c2ccccc2C(=O)c2cc3c(cc21)CCCC3OC1CCCCO1,1.0,1.0,0.0,527.5260000000003,38.0,27.0,0.0,185.84,1.0288999999999997,5.0,11.0,4.0,5.0,0.4444444444444444,True,,No-DILI-Concern,no,False,,,
LT00385,Decitabine,4,Adverse reactions,Ambiguous-DILI-concern,Unchanged,Decitabine,Nc1ncn([C@H]2C[C@H](O)[C@@H](CO)O2)c(=O)n1,CHEMBL1201129,2353-33-5,228.21,-2.14,1.0,E*,No DILI,No DILI,,ambiguous,,decitabine,DILImap_metadata,Nc1ncn([C@H]2C[C@H](O)[C@@H](CO)O2)c(=O)n1,,,True,Nc1ncn([C@H]2C[C@H](O)[C@@H](CO)O2)c(=O)n1,XAUDJQYHKZQPEU-KVQBGUIXSA-N,O=c1ncncn1C1CCCO1,1.0,1.0,0.0,228.20799999999997,16.0,8.0,0.0,123.49,-2.1388,3.0,7.0,2.0,2.0,0.625,True,,Ambiguous DILI-concern,ambiguous,False,,,
LT00563,Deferasirox,7,Box warning,vMost-DILI-concern,Unchanged,Deferasirox,O=C(O)c1ccc(-n2nc(-c3ccccc3O)nc2-c2ccccc2O)cc1,CHEMBL550348,201530-41-8,373.37,3.71,0.0,C,DILI (likely),DILI,"Hepatitis, Cholestasis/Biliary, Immune-mediated, Hypersensitivity",most,1.0,deferasirox,DILImap_metadata,O=C(O)c1ccc(-n2nc(-c3ccccc3O)nc2-c2ccccc2O)cc1,,,True,O=C(O)c1ccc(-n2nc(-c3ccccc3O)nc2-c2ccccc2O)cc1,BOFQWVMAQOTZIW-UHFFFAOYSA-N,c1ccc(-c2nc(-c3ccccc3)n(-c3ccccc3)n2)cc1,1.0,1.0,0.0,373.3680000000001,28.0,21.0,0.0,108.47,3.710700000000001,3.0,5.0,4.0,4.0,0.0,True,,Most-DILI-Concern,most,True,131.280669844925,,
LT00541,Deferiprone,3,Warnings & precautions,Ambiguous-DILI-concern,New,,,,,,,,,,,,ambiguous,,deferiprone,,CC1=C(C(=O)C=CN1C)O,2972.0,TZXKOCQBRNJULO-UHFFFAOYSA-N,True,Cc1c(O)c(=O)ccn1C,TZXKOCQBRNJULO-UHFFFAOYSA-N,O=c1cc[nH]cc1,1.0,1.0,0.0,139.154,10.0,7.0,0.0,42.230000000000004,0.39931999999999984,1.0,2.0,0.0,1.0,0.2857142857142857,True,,,other,False,,,PubChem_name_property
LT00386,Deferoxamine mesylate,0,No match,vLess-DILI-concern,Unchanged,Deferoxamine,CC(=O)N(O)CCCCCNC(=O)CCC(=O)N(O)CCCCCNC(=O)CCC(=O)N(O)CCCCCN,CHEMBL556,138-14-7,560.69,0.92,0.0,E,No DILI (unlikely),,,less,,deferoxamine mesylate,DILImap_metadata,CC(=O)N(O)CCCCCNC(=O)CCC(=O)N(O)CCCCCNC(=O)CCC(=O)N(O)CCCCCN,,,True,CC(=O)N(O)CCCCCNC(=O)CCC(=O)N(O)CCCCCNC(=O)CCC(=O)N(O)CCCCCN,UBQYURCVBFRUQT-UHFFFAOYSA-N,,1.0,1.0,0.0,560.6930000000002,39.0,25.0,0.0,205.84,0.9221000000000046,6.0,9.0,23.0,0.0,0.8,True,,Less-DILI-Concern,less,False,,,
LT01774,Defibrotide sodium,0,No match,vNo-DILI-concern,New,,,,,,,,,,,,no,0.0,defibrotide sodium,,,,,False,,,,,,,,,,,,,,,,,,False,missing_structure,,other,False,,,
LT02726,Deflazacort,0,No match,vNo-DILI-concern,New,,,,,,,,,,,,no,0.0,deflazacort,,CC1=N[C@@]2([C@H](O1)C[C@@H]3[C@@]2(C[C@@H]([C@H]4[C@H]3CCC5=CC(=O)C=C[C@]45C)O)C)C(=O)COC(=O)C,189821.0,FBHSPRKOSMHSIF-GRMWVWQJSA-N,True,CC(=O)OCC(=O)[C@@]12N=C(C)O[C@@H]1C[C@H]1[C@@H]3CCC4=CC(=O)C=C[C@]4(C)[C@H]3[C@@H](O)C[C@@]12C,FBHSPRKOSMHSIF-GRMWVWQJSA-N,O=C1C=CC2C(=C1)CCC1C2CCC2C1CC1OC=NC12,1.0,1.0,0.0,441.5240000000002,32.0,25.0,0.0,102.26000000000002,2.5632,1.0,7.0,3.0,5.0,0.68,True,,,other,False,,,PubChem_name_property
LT00655,Degarelix acetate,3,Adverse reactions,Ambiguous-DILI-concern,Unchanged,Degarelix,CC(=O)N[C@H](Cc1ccc2ccccc2c1)C(=O)N[C@H](Cc1ccc(Cl)cc1)C(=O)N[C@H](Cc1cccnc1)C(=O)N[C@@H](CO)C(=O)N[C@@H](Cc1ccc(NC(=O)[C@@H]2CC(=O)NC(=O)N2)cc1)C(=O)N[C@H](Cc1ccc(NC(N)=O)cc1)C(=O)N[C@@H](CC(C)C)C(=O)N[C@@H](CCCCNC(C)C)C(=O)N1CCC[C@H]1C(=O)N[C@H](C)C(N)=O,CHEMBL415606,,1632.29,,0.0,E,No DILI,No DILI,,ambiguous,,degarelix acetate,DILImap_metadata,CC(=O)N[C@H](Cc1ccc2ccccc2c1)C(=O)N[C@H](Cc1ccc(Cl)cc1)C(=O)N[C@H](Cc1cccnc1)C(=O)N[C@@H](CO)C(=O)N[C@@H](Cc1ccc(NC(=O)[C@@H]2CC(=O)NC(=O)N2)cc1)C(=O)N[C@H](Cc1ccc(NC(N)=O)cc1)C(=O)N[C@@H](CC(C)C)C(=O)N[C@@H](CCCCNC(C)C)C(=O)N1CCC[C@H]1C(=O)N[C@H](C)C(N)=O,,,True,CC(=O)N[C@H](Cc1ccc2ccccc2c1)C(=O)N[C@H](Cc1ccc(Cl)cc1)C(=O)N[C@H](Cc1cccnc1)C(=O)N[C@@H](CO)C(=O)N[C@@H](Cc1ccc(NC(=O)[C@@H]2CC(=O)NC(=O)N2)cc1)C(=O)N[C@H](Cc1ccc(NC(N)=O)cc1)C(=O)N[C@@H](CC(C)C)C(=O)N[C@@H](CCCCNC(C)C)C(=O)N1CCC[C@H]1C(=O)N[C@H](C)C(N)=O,MEUCPCLKGZSHTA-XYAYPHGZSA-N,O=C(CNC(=O)C(Cc1ccccc1)NC(=O)C(Cc1ccc(NC(=O)C2CC(=O)NC(=O)N2)cc1)NC(=O)CNC(=O)C(Cc1cccnc1)NC(=O)C(Cc1ccccc1)NC(=O)CCc1ccc2ccccc2c1)NCC(=O)N1CCCC1,1.0,1.0,0.0,1632.2890000000002,117.0,82.0,0.0,512.8699999999998,1.514699999999991,17.0,18.0,41.0,8.0,0.4146341463414634,False,mw_above_1000;heavy_atoms_above_80,Ambiguous DILI-concern,ambiguous,False,,,
LT03656,Delafloxacin meglumine,3,Adverse reactions,Ambiguous-DILI-concern,New,,,,,,,,,,,,ambiguous,,delafloxacin meglumine,,CNC[C@@H]([C@H]([C@@H]([C@@H](CO)O)O)O)O.C1C(CN1C2=C(C=C3C(=C2Cl)N(C=C(C3=O)C(=O)O)C4=C(C=C(C(=N4)N)F)F)F)O,11578213.0,AHJGUEMIZPMAMR-WZTVWXICSA-N,True,Nc1nc(-n2cc(C(=O)O)c(=O)c3cc(F)c(N4CC(O)C4)c(Cl)c32)c(F)cc1F,DYDCPNMLZGFQTM-UHFFFAOYSA-N,O=c1ccn(-c2ccccn2)c2cc(N3CCC3)ccc12,2.0,0.6976744186046512,0.0,440.7650000000001,30.0,18.0,0.0,121.68,1.9177,3.0,6.0,3.0,4.0,0.16666666666666666,True,,,other,False,,,PubChem_name_property
LT00996,Delavirdine mesylate,5,Adverse reactions,Ambiguous-DILI-concern,Unchanged,Delavirdine,CC(C)Nc1cccnc1N1CCN(C(=O)c2cc3cc(NS(C)(=O)=O)ccc3[nH]2)CC1,CHEMBL593,147221-93-0,456.57,2.72,0.0,E*,No DILI,No DILI,,ambiguous,,delavirdine mesylate,DILImap_metadata,CC(C)Nc1cccnc1N1CCN(C(=O)c2cc3cc(NS(C)(=O)=O)ccc3[nH]2)CC1,,,True,CC(C)Nc1cccnc1N1CCN(C(=O)c2cc3cc(NS(C)(=O)=O)ccc3[nH]2)CC1,WHBIGIKBNXZKFE-UHFFFAOYSA-N,O=C(c1cc2ccccc2[nH]1)N1CCN(c2ccccn2)CC1,1.0,1.0,0.0,456.5720000000002,32.0,22.0,0.0,110.43,2.7171000000000003,3.0,6.0,6.0,4.0,0.36363636363636365,True,,Ambiguous DILI-concern,ambiguous,False,,,
LT00081,Demeclocycline hydrochloride,3,Warnings & precautions,Ambiguous-DILI-concern,Unchanged,Demeclocycline,CN(C)[C@@H]1C(O)=C(C(N)=O)C(=O)[C@@]2(O)C(O)=C3C(=O)c4c(O)ccc(Cl)c4[C@@H](O)[C@H]3C[C@@H]12,CHEMBL1591,64-73-3,464.86,0.26,0.0,E*,No DILI,No DILI,,ambiguous,,demeclocycline hydrochloride,DILImap_metadata,CN(C)[C@@H]1C(O)=C(C(N)=O)C(=O)[C@@]2(O)C(O)=C3C(=O)c4c(O)ccc(Cl)c4[C@@H](O)[C@H]3C[C@@H]12,,,True,CN(C)[C@@H]1C(O)=C(C(N)=O)C(=O)[C@@]2(O)C(O)=C3C(=O)c4c(O)ccc(Cl)c4[C@@H](O)[C@H]3C[C@@H]12,FMTDIUIBLCQGJB-SEYHBJAFSA-N,O=C1C2=CC3C(=O)C=CCC3CC2Cc2ccccc21,1.0,1.0,0.0,464.8580000000002,32.0,21.0,0.0,181.61999999999998,0.2649000000000006,6.0,9.0,2.0,4.0,0.38095238095238093,True,,Ambiguous DILI-concern,ambiguous,False,,,
LT01347,Denileukin diftitox,3,Adverse reactions,Ambiguous-DILI-concern,Unchanged,Denileukin diftitox,,CHEMBL1201550,,,,0.0,E*,No DILI,No DILI,,ambiguous,,denileukin diftitox,,,,,False,,,,,,,,,,,,,,,,,,False,missing_structure,Ambiguous DILI-concern,ambiguous,False,,,
LT03657,Deoxycholic acid,0,No match,vNo-DILI-concern,New,,,,,,,,,,,,no,0.0,deoxycholic acid,,C[C@H](CCC(=O)O)[C@H]1CC[C@@H]2[C@@]1([C@H](C[C@H]3[C@H]2CC[C@H]4[C@@]3(CC[C@H](C4)O)C)O)C,222528.0,KXGVEGMKQFWNSR-LLQZFEROSA-N,True,C[C@H](CCC(=O)O)[C@H]1CC[C@H]2[C@@H]3CC[C@@H]4C[C@H](O)CC[C@]4(C)[C@H]3C[C@H](O)[C@]12C,KXGVEGMKQFWNSR-LLQZFEROSA-N,C1CCC2C(C1)CCC1C3CCCC3CCC21,1.0,1.0,0.0,392.58000000000015,28.0,24.0,0.0,77.76,4.477900000000006,3.0,3.0,4.0,4.0,0.9583333333333334,True,,,other,False,,,PubChem_name_property
LT00695,Dermatan,8,Discontinued,vMost-DILI-concern,Unchanged,Dermatan,,,,,,,,DILI (likely),DILI,,most,1.0,dermatan,,,,,False,,,,,,,,,,,,,,,,,,False,missing_structure,Most-DILI-Concern,most,False,,,
LT01265,Desipramine hydrochloride,3,Adverse reactions,Ambiguous-DILI-concern,Unchanged,Desipramine,CNCCCN1c2ccccc2CCc2ccccc21,CHEMBL72,58-28-6,266.39,3.53,0.0,D,DILI (few cases),,"CYP, Cholestasis/Biliary, Hypersensitivity",ambiguous,,desipramine hydrochloride,DILImap_metadata,CNCCCN1c2ccccc2CCc2ccccc21,,,True,CNCCCN1c2ccccc2CCc2ccccc21,HCYAFALTSJYZDH-UHFFFAOYSA-N,c1ccc2c(c1)CCc1ccccc1N2,1.0,1.0,0.0,266.388,20.0,18.0,0.0,15.27,3.5328000000000026,1.0,2.0,4.0,3.0,0.3333333333333333,True,,Ambiguous DILI-concern,ambiguous,False,,,
LT01085,Desloratadine,3,Adverse reactions,vLess-DILI-concern,Unchanged,Desloratadine,Clc1ccc2c(c1)CCc1cccnc1C2=C1CCNCC1,CHEMBL1172,100643-71-8,310.83,4.02,0.0,E*,No DILI (unlikely),,,less,,desloratadine,DILImap_metadata,Clc1ccc2c(c1)CCc1cccnc1C2=C1CCNCC1,,,True,Clc1ccc2c(c1)CCc1cccnc1C2=C1CCNCC1,JAUOIFJMECXRGI-UHFFFAOYSA-N,c1ccc2c(c1)CCc1cccnc1C2=C1CCNCC1,1.0,1.0,0.0,310.8280000000001,22.0,19.0,0.0,24.92,4.018900000000002,1.0,2.0,0.0,4.0,0.3157894736842105,True,,Less-DILI-Concern,less,False,0.01287,,
LT00896,Desmopressin acetate,3,Adverse reactions,Ambiguous-DILI-concern,Unchanged,Desmopressin,N=C(N)NCCC[C@@H](NC(=O)[C@@H]1CCCN1C(=O)[C@@H]1CSSCCC(=O)N[C@@H](Cc2ccc(O)cc2)C(=O)N[C@@H](Cc2ccccc2)C(=O)N[C@@H](CCC(N)=O)C(=O)N[C@@H](CC(N)=O)C(=O)N1)C(=O)NCC(N)=O,CHEMBL1429,62288-83-9,1069.24,,0.0,,,,,ambiguous,,desmopressin acetate,DILImap_metadata,N=C(N)NCCC[C@@H](NC(=O)[C@@H]1CCCN1C(=O)[C@@H]1CSSCCC(=O)N[C@@H](Cc2ccc(O)cc2)C(=O)N[C@@H](Cc2ccccc2)C(=O)N[C@@H](CCC(N)=O)C(=O)N[C@@H](CC(N)=O)C(=O)N1)C(=O)NCC(N)=O,,,True,N=C(N)NCCC[C@@H](NC(=O)[C@@H]1CCCN1C(=O)[C@@H]1CSSCCC(=O)N[C@@H](Cc2ccc(O)cc2)C(=O)N[C@@H](Cc2ccccc2)C(=O)N[C@@H](CCC(N)=O)C(=O)N[C@@H](CC(N)=O)C(=O)N1)C(=O)NCC(N)=O,NFLWUMRGJYTJIN-PNIOQBSNSA-N,O=C1CNC(=O)C(Cc2ccccc2)NC(=O)C(Cc2ccccc2)NC(=O)CCSSCC(C(=O)N2CCCC2)NC(=O)CN1,1.0,1.0,0.0,1069.2379999999998,74.0,46.0,0.0,435.40999999999985,-4.13203000000001,14.0,15.0,19.0,4.0,0.4782608695652174,False,mw_above_1000,Ambiguous DILI-concern,ambiguous,False,,,
LT00573,Desvenlafaxine succinate,3,Adverse reactions,vLess-DILI-concern,Unchanged,Desvenlafaxine,CN(C)CC(c1ccc(O)cc1)C1(O)CCCCC1,CHEMBL1118,386750-22-7,263.38,2.73,0.0,E*,No DILI (unlikely),,,less,,desvenlafaxine succinate,DILImap_metadata,CN(C)CC(c1ccc(O)cc1)C1(O)CCCCC1,,,True,CN(C)CC(c1ccc(O)cc1)C1(O)CCCCC1,KYYIDSXMWOZKMP-UHFFFAOYSA-N,c1ccc(CC2CCCCC2)cc1,1.0,1.0,0.0,263.381,19.0,16.0,0.0,43.7,2.7326000000000006,2.0,3.0,4.0,2.0,0.625,True,,Less-DILI-Concern,less,False,,,
LT03658,Deutetrabenazine,0,No match,vNo-DILI-concern,New,,,,,,,,,,,,no,0.0,deutetrabenazine,,[2H]C([2H])([2H])OC1=C(C=C2[C@@H]3CC(=O)[C@H](CN3CCC2=C1)CC(C)C)OC([2H])([2H])[2H],73442840.0,MKJIEFSOBYUXJB-WEZHFFAMSA-N,True,[2H]C([2H])([2H])Oc1cc2c(cc1OC([2H])([2H])[2H])[C@@H]1CC(=O)[C@@H](CC(C)C)CN1CC2,MKJIEFSOBYUXJB-WEZHFFAMSA-N,O=C1CCN2CCc3ccccc3C2C1,1.0,1.0,0.0,323.465610668,23.0,19.0,0.0,38.769999999999996,3.238100000000002,0.0,4.0,4.0,3.0,0.631578947368421,True,,,other,False,,,PubChem_name_property
LT00082,Dexamethasone,3,Adverse reactions,Ambiguous-DILI-concern,Unchanged,Dexamethasone,C[C@@H]1C[C@H]2[C@@H]3CCC4=CC(=O)C=C[C@]4(C)[C@@]3(F)[C@@H](O)C[C@]2(C)[C@@]1(O)C(=O)CO,CHEMBL384467,50-02-2,392.47,1.9,0.0,A [HD],DILI (likely),DILI,,ambiguous,,dexamethasone,DILImap_metadata,C[C@@H]1C[C@H]2[C@@H]3CCC4=CC(=O)C=C[C@]4(C)[C@@]3(F)[C@@H](O)C[C@]2(C)[C@@]1(O)C(=O)CO,,,True,C[C@@H]1C[C@H]2[C@@H]3CCC4=CC(=O)C=C[C@]4(C)[C@@]3(F)[C@@H](O)C[C@]2(C)[C@@]1(O)C(=O)CO,UREBDLICKHMUKA-CXSFZGCWSA-N,O=C1C=CC2C(=C1)CCC1C3CCCC3CCC21,1.0,1.0,0.0,392.4670000000002,28.0,22.0,0.0,94.83,1.8957000000000002,3.0,5.0,2.0,4.0,0.7272727272727273,True,,Ambiguous DILI-concern,ambiguous,False,,,
LT00810,Dexbrompheniramine maleate,0,No match,vNo-DILI-concern,Unchanged,Dexbrompheniramine,CN(C)CC[C@@H](c1ccc(Br)cc1)c1ccccn1,CHEMBL1201287,,319.25,3.93,0.0,E,No DILI,No DILI,,no,0.0,dexbrompheniramine maleate,DILImap_metadata,CN(C)CC[C@@H](c1ccc(Br)cc1)c1ccccn1,,,True,CN(C)CC[C@@H](c1ccc(Br)cc1)c1ccccn1,ZDIGNSYAACHWNL-HNNXBMFYSA-N,c1ccc(Cc2ccccn2)cc1,1.0,1.0,0.0,319.246,19.0,16.0,0.0,16.130000000000003,3.9277000000000024,0.0,2.0,5.0,2.0,0.3125,True,,No-DILI-Concern,no,False,,,
LT00682,Dexchlorpheniramine maleate,0,No match,vNo-DILI-concern,Unchanged,Dexchlorpheniramine,CN(C)CC[C@@H](c1ccc(Cl)cc1)c1ccccn1,CHEMBL1201353,,274.8,3.82,0.0,E,No DILI,No DILI,,no,0.0,dexchlorpheniramine maleate,DILImap_metadata,CN(C)CC[C@@H](c1ccc(Cl)cc1)c1ccccn1,,,True,CN(C)CC[C@@H](c1ccc(Cl)cc1)c1ccccn1,SOYKEARSMXGVTM-HNNXBMFYSA-N,c1ccc(Cc2ccccn2)cc1,1.0,1.0,0.0,274.795,19.0,16.0,0.0,16.130000000000003,3.8186000000000027,0.0,2.0,5.0,2.0,0.3125,True,,No-DILI-Concern,no,False,,,
LT01266,Dexlansoprazole,4,Adverse reactions,vLess-DILI-concern,Unchanged,Dexlansoprazole,Cc1c(OCC(F)(F)F)ccnc1C[S@@+]([O-])c1nc2ccccc2[nH]1,CHEMBL1201863,138530-94-6,369.37,3.52,0.0,C,DILI (few cases),,,less,,dexlansoprazole,DILImap_metadata,Cc1c(OCC(F)(F)F)ccnc1C[S@@+]([O-])c1nc2ccccc2[nH]1,,,True,Cc1c(OCC(F)(F)F)ccnc1C[S@@+]([O-])c1nc2ccccc2[nH]1,MJIHNNLFOKEZEW-RUZDIDTESA-N,c1ccc(C[SH+]c2nc3ccccc3[nH]2)nc1,1.0,1.0,0.0,369.3680000000001,25.0,16.0,0.0,73.86,3.515220000000001,1.0,4.0,5.0,3.0,0.25,True,,Less-DILI-Concern,less,False,,,
LT01063,Dexmedetomidine hydrochloride,4,Adverse reactions,Ambiguous-DILI-concern,Unchanged,Dexmedetomidine,Cc1cccc([C@H](C)c2c[nH]cn2)c1C,CHEMBL778,145108-58-3,200.28,3.18,0.0,,,,,ambiguous,,dexmedetomidine hydrochloride,DILImap_metadata,Cc1cccc([C@H](C)c2c[nH]cn2)c1C,,,True,Cc1cccc([C@H](C)c2c[nH]cn2)c1C,CUHVIMMYOGQXCV-NSHDSACASA-N,c1ccc(Cc2c[nH]cn2)cc1,1.0,1.0,0.0,200.28500000000003,15.0,13.0,0.0,28.68,3.1783400000000013,1.0,1.0,2.0,2.0,0.3076923076923077,True,,Ambiguous DILI-concern,ambiguous,False,,,
LT02909,Dexmethylphenidate hydrochloride,7,Adverse reactions,vLess-DILI-concern,Unchanged,Dexmethylphenidate,COC(=O)[C@H](c1ccccc1)[C@H]1CCCCN1,CHEMBL827,,233.31,2.09,0.0,C,DILI (few cases),,,less,,dexmethylphenidate hydrochloride,DILImap_metadata,COC(=O)[C@H](c1ccccc1)[C@H]1CCCCN1,,,True,COC(=O)[C@H](c1ccccc1)[C@H]1CCCCN1,DUGOZIWVEXMGBE-CHWSQXEVSA-N,c1ccc(CC2CCCCN2)cc1,1.0,1.0,0.0,233.31099999999995,17.0,14.0,0.0,38.33,2.0852999999999997,1.0,3.0,3.0,2.0,0.5,True,,Less-DILI-Concern,less,False,,,
LT01972,Dexpanthenol,0,No match,vNo-DILI-concern,Unchanged,Dexpanthenol,CC(C)(CO)[C@@H](O)C(=O)NCCCO,CHEMBL1200979,81-13-0,205.25,-1.14,0.0,,No DILI,No DILI,,no,0.0,dexpanthenol,DILImap_metadata,CC(C)(CO)[C@@H](O)C(=O)NCCCO,,,True,CC(C)(CO)[C@@H](O)C(=O)NCCCO,SNPLKNRPJHDVJA-ZETCQYMHSA-N,,1.0,1.0,0.0,205.25399999999996,14.0,9.0,0.0,89.79,-1.1355999999999997,4.0,4.0,6.0,0.0,0.8888888888888888,True,,No-DILI-Concern,no,False,,,
LT01273,Dexrazoxane hydrochloride,4,Adverse reactions,Ambiguous-DILI-concern,Unchanged,Dexrazoxane,C[C@@H](CN1CC(=O)NC(=O)C1)N1CC(=O)NC(=O)C1,CHEMBL1738,149003-01-0,268.27,-2.71,0.0,,,,,ambiguous,,dexrazoxane hydrochloride,DILImap_metadata,C[C@@H](CN1CC(=O)NC(=O)C1)N1CC(=O)NC(=O)C1,,,True,C[C@@H](CN1CC(=O)NC(=O)C1)N1CC(=O)NC(=O)C1,BMKDZUISNHGIBY-ZETCQYMHSA-N,O=C1CN(CCN2CC(=O)NC(=O)C2)CC(=O)N1,1.0,1.0,0.0,268.27299999999997,19.0,11.0,0.0,98.82,-2.708299999999996,2.0,6.0,3.0,2.0,0.6363636363636364,True,,Ambiguous DILI-concern,ambiguous,False,,,
LT00870,Dextroamphetamine sulfate,0,No match,vNo-DILI-concern,Unchanged,Dextroamphetamine,C[C@H](N)Cc1ccccc1,CHEMBL612,,135.21,1.58,0.0,E*,No DILI,No DILI,,no,0.0,dextroamphetamine sulfate,DILImap_metadata,C[C@H](N)Cc1ccccc1,,,True,C[C@H](N)Cc1ccccc1,KWTSXDURSIMDCE-QMMMGPOBSA-N,c1ccccc1,1.0,1.0,0.0,135.20999999999998,10.0,9.0,0.0,26.02,1.5763,1.0,1.0,2.0,1.0,0.3333333333333333,True,,No-DILI-Concern,no,False,,,
LT02056,Dextromethorphan polistirex,0,No match,vNo-DILI-concern,Unchanged,Dextromethorphan,COc1ccc2c(c1)[C@]13CCCC[C@@H]1[C@H](C2)N(C)CC3,CHEMBL52440,,271.4,3.38,0.0,,No DILI,No DILI,,no,0.0,dextromethorphan polistirex,DILImap_metadata,COc1ccc2c(c1)[C@]13CCCC[C@@H]1[C@H](C2)N(C)CC3,,,True,COc1ccc2c(c1)[C@]13CCCC[C@@H]1[C@H](C2)N(C)CC3,MKXZASYAUGDDCJ-NJAFHUGGSA-N,c1ccc2c(c1)CC1NCCC23CCCCC13,1.0,1.0,0.0,271.404,20.0,18.0,0.0,12.47,3.3834000000000026,0.0,2.0,1.0,4.0,0.6666666666666666,True,,No-DILI-Concern,no,False,,,
LT00327,Dextrose,0,No match,vNo-DILI-concern,Unchanged,Dextrose,OC[C@H]1OC(O)[C@H](O)[C@@H](O)[C@@H]1O,CHEMBL1222250,50-99-7,180.16,-3.22,0.0,,No DILI,No DILI,,no,0.0,dextrose,DILImap_metadata,OC[C@H]1OC(O)[C@H](O)[C@@H](O)[C@@H]1O,,,True,OC[C@H]1OC(O)[C@H](O)[C@@H](O)[C@@H]1O,WQZGKKKJIJFFOK-GASJEMHNSA-N,C1CCOCC1,1.0,1.0,0.0,180.156,12.0,6.0,0.0,110.38000000000001,-3.2214000000000005,5.0,6.0,1.0,1.0,1.0,True,,No-DILI-Concern,no,False,,,
LT00774,Diatrizoate sodium,0,No match,vNo-DILI-concern,Unchanged,Diatrizoate,CC(=O)Nc1c(I)c(NC(C)=O)c(I)c(C(=O)O)c1I,CHEMBL1201220,117-96-4,613.91,3.12,0.0,,No DILI,No DILI,,no,0.0,diatrizoate sodium,DILImap_metadata,CC(=O)Nc1c(I)c(NC(C)=O)c(I)c(C(=O)O)c1I,,,True,CC(=O)Nc1c(I)c(NC(C)=O)c(I)c(C(=O)O)c1I,YVPYQUNUQOZFHG-UHFFFAOYSA-N,c1ccccc1,1.0,1.0,0.0,613.9150000000002,20.0,11.0,0.0,95.50000000000001,3.1154,3.0,3.0,3.0,1.0,0.18181818181818182,True,,No-DILI-Concern,no,False,,,
LT00230,Diazepam,4,Adverse reactions,vLess-DILI-concern,Revised,Diazepam,CN1C(=O)CN=C(c2ccccc2)c2cc(Cl)ccc21,CHEMBL12,,284.75,3.15,0.0,E,No DILI,No DILI,,less,,diazepam,DILImap_metadata,CN1C(=O)CN=C(c2ccccc2)c2cc(Cl)ccc21,,,True,CN1C(=O)CN=C(c2ccccc2)c2cc(Cl)ccc21,AAOVKJBEBIDNHE-UHFFFAOYSA-N,O=C1CN=C(c2ccccc2)c2ccccc2N1,1.0,1.0,0.0,284.74600000000004,20.0,16.0,0.0,32.67,3.153800000000002,0.0,2.0,1.0,3.0,0.125,True,,Ambiguous DILI-concern,ambiguous,False,2.625,,
LT00865,Diazoxide,3,Warnings & precautions,Ambiguous-DILI-concern,Unchanged,Diazoxide,CC1=Nc2ccc(Cl)cc2S(=O)(=O)N1,CHEMBL181,364-98-7,230.68,1.68,0.0,,,,,ambiguous,,diazoxide,DILImap_metadata,CC1=Nc2ccc(Cl)cc2S(=O)(=O)N1,,,True,CC1=Nc2ccc(Cl)cc2S(=O)(=O)N1,GDLBFKVLRPITMI-UHFFFAOYSA-N,O=S1(=O)NC=Nc2ccccc21,1.0,1.0,0.0,230.676,14.0,8.0,0.0,58.53,1.6818,1.0,3.0,0.0,2.0,0.125,True,,Ambiguous DILI-concern,ambiguous,False,,,
LT00802,Dichlorphenamide,0,No match,vNo-DILI-concern,Unchanged,Dichlorphenamide,NS(=O)(=O)c1cc(Cl)c(Cl)c(S(N)(=O)=O)c1,CHEMBL17,120-97-8,305.16,0.29,0.0,,No DILI,No DILI,,no,0.0,dichlorphenamide,DILImap_metadata,NS(=O)(=O)c1cc(Cl)c(Cl)c(S(N)(=O)=O)c1,,,True,NS(=O)(=O)c1cc(Cl)c(Cl)c(S(N)(=O)=O)c1,GJQPMPFPNINLKP-UHFFFAOYSA-N,c1ccccc1,1.0,1.0,0.0,305.16400000000004,16.0,6.0,0.0,120.32,0.2882000000000006,2.0,4.0,2.0,1.0,0.0,True,,No-DILI-Concern,no,True,9.92923372861776,,
LT00084,Diclofenac sodium,8,Warnings & precautions,vMost-DILI-concern,Unchanged,Diclofenac,O=C(O)Cc1ccccc1Nc1c(Cl)cccc1Cl,CHEMBL139,15307-79-6,296.15,4.36,0.0,A,DILI (known),DILI,"Hepatitis, Necrosis, CYP, Cholestasis/Biliary, Fibrosis, Immune-mediated, Hypersensitivity",most,1.0,diclofenac sodium,DILImap_metadata,O=C(O)Cc1ccccc1Nc1c(Cl)cccc1Cl,,,True,O=C(O)Cc1ccccc1Nc1c(Cl)cccc1Cl,DCOPUUMXTXDBNB-UHFFFAOYSA-N,c1ccc(Nc2ccccc2)cc1,1.0,1.0,0.0,296.153,19.0,14.0,0.0,49.33,4.364100000000001,2.0,2.0,4.0,2.0,0.07142857142857142,True,,Most-DILI-Concern,most,False,,,
LT02041,Dicloxacillin sodium,3,Warnings & precautions,vLess-DILI-concern,Unchanged,Dicloxacillin,Cc1onc(-c2c(Cl)cccc2Cl)c1C(=O)N[C@@H]1C(=O)N2[C@@H]1SC(C)(C)[C@@H]2C(=O)O,CHEMBL893,343-55-5,470.33,3.2,0.0,B,DILI (likely),DILI,"Hepatitis, Cholestasis/Biliary, Hypersensitivity",less,,dicloxacillin sodium,DILImap_metadata,Cc1onc(-c2c(Cl)cccc2Cl)c1C(=O)N[C@@H]1C(=O)N2[C@@H]1SC(C)(C)[C@@H]2C(=O)O,,,True,Cc1onc(-c2c(Cl)cccc2Cl)c1C(=O)N[C@@H]1C(=O)N2[C@@H]1SC(C)(C)[C@@H]2C(=O)O,YFAGHNZHGGCZAX-JKIFEVAISA-N,O=C(NC1C(=O)N2CCSC12)c1conc1-c1ccccc1,1.0,1.0,0.0,470.3340000000002,30.0,19.0,0.0,112.74,3.2021200000000007,2.0,6.0,4.0,4.0,0.3684210526315789,True,,Less-DILI-Concern,less,False,,,
LT00737,Dicyclomine hydrochloride,0,No match,vNo-DILI-concern,Unchanged,Dicyclomine,CCN(CC)CCOC(=O)C1(C2CCCCC2)CCCCC1,CHEMBL1123,67-92-5,309.49,4.4,0.0,E,No DILI,No DILI,,no,0.0,dicyclomine hydrochloride,DILImap_metadata,CCN(CC)CCOC(=O)C1(C2CCCCC2)CCCCC1,,,True,CCN(CC)CCOC(=O)C1(C2CCCCC2)CCCCC1,CURUTKGFNZGFSE-UHFFFAOYSA-N,C1CCC(C2CCCCC2)CC1,1.0,1.0,0.0,309.4940000000001,22.0,19.0,0.0,29.54,4.402200000000004,0.0,3.0,7.0,2.0,0.9473684210526315,True,,No-DILI-Concern,no,False,,,
LT01285,Didanosine,8,Warnings & precautions,vMost-DILI-concern,Unchanged,Didanosine,O=c1[nH]cnc2c1ncn2[C@H]1CC[C@@H](CO)O1,CHEMBL1460,69655-05-6,236.23,-0.21,1.0,A,DILI (known),DILI,"Hepatitis, Mitochondrial dysfunction, Cholestasis/Biliary, Sinusoidal, Steatosis, Fibrosis, Cirrhosis, Lactic acidosis, Immune-mediated, Hypersensitivity",most,1.0,didanosine,DILImap_metadata,O=c1[nH]cnc2c1ncn2[C@H]1CC[C@@H](CO)O1,,,True,O=c1[nH]cnc2c1ncn2[C@H]1CC[C@@H](CO)O1,BXZVVICBKDXVGW-NKWVEPMBSA-N,O=c1[nH]cnc2c1ncn2C1CCCO1,1.0,1.0,0.0,236.23099999999997,17.0,10.0,0.0,93.03,-0.21050000000000008,2.0,5.0,2.0,3.0,0.5,True,,Most-DILI-Concern,most,False,9.83,,
LT00806,Diethylpropion hydrochloride,0,No match,vNo-DILI-concern,Unchanged,Diethylpropion,CCN(CC)C(C)C(=O)c1ccccc1,CHEMBL1194666,,205.3,2.6,0.0,E,No DILI,No DILI,,no,0.0,diethylpropion hydrochloride,DILImap_metadata,CCN(CC)C(C)C(=O)c1ccccc1,,,True,CCN(CC)C(C)C(=O)c1ccccc1,XXEPPPIWZFICOJ-UHFFFAOYSA-N,c1ccccc1,1.0,1.0,0.0,205.30100000000002,15.0,13.0,0.0,20.310000000000002,2.5996000000000006,0.0,2.0,5.0,1.0,0.46153846153846156,True,,No-DILI-Concern,no,False,,,
LT03659,Difelikefalin acetate,0,No match,vNo-DILI-concern,New,,,,,,,,,,,,no,0.0,difelikefalin acetate,,CC(C)C[C@H](C(=O)N[C@H](CCCCN)C(=O)N1CCC(CC1)(C(=O)O)N)NC(=O)[C@@H](CC2=CC=CC=C2)NC(=O)[C@@H](CC3=CC=CC=C3)N.CC(=O)O,91864509.0,MZWHRPKAHCWTOI-KGURMGBCSA-N,True,CC(C)C[C@@H](NC(=O)[C@@H](Cc1ccccc1)NC(=O)[C@H](N)Cc1ccccc1)C(=O)N[C@H](CCCCN)C(=O)N1CCC(N)(C(=O)O)CC1,FWMNVWWHGCHHJJ-SKKKGAJSSA-N,O=C(CNC(=O)C(Cc1ccccc1)NC(=O)CCc1ccccc1)NCC(=O)N1CCCCC1,2.0,0.9245283018867925,0.0,679.863,49.0,36.0,0.0,222.97,0.8331000000000097,7.0,8.0,18.0,3.0,0.5277777777777778,True,,,other,False,,,PubChem_name_property
LT00085,Diflunisal,8,Warnings & precautions,vMost-DILI-concern,Unchanged,Diflunisal,O=C(O)c1cc(-c2ccc(F)cc2F)ccc1O,CHEMBL898,22494-42-4,250.2,3.04,0.0,C,DILI (likely),DILI,"Hepatitis, Cholestasis/Biliary, Immune-mediated, Hypersensitivity, idiosyncratic cases",most,1.0,diflunisal,DILImap_metadata,O=C(O)c1cc(-c2ccc(F)cc2F)ccc1O,,,True,O=C(O)c1cc(-c2ccc(F)cc2F)ccc1O,HUPFGZXOMWLGNK-UHFFFAOYSA-N,c1ccc(-c2ccccc2)cc1,1.0,1.0,0.0,250.19999999999996,18.0,13.0,0.0,57.53,3.035600000000001,2.0,2.0,2.0,2.0,0.0,True,,Most-DILI-Concern,most,False,,,
LT00292,Digoxin,0,No match,vNo-DILI-concern,Unchanged,Digoxin,C[C@H]1O[C@@H](O[C@H]2[C@@H](O)C[C@H](O[C@H]3[C@@H](O)C[C@H](O[C@H]4CC[C@@]5(C)[C@H](CC[C@@H]6[C@@H]5C[C@@H](O)[C@]5(C)[C@@H](C7=CC(=O)OC7)CC[C@]65O)C4)O[C@@H]3C)O[C@@H]2C)C[C@H](O)[C@@H]1O,CHEMBL1751,,780.95,2.22,0.0,E,No DILI,No DILI,,no,0.0,digoxin,DILImap_metadata,C[C@H]1O[C@@H](O[C@H]2[C@@H](O)C[C@H](O[C@H]3[C@@H](O)C[C@H](O[C@H]4CC[C@@]5(C)[C@H](CC[C@@H]6[C@@H]5C[C@@H](O)[C@]5(C)[C@@H](C7=CC(=O)OC7)CC[C@]65O)C4)O[C@@H]3C)O[C@@H]2C)C[C@H](O)[C@@H]1O,,,True,C[C@H]1O[C@@H](O[C@H]2[C@@H](O)C[C@H](O[C@H]3[C@@H](O)C[C@H](O[C@H]4CC[C@@]5(C)[C@H](CC[C@@H]6[C@@H]5C[C@@H](O)[C@]5(C)[C@@H](C7=CC(=O)OC7)CC[C@]65O)C4)O[C@@H]3C)O[C@@H]2C)C[C@H](O)[C@@H]1O,LTMHDMANZUZIPE-PUGKRICDSA-N,O=C1C=C(C2CCC3C2CCC2C4CCC(OC5CCC(OC6CCC(OC7CCCCO7)CO6)CO5)CC4CCC23)CO1,1.0,1.0,0.0,780.9490000000002,55.0,41.0,0.0,203.05999999999997,2.218100000000003,6.0,14.0,7.0,8.0,0.926829268292683,True,,No-DILI-Concern,no,False,,,
LT02218,Dihydroergotamine mesylate,0,No match,vNo-DILI-concern,Unchanged,Dihydroergotamine,CN1C[C@H](C(=O)N[C@]2(C)O[C@@]3(O)[C@@H]4CCCN4C(=O)[C@H](Cc4ccccc4)N3C2=O)C[C@@H]2c3cccc4[nH]cc(c34)C[C@H]21,CHEMBL1732,,583.69,2.08,0.0,E,No DILI,No DILI,,no,0.0,dihydroergotamine mesylate,DILImap_metadata,CN1C[C@H](C(=O)N[C@]2(C)O[C@@]3(O)[C@@H]4CCCN4C(=O)[C@H](Cc4ccccc4)N3C2=O)C[C@@H]2c3cccc4[nH]cc(c34)C[C@H]21,,,True,CN1C[C@H](C(=O)N[C@]2(C)O[C@@]3(O)[C@@H]4CCCN4C(=O)[C@H](Cc4ccccc4)N3C2=O)C[C@@H]2c3cccc4[nH]cc(c34)C[C@H]21,LUZRJRNZXALNLM-JGRZULCMSA-N,O=C(NC1OC2C3CCCN3C(=O)C(Cc3ccccc3)N2C1=O)C1CNC2Cc3c[nH]c4cccc(c34)C2C1,1.0,1.0,0.0,583.6890000000001,43.0,33.0,0.0,118.21000000000001,2.0811000000000024,3.0,6.0,4.0,8.0,0.48484848484848486,True,,No-DILI-Concern,no,False,,,
LT01292,Diltiazem hydrochloride,4,Warnings & precautions,vMost-DILI-concern,Unchanged,Diltiazem,COc1ccc([C@@H]2Sc3ccccc3N(CCN(C)C)C(=O)[C@@H]2OC(C)=O)cc1,CHEMBL23,33286-22-5,414.53,3.37,0.0,C,DILI (likely),DILI,"CYP, Cholestasis/Biliary, Hypersensitivity, likely iDILI",most,1.0,diltiazem hydrochloride,DILImap_metadata,COc1ccc([C@@H]2Sc3ccccc3N(CCN(C)C)C(=O)[C@@H]2OC(C)=O)cc1,,,True,COc1ccc([C@@H]2Sc3ccccc3N(CCN(C)C)C(=O)[C@@H]2OC(C)=O)cc1,HSUGRBWQSSZJOP-RTWAWAEBSA-N,O=C1CC(c2ccccc2)Sc2ccccc2N1,1.0,1.0,0.0,414.52700000000016,29.0,22.0,0.0,59.080000000000005,3.368500000000002,0.0,6.0,6.0,3.0,0.36363636363636365,True,,Most-DILI-Concern,most,False,,,
LT00545,Dimenhydrinate,0,No match,vNo-DILI-concern,Unchanged,Dimenhydrinate,CN(C)CCOC(c1ccccc1)c1ccccc1.Cn1c(=O)c2[nH]c(Cl)nc2n(C)c1=O,CHEMBL1200406,523-87-5,469.97,,0.0,E,No DILI,No DILI,,no,0.0,dimenhydrinate,DILImap_metadata,CN(C)CCOC(c1ccccc1)c1ccccc1.Cn1c(=O)c2[nH]c(Cl)nc2n(C)c1=O,,,True,CN(C)CCOC(c1ccccc1)c1ccccc1,ZZVUWRFHKOJYTH-UHFFFAOYSA-N,c1ccc(Cc2ccccc2)cc1,2.0,0.5757575757575758,0.0,255.36100000000002,19.0,17.0,0.0,12.47,3.3542000000000023,0.0,2.0,6.0,2.0,0.29411764705882354,True,,No-DILI-Concern,no,False,,,
LT00074,Dimercaprol,0,No match,vNo-DILI-concern,Unchanged,Dimercaprol,OCC(S)CS,CHEMBL1597,59-52-9,124.23,0.21,0.0,E,No DILI,No DILI,,no,0.0,dimercaprol,DILImap_metadata,OCC(S)CS,,,True,OCC(S)CS,WQABCVAJNWAXTE-UHFFFAOYSA-N,,1.0,1.0,0.0,124.23,6.0,3.0,0.0,20.23,0.20690000000000003,3.0,3.0,2.0,0.0,1.0,True,,No-DILI-Concern,no,False,,,
LT02877,Dimethyl fumarate,4,Warnings & precautions,vMost-DILI-concern,New,,,,,,,,,,,,most,1.0,dimethyl fumarate,,COC(=O)/C=C/C(=O)OC,637568.0,LDCRTTXIJACKKU-ONEGZZNKSA-N,True,COC(=O)/C=C/C(=O)OC,LDCRTTXIJACKKU-ONEGZZNKSA-N,,1.0,1.0,0.0,144.12599999999998,10.0,6.0,0.0,52.60000000000001,-0.11140000000000017,0.0,4.0,2.0,0.0,0.3333333333333333,True,,,other,False,,,PubChem_name_property
LT00087,Diphenhydramine hydrochloride,0,No match,vNo-DILI-concern,Unchanged,Diphenhydramine,CN(C)CCOC(c1ccccc1)c1ccccc1,CHEMBL657,147-24-0,255.36,3.35,0.0,E,No DILI,No DILI,,no,0.0,diphenhydramine hydrochloride,DILImap_metadata,CN(C)CCOC(c1ccccc1)c1ccccc1,,,True,CN(C)CCOC(c1ccccc1)c1ccccc1,ZZVUWRFHKOJYTH-UHFFFAOYSA-N,c1ccc(Cc2ccccc2)cc1,1.0,1.0,0.0,255.36100000000002,19.0,17.0,0.0,12.47,3.3542000000000023,0.0,2.0,6.0,2.0,0.29411764705882354,True,,No-DILI-Concern,no,False,,,
LT01623,Diphenoxylate,0,No match,vNo-DILI-concern,Unchanged,Diphenoxylate,CCOC(=O)C1(c2ccccc2)CCN(CCC(C#N)(c2ccccc2)c2ccccc2)CC1,CHEMBL1201294,,452.6,5.48,0.0,E,No DILI,No DILI,,no,0.0,diphenoxylate,DILImap_metadata,CCOC(=O)C1(c2ccccc2)CCN(CCC(C#N)(c2ccccc2)c2ccccc2)CC1,,,True,CCOC(=O)C1(c2ccccc2)CCN(CCC(C#N)(c2ccccc2)c2ccccc2)CC1,HYPPXZBJBPSRLK-UHFFFAOYSA-N,c1ccc(C2CCN(CCC(c3ccccc3)c3ccccc3)CC2)cc1,1.0,1.0,0.0,452.5980000000001,34.0,30.0,0.0,53.33,5.483280000000006,0.0,4.0,8.0,4.0,0.3333333333333333,True,,No-DILI-Concern,no,False,,,
LT00294,Dipyridamole,3,Warnings & precautions,Ambiguous-DILI-concern,Unchanged,Dipyridamole,OCCN(CCO)c1nc(N2CCCCC2)c2nc(N(CCO)CCO)nc(N3CCCCC3)c2n1,CHEMBL932,58-32-2,504.64,-0.02,0.0,E*,No DILI,No DILI,,ambiguous,,dipyridamole,DILImap_metadata,OCCN(CCO)c1nc(N2CCCCC2)c2nc(N(CCO)CCO)nc(N3CCCCC3)c2n1,,,True,OCCN(CCO)c1nc(N2CCCCC2)c2nc(N(CCO)CCO)nc(N3CCCCC3)c2n1,IZEKFCXSFNUWAM-UHFFFAOYSA-N,c1nc(N2CCCCC2)c2ncnc(N3CCCCC3)c2n1,1.0,1.0,0.0,504.6360000000004,36.0,24.0,0.0,145.44,-0.017599999999997396,4.0,12.0,12.0,4.0,0.75,True,,Ambiguous DILI-concern,ambiguous,False,,,
LT03660,Diroximel fumarate,4,Warnings & precautions,Ambiguous-DILI-concern,New,,,,,,,,,,,,ambiguous,,diroximel fumarate,,COC(=O)/C=C/C(=O)OCCN1C(=O)CCC1=O,73330464.0,YIMYDTCOUQIDMT-SNAWJCMRSA-N,True,COC(=O)/C=C/C(=O)OCCN1C(=O)CCC1=O,YIMYDTCOUQIDMT-SNAWJCMRSA-N,O=C1CCC(=O)N1,1.0,1.0,0.0,255.2259999999999,18.0,11.0,0.0,89.98000000000002,-0.592200000000001,0.0,6.0,5.0,1.0,0.45454545454545453,True,,,other,False,,,PubChem_name_property
LT01302,Disopyramide phosphate,2,Adverse reactions,vLess-DILI-concern,Unchanged,Disopyramide,CC(C)N(CCC(C(N)=O)(c1ccccc1)c1ccccn1)C(C)C,CHEMBL517,22059-60-5,339.48,3.36,0.0,B,DILI (likely),DILI,"Hepatitis, CYP, Cholestasis/Biliary, Immune-mediated, Hypersensitivity",less,,disopyramide phosphate,DILImap_metadata,CC(C)N(CCC(C(N)=O)(c1ccccc1)c1ccccn1)C(C)C,,,True,CC(C)N(CCC(C(N)=O)(c1ccccc1)c1ccccn1)C(C)C,UVTNFZQICZKOEM-UHFFFAOYSA-N,c1ccc(Cc2ccccn2)cc1,1.0,1.0,0.0,339.4830000000001,25.0,21.0,0.0,59.22,3.361900000000002,1.0,3.0,8.0,2.0,0.42857142857142855,True,,Less-DILI-Concern,less,False,,,
LT00295,Disulfiram,8,Warnings & precautions,vMost-DILI-concern,Unchanged,Disulfiram,CCN(CC)C(=S)SSC(=S)N(CC)CC,CHEMBL964,97-77-8,296.55,3.62,0.0,A,DILI (known),DILI,"Hepatitis, Necrosis, CYP, Oxidative stress, Immune-mediated, Hypersensitivity",most,1.0,disulfiram,DILImap_metadata,CCN(CC)C(=S)SSC(=S)N(CC)CC,,,True,CCN(CC)C(=S)SSC(=S)N(CC)CC,AUZONCFQVSMFAP-UHFFFAOYSA-N,,1.0,1.0,0.0,296.5520000000001,16.0,10.0,0.0,6.48,3.6212000000000026,0.0,4.0,4.0,0.0,0.8,True,,Most-DILI-Concern,most,False,1.348890538,,
LT00684,Divalproex sodium,8,Box warning,vMost-DILI-concern,Unchanged,Divalproex sodium,,,76584-70-8,,,,,DILI (likely),DILI,,most,1.0,divalproex sodium,,CCCC(CCC)C(=O)O.CCCC(CCC)C(=O)[O-].[Na+],23663956.0,MSRILKIQRXUYCT-UHFFFAOYSA-M,True,CCCC(CCC)C(=O)O,NIJJYAXOARWZEE-UHFFFAOYSA-N,,3.0,0.47619047619047616,0.0,144.214,10.0,8.0,0.0,37.3,2.2874,1.0,1.0,5.0,0.0,0.875,True,,Most-DILI-Concern,most,False,,,PubChem_name_property
LT01308,Dobutamine hydrochloride,0,No match,vNo-DILI-concern,Unchanged,Dobutamine,CC(CCc1ccc(O)cc1)NCCc1ccc(O)c(O)c1,CHEMBL926,,301.39,2.96,0.0,,No DILI,No DILI,,no,0.0,dobutamine hydrochloride,DILImap_metadata,CC(CCc1ccc(O)cc1)NCCc1ccc(O)c(O)c1,,,True,CC(CCc1ccc(O)cc1)NCCc1ccc(O)c(O)c1,JRWZLRBJNMZMFE-UHFFFAOYSA-N,c1ccc(CCCNCCc2ccccc2)cc1,1.0,1.0,0.0,301.386,22.0,18.0,0.0,72.72,2.956800000000002,4.0,4.0,7.0,2.0,0.3333333333333333,True,,No-DILI-Concern,no,False,,,
LT01309,Docetaxel,3,Warnings & precautions,vLess-DILI-concern,Unchanged,Docetaxel,,,114977-28-5,,,,C,DILI (few cases),,"Hepatitis, Necrosis, CYP, Cholestasis/Biliary, Sinusoidal, Encephalopathy, Immune-mediated, Hypersensitivity",less,,docetaxel,,CC1=C2[C@H](C(=O)[C@@]3([C@H](C[C@@H]4[C@]([C@H]3[C@@H]([C@@](C2(C)C)(C[C@@H]1OC(=O)[C@@H]([C@H](C5=CC=CC=C5)NC(=O)OC(C)(C)C)O)O)OC(=O)C6=CC=CC=C6)(CO4)OC(=O)C)O)C)O,148124.0,ZDZOTLJHXYCWBA-VCVYQWHSSA-N,True,CC(=O)O[C@@]12CO[C@@H]1C[C@H](O)[C@@]1(C)C(=O)[C@H](O)C3=C(C)[C@@H](OC(=O)[C@H](O)[C@@H](NC(=O)OC(C)(C)C)c4ccccc4)C[C@@](O)([C@@H](OC(=O)c4ccccc4)[C@H]21)C3(C)C,ZDZOTLJHXYCWBA-VCVYQWHSSA-N,O=C(CCc1ccccc1)OC1C=C2CC(=O)C3CCC4OCC4C3C(OC(=O)c3ccccc3)C(C2)C1,1.0,1.0,0.0,807.8900000000004,58.0,43.0,0.0,224.44999999999996,3.259600000000003,5.0,14.0,8.0,6.0,0.5581395348837209,True,,Less-DILI-Concern,less,False,,,PubChem_name_property
LT01040,Dofetilide,0,No match,vLess-DILI-concern,Revised,Dofetilide,CN(CCOc1ccc(NS(C)(=O)=O)cc1)CCc1ccc(NS(C)(=O)=O)cc1,CHEMBL473,115256-11-6,441.58,1.98,0.0,E,No DILI,No DILI,,less,,dofetilide,DILImap_metadata,CN(CCOc1ccc(NS(C)(=O)=O)cc1)CCc1ccc(NS(C)(=O)=O)cc1,,,True,CN(CCOc1ccc(NS(C)(=O)=O)cc1)CCc1ccc(NS(C)(=O)=O)cc1,IXTMWRCNAAVVAI-UHFFFAOYSA-N,c1ccc(CCNCCOc2ccccc2)cc1,1.0,1.0,0.0,441.57500000000016,29.0,19.0,0.0,104.81,1.9828999999999997,2.0,6.0,11.0,2.0,0.3684210526315789,True,,No-DILI-Concern,no,False,0.00501,,
LT00986,Dolasetron mesylate,3,Adverse reactions,Ambiguous-DILI-concern,Unchanged,Dolasetron,O=C(O[C@@H]1C[C@@H]2C[C@H]3C[C@H](C1)N2CC3=O)c1c[nH]c2ccccc12,CHEMBL2368925,115956-12-2,324.38,2.52,0.0,E,No DILI,No DILI,,ambiguous,,dolasetron mesylate,DILImap_metadata,O=C(O[C@@H]1C[C@@H]2C[C@H]3C[C@H](C1)N2CC3=O)c1c[nH]c2ccccc12,,,True,O=C(O[C@@H]1C[C@@H]2C[C@H]3C[C@H](C1)N2CC3=O)c1c[nH]c2ccccc12,UKTAZPQNNNJVKR-KJGYPYNMSA-N,O=C(OC1CC2CC3CC(C1)N2CC3=O)c1c[nH]c2ccccc12,1.0,1.0,0.0,324.38000000000005,24.0,19.0,0.0,62.4,2.519000000000001,1.0,4.0,2.0,6.0,0.47368421052631576,True,,Ambiguous DILI-concern,ambiguous,False,,,
LT02905,Dolutegravir sodium,8,Warnings & precautions,vMost-DILI-concern,New,,,,,,,,,,,,most,1.0,dolutegravir sodium,,C[C@@H]1CCO[C@@H]2N1C(=O)C3=C(C(=O)C(=CN3C2)C(=O)NCC4=C(C=C(C=C4)F)F)[O-].[Na+],46216142.0,UGWJRRXTMKRYNK-VSLILLSYSA-M,True,C[C@@H]1CCO[C@H]2Cn3cc(C(=O)NCc4ccc(F)cc4F)c(=O)c(O)c3C(=O)N12,RHWKPHLQXYSBKR-BMIGLBTASA-N,O=C(NCc1ccccc1)c1cn2c(cc1=O)C(=O)N1CCCOC1C2,2.0,0.967741935483871,0.0,419.38400000000007,30.0,20.0,0.0,100.87,1.3527999999999996,2.0,5.0,3.0,4.0,0.35,True,,,other,False,,,PubChem_name_property
LT00052,Donepezil hydrochloride,3,Adverse reactions,vLess-DILI-concern,Unchanged,Donepezil,COc1cc2c(cc1OC)C(=O)C(CC1CCN(Cc3ccccc3)CC1)C2,CHEMBL502,120014-06-4,379.5,4.36,0.0,D,DILI (few cases),,"CYP, Cholestasis/Biliary, Immune-mediated, Hypersensitivity, likely idiosyncratic",less,,donepezil hydrochloride,DILImap_metadata,COc1cc2c(cc1OC)C(=O)C(CC1CCN(Cc3ccccc3)CC1)C2,,,True,COc1cc2c(cc1OC)C(=O)C(CC1CCN(Cc3ccccc3)CC1)C2,ADEBPBSSDYVVLD-UHFFFAOYSA-N,O=C1c2ccccc2CC1CC1CCN(Cc2ccccc2)CC1,1.0,1.0,0.0,379.50000000000017,28.0,24.0,0.0,38.77,4.361100000000004,0.0,4.0,6.0,4.0,0.4583333333333333,True,,Less-DILI-Concern,less,False,,,
LT00015,Dopamine hydrochloride,0,No match,vNo-DILI-concern,Unchanged,Dopamine,NCCc1ccc(O)c(O)c1,CHEMBL59,62-31-7,153.18,0.6,0.0,,No DILI,No DILI,,no,0.0,dopamine hydrochloride,DILImap_metadata,NCCc1ccc(O)c(O)c1,,,True,NCCc1ccc(O)c(O)c1,VYFYYTLLBUKUHU-UHFFFAOYSA-N,c1ccccc1,1.0,1.0,0.0,153.18099999999998,11.0,8.0,0.0,66.48,0.5989999999999998,3.0,3.0,2.0,1.0,0.25,True,,No-DILI-Concern,no,False,,,
LT03661,Doravirine,4,Adverse reactions,Ambiguous-DILI-concern,New,,,,,,,,,,,,ambiguous,,doravirine,,CN1C(=NNC1=O)CN2C=CC(=C(C2=O)OC3=CC(=CC(=C3)C#N)Cl)C(F)(F)F,58460047.0,ZIAOVIPSKUPPQW-UHFFFAOYSA-N,True,Cn1c(Cn2ccc(C(F)(F)F)c(Oc3cc(Cl)cc(C#N)c3)c2=O)n[nH]c1=O,ZIAOVIPSKUPPQW-UHFFFAOYSA-N,O=c1[nH]nc(Cn2cccc(Oc3ccccc3)c2=O)[nH]1,1.0,1.0,0.0,425.754,29.0,17.0,0.0,105.70000000000002,2.65458,1.0,5.0,4.0,3.0,0.17647058823529413,True,,,other,False,,,PubChem_name_property
LT00623,Doripenem,3,Adverse reactions,Ambiguous-DILI-concern,Unchanged,Doripenem,C[C@@H](O)[C@H]1C(=O)N2C(C(=O)O)=C(S[C@@H]3CN[C@H](CNS(N)(=O)=O)C3)[C@H](C)[C@H]12,CHEMBL491571,364622-82-2,420.51,-1.6,0.0,E*,No DILI,No DILI,,ambiguous,,doripenem,DILImap_metadata,C[C@@H](O)[C@H]1C(=O)N2C(C(=O)O)=C(S[C@@H]3CN[C@H](CNS(N)(=O)=O)C3)[C@H](C)[C@H]12,,,True,C[C@@H](O)[C@H]1C(=O)N2C(C(=O)O)=C(S[C@@H]3CN[C@H](CNS(N)(=O)=O)C3)[C@H](C)[C@H]12,AVAACINZEOAHHE-VFZPANTDSA-N,O=C1CC2CC(SC3CCNC3)=CN12,1.0,1.0,0.0,420.5130000000002,27.0,15.0,0.0,162.06,-1.6030999999999969,5.0,7.0,7.0,3.0,0.7333333333333333,True,,Ambiguous DILI-concern,ambiguous,False,,,
LT00547,Doxapram hydrochloride,0,No match,vNo-DILI-concern,Unchanged,Doxapram,CCN1CC(CCN2CCOCC2)C(c2ccccc2)(c2ccccc2)C1=O,CHEMBL1754,7081-53-0,378.52,3.17,0.0,,No DILI,No DILI,,no,0.0,doxapram hydrochloride,DILImap_metadata,CCN1CC(CCN2CCOCC2)C(c2ccccc2)(c2ccccc2)C1=O,,,True,CCN1CC(CCN2CCOCC2)C(c2ccccc2)(c2ccccc2)C1=O,XFDJYSQDBULQSI-UHFFFAOYSA-N,O=C1NCC(CCN2CCOCC2)C1(c1ccccc1)c1ccccc1,1.0,1.0,0.0,378.5160000000001,28.0,24.0,0.0,32.78,3.173300000000001,0.0,3.0,6.0,4.0,0.4583333333333333,True,,No-DILI-Concern,no,False,,,
LT01313,Doxazosin mesylate,3,Adverse reactions,vLess-DILI-concern,Revised,Doxazosin,COc1cc2nc(N3CCN(C(=O)C4COc5ccccc5O4)CC3)nc(N)c2cc1OC,CHEMBL707,77883-43-3,451.48,1.72,0.0,E*,No DILI,No DILI,,less,,doxazosin mesylate,DILImap_metadata,COc1cc2nc(N3CCN(C(=O)C4COc5ccccc5O4)CC3)nc(N)c2cc1OC,,,True,COc1cc2nc(N3CCN(C(=O)C4COc5ccccc5O4)CC3)nc(N)c2cc1OC,RUZYUOTYCVRMRZ-UHFFFAOYSA-N,O=C(C1COc2ccccc2O1)N1CCN(c2ncc3ccccc3n2)CC1,1.0,1.0,0.0,451.4830000000003,33.0,23.0,0.0,112.27000000000001,1.7177999999999993,1.0,9.0,4.0,5.0,0.34782608695652173,True,,Ambiguous DILI-concern,ambiguous,False,,,
LT01314,Doxepin hydrochloride,4,Adverse reactions,vLess-DILI-concern,Unchanged,Doxepin,CN(C)CCC=C1c2ccccc2COc2ccccc21,CHEMBL1628227,1229-29-4,279.38,3.96,0.0,C,DILI (few cases),,"Cholestasis/Biliary, Hypersensitivity",less,,doxepin hydrochloride,DILImap_metadata,CN(C)CCC=C1c2ccccc2COc2ccccc21,,,True,CN(C)CCC=C1c2ccccc2COc2ccccc21,ODQWQRRAPPTVAG-UHFFFAOYSA-N,C=C1c2ccccc2COc2ccccc21,1.0,1.0,0.0,279.383,21.0,19.0,0.0,12.47,3.9624000000000033,0.0,2.0,3.0,3.0,0.2631578947368421,True,,Less-DILI-Concern,less,False,,,
LT00464,Doxercalciferol,3,Adverse reactions,Ambiguous-DILI-concern,Unchanged,Doxercalciferol,C=C1/C(=C\C=C2/CCC[C@]3(C)[C@@H]([C@H](C)/C=C/[C@H](C)C(C)C)CC[C@@H]23)C[C@@H](O)C[C@@H]1O,CHEMBL1200810,54573-75-0,412.66,6.61,1.0,,,,,ambiguous,,doxercalciferol,DILImap_metadata,C=C1/C(=C\C=C2/CCC[C@]3(C)[C@@H]([C@H](C)/C=C/[C@H](C)C(C)C)CC[C@@H]23)C[C@@H](O)C[C@@H]1O,,,True,C=C1/C(=C\C=C2/CCC[C@]3(C)[C@@H]([C@H](C)/C=C/[C@H](C)C(C)C)CC[C@@H]23)C[C@@H](O)C[C@@H]1O,HKXBNHCUPKIYDM-CGMHZMFXSA-N,C=C1CCCCC1=CC=C1CCCC2CCCC12,1.0,1.0,0.0,412.65800000000024,30.0,28.0,0.0,40.46,6.6118000000000094,2.0,2.0,5.0,3.0,0.7142857142857143,True,,Ambiguous DILI-concern,ambiguous,False,,,
LT00335,Doxorubicin hydrochloride,3,Adverse reactions,vLess-DILI-concern,Unchanged,Doxorubicin,COc1cccc2c1C(=O)c1c(O)c3c(c(O)c1C2=O)C[C@@](O)(C(=O)CO)C[C@@H]3O[C@H]1C[C@H](N)[C@H](O)[C@H](C)O1,CHEMBL53463,25316-40-9,543.53,0.0,0.0,B,DILI (likely),DILI,,less,,doxorubicin hydrochloride,DILImap_metadata,COc1cccc2c1C(=O)c1c(O)c3c(c(O)c1C2=O)C[C@@](O)(C(=O)CO)C[C@@H]3O[C@H]1C[C@H](N)[C@H](O)[C@H](C)O1,,,True,COc1cccc2c1C(=O)c1c(O)c3c(c(O)c1C2=O)C[C@@](O)(C(=O)CO)C[C@@H]3O[C@H]1C[C@H](N)[C@H](O)[C@H](C)O1,AOJJSUZBOXZQNB-TZSSRYMLSA-N,O=C1c2ccccc2C(=O)c2cc3c(cc21)CCCC3OC1CCCCO1,1.0,1.0,0.0,543.5250000000003,39.0,27.0,0.0,206.07,0.0012999999999993017,6.0,12.0,5.0,5.0,0.4444444444444444,True,,Less-DILI-Concern,less,False,,,
LT00393,Doxycycline,3,Adverse reactions,vLess-DILI-concern,Unchanged,Doxycycline,,,24390-14-5,,,,B,DILI (likely),DILI,"Hepatitis, Cholestasis/Biliary, Steatosis, Immune-mediated, Hypersensitivity",less,,doxycycline,,CCO.C[C@@H]1[C@H]2[C@@H]([C@H]3[C@@H](C(=O)C(=C([C@]3(C(=O)C2=C(C4=C1C=CC=C4O)O)O)O)C(=O)N)N(C)C)O.C[C@@H]1[C@H]2[C@@H]([C@H]3[C@@H](C(=O)C(=C([C@]3(C(=O)C2=C(C4=C1C=CC=C4O)O)O)O)C(=O)N)N(C)C)O.O.Cl.Cl,54686183.0,UHHHTIKWXBRCLT-VDBOFHIQSA-N,True,C[C@H]1c2cccc(O)c2C(O)=C2C(=O)[C@]3(O)C(O)=C(C(N)=O)C(=O)[C@@H](N(C)C)[C@@H]3[C@@H](O)[C@@H]21,SGKRLCUYIXIAHR-AKNGSSGZSA-N,O=C1C=CC2C(=O)C3=Cc4ccccc4CC3CC2C1,6.0,0.45714285714285713,0.0,444.4400000000001,32.0,22.0,0.0,181.62000000000003,-0.5041999999999984,6.0,9.0,2.0,4.0,0.4090909090909091,True,,Less-DILI-Concern,less,False,11.25,,PubChem_name_property
LT00727,Doxylamine succinate,0,No match,vNo-DILI-concern,Unchanged,Doxylamine,CN(C)CCOC(C)(c1ccccc1)c1ccccn1,CHEMBL1004,562-10-7,270.38,2.92,0.0,E,No DILI,No DILI,,no,0.0,doxylamine succinate,DILImap_metadata,CN(C)CCOC(C)(c1ccccc1)c1ccccn1,,,True,CN(C)CCOC(C)(c1ccccc1)c1ccccn1,HCFDWZZGGLSKEP-UHFFFAOYSA-N,c1ccc(Cc2ccccn2)cc1,1.0,1.0,0.0,270.37600000000003,20.0,17.0,0.0,25.36,2.923300000000001,0.0,3.0,6.0,2.0,0.35294117647058826,True,,No-DILI-Concern,no,False,,,
LT00909,Dronabinol,3,Adverse reactions,Ambiguous-DILI-concern,Unchanged,Marinol,CCCCCc1cc(O)c2c(c1)OC(C)(C)[C@@H]1CCC(C)=C[C@@H]21,CHEMBL465,,314.47,5.74,0.0,,,,,ambiguous,,dronabinol,DILImap_metadata,CCCCCc1cc(O)c2c(c1)OC(C)(C)[C@@H]1CCC(C)=C[C@@H]21,,,True,CCCCCc1cc(O)c2c(c1)OC(C)(C)[C@@H]1CCC(C)=C[C@@H]21,CYQFCXCEBYINGO-IAGOWNOFSA-N,C1=CC2c3ccccc3OCC2CC1,1.0,1.0,0.0,314.46900000000005,23.0,21.0,0.0,29.46,5.735800000000006,1.0,2.0,4.0,3.0,0.6190476190476191,True,,Ambiguous DILI-concern,ambiguous,False,,,
LT00671,Dronedarone hydrochloride,7,Warnings & precautions,vMost-DILI-concern,Unchanged,Dronedarone,CCCCc1oc2ccc(NS(C)(=O)=O)cc2c1C(=O)c1ccc(OCCCN(CCCC)CCCC)cc1,CHEMBL184412,141625-93-6,556.77,7.05,0.0,C,DILI (likely),DILI,"Hepatitis, CYP, Steatosis, Fibrosis",most,1.0,dronedarone hydrochloride,DILImap_metadata,CCCCc1oc2ccc(NS(C)(=O)=O)cc2c1C(=O)c1ccc(OCCCN(CCCC)CCCC)cc1,,,True,CCCCc1oc2ccc(NS(C)(=O)=O)cc2c1C(=O)c1ccc(OCCCN(CCCC)CCCC)cc1,ZQTNQVWKHCQYLQ-UHFFFAOYSA-N,O=C(c1ccccc1)c1coc2ccccc12,1.0,1.0,0.0,556.7690000000005,39.0,31.0,0.0,88.85,7.0490000000000075,1.0,6.0,18.0,3.0,0.5161290322580645,True,,Most-DILI-Concern,most,False,,,
LT01317,Droperidol,0,No match,vNo-DILI-concern,Unchanged,Droperidol,O=C(CCCN1CC=C(n2c(=O)[nH]c3ccccc32)CC1)c1ccc(F)cc1,CHEMBL1108,548-73-2,379.44,3.68,0.0,,No DILI,No DILI,,no,0.0,droperidol,DILImap_metadata,O=C(CCCN1CC=C(n2c(=O)[nH]c3ccccc32)CC1)c1ccc(F)cc1,,,True,O=C(CCCN1CC=C(n2c(=O)[nH]c3ccccc32)CC1)c1ccc(F)cc1,RMEDXOLNCUSCGS-UHFFFAOYSA-N,O=C(CCCN1CC=C(n2c(=O)[nH]c3ccccc32)CC1)c1ccccc1,1.0,1.0,0.0,379.4350000000002,28.0,22.0,0.0,58.1,3.6784000000000026,1.0,3.0,6.0,4.0,0.2727272727272727,True,,No-DILI-Concern,no,False,,,
LT01318,Droxicam,8,Withdrawn,vMost-DILI-concern,Unchanged,Droxicam,CN1c2c(oc(=O)n(-c3ccccn3)c2=O)-c2ccccc2S1(=O)=O,CHEMBL1213420,,357.35,0.99,1.0,,DILI (withdrawn),DILI,,most,1.0,droxicam,DILImap_metadata,CN1c2c(oc(=O)n(-c3ccccn3)c2=O)-c2ccccc2S1(=O)=O,,,True,CN1c2c(oc(=O)n(-c3ccccn3)c2=O)-c2ccccc2S1(=O)=O,OEHFRZLKGRKFAS-UHFFFAOYSA-N,O=c1oc2c(c(=O)n1-c1ccccn1)NS(=O)(=O)c1ccccc1-2,1.0,1.0,0.0,357.3470000000001,25.0,16.0,0.0,102.47999999999999,0.9911999999999999,0.0,6.0,1.0,4.0,0.0625,True,,Most-DILI-Concern,most,False,,,
LT01788,Droxidopa,0,No match,vNo-DILI-concern,New,,,,,,,,,,,,no,0.0,droxidopa,,N[C@H](C(=O)O)[C@H](O)c1ccc(O)c(O)c1,,,True,N[C@H](C(=O)O)[C@H](O)c1ccc(O)c(O)c1,QXWYKJLNLSIPIN-JGVFFNPUSA-N,c1ccccc1,1.0,1.0,0.0,213.189,15.0,9.0,0.0,124.01000000000002,-0.4569000000000002,5.0,5.0,3.0,1.0,0.2222222222222222,True,,,other,False,,DILImap_metadata_offline,
LT02035,Duloxetine hydrochloride,8,Warnings & precautions,vMost-DILI-concern,Unchanged,Duloxetine,CNCC[C@H](Oc1cccc2ccccc12)c1cccs1,CHEMBL1175,136434-34-9,297.42,4.63,0.0,B,DILI (likely),DILI,"CYP, Cholestasis/Biliary, Immune-mediated, Hypersensitivity",most,1.0,duloxetine hydrochloride,DILImap_metadata,CNCC[C@H](Oc1cccc2ccccc12)c1cccs1,,,True,CNCC[C@H](Oc1cccc2ccccc12)c1cccs1,ZEUITGRIYCTCEM-KRWDZBQOSA-N,c1csc(COc2cccc3ccccc23)c1,1.0,1.0,0.0,297.423,21.0,18.0,0.0,21.259999999999998,4.630900000000003,1.0,3.0,6.0,3.0,0.2222222222222222,True,,Most-DILI-Concern,most,False,,,
LT01112,Dutasteride,0,No match,vNo-DILI-concern,Unchanged,Dutasteride,C[C@]12C=CC(=O)N[C@@H]1CC[C@@H]1[C@@H]2CC[C@]2(C)[C@@H](C(=O)Nc3cc(C(F)(F)F)ccc3C(F)(F)F)CC[C@@H]12,CHEMBL1200969,164656-23-9,528.54,6.58,0.0,E,No DILI,No DILI,,no,0.0,dutasteride,DILImap_metadata,C[C@]12C=CC(=O)N[C@@H]1CC[C@@H]1[C@@H]2CC[C@]2(C)[C@@H](C(=O)Nc3cc(C(F)(F)F)ccc3C(F)(F)F)CC[C@@H]12,,,True,C[C@]12C=CC(=O)N[C@@H]1CC[C@@H]1[C@@H]2CC[C@]2(C)[C@@H](C(=O)Nc3cc(C(F)(F)F)ccc3C(F)(F)F)CC[C@@H]12,JWJOTENAMICLJG-QWBYCMEYSA-N,O=C1C=CC2C(CCC3C2CCC2C(C(=O)Nc4ccccc4)CCC23)N1,1.0,1.0,0.0,528.537,37.0,27.0,0.0,58.2,6.576100000000006,2.0,2.0,2.0,5.0,0.6296296296296297,True,,No-DILI-Concern,no,False,0.0168580876344318,,
LT03662,Duvelisib,4,Warnings & precautions,Ambiguous-DILI-concern,New,,,,,,,,,,,,ambiguous,,duvelisib,,C[C@@H](C1=CC2=C(C(=CC=C2)Cl)C(=O)N1C3=CC=CC=C3)NC4=NC=NC5=C4NC=N5,50905713.0,SJVQHLPISAIATJ-ZDUSSCGKSA-N,True,C[C@H](Nc1ncnc2nc[nH]c12)c1cc2cccc(Cl)c2c(=O)n1-c1ccccc1,SJVQHLPISAIATJ-ZDUSSCGKSA-N,O=c1c2ccccc2cc(CNc2ncnc3nc[nH]c23)n1-c1ccccc1,1.0,1.0,0.0,416.87200000000007,30.0,22.0,0.0,88.49,4.483500000000003,2.0,5.0,4.0,5.0,0.09090909090909091,True,,,other,False,,,PubChem_name_property
LT00740,Dyphylline,0,No match,vNo-DILI-concern,Unchanged,Dyphylline,Cn1c(=O)c2c(ncn2CC(O)CO)n(C)c1=O,CHEMBL1752,479-18-5,254.25,-2.21,0.0,,No DILI,No DILI,,no,0.0,dyphylline,DILImap_metadata,Cn1c(=O)c2c(ncn2CC(O)CO)n(C)c1=O,,,True,Cn1c(=O)c2c(ncn2CC(O)CO)n(C)c1=O,KSCFJBIXMNOVSH-UHFFFAOYSA-N,O=c1[nH]c(=O)c2[nH]cnc2[nH]1,1.0,1.0,0.0,254.24599999999998,18.0,10.0,0.0,102.28,-2.213099999999999,2.0,5.0,3.0,2.0,0.5,True,,No-DILI-Concern,no,False,,,
LT01849,Ebrotidine,8,Withdrawn,vMost-DILI-concern,Unchanged,Ebrotidine,NC(N)=Nc1nc(CSCCN/C=N/S(=O)(=O)c2ccc(Br)cc2)cs1,CHEMBL1742471,,477.44,2.05,0.0,,DILI (withdrawn),DILI,,most,1.0,ebrotidine,DILImap_metadata,NC(N)=Nc1nc(CSCCN/C=N/S(=O)(=O)c2ccc(Br)cc2)cs1,,,True,NC(N)=Nc1nc(CSCCN/C=N/S(=O)(=O)c2ccc(Br)cc2)cs1,ZQHFZHPUZXNPMF-UHFFFAOYSA-N,O=S(=O)(N=CNCCSCc1cscn1)c1ccccc1,1.0,1.0,0.0,477.4350000000001,26.0,14.0,0.0,135.82,2.0505,3.0,6.0,9.0,2.0,0.21428571428571427,True,,Most-DILI-Concern,most,False,,,
LT00683,Ecallantide,0,No match,vNo-DILI-concern,Unchanged,Ecallantide,,CHEMBL1201837,,,,0.0,,No DILI,No DILI,,no,0.0,ecallantide,,CC[C@H](C)[C@H]1C(=O)N[C@H](C(=O)NCC(=O)NCC(=O)N[C@H]2CSSC[C@H]3C(=O)N[C@H](C(=O)N[C@H](C(=O)N[C@H](C(=O)N[C@H](C(=O)N4CCC[C@H]4C(=O)N[C@H](C(=O)N[C@H](C(=O)N[C@H](C(=O)N[C@H](C(=O)N[C@H](C(=O)N[C@H](C(=O)N[C@H](C(=O)N[C@H](C(=O)N[C@H](C(=O)N[C@H](C(=O)N[C@@H](CSSC[C@@H](C(=O)N[C@H](C(=O)N[C@H](C(=O)N[C@H](C(=O)N[C@@H](CSSC[C@@H](C(=O)N[C@H](C(=O)N[C@H](C(=O)N[C@H](C(=O)N[C@H](C(=O)N[C@H](C(=O)N[C@H](C(=O)NCC(=O)N5CCC[C@H]5C(=O)N3)CC(=O)O)CC(=O)O)C)CCCCN)CC6=CC=CC=C6)C)NC(=O)[C@H](CC7=CC=CC=C7)NC(=O)[C@H](CO)NC(=O)[C@H](CC8=CN=CN8)NC(=O)[C@H](CCSC)NC(=O)[C@H](C)NC(=O)[C@H](CCC(=O)O)N)C(=O)N[C@@H]([C@H](C)O)C(=O)N[C@@H](CCCNC(=N)N)C(=O)N[C@@H](CC(=O)O)C(=O)O)CCSC)CCCCN)CCCCN)NC(=O)[C@@H](NC(=O)[C@@H](NC(=O)[C@@H](NC(=O)[C@@H](NC(=O)[C@@H](NC(=O)[C@@H](NC(=O)[C@@H](NC(=O)[C@@H](NC(=O)[C@@H](NC(=O)[C@@H](NC(=O)CNC(=O)[C@@H](NC2=O)CCC(=O)O)CC(=O)N)CCC(=O)N)CC(=O)N)CCCNC(=N)N)CC9=CC=CC=C9)CCC(=O)O)CO)CC(C)C)CCC(=O)O)CCC(=O)O)C(=O)N[C@H](C(=O)N[C@H](C(=O)N[C@H](C(=O)N1)CC1=CC=CC=C1)CCC(=O)O)CCC(=O)O)CCC(=O)N)CCCNC(=N)N)[C@H](C)O)CC1=CC=CC=C1)[C@@H](C)CC)CC(=O)N)CC1=CC=CC=C1)CC1=CC=CC=C1)CC1=CNC2=CC=CC=C21)CCCNC(=N)N)CC1=CN=CN1)C)C)CCCNC(=N)N)CC1=CC=C(C=C1)O,44152182.0,VBGWSQKGUZHFPS-VGMMZINCSA-N,True,CC[C@H](C)[C@@H]1NC(=O)[C@H](Cc2ccccc2)NC(=O)[C@H](CCC(=O)O)NC(=O)[C@H](CCC(=O)O)NC(=O)[C@@H]2CSSC[C@@H]3NC(=O)[C@H](CCC(=O)O)NC(=O)[C@H](CCC(=O)O)NC(=O)[C@H](CC(C)C)NC(=O)[C@H](CO)NC(=O)[C@H](CCC(=O)O)NC(=O)[C@H](Cc4ccccc4)NC(=O)[C@H](CCCNC(=N)N)NC(=O)[C@H](CC(N)=O)NC(=O)[C@H](CCC(N)=O)NC(=O)[C@H](CC(N)=O)NC(=O)CNC(=O)[C@H](CCC(=O)O)NC(=O)[C@H](CSSC[C@H](NC(=O)[C@@H]4CCCN4C(=O)CNC(=O)[C@H](CC(=O)O)NC(=O)[C@H](CC(=O)O)NC(=O)[C@H](C)NC(=O)[C@H](CCCCN)NC(=O)[C@H](Cc4ccccc4)NC(=O)[C@H](C)NC(=O)[C@@H](NC(=O)[C@H](Cc4ccccc4)NC(=O)[C@H](CO)NC(=O)[C@H](Cc4cnc[nH]4)NC(=O)[C@H](CCSC)NC(=O)[C@H](C)NC(=O)[C@@H](N)CCC(=O)O)CSSC[C@@H](C(=O)N[C@H](C(=O)N[C@@H](CCCNC(=N)N)C(=O)N[C@@H](CC(=O)O)C(=O)O)[C@H](C)O)NC(=O)[C@H](CCSC)NC(=O)[C@H](CCCCN)NC(=O)[C@H](CCCCN)NC3=O)C(=O)N[C@@H](CCCNC(=N)N)C(=O)N[C@@H](C)C(=O)N[C@@H](C)C(=O)N[C@@H](Cc3cnc[nH]3)C(=O)N3CCC[C@H]3C(=O)N[C@@H](CCCNC(=N)N)C(=O)N[C@@H](Cc3c[nH]c4ccccc34)C(=O)N[C@@H](Cc3ccccc3)C(=O)N[C@@H](Cc3ccccc3)C(=O)N[C@@H](CC(N)=O)C(=O)N[C@@H]([C@@H](C)CC)C(=O)N[C@@H](Cc3ccccc3)C(=O)N[C@@H]([C@H](C)O)C(=O)N[C@@H](CCCNC(=N)N)C(=O)N[C@@H](CCC(N)=O)C(=O)N2)NC(=O)CNC(=O)CNC(=O)[C@H](Cc2ccc(O)cc2)NC1=O,VBGWSQKGUZHFPS-VGMMZINCSA-N,O=C(CCc1cnc[nH]1)NCC(=O)NC(Cc1ccccc1)C(=O)NC1CSSCCNC(=O)CNC(=O)CNC(=O)CNC(=O)C2CSSCC3NC(=O)CNC(=O)CNC(=O)CNC(=O)C(Cc4ccccc4)NC(=O)CNC(=O)CNC(=O)C(Cc4ccccc4)NC(=O)C(Cc4ccccc4)NC(=O)C(Cc4c[nH]c5ccccc45)NC(=O)CNC(=O)C4CCCN4C(=O)C(Cc4cnc[nH]4)NC(=O)CNC(=O)CNC(=O)CNC(=O)C(CSSCC(NC(=O)CNC(=O)CNC(=O)C(Cc4ccccc4)NC(=O)CNC(=O)C(Cc4ccccc4)NC(=O)CNC(=O)CNC3=O)C(=O)NCC(=O)NCC(=O)NCC(=O)NCC(=O)NCC(=O)NCC(=O)NC(Cc3ccccc3)C(=O)NCC(=O)NCC(=O)NCC(=O)NCC(=O)NCC(=O)N2)NC(=O)C2CCCN2C(=O)CNC(=O)CNC(=O)CNC(=O)CNC(=O)CNC(=O)C(Cc2ccccc2)NC(=O)CNC1=O,1.0,1.0,0.0,7053.951999999993,492.0,305.0,0.0,2912.950000000001,-28.144249999999793,100.0,99.0,128.0,17.0,0.5344262295081967,False,mw_above_1000;heavy_atoms_above_80;structure_too_large,No-DILI-Concern,no,False,,,PubChem_name_property
LT01414,Eculizumab,0,No match,vLess-DILI-concern,Revised,Eculizumab,,CHEMBL1201828,,,,0.0,D,No DILI,No DILI,,less,,eculizumab,,,,,False,,,,,,,,,,,,,,,,,,False,missing_structure,No-DILI-Concern,no,False,,,
LT03663,Edaravone,0,No match,vNo-DILI-concern,New,,,,,,,,,,,,no,0.0,edaravone,,CC1=NN(c2ccccc2)C(=O)C1,,,True,CC1=NN(c2ccccc2)C(=O)C1,QELUYTUMUWHWMC-UHFFFAOYSA-N,O=C1CC=NN1c1ccccc1,1.0,1.0,0.0,174.20299999999995,13.0,10.0,0.0,32.67,1.7992,0.0,2.0,1.0,2.0,0.2,True,,,other,False,,DILImap_metadata_offline,
LT00760,Edetate calcium disodium,3,Warnings & precautions,Ambiguous-DILI-concern,Unchanged,Edetic acid,O=C(O)CN(CCN(CC(=O)O)CC(=O)O)CC(=O)O,CHEMBL858,,292.24,-2.07,0.0,,,,,ambiguous,,edetate calcium disodium,DILImap_metadata,O=C(O)CN(CCN(CC(=O)O)CC(=O)O)CC(=O)O,,,True,O=C(O)CN(CCN(CC(=O)O)CC(=O)O)CC(=O)O,KCXVZYZYPLLWCC-UHFFFAOYSA-N,,1.0,1.0,0.0,292.244,20.0,10.0,0.0,155.68,-2.0711999999999957,4.0,6.0,11.0,0.0,0.6,True,,Ambiguous DILI-concern,ambiguous,False,,,
LT03664,Edoxaban tosylate,3,Adverse reactions,Ambiguous-DILI-concern,New,,,,,,,,,,,,ambiguous,,edoxaban tosylate,,CC1=CC=C(C=C1)S(=O)(=O)O.CN1CCC2=C(C1)SC(=N2)C(=O)N[C@@H]3C[C@H](CC[C@@H]3NC(=O)C(=O)NC4=NC=C(C=C4)Cl)C(=O)N(C)C,44610678.0,ZLFZITWZOYXXAW-QXXZOGQOSA-N,True,CN1CCc2nc(C(=O)N[C@@H]3C[C@@H](C(=O)N(C)C)CC[C@@H]3NC(=O)C(=O)Nc3ccc(Cl)cn3)sc2C1,HGVDHZBSSITLCT-JLJPHGGASA-N,O=C(Nc1ccccn1)C(=O)NC1CCCCC1NC(=O)c1nc2c(s1)CNCC2,2.0,0.7708333333333334,0.0,548.0690000000002,37.0,24.0,0.0,136.63000000000002,1.2896000000000005,3.0,8.0,5.0,4.0,0.5,True,,,other,False,,,PubChem_name_property
LT02093,Edrophonium chloride,0,No match,vNo-DILI-concern,Unchanged,Edrophonium,CC[N+](C)(C)c1cccc(O)c1,CHEMBL1104,116-38-1,166.24,1.98,0.0,,No DILI,No DILI,,no,0.0,edrophonium chloride,DILImap_metadata,CC[N+](C)(C)c1cccc(O)c1,,,True,CC[N+](C)(C)c1cccc(O)c1,VWLHWLSRQJQWRG-UHFFFAOYSA-O,c1ccccc1,1.0,1.0,1.0,166.24399999999997,12.0,10.0,0.0,20.23,1.9790000000000003,1.0,1.0,2.0,1.0,0.4,True,,No-DILI-Concern,no,False,,,
LT01323,Efavirenz,7,Warnings & precautions,vMost-DILI-concern,Unchanged,Efavirenz,O=C1Nc2ccc(Cl)cc2[C@@](C#CC2CC2)(C(F)(F)F)O1,CHEMBL223228,154598-52-4,315.68,4.07,0.0,A,DILI (known),DILI,"Necrosis, CYP, Cholestasis/Biliary, Immune-mediated, Hypersensitivity",most,1.0,efavirenz,DILImap_metadata,O=C1Nc2ccc(Cl)cc2[C@@](C#CC2CC2)(C(F)(F)F)O1,,,True,O=C1Nc2ccc(Cl)cc2[C@@](C#CC2CC2)(C(F)(F)F)O1,XPOQHMRABVBWPR-ZDUSSCGKSA-N,O=C1Nc2ccccc2C(C#CC2CC2)O1,1.0,1.0,0.0,315.67799999999994,21.0,14.0,0.0,38.33,4.073100000000001,1.0,2.0,0.0,3.0,0.35714285714285715,True,,Most-DILI-Concern,most,False,12.95,,
LT03665,Elagolix sodium,3,Warnings & precautions,Ambiguous-DILI-concern,New,,,,,,,,,,,,ambiguous,,elagolix sodium,,CC1=C(C(=O)N(C(=O)N1CC2=C(C=CC=C2F)C(F)(F)F)C[C@@H](C3=CC=CC=C3)NCCCC(=O)[O-])C4=C(C(=CC=C4)OC)F.[Na+],24785956.0,DQYGXRQUFSRDCH-UQIIZPHYSA-M,True,COc1cccc(-c2c(C)n(Cc3c(F)cccc3C(F)(F)F)c(=O)n(C[C@H](NCCCC(=O)O)c3ccccc3)c2=O)c1F,HEAUOKZIVMZVQL-VWLOTQADSA-N,O=c1c(-c2ccccc2)cn(Cc2ccccc2)c(=O)n1CCc1ccccc1,2.0,0.9782608695652174,0.0,631.5980000000002,45.0,32.0,0.0,102.56,5.535020000000004,2.0,5.0,12.0,4.0,0.28125,True,,,other,False,,,PubChem_name_property
LT02024,Eletriptan hydrobromide,3,Adverse reactions,Ambiguous-DILI-concern,Unchanged,Eletriptan,CN1CCC[C@@H]1Cc1c[nH]c2ccc(CCS(=O)(=O)c3ccccc3)cc12,CHEMBL1510,177834-92-3,382.53,3.82,0.0,E,No DILI,No DILI,,ambiguous,,eletriptan hydrobromide,DILImap_metadata,CN1CCC[C@@H]1Cc1c[nH]c2ccc(CCS(=O)(=O)c3ccccc3)cc12,,,True,CN1CCC[C@@H]1Cc1c[nH]c2ccc(CCS(=O)(=O)c3ccccc3)cc12,PWVXXGRKLHYWKM-LJQANCHMSA-N,O=S(=O)(CCc1ccc2[nH]cc(CC3CCCN3)c2c1)c1ccccc1,1.0,1.0,0.0,382.5290000000001,27.0,22.0,0.0,53.17,3.8210000000000024,1.0,3.0,6.0,4.0,0.36363636363636365,True,,Ambiguous DILI-concern,ambiguous,False,,,
LT03666,Eliglustat tartrate,0,No match,vNo-DILI-concern,New,,,,,,,,,,,,no,0.0,eliglustat tartrate,,CCCCCCCC(=O)N[C@H](CN1CCCC1)[C@@H](C2=CC3=C(C=C2)OCCO3)O.CCCCCCCC(=O)N[C@H](CN1CCCC1)[C@@H](C2=CC3=C(C=C2)OCCO3)O.[C@@H]([C@H](C(=O)O)O)(C(=O)O)O,52918379.0,KUBARPMUNHKBIQ-VTHUDJRQSA-N,True,CCCCCCCC(=O)N[C@H](CN1CCCC1)[C@H](O)c1ccc2c(c1)OCCO2,FJZZPCZKBUKGGU-AUSIDOKSSA-N,c1cc2c(cc1CCCN1CCCC1)OCCO2,3.0,0.4264705882352941,0.0,404.55100000000016,29.0,23.0,0.0,71.03000000000002,3.432300000000003,2.0,5.0,11.0,3.0,0.6956521739130435,True,,,other,False,,,PubChem_name_property
LT00663,Eltrombopag olamine,4,Box warning,vMost-DILI-concern,Unchanged,Eltrombopag olamine,,,,,,,,DILI (likely),DILI,,most,1.0,eltrombopag olamine,,CC1=C(C=C(C=C1)N2C(=O)C(=C(N2)C)N=NC3=CC=CC(=C3O)C4=CC(=CC=C4)C(=O)O)C.C(CO)N.C(CO)N,135449331.0,DJMJHIKGMVJYCW-UHFFFAOYSA-N,True,Cc1ccc(-n2[nH]c(C)c(N=Nc3cccc(-c4cccc(C(=O)O)c4)c3O)c2=O)cc1C,SVOQIEJWJCQGDQ-UHFFFAOYSA-N,O=c1c(N=Nc2cccc(-c3ccccc3)c2)c[nH]n1-c1ccccc1,3.0,0.8048780487804879,0.0,442.4750000000002,33.0,25.0,0.0,120.04,5.577060000000004,3.0,5.0,5.0,4.0,0.12,True,,Most-DILI-Concern,most,False,,,PubChem_name_property
LT03605,Eluxadoline,3,Adverse reactions,Ambiguous-DILI-concern,New,,,,,,,,,,,,ambiguous,,eluxadoline,,CC1=CC(=CC(=C1C[C@@H](C(=O)N(CC2=CC(=C(C=C2)OC)C(=O)O)[C@@H](C)C3=NC=C(N3)C4=CC=CC=C4)N)C)C(=O)N,11250029.0,QFNHIDANIVGXPE-FNZWTVRRSA-N,True,COc1ccc(CN(C(=O)[C@@H](N)Cc2c(C)cc(C(N)=O)cc2C)[C@@H](C)c2ncc(-c3ccccc3)[nH]2)cc1C(=O)O,QFNHIDANIVGXPE-FNZWTVRRSA-N,O=C(CCc1ccccc1)N(Cc1ccccc1)Cc1ncc(-c2ccccc2)[nH]1,1.0,1.0,0.0,569.6620000000001,42.0,32.0,0.0,164.63000000000002,4.159040000000001,4.0,6.0,11.0,4.0,0.25,True,,,other,False,,,PubChem_name_property
LT03667,Empagliflozin,0,No match,vNo-DILI-concern,New,,,,,,,,,,,,no,0.0,empagliflozin,,C1COC[C@H]1OC2=CC=C(C=C2)CC3=C(C=CC(=C3)[C@H]4[C@@H]([C@H]([C@@H]([C@H](O4)CO)O)O)O)Cl,11949646.0,OBWASQILIWPZMG-QZMOQZSNSA-N,True,OC[C@H]1O[C@@H](c2ccc(Cl)c(Cc3ccc(O[C@H]4CCOC4)cc3)c2)[C@H](O)[C@@H](O)[C@@H]1O,OBWASQILIWPZMG-QZMOQZSNSA-N,c1cc(Cc2ccc(OC3CCOC3)cc2)cc(C2CCCCO2)c1,1.0,1.0,0.0,450.9150000000001,31.0,23.0,0.0,108.61000000000001,1.6134000000000004,4.0,7.0,6.0,4.0,0.4782608695652174,True,,,other,False,,,PubChem_name_property
LT00515,Emtricitabine,2,Warnings & precautions,Ambiguous-DILI-concern,Unchanged,Emtricitabine,Nc1nc(=O)n([C@@H]2CS[C@H](CO)O2)cc1F,CHEMBL885,143491-57-0,247.25,-0.46,1.0,E,No DILI,No DILI,,ambiguous,,emtricitabine,DILImap_metadata,Nc1nc(=O)n([C@@H]2CS[C@H](CO)O2)cc1F,,,True,Nc1nc(=O)n([C@@H]2CS[C@H](CO)O2)cc1F,XQSPYNMVSIKCOC-NTSWFWBYSA-N,O=c1ncccn1C1CSCO1,1.0,1.0,0.0,247.25099999999998,16.0,8.0,0.0,90.37,-0.4550000000000003,2.0,6.0,2.0,2.0,0.5,True,,Ambiguous DILI-concern,ambiguous,False,,,
LT00296,Enalapril maleate,7,Adverse reactions,vLess-DILI-concern,Unchanged,Enalapril,CCOC(=O)[C@H](CCc1ccccc1)N[C@@H](C)C(=O)N1CCC[C@H]1C(=O)O,CHEMBL578,84680-54-6,376.45,1.6,1.0,B,DILI (likely),DILI,"CYP, Cholestasis/Biliary, Immune-mediated, Hypersensitivity",less,,enalapril maleate,DILImap_metadata,CCOC(=O)[C@H](CCc1ccccc1)N[C@@H](C)C(=O)N1CCC[C@H]1C(=O)O,,,True,CCOC(=O)[C@H](CCc1ccccc1)N[C@@H](C)C(=O)N1CCC[C@H]1C(=O)O,GBXSMTUPTTWBMN-XIRDDKMYSA-N,O=C(CNCCCc1ccccc1)N1CCCC1,1.0,1.0,0.0,376.45300000000026,27.0,20.0,0.0,95.94000000000001,1.6046,2.0,5.0,9.0,2.0,0.55,True,,Less-DILI-Concern,less,False,,,
LT00381,Enalaprilat,7,Adverse reactions,Ambiguous-DILI-concern,Unchanged,Enalaprilat,C[C@H](N[C@@H](CCc1ccccc1)C(=O)O)C(=O)N1CCC[C@H]1C(=O)O,CHEMBL577,,348.4,1.13,0.0,B,DILI (likely),DILI,,ambiguous,,enalaprilat,DILImap_metadata,C[C@H](N[C@@H](CCc1ccccc1)C(=O)O)C(=O)N1CCC[C@H]1C(=O)O,,,True,C[C@H](N[C@@H](CCc1ccccc1)C(=O)O)C(=O)N1CCC[C@H]1C(=O)O,LZFZMUMEGBBDTC-QEJZJMRPSA-N,O=C(CNCCCc1ccccc1)N1CCCC1,1.0,1.0,0.0,348.39900000000017,25.0,18.0,0.0,106.94000000000001,1.1261000000000003,3.0,4.0,8.0,2.0,0.5,True,,Ambiguous DILI-concern,ambiguous,False,,,
LT03668,Enasidenib mesylate,4,Adverse reactions,Ambiguous-DILI-concern,New,,,,,,,,,,,,ambiguous,,enasidenib mesylate,,CC(C)(CNC1=NC(=NC(=N1)C2=NC(=CC=C2)C(F)(F)F)NC3=CC(=NC=C3)C(F)(F)F)O.CS(=O)(=O)O,90480031.0,ORZHZQZYWXEDDL-UHFFFAOYSA-N,True,CC(C)(O)CNc1nc(Nc2ccnc(C(F)(F)F)c2)nc(-c2cccc(C(F)(F)F)n2)n1,DYLUUSLLRIQKOE-UHFFFAOYSA-N,c1ccc(-c2ncnc(Nc3ccncc3)n2)nc1,2.0,0.868421052631579,0.0,473.38100000000003,33.0,19.0,0.0,108.74000000000001,4.292600000000003,3.0,8.0,6.0,3.0,0.3157894736842105,True,,,other,False,,,PubChem_name_property
LT03669,Encorafenib,3,Adverse reactions,Ambiguous-DILI-concern,New,,,,,,,,,,,,ambiguous,,encorafenib,,C[C@@H](CNC1=NC=CC(=N1)C2=CN(N=C2C3=C(C(=CC(=C3)Cl)NS(=O)(=O)C)F)C(C)C)NC(=O)OC,50922675.0,CMJCXYNUCSMDBY-ZDUSSCGKSA-N,True,COC(=O)N[C@@H](C)CNc1nccc(-c2cn(C(C)C)nc2-c2cc(Cl)cc(NS(C)(=O)=O)c2F)n1,CMJCXYNUCSMDBY-ZDUSSCGKSA-N,c1ccc(-c2n[nH]cc2-c2ccncn2)cc1,1.0,1.0,0.0,540.0210000000001,36.0,22.0,0.0,140.12999999999997,3.908400000000003,3.0,8.0,9.0,3.0,0.36363636363636365,True,,,other,False,,,PubChem_name_property
LT01169,Enfuvirtide,3,Warnings & precautions,Ambiguous-DILI-concern,Unchanged,Enfuvirtide,CC[C@H](C)[C@H](NC(=O)[C@H](CC(C)C)NC(=O)[C@H](CO)NC(=O)[C@H](Cc1cnc[nH]1)NC(=O)[C@@H](NC(=O)[C@H](CC(C)C)NC(=O)[C@H](CO)NC(=O)[C@@H](NC(=O)[C@H](Cc1ccc(O)cc1)NC(C)=O)[C@@H](C)O)[C@@H](C)CC)C(=O)N[C@@H](CCC(=O)O)C(=O)N[C@@H](CCC(=O)O)C(=O)N[C@@H](CO)C(=O)N[C@@H](CCC(N)=O)C(=O)N[C@@H](CC(N)=O)C(=O)N[C@@H](CCC(N)=O)C(=O)N[C@@H](CCC(N)=O)C(=O)N[C@@H](CCC(=O)O)C(=O)N[C@@H](CCCCN)C(=O)N[C@@H](CC(N)=O)C(=O)N[C@@H](CCC(=O)O)C(=O)N[C@@H](CCC(N)=O)C(=O)N[C@@H](CCC(=O)O)C(=O)N[C@@H](CC(C)C)C(=O)N[C@@H](CC(C)C)C(=O)N[C@@H](CCC(=O)O)C(=O)N[C@@H](CC(C)C)C(=O)N[C@@H](CC(=O)O)C(=O)N[C@@H](CCCCN)C(=O)N[C@@H](Cc1c[nH]c2ccccc12)C(=O)N[C@@H](C)C(=O)N[C@@H](CO)C(=O)N[C@@H](CC(C)C)C(=O)N[C@@H](Cc1c[nH]c2ccccc12)C(=O)N[C@@H](CC(N)=O)C(=O)N[C@@H](Cc1c[nH]c2ccccc12)C(=O)N[C@@H](Cc1ccccc1)C(N)=O,CHEMBL525076,,4491.94,,0.0,E,No DILI,No DILI,,ambiguous,,enfuvirtide,DILImap_metadata,CC[C@H](C)[C@H](NC(=O)[C@H](CC(C)C)NC(=O)[C@H](CO)NC(=O)[C@H](Cc1cnc[nH]1)NC(=O)[C@@H](NC(=O)[C@H](CC(C)C)NC(=O)[C@H](CO)NC(=O)[C@@H](NC(=O)[C@H](Cc1ccc(O)cc1)NC(C)=O)[C@@H](C)O)[C@@H](C)CC)C(=O)N[C@@H](CCC(=O)O)C(=O)N[C@@H](CCC(=O)O)C(=O)N[C@@H](CO)C(=O)N[C@@H](CCC(N)=O)C(=O)N[C@@H](CC(N)=O)C(=O)N[C@@H](CCC(N)=O)C(=O)N[C@@H](CCC(N)=O)C(=O)N[C@@H](CCC(=O)O)C(=O)N[C@@H](CCCCN)C(=O)N[C@@H](CC(N)=O)C(=O)N[C@@H](CCC(=O)O)C(=O)N[C@@H](CCC(N)=O)C(=O)N[C@@H](CCC(=O)O)C(=O)N[C@@H](CC(C)C)C(=O)N[C@@H](CC(C)C)C(=O)N[C@@H](CCC(=O)O)C(=O)N[C@@H](CC(C)C)C(=O)N[C@@H](CC(=O)O)C(=O)N[C@@H](CCCCN)C(=O)N[C@@H](Cc1c[nH]c2ccccc12)C(=O)N[C@@H](C)C(=O)N[C@@H](CO)C(=O)N[C@@H](CC(C)C)C(=O)N[C@@H](Cc1c[nH]c2ccccc12)C(=O)N[C@@H](CC(N)=O)C(=O)N[C@@H](Cc1c[nH]c2ccccc12)C(=O)N[C@@H](Cc1ccccc1)C(N)=O,,,True,CC[C@H](C)[C@H](NC(=O)[C@H](CC(C)C)NC(=O)[C@H](CO)NC(=O)[C@H](Cc1cnc[nH]1)NC(=O)[C@@H](NC(=O)[C@H](CC(C)C)NC(=O)[C@H](CO)NC(=O)[C@@H](NC(=O)[C@H](Cc1ccc(O)cc1)NC(C)=O)[C@@H](C)O)[C@@H](C)CC)C(=O)N[C@@H](CCC(=O)O)C(=O)N[C@@H](CCC(=O)O)C(=O)N[C@@H](CO)C(=O)N[C@@H](CCC(N)=O)C(=O)N[C@@H](CC(N)=O)C(=O)N[C@@H](CCC(N)=O)C(=O)N[C@@H](CCC(N)=O)C(=O)N[C@@H](CCC(=O)O)C(=O)N[C@@H](CCCCN)C(=O)N[C@@H](CC(N)=O)C(=O)N[C@@H](CCC(=O)O)C(=O)N[C@@H](CCC(N)=O)C(=O)N[C@@H](CCC(=O)O)C(=O)N[C@@H](CC(C)C)C(=O)N[C@@H](CC(C)C)C(=O)N[C@@H](CCC(=O)O)C(=O)N[C@@H](CC(C)C)C(=O)N[C@@H](CC(=O)O)C(=O)N[C@@H](CCCCN)C(=O)N[C@@H](Cc1c[nH]c2ccccc12)C(=O)N[C@@H](C)C(=O)N[C@@H](CO)C(=O)N[C@@H](CC(C)C)C(=O)N[C@@H](Cc1c[nH]c2ccccc12)C(=O)N[C@@H](CC(N)=O)C(=O)N[C@@H](Cc1c[nH]c2ccccc12)C(=O)N[C@@H](Cc1ccccc1)C(N)=O,PEASPLKKXBYDKL-FXEVSJAOSA-N,O=C(CCc1ccccc1)NCC(=O)NCC(=O)NCC(=O)NCC(=O)NC(Cc1cnc[nH]1)C(=O)NCC(=O)NCC(=O)NCC(=O)NCC(=O)NCC(=O)NCC(=O)NCC(=O)NCC(=O)NCC(=O)NCC(=O)NCC(=O)NCC(=O)NCC(=O)NCC(=O)NCC(=O)NCC(=O)NCC(=O)NCC(=O)NCC(=O)NCC(=O)NCC(=O)NCC(=O)NC(Cc1c[nH]c2ccccc12)C(=O)NCC(=O)NCC(=O)NCC(=O)NC(Cc1c[nH]c2ccccc12)C(=O)NCC(=O)NC(Cc1c[nH]c2ccccc12)C(=O)NCCc1ccccc1,1.0,1.0,0.0,4491.944999999988,319.0,204.0,0.0,1902.889999999998,-15.378400000000333,63.0,60.0,151.0,9.0,0.5588235294117647,False,mw_above_1000;heavy_atoms_above_80;structure_too_large,Ambiguous DILI-concern,ambiguous,False,,,
LT00954,Enoxaparin sodium,3,Adverse reactions,vLess-DILI-concern,Unchanged,Enoxaparin,,CHEMBL1201476,,,,0.0,D,DILI (few cases),,,less,,enoxaparin sodium,,,,,False,,,,,,,,,,,,,,,,,,False,missing_structure,Less-DILI-Concern,less,False,,,
LT01968,Entacapone,0,No match,vLess-DILI-concern,Unchanged,Entacapone,CCN(CC)C(=O)/C(C#N)=C/c1cc(O)c(O)c([N+](=O)[O-])c1,CHEMBL953,130929-57-6,305.29,1.78,0.0,D,DILI (few cases),,"Hepatitis, Cholestasis/Biliary, Immune-mediated, Hypersensitivity",less,,entacapone,DILImap_metadata,CCN(CC)C(=O)/C(C#N)=C/c1cc(O)c(O)c([N+](=O)[O-])c1,,,True,CCN(CC)C(=O)/C(C#N)=C/c1cc(O)c(O)c([N+](=O)[O-])c1,JRURYQJSLYLRLN-BJMVGYQFSA-N,c1ccccc1,1.0,1.0,0.0,305.29,22.0,14.0,0.0,127.70000000000002,1.7813800000000002,2.0,6.0,5.0,1.0,0.2857142857142857,True,,Less-DILI-Concern,less,False,3.93074035494585,,
LT00538,Entecavir,7,Warnings & precautions,Ambiguous-DILI-concern,Unchanged,Entecavir,C=C1[C@H](CO)[C@@H](O)C[C@@H]1n1cnc2c(=O)[nH]c(N)nc21,CHEMBL713,209216-23-9,277.28,-0.83,1.0,E*,No DILI,No DILI,,ambiguous,,entecavir,DILImap_metadata,C=C1[C@H](CO)[C@@H](O)C[C@@H]1n1cnc2c(=O)[nH]c(N)nc21,,,True,C=C1[C@H](CO)[C@@H](O)C[C@@H]1n1cnc2c(=O)[nH]c(N)nc21,QDGZDCVAUDNJFG-FXQIFTODSA-N,C=C1CCCC1n1cnc2c(=O)[nH]cnc21,1.0,1.0,0.0,277.284,20.0,12.0,0.0,130.04999999999998,-0.8278000000000001,4.0,6.0,2.0,3.0,0.4166666666666667,True,,Ambiguous DILI-concern,ambiguous,False,,,
LT03670,Entrectinib,3,Warnings & precautions,Ambiguous-DILI-concern,New,,,,,,,,,,,,ambiguous,,entrectinib,,CN1CCN(CC1)C2=CC(=C(C=C2)C(=O)NC3=NNC4=C3C=C(C=C4)CC5=CC(=CC(=C5)F)F)NC6CCOCC6,25141092.0,HAYYBYPASCDWEQ-UHFFFAOYSA-N,True,CN1CCN(c2ccc(C(=O)Nc3n[nH]c4ccc(Cc5cc(F)cc(F)c5)cc34)c(NC3CCOCC3)c2)CC1,HAYYBYPASCDWEQ-UHFFFAOYSA-N,O=C(Nc1n[nH]c2ccc(Cc3ccccc3)cc12)c1ccc(N2CCNCC2)cc1NC1CCOCC1,1.0,1.0,0.0,560.649,41.0,31.0,0.0,85.52,5.026900000000004,3.0,6.0,7.0,6.0,0.3548387096774194,True,,,other,False,,,PubChem_name_property
LT02444,Enzalutamide,0,No match,vNo-DILI-concern,New,,,,,,,,,,,,no,0.0,enzalutamide,,CC1(C(=O)N(C(=S)N1C2=CC(=C(C=C2)C(=O)NC)F)C3=CC(=C(C=C3)C#N)C(F)(F)F)C,15951529.0,WXCXUHSOUPDCQV-UHFFFAOYSA-N,True,CNC(=O)c1ccc(N2C(=S)N(c3ccc(C#N)c(C(F)(F)F)c3)C(=O)C2(C)C)cc1F,WXCXUHSOUPDCQV-UHFFFAOYSA-N,O=C1CN(c2ccccc2)C(=S)N1c1ccccc1,1.0,1.0,0.0,464.44400000000013,32.0,21.0,0.0,76.44,3.992480000000003,1.0,4.0,3.0,3.0,0.23809523809523808,True,,,other,False,,,PubChem_name_property
LT01666,Ephedrine sulfate,0,No match,vNo-DILI-concern,Unchanged,Ephedrine,CN[C@@H](C)[C@H](O)c1ccccc1,CHEMBL211456,,165.24,1.33,0.0,,No DILI,No DILI,,no,0.0,ephedrine sulfate,DILImap_metadata,CN[C@@H](C)[C@H](O)c1ccccc1,,,True,CN[C@@H](C)[C@H](O)c1ccccc1,KWGRBVOPPLSCSI-WPRPVWTQSA-N,c1ccccc1,1.0,1.0,0.0,165.236,12.0,10.0,0.0,32.26,1.3278999999999999,2.0,2.0,3.0,1.0,0.4,True,,No-DILI-Concern,no,False,,,
LT00742,Epinephrine,0,No match,vNo-DILI-concern,Unchanged,Epinephrine,CNC[C@H](O)c1ccc(O)c(O)c1,CHEMBL679,51-42-3,183.21,0.35,0.0,,No DILI,No DILI,,no,0.0,epinephrine,DILImap_metadata,CNC[C@H](O)c1ccc(O)c(O)c1,,,True,CNC[C@H](O)c1ccc(O)c(O)c1,UCTWMZQNUQWSLP-VIFPVBQESA-N,c1ccccc1,1.0,1.0,0.0,183.207,13.0,9.0,0.0,72.72,0.35060000000000013,4.0,4.0,3.0,1.0,0.3333333333333333,True,,No-DILI-Concern,no,False,,,
LT00091,Epirubicin hydrochloride,3,Warnings & precautions,Ambiguous-DILI-concern,Unchanged,Epirubicin,COc1cccc2c1C(=O)c1c(O)c3c(c(O)c1C2=O)C[C@@](O)(C(=O)CO)C[C@@H]3O[C@H]1C[C@H](N)[C@@H](O)[C@H](C)O1,CHEMBL417,56390-09-1,543.53,0.0,0.0,E*,No DILI,No DILI,,ambiguous,,epirubicin hydrochloride,DILImap_metadata,COc1cccc2c1C(=O)c1c(O)c3c(c(O)c1C2=O)C[C@@](O)(C(=O)CO)C[C@@H]3O[C@H]1C[C@H](N)[C@@H](O)[C@H](C)O1,,,True,COc1cccc2c1C(=O)c1c(O)c3c(c(O)c1C2=O)C[C@@](O)(C(=O)CO)C[C@@H]3O[C@H]1C[C@H](N)[C@@H](O)[C@H](C)O1,AOJJSUZBOXZQNB-VTZDEGQISA-N,O=C1c2ccccc2C(=O)c2cc3c(cc21)CCCC3OC1CCCCO1,1.0,1.0,0.0,543.5250000000003,39.0,27.0,0.0,206.07,0.0012999999999993017,6.0,12.0,5.0,5.0,0.4444444444444444,True,,Ambiguous DILI-concern,ambiguous,False,,,
LT01149,Eplerenone,4,Adverse reactions,vLess-DILI-concern,Revised,Eplerenone,COC(=O)[C@@H]1CC2=CC(=O)CC[C@]2(C)[C@@]23O[C@@H]2C[C@@]2(C)[C@@H](CC[C@@]24CCC(=O)O4)[C@H]13,CHEMBL1095097,107724-20-9,414.5,3.12,0.0,E,No DILI,No DILI,,less,,eplerenone,DILImap_metadata,COC(=O)[C@@H]1CC2=CC(=O)CC[C@]2(C)[C@@]23O[C@@H]2C[C@@]2(C)[C@@H](CC[C@@]24CCC(=O)O4)[C@H]13,,,True,COC(=O)[C@@H]1CC2=CC(=O)CC[C@]2(C)[C@@]23O[C@@H]2C[C@@]2(C)[C@@H](CC[C@@]24CCC(=O)O4)[C@H]13,JUKPWJGBANNWMW-VWBFHTRKSA-N,O=C1C=C2CCC3C4CCC5(CCC(=O)O5)C4CC4OC43C2CC1,1.0,1.0,0.0,414.4980000000003,30.0,24.0,0.0,82.2,3.124500000000002,0.0,6.0,1.0,6.0,0.7916666666666666,True,,Ambiguous DILI-concern,ambiguous,False,,,
LT01316,Epoetin alfa,0,No match,vNo-DILI-concern,Unchanged,Epoetin alfa,,CHEMBL1201565,,,,0.0,E,No DILI,No DILI,,no,0.0,epoetin alfa,,C[C@@H]1C/C=C/C=C/[C@@H]([C@@H](C[C@@H]([C@@H]([C@H]([C@@H](CC(=O)O1)O)OC)O[C@H]2[C@@H]([C@H]([C@@H]([C@H](O2)C)O[C@H]3C[C@@]([C@H]([C@@H](O3)C)O)(C)O)N(C)C)O)CCO)C)O[C@H]4C[C@@]([C@H]([C@@H](O4)C)O)(C)O,92043599.0,CJKGNDLRMLFWEX-IUJNAFBCSA-N,True,CO[C@@H]1[C@@H](O[C@@H]2O[C@H](C)[C@@H](O[C@H]3C[C@@](C)(O)[C@@H](O)[C@H](C)O3)[C@H](N(C)C)[C@H]2O)[C@@H](CCO)C[C@@H](C)[C@@H](O[C@H]2C[C@@](C)(O)[C@@H](O)[C@H](C)O2)/C=C/C=C/C[C@@H](C)OC(=O)C[C@H]1O,CJKGNDLRMLFWEX-IUJNAFBCSA-N,O=C1CCCC(OC2CCC(OC3CCCCO3)CO2)CCCC(OC2CCCCO2)C=CC=CCCO1,1.0,1.0,0.0,848.0370000000001,59.0,42.0,0.0,235.75999999999996,0.9101000000000068,7.0,17.0,10.0,4.0,0.8809523809523809,True,,No-DILI-Concern,no,False,,,PubChem_name_property
LT00971,Epoprostenol sodium,7,Adverse reactions,Ambiguous-DILI-concern,Unchanged,Epoprostenol,CCCCC[C@H](O)/C=C/[C@@H]1[C@H]2C/C(=C/CCCC(=O)O)O[C@H]2C[C@H]1O,CHEMBL1139,,352.47,3.41,0.0,,,,,ambiguous,,epoprostenol sodium,DILImap_metadata,CCCCC[C@H](O)/C=C/[C@@H]1[C@H]2C/C(=C/CCCC(=O)O)O[C@H]2C[C@H]1O,,,True,CCCCC[C@H](O)/C=C/[C@@H]1[C@H]2C/C(=C/CCCC(=O)O)O[C@H]2C[C@H]1O,KAQKFAOMNZTLHT-OZUDYXHBSA-N,C=C1CC2CCCC2O1,1.0,1.0,0.0,352.471,25.0,20.0,0.0,86.99000000000001,3.4085000000000023,3.0,4.0,10.0,2.0,0.75,True,,Ambiguous DILI-concern,ambiguous,False,,,
LT01001,Eprosartan mesylate,3,Adverse reactions,Ambiguous-DILI-concern,Unchanged,Eprosartan,CCCCc1ncc(/C=C(\Cc2cccs2)C(=O)O)n1Cc1ccc(C(=O)O)cc1,CHEMBL813,144143-96-4,424.52,4.74,0.0,E*,No DILI,No DILI,,ambiguous,,eprosartan mesylate,DILImap_metadata,CCCCc1ncc(/C=C(\Cc2cccs2)C(=O)O)n1Cc1ccc(C(=O)O)cc1,,,True,CCCCc1ncc(/C=C(\Cc2cccs2)C(=O)O)n1Cc1ccc(C(=O)O)cc1,OROAFUQRIXKEMV-LDADJPATSA-N,C(=Cc1cncn1Cc1ccccc1)Cc1cccs1,1.0,1.0,0.0,424.52200000000016,30.0,23.0,0.0,92.42,4.744400000000003,2.0,4.0,10.0,3.0,0.2608695652173913,True,,Ambiguous DILI-concern,ambiguous,False,,,
LT00999,Eptifibatide,0,No match,vNo-DILI-concern,Unchanged,Eptifibatide,N=C(N)NCCCC[C@@H]1NC(=O)CCSSC[C@@H](C(N)=O)NC(=O)[C@@H]2CCCN2C(=O)[C@H](Cc2c[nH]c3ccccc23)NC(=O)[C@H](CC(=O)O)NC(=O)CNC1=O,CHEMBL1174,148031-34-9,831.98,-1.84,0.0,,No DILI,No DILI,,no,0.0,eptifibatide,DILImap_metadata,N=C(N)NCCCC[C@@H]1NC(=O)CCSSC[C@@H](C(N)=O)NC(=O)[C@@H]2CCCN2C(=O)[C@H](Cc2c[nH]c3ccccc23)NC(=O)[C@H](CC(=O)O)NC(=O)CNC1=O,,,True,N=C(N)NCCCC[C@@H]1NC(=O)CCSSC[C@@H](C(N)=O)NC(=O)[C@@H]2CCCN2C(=O)[C@H](Cc2c[nH]c3ccccc23)NC(=O)[C@H](CC(=O)O)NC(=O)CNC1=O,CZKPOZZJODAYPZ-LROMGURASA-N,O=C1CCSSCCNC(=O)C2CCCN2C(=O)C(Cc2c[nH]c3ccccc23)NC(=O)CNC(=O)CNC(=O)CN1,1.0,1.0,0.0,831.9790000000002,57.0,35.0,0.0,323.88999999999993,-1.8447299999999895,11.0,11.0,10.0,4.0,0.5142857142857142,True,,No-DILI-Concern,no,False,,,
LT03671,Eravacycline dihydrochloride,3,Adverse reactions,Ambiguous-DILI-concern,New,,,,,,,,,,,,ambiguous,,eravacycline dihydrochloride,,CN(C)[C@H]1[C@@H]2C[C@@H]3CC4=C(C=C(C(=C4C(=C3C(=O)[C@@]2(C(=C(C1=O)C(=O)N)O)O)O)O)NC(=O)CN5CCCC5)F.Cl.Cl,56951485.0,XIBSSTYDNTVAEU-RZVFYPHASA-N,True,CN(C)[C@@H]1C(=O)C(C(N)=O)=C(O)[C@@]2(O)C(=O)C3=C(O)c4c(O)c(NC(=O)CN5CCCC5)cc(F)c4C[C@H]3C[C@@H]12,AKLMFDDQCHURPW-ISIOAQNYSA-N,O=C1C=CC2C(=O)C3=Cc4cc(NC(=O)CN5CCCC5)ccc4CC3CC2C1,3.0,0.9523809523809523,0.0,558.5630000000002,40.0,27.0,0.0,193.73,0.1374000000000013,6.0,10.0,5.0,5.0,0.48148148148148145,True,,,other,False,,,PubChem_name_property
LT03672,Erdafitinib,3,Adverse reactions,Ambiguous-DILI-concern,New,,,,,,,,,,,,ambiguous,,erdafitinib,,CC(C)NCCN(C1=CC2=NC(=CN=C2C=C1)C3=CN(N=C3)C)C4=CC(=CC(=C4)OC)OC,67462786.0,OLAHOMJCDNXHFI-UHFFFAOYSA-N,True,COc1cc(OC)cc(N(CCNC(C)C)c2ccc3ncc(-c4cnn(C)c4)nc3c2)c1,OLAHOMJCDNXHFI-UHFFFAOYSA-N,c1ccc(Nc2ccc3ncc(-c4cn[nH]c4)nc3c2)cc1,1.0,1.0,0.0,446.55500000000023,33.0,25.0,0.0,77.33,4.183600000000003,1.0,7.0,9.0,4.0,0.32,True,,,other,False,,,PubChem_name_property
LT00194,Ergocalciferol,0,No match,vNo-DILI-concern,Unchanged,Ergocalciferol,C=C1CC[C@H](O)C/C1=C/C=C1\CCC[C@]2(C)[C@@H]([C@H](C)/C=C/[C@H](C)C(C)C)CC[C@@H]12,CHEMBL1536,,396.66,7.64,0.0,,No DILI,No DILI,,no,0.0,ergocalciferol,DILImap_metadata,C=C1CC[C@H](O)C/C1=C/C=C1\CCC[C@]2(C)[C@@H]([C@H](C)/C=C/[C@H](C)C(C)C)CC[C@@H]12,,,True,C=C1CC[C@H](O)C/C1=C/C=C1\CCC[C@]2(C)[C@@H]([C@H](C)/C=C/[C@H](C)C(C)C)CC[C@@H]12,MECHNRXZTMCUDQ-RKHKHRCZSA-N,C=C1CCCCC1=CC=C1CCCC2CCCC12,1.0,1.0,0.0,396.6590000000001,29.0,28.0,0.0,20.23,7.641000000000008,1.0,1.0,5.0,3.0,0.7142857142857143,True,,No-DILI-Concern,no,False,,,
LT02386,Eribulin mesylate,4,Adverse reactions,Ambiguous-DILI-concern,New,,,,,,,,,,,,ambiguous,,eribulin mesylate,,C[C@@H]1C[C@@H]2CC[C@H]3C(=C)C[C@@H](O3)CC[C@]45C[C@@H]6[C@H](O4)[C@H]7[C@@H](O6)[C@@H](O5)[C@@H]8[C@@H](O7)CC[C@@H](O8)CC(=O)C[C@H]9[C@H](C[C@H](C1=C)O2)O[C@@H]([C@@H]9OC)C[C@@H](CN)O.CS(=O)(=O)O,17755248.0,QAMYWGZHLCQOOJ-WRNBYXCMSA-N,True,C=C1C[C@@H]2CC[C@@]34C[C@H]5O[C@H]6[C@@H](O3)[C@H]3O[C@H](CC[C@@H]3O[C@H]6[C@H]5O4)CC(=O)C[C@@H]3[C@@H](OC)[C@@H](C[C@H](O)CN)O[C@H]3C[C@H]3O[C@@H](CC[C@@H]1O2)C[C@@H](C)C3=C,UFNVPOGXISZXJD-JBQZKEIOSA-N,C=C1CC2CCC34CC5OC6C(OC7CCC(CC(=O)CC8CCOC8CC8OC(CCC8=C)CCC1O2)OC7C6O3)C5O4,2.0,0.9122807017543859,0.0,729.9080000000001,52.0,40.0,0.0,146.39000000000001,3.4380000000000046,2.0,12.0,4.0,10.0,0.875,True,,,other,False,,,PubChem_name_property
LT01214,Erlotinib hydrochloride,8,Warnings & precautions,vMost-DILI-concern,Unchanged,Erlotinib,C#Cc1cccc(Nc2ncnc3cc(OCCOC)c(OCCOC)cc23)c1,CHEMBL553,183320-51-6,393.44,3.41,0.0,B,DILI (likely),DILI,"CYP, Cirrhosis, Immune-mediated, Hypersensitivity",most,1.0,erlotinib hydrochloride,DILImap_metadata,C#Cc1cccc(Nc2ncnc3cc(OCCOC)c(OCCOC)cc23)c1,,,True,C#Cc1cccc(Nc2ncnc3cc(OCCOC)c(OCCOC)cc23)c1,AAKJLRGGTJKAMG-UHFFFAOYSA-N,c1ccc(Nc2ncnc3ccccc23)cc1,1.0,1.0,0.0,393.4430000000002,29.0,22.0,0.0,74.73000000000002,3.405100000000002,1.0,7.0,10.0,3.0,0.2727272727272727,True,,Most-DILI-Concern,most,False,,,
LT01122,Ertapenem sodium,3,Warnings & precautions,Ambiguous-DILI-concern,Unchanged,Ertapenem,C[C@@H](O)[C@H]1C(=O)N2C(C(=O)O)=C(S[C@@H]3CN[C@H](C(=O)Nc4cccc(C(=O)O)c4)C3)[C@H](C)[C@H]12,CHEMBL1359,153773-82-1,475.52,0.94,0.0,E*,No DILI,No DILI,,ambiguous,,ertapenem sodium,DILImap_metadata,C[C@@H](O)[C@H]1C(=O)N2C(C(=O)O)=C(S[C@@H]3CN[C@H](C(=O)Nc4cccc(C(=O)O)c4)C3)[C@H](C)[C@H]12,,,True,C[C@@H](O)[C@H]1C(=O)N2C(C(=O)O)=C(S[C@@H]3CN[C@H](C(=O)Nc4cccc(C(=O)O)c4)C3)[C@H](C)[C@H]12,JUZNIMUFDBIJCM-ANEDZVCMSA-N,O=C(Nc1ccccc1)C1CC(SC2=CN3C(=O)CC3C2)CN1,1.0,1.0,0.0,475.52300000000025,33.0,22.0,0.0,156.26999999999998,0.9407000000000005,5.0,7.0,7.0,4.0,0.45454545454545453,True,,Ambiguous DILI-concern,ambiguous,False,,,
LT03673,Ertugliflozin,0,No match,vNo-DILI-concern,New,,,,,,,,,,,,no,0.0,ertugliflozin,,CCOC1=CC=C(C=C1)CC2=C(C=CC(=C2)[C@@]34[C@@H]([C@H]([C@@H]([C@@](O3)(CO4)CO)O)O)O)Cl,44814423.0,MCIACXAZCBVDEE-CUUWFGFTSA-N,True,CCOc1ccc(Cc2cc([C@]34OC[C@](CO)(O3)[C@@H](O)[C@H](O)[C@H]4O)ccc2Cl)cc1,MCIACXAZCBVDEE-CUUWFGFTSA-N,c1ccc(Cc2cccc(C34CCCC(CO3)O4)c2)cc1,1.0,1.0,0.0,436.88800000000015,30.0,22.0,0.0,108.61000000000001,1.3564999999999996,4.0,7.0,6.0,4.0,0.45454545454545453,True,,,other,False,,,PubChem_name_property
LT00092,Erythromycin estolate,5,Warnings & precautions,vMost-DILI-concern,Unchanged,Erythromycin,CC[C@H]1OC(=O)[C@H](C)[C@@H](O[C@H]2C[C@@](C)(OC)[C@@H](O)[C@H](C)O2)[C@H](C)[C@@H](O[C@@H]2O[C@H](C)C[C@H](N(C)C)[C@H]2O)[C@](C)(O)C[C@@H](C)C(=O)[C@H](C)[C@@H](O)[C@]1(C)O,CHEMBL532,114-07-8,733.94,1.79,0.0,A,DILI (known),DILI,"Hepatitis, Cholestasis/Biliary, Hypersensitivity",most,1.0,erythromycin estolate,DILImap_metadata,CC[C@H]1OC(=O)[C@H](C)[C@@H](O[C@H]2C[C@@](C)(OC)[C@@H](O)[C@H](C)O2)[C@H](C)[C@@H](O[C@@H]2O[C@H](C)C[C@H](N(C)C)[C@H]2O)[C@](C)(O)C[C@@H](C)C(=O)[C@H](C)[C@@H](O)[C@]1(C)O,,,True,CC[C@H]1OC(=O)[C@H](C)[C@@H](O[C@H]2C[C@@](C)(OC)[C@@H](O)[C@H](C)O2)[C@H](C)[C@@H](O[C@@H]2O[C@H](C)C[C@H](N(C)C)[C@H]2O)[C@](C)(O)C[C@@H](C)C(=O)[C@H](C)[C@@H](O)[C@]1(C)O,ULGZDMOVFRHVEP-RWJQBGPGSA-N,O=C1CCCCOC(=O)CC(OC2CCCCO2)CC(OC2CCCCO2)CCC1,1.0,1.0,0.0,733.9370000000002,51.0,37.0,0.0,193.91,1.785600000000004,5.0,14.0,7.0,3.0,0.9459459459459459,True,,Most-DILI-Concern,most,False,,,
LT02330,Erythropoietin,0,No match,vNo-DILI-concern,Unchanged,Erythropoietin,,CHEMBL1201565,,,,0.0,,No DILI,No DILI,,no,0.0,erythropoietin,,C[C@@H]1C/C=C/C=C/[C@@H]([C@@H](C[C@@H]([C@@H]([C@H]([C@@H](CC(=O)O1)O)OC)O[C@H]2[C@@H]([C@H]([C@@H]([C@H](O2)C)O[C@H]3C[C@@]([C@H]([C@@H](O3)C)O)(C)O)N(C)C)O)CCO)C)O[C@H]4C[C@@]([C@H]([C@@H](O4)C)O)(C)O,92043599.0,CJKGNDLRMLFWEX-IUJNAFBCSA-N,True,CO[C@@H]1[C@@H](O[C@@H]2O[C@H](C)[C@@H](O[C@H]3C[C@@](C)(O)[C@@H](O)[C@H](C)O3)[C@H](N(C)C)[C@H]2O)[C@@H](CCO)C[C@@H](C)[C@@H](O[C@H]2C[C@@](C)(O)[C@@H](O)[C@H](C)O2)/C=C/C=C/C[C@@H](C)OC(=O)C[C@H]1O,CJKGNDLRMLFWEX-IUJNAFBCSA-N,O=C1CCCC(OC2CCC(OC3CCCCO3)CO2)CCCC(OC2CCCCO2)C=CC=CCCO1,1.0,1.0,0.0,848.0370000000001,59.0,42.0,0.0,235.75999999999996,0.9101000000000068,7.0,17.0,10.0,4.0,0.8809523809523809,True,,No-DILI-Concern,no,False,,,PubChem_name_property
LT02929,Escitalopram oxalate,7,Adverse reactions,vLess-DILI-concern,Unchanged,Escitalopram,CN(C)CCC[C@@]1(c2ccc(F)cc2)OCc2cc(C#N)ccc21,CHEMBL1508,219861-08-2,324.4,3.81,0.0,C,DILI (few cases),,,less,,escitalopram oxalate,DILImap_metadata,CN(C)CCC[C@@]1(c2ccc(F)cc2)OCc2cc(C#N)ccc21,,,True,CN(C)CCC[C@@]1(c2ccc(F)cc2)OCc2cc(C#N)ccc21,WSEQXVZVJXJVFP-FQEVSTJZSA-N,c1ccc(C2OCc3ccccc32)cc1,1.0,1.0,0.0,324.39900000000006,24.0,20.0,0.0,36.26,3.812980000000003,0.0,3.0,5.0,3.0,0.35,True,,Less-DILI-Concern,less,False,,,
LT02881,Eslicarbazepine acetate,3,Warnings & precautions,Ambiguous-DILI-concern,New,,,,,,,,,,,,ambiguous,,eslicarbazepine acetate,,CC(=O)O[C@H]1CC2=CC=CC=C2N(C3=CC=CC=C13)C(=O)N,179344.0,QIALRBLEEWJACW-INIZCTEOSA-N,True,CC(=O)O[C@H]1Cc2ccccc2N(C(N)=O)c2ccccc21,QIALRBLEEWJACW-INIZCTEOSA-N,c1ccc2c(c1)CCc1ccccc1N2,1.0,1.0,0.0,296.3260000000001,22.0,17.0,0.0,72.63,3.0637000000000008,1.0,3.0,1.0,3.0,0.17647058823529413,True,,,other,False,,,PubChem_name_property
LT01333,Esmolol hydrochloride,0,No match,vNo-DILI-concern,Unchanged,Esmolol,COC(=O)CCc1ccc(OCC(O)CNC(C)C)cc1,CHEMBL768,81161-17-3,295.38,1.53,0.0,E,No DILI,No DILI,,no,0.0,esmolol hydrochloride,DILImap_metadata,COC(=O)CCc1ccc(OCC(O)CNC(C)C)cc1,,,True,COC(=O)CCc1ccc(OCC(O)CNC(C)C)cc1,AQNDDEOPVVGCPG-UHFFFAOYSA-N,c1ccccc1,1.0,1.0,0.0,295.379,21.0,16.0,0.0,67.79,1.5298999999999996,2.0,5.0,9.0,1.0,0.5625,True,,No-DILI-Concern,no,False,,,
LT01589,Esomeprazole sodium,4,Adverse reactions,vLess-DILI-concern,Unchanged,Esomeprazole sodium,,,,,,,,,,,less,,esomeprazole sodium,,CC1=CN=C(C(=C1OC)C)C[S@](=O)C2=NC3=C([N-]2)C=CC(=C3)OC.[Na+],23674541.0,RYXPMWYHEBGTRV-JIDHJSLPSA-N,True,COc1ccc2[nH]c([S@@+]([O-])Cc3ncc(C)c(OC)c3C)nc2c1,SUBDBMMJDZJVOS-DEOSSOPVSA-N,c1ccc(C[SH+]c2nc3ccccc3[nH]2)nc1,2.0,0.96,0.0,345.42400000000004,24.0,17.0,0.0,83.09,2.8997400000000013,1.0,5.0,5.0,3.0,0.29411764705882354,True,,Less-DILI-Concern,less,False,,,PubChem_name_property
LT01334,Estazolam,0,No match,vNo-DILI-concern,Unchanged,Estazolam,Clc1ccc2c(c1)C(c1ccccc1)=NCc1nncn1-2,CHEMBL285674,,294.75,3.27,0.0,E,No DILI,No DILI,,no,0.0,estazolam,DILImap_metadata,Clc1ccc2c(c1)C(c1ccccc1)=NCc1nncn1-2,,,True,Clc1ccc2c(c1)C(c1ccccc1)=NCc1nncn1-2,CDCHDCWJMGXXRH-UHFFFAOYSA-N,c1ccc(C2=NCc3nncn3-c3ccccc32)cc1,1.0,1.0,0.0,294.745,21.0,16.0,0.0,43.07,3.2717000000000027,0.0,3.0,1.0,4.0,0.0625,True,,No-DILI-Concern,no,False,,,
LT00016,Estradiol valerate,2,Adverse reactions,vLess-DILI-concern,Unchanged,Estradiol,C[C@]12CC[C@@H]3c4ccc(O)cc4CC[C@H]3[C@@H]1CC[C@@H]2O,CHEMBL135,50-28-2,272.39,3.61,0.0,A,DILI (likely),DILI,,less,,estradiol valerate,DILImap_metadata,C[C@]12CC[C@@H]3c4ccc(O)cc4CC[C@H]3[C@@H]1CC[C@@H]2O,,,True,C[C@]12CC[C@@H]3c4ccc(O)cc4CC[C@H]3[C@@H]1CC[C@@H]2O,VOXZDWNPVJITMN-ZBRFXRBCSA-N,c1ccc2c(c1)CCC1C2CCC2CCCC21,1.0,1.0,0.0,272.3879999999999,20.0,18.0,0.0,40.46,3.6092000000000026,2.0,2.0,0.0,4.0,0.6666666666666666,True,,Less-DILI-Concern,less,False,,,
LT01342,Estramustine phosphate sodium,4,Warnings & precautions,vMost-DILI-concern,Unchanged,Estramustine,C[C@]12CC[C@@H]3c4ccc(OC(=O)N(CCCl)CCCl)cc4CC[C@H]3[C@@H]1CC[C@@H]2O,CHEMBL1575,52205-73-9,440.41,5.18,0.0,E*,DILI (likely),DILI,,most,1.0,estramustine phosphate sodium,DILImap_metadata,C[C@]12CC[C@@H]3c4ccc(OC(=O)N(CCCl)CCCl)cc4CC[C@H]3[C@@H]1CC[C@@H]2O,,,True,C[C@]12CC[C@@H]3c4ccc(OC(=O)N(CCCl)CCCl)cc4CC[C@H]3[C@@H]1CC[C@@H]2O,FRPJXPJMRWBBIH-RBRWEJTLSA-N,c1ccc2c(c1)CCC1C2CCC2CCCC21,1.0,1.0,0.0,440.4110000000002,29.0,23.0,0.0,49.769999999999996,5.182000000000006,1.0,3.0,5.0,4.0,0.6956521739130435,True,,Most-DILI-Concern,most,False,,,
LT02424,"Estrogens, conjugated",1,Adverse reactions,Ambiguous-DILI-concern,Unchanged,"Estrogens, conjugated",,CHEMBL1201649,,,,0.0,,No DILI,No DILI,,ambiguous,,estrogens conjugated,,C[C@]12CCC3C(C1CCC2=O)CCC4=C3C=CC(=C4)OS(=O)(=O)[O-].[Na+],45357473.0,VUCAHVBMSFIGAI-TWCWWGPMSA-M,True,C[C@]12CCC3c4ccc(OS(=O)(=O)O)cc4CCC3C1CCC2=O,JKKFKPJIXZFSSB-GUZDXLFXSA-N,O=C1CCC2C1CCC1c3ccccc3CCC12,2.0,0.96,0.0,350.43600000000004,24.0,18.0,0.0,80.67,3.293400000000001,1.0,4.0,2.0,4.0,0.6111111111111112,True,,Ambiguous DILI-concern,ambiguous,False,,,PubChem_name_property
LT02043,Estrone,2,Warnings & precautions,Ambiguous-DILI-concern,Unchanged,Estrone,C[C@]12CC[C@@H]3c4ccc(O)cc4CC[C@H]3[C@@H]1CCC2=O,CHEMBL1405,53-16-7,270.37,3.82,0.0,A,DILI (likely),DILI,,ambiguous,,estrone,DILImap_metadata,C[C@]12CC[C@@H]3c4ccc(O)cc4CC[C@H]3[C@@H]1CCC2=O,,,True,C[C@]12CC[C@@H]3c4ccc(O)cc4CC[C@H]3[C@@H]1CCC2=O,DNXHEGUUPJUMQT-CBZIJGRNSA-N,O=C1CCC2C1CCC1c3ccccc3CCC12,1.0,1.0,0.0,270.37199999999996,20.0,18.0,0.0,37.3,3.817400000000002,1.0,2.0,0.0,4.0,0.6111111111111112,True,,Ambiguous DILI-concern,ambiguous,False,,,
LT00677,Estropipate,2,Adverse reactions,Ambiguous-DILI-concern,Unchanged,Estropipate,,,7280-37-7,,,,A,DILI (likely),DILI,,ambiguous,,estropipate,,C[C@]12CC[C@H]3[C@H]([C@@H]1CCC2=O)CCC4=C3C=CC(=C4)OS(=O)(=O)O.C1CNCCN1,5284555.0,HZEQBCVBILBTEP-ZFINNJDLSA-N,True,C[C@]12CC[C@@H]3c4ccc(OS(=O)(=O)O)cc4CC[C@H]3[C@@H]1CCC2=O,JKKFKPJIXZFSSB-CBZIJGRNSA-N,O=C1CCC2C1CCC1c3ccccc3CCC12,2.0,0.8,0.0,350.43600000000004,24.0,18.0,0.0,80.67,3.293400000000001,1.0,4.0,2.0,4.0,0.6111111111111112,True,,Ambiguous DILI-concern,ambiguous,False,,,PubChem_name_property
LT01161,Eszopiclone,3,Adverse reactions,vLess-DILI-concern,Revised,Eszopiclone,CN1CCN(C(=O)O[C@H]2c3nccnc3C(=O)N2c2ccc(Cl)cn2)CC1,CHEMBL1522,,388.82,1.57,0.0,E,No DILI,No DILI,,less,,eszopiclone,DILImap_metadata,CN1CCN(C(=O)O[C@H]2c3nccnc3C(=O)N2c2ccc(Cl)cn2)CC1,,,True,CN1CCN(C(=O)O[C@H]2c3nccnc3C(=O)N2c2ccc(Cl)cn2)CC1,GBBSUAFBMRNDJC-INIZCTEOSA-N,O=C(OC1c2nccnc2C(=O)N1c1ccccn1)N1CCNCC1,1.0,1.0,0.0,388.8150000000001,27.0,17.0,0.0,91.75999999999999,1.5679999999999998,0.0,7.0,2.0,4.0,0.35294117647058826,True,,Ambiguous DILI-concern,ambiguous,False,,,
LT01353,Etanercept,3,Warnings & precautions,vLess-DILI-concern,Unchanged,Etanercept,,CHEMBL1201572,100874-08-6,,,0.0,B,DILI (likely),DILI,"Hepatitis, Necrosis, Cholestasis/Biliary, Immune-mediated, Hypersensitivity",less,,etanercept,,C1=CC=C2C(=C1)N=C(O2)SCC3=CC=C(C=C3)Br,731364.0,JDVOIBFEFVKUPL-UHFFFAOYSA-N,True,Brc1ccc(CSc2nc3ccccc3o2)cc1,JDVOIBFEFVKUPL-UHFFFAOYSA-N,c1ccc(CSc2nc3ccccc3o2)cc1,1.0,1.0,0.0,320.211,18.0,14.0,0.0,26.03,4.882600000000003,0.0,3.0,3.0,3.0,0.07142857142857142,True,,Less-DILI-Concern,less,False,,,PubChem_name_property
LT03674,Etelcalcetide,0,No match,vNo-DILI-concern,New,,,,,,,,,,,,no,0.0,etelcalcetide,,C[C@H](C(=O)N[C@H](CCCN=C(N)N)C(=O)N)NC(=O)[C@@H](CCCN=C(N)N)NC(=O)[C@@H](CCCN=C(N)N)NC(=O)[C@@H](CCCN=C(N)N)NC(=O)[C@@H](C)NC(=O)[C@@H](CSSC[C@@H](C(=O)O)N)NC(=O)C,71511839.0,ANIAZGVDEUQPRI-ZJQCGQFWSA-N,True,CC(=O)N[C@H](CSSC[C@H](N)C(=O)O)C(=O)N[C@H](C)C(=O)N[C@H](CCCN=C(N)N)C(=O)N[C@H](CCCN=C(N)N)C(=O)N[C@H](CCCN=C(N)N)C(=O)N[C@H](C)C(=O)N[C@H](CCCN=C(N)N)C(N)=O,ANIAZGVDEUQPRI-ZJQCGQFWSA-N,,1.0,1.0,0.0,1048.2729999999992,71.0,38.0,0.0,567.7099999999999,-8.067299999999983,18.0,16.0,36.0,0.0,0.6578947368421053,False,mw_above_1000,,other,False,,,PubChem_name_property
LT03675,Eteplirsen,0,No match,vNo-DILI-concern,New,,,,,,,,,,,,no,0.0,eteplirsen,,,,,False,,,,,,,,,,,,,,,,,,False,missing_structure,,other,False,,,
LT01344,Ethacrynic acid,5,Adverse reactions,Ambiguous-DILI-concern,Unchanged,Ethacrynic acid,C=C(CC)C(=O)c1ccc(OCC(=O)O)c(Cl)c1Cl,CHEMBL456,58-54-8,303.14,3.61,0.0,E,No DILI,No DILI,,ambiguous,,ethacrynic acid,DILImap_metadata,C=C(CC)C(=O)c1ccc(OCC(=O)O)c(Cl)c1Cl,,,True,C=C(CC)C(=O)c1ccc(OCC(=O)O)c(Cl)c1Cl,AVOLMBLBETYQHX-UHFFFAOYSA-N,c1ccccc1,1.0,1.0,0.0,303.14099999999996,19.0,13.0,0.0,63.60000000000001,3.6057000000000023,1.0,3.0,6.0,1.0,0.23076923076923078,True,,Ambiguous DILI-concern,ambiguous,False,,,
LT01345,Ethambutol hydrochloride,8,Warnings & precautions,vMost-DILI-concern,Unchanged,Ethambutol,CC[C@@H](CO)NCCN[C@@H](CC)CO,CHEMBL44884,1070-11-7,204.31,-0.29,0.0,C,DILI (likely),DILI,"Cholestasis/Biliary, Hypersensitivity",most,1.0,ethambutol hydrochloride,DILImap_metadata,CC[C@@H](CO)NCCN[C@@H](CC)CO,,,True,CC[C@@H](CO)NCCN[C@@H](CC)CO,AEUTYOVWOVBAKS-UWVGGRQHSA-N,,1.0,1.0,0.0,204.314,14.0,10.0,0.0,64.52,-0.292599999999999,4.0,4.0,9.0,0.0,1.0,True,,Most-DILI-Concern,most,False,,,
LT00926,Ethanolamine oleate,0,No match,vNo-DILI-concern,Unchanged,Ethanolamine oleate,CCCCCCCC/C=C\CCCCCCCC(=O)O.NCCO,CHEMBL3989529,,343.55,,0.0,,No DILI,No DILI,,no,0.0,ethanolamine oleate,DILImap_metadata,CCCCCCCC/C=C\CCCCCCCC(=O)O.NCCO,,,True,CCCCCCCC/C=C\CCCCCCCC(=O)O,ZQPPMHVWECSIRJ-KTKRTIGZSA-N,,2.0,0.8333333333333334,0.0,282.4679999999999,20.0,18.0,0.0,37.3,6.1085000000000065,1.0,1.0,15.0,0.0,0.8333333333333334,True,,No-DILI-Concern,no,False,,,
LT01348,Ethionamide,3,Warnings & precautions,vLess-DILI-concern,Unchanged,Ethionamide,CCc1cc(C(N)=S)ccn1,CHEMBL1441,536-33-4,166.25,1.28,1.0,B,DILI (likely),DILI,"Hepatitis, Immune-mediated, Hypersensitivity",less,,ethionamide,DILImap_metadata,CCc1cc(C(N)=S)ccn1,,,True,CCc1cc(C(N)=S)ccn1,AEOCXXJPGCBFJA-UHFFFAOYSA-N,c1ccncc1,1.0,1.0,0.0,166.24900000000002,11.0,8.0,0.0,38.91,1.2782,1.0,2.0,2.0,1.0,0.25,True,,Less-DILI-Concern,less,False,12.996,,
LT00831,Ethosuximide,3,Warnings & precautions,Ambiguous-DILI-concern,Unchanged,Ethosuximide,CCC1(C)CC(=O)NC1=O,CHEMBL696,77-67-8,141.17,0.45,0.0,E*,No DILI,No DILI,,ambiguous,,ethosuximide,DILImap_metadata,CCC1(C)CC(=O)NC1=O,,,True,CCC1(C)CC(=O)NC1=O,HAPOVYFOVVWLRS-UHFFFAOYSA-N,O=C1CCC(=O)N1,1.0,1.0,0.0,141.17,10.0,7.0,0.0,46.17,0.4491999999999999,1.0,2.0,1.0,1.0,0.7142857142857143,True,,Ambiguous DILI-concern,ambiguous,False,,,
LT00795,Ethotoin,3,Warnings & precautions,Ambiguous-DILI-concern,Unchanged,Ethotoin,CCN1C(=O)NC(c2ccccc2)C1=O,CHEMBL1095,86-35-1,204.23,1.3,0.0,,,,,ambiguous,,ethotoin,DILImap_metadata,CCN1C(=O)NC(c2ccccc2)C1=O,,,True,CCN1C(=O)NC(c2ccccc2)C1=O,SZQIFWWUIBRPBZ-UHFFFAOYSA-N,O=C1NC(=O)C(c2ccccc2)N1,1.0,1.0,0.0,204.22899999999998,15.0,11.0,0.0,49.410000000000004,1.2993999999999999,1.0,2.0,2.0,2.0,0.2727272727272727,True,,Ambiguous DILI-concern,ambiguous,False,,,
LT01355,Etidronate disodium,0,No match,vNo-DILI-concern,Unchanged,Etidronic acid,CC(O)(P(=O)(O)O)P(=O)(O)O,CHEMBL871,7414-83-7,206.03,-0.99,0.0,,No DILI,No DILI,,no,0.0,etidronate disodium,DILImap_metadata,CC(O)(P(=O)(O)O)P(=O)(O)O,,,True,CC(O)(P(=O)(O)O)P(=O)(O)O,DBVJJBKOTRCVKF-UHFFFAOYSA-N,,1.0,1.0,0.0,206.027,11.0,2.0,0.0,135.29000000000002,-0.9922000000000002,5.0,3.0,2.0,0.0,1.0,True,,No-DILI-Concern,no,False,,,
LT00240,Etodolac,8,Warnings & precautions,vMost-DILI-concern,Unchanged,Etodolac,CCc1cccc2c3c([nH]c12)C(CC)(CC(=O)O)OCC3,CHEMBL622,41340-25-4,287.36,3.38,0.0,C,DILI (likely),DILI,"Necrosis, Cholestasis/Biliary, Immune-mediated, Hypersensitivity, likely idiosyncratic",most,1.0,etodolac,DILImap_metadata,CCc1cccc2c3c([nH]c12)C(CC)(CC(=O)O)OCC3,,,True,CCc1cccc2c3c([nH]c12)C(CC)(CC(=O)O)OCC3,NNYBQONXHNTVIJ-UHFFFAOYSA-N,c1ccc2c3c([nH]c2c1)COCC3,1.0,1.0,0.0,287.35900000000004,21.0,17.0,0.0,62.32000000000001,3.383000000000002,2.0,2.0,4.0,3.0,0.47058823529411764,True,,Most-DILI-Concern,most,True,69.5991091314031,,
LT01357,Etomidate,0,No match,vNo-DILI-concern,Unchanged,Etomidate,CCOC(=O)c1cncn1[C@H](C)c1ccccc1,CHEMBL681,,244.29,2.67,0.0,,No DILI,No DILI,,no,0.0,etomidate,DILImap_metadata,CCOC(=O)c1cncn1[C@H](C)c1ccccc1,,,True,CCOC(=O)c1cncn1[C@H](C)c1ccccc1,NPUKDXXFDDZOKR-LLVKDONJSA-N,c1ccc(Cn2ccnc2)cc1,1.0,1.0,0.0,244.294,18.0,14.0,0.0,44.12,2.669100000000001,0.0,3.0,4.0,2.0,0.2857142857142857,True,,No-DILI-Concern,no,False,,,
LT01193,Etonogestrel,5,Warnings & precautions,Ambiguous-DILI-concern,Unchanged,Etonogestrel,C#C[C@]1(O)CC[C@H]2[C@@H]3CCC4=CC(=O)CC[C@@H]4[C@H]3C(=C)C[C@@]21CC,CHEMBL1531,54048-10-1,324.46,4.05,0.0,A ,DILI (likely),DILI,,ambiguous,,etonogestrel,DILImap_metadata,C#C[C@]1(O)CC[C@H]2[C@@H]3CCC4=CC(=O)CC[C@@H]4[C@H]3C(=C)C[C@@]21CC,,,True,C#C[C@]1(O)CC[C@H]2[C@@H]3CCC4=CC(=O)CC[C@@H]4[C@H]3C(=C)C[C@@]21CC,GCKFUYQCUCGESZ-BPIQYHPVSA-N,C=C1CC2CCCC2C2CCC3=CC(=O)CCC3C12,1.0,1.0,0.0,324.4640000000001,24.0,22.0,0.0,37.3,4.048700000000004,1.0,2.0,1.0,4.0,0.6818181818181818,True,,Ambiguous DILI-concern,ambiguous,False,,,
LT00094,Etoposide,3,Adverse reactions,vLess-DILI-concern,Unchanged,Etoposide,COc1cc([C@@H]2c3cc4c(cc3[C@@H](O[C@@H]3O[C@@H]5CO[C@@H](C)O[C@H]5[C@H](O)[C@H]3O)[C@H]3COC(=O)[C@H]23)OCO4)cc(OC)c1O,CHEMBL44657,33419-42-0,588.56,1.34,0.0,C,DILI (few cases),,"Hepatitis, Sinusoidal (manual annotation)",less,,etoposide,DILImap_metadata,COc1cc([C@@H]2c3cc4c(cc3[C@@H](O[C@@H]3O[C@@H]5CO[C@@H](C)O[C@H]5[C@H](O)[C@H]3O)[C@H]3COC(=O)[C@H]23)OCO4)cc(OC)c1O,,,True,COc1cc([C@@H]2c3cc4c(cc3[C@@H](O[C@@H]3O[C@@H]5CO[C@@H](C)O[C@H]5[C@H](O)[C@H]3O)[C@H]3COC(=O)[C@H]23)OCO4)cc(OC)c1O,VJJPUSNTGOMMGY-MRVIYFEKSA-N,O=C1OCC2C(OC3CCC4OCOCC4O3)c3cc4c(cc3C(c3ccccc3)C12)OCO4,1.0,1.0,0.0,588.5620000000004,42.0,29.0,0.0,160.83,1.3385999999999993,3.0,13.0,5.0,7.0,0.5517241379310345,True,,Less-DILI-Concern,less,False,17.0,,
LT00653,Etravirine,8,Warnings & precautions,vMost-DILI-concern,Unchanged,Etravirine,Cc1cc(C#N)cc(C)c1Oc1nc(Nc2ccc(C#N)cc2)nc(N)c1Br,CHEMBL308954,269055-15-4,435.29,4.72,0.0,D,DILI (likely),DILI,"Hepatitis, CYP, Immune-mediated, Hypersensitivity",most,1.0,etravirine,DILImap_metadata,Cc1cc(C#N)cc(C)c1Oc1nc(Nc2ccc(C#N)cc2)nc(N)c1Br,,,True,Cc1cc(C#N)cc(C)c1Oc1nc(Nc2ccc(C#N)cc2)nc(N)c1Br,PYGWGZALEOIKDF-UHFFFAOYSA-N,c1ccc(Nc2nccc(Oc3ccccc3)n2)cc1,1.0,1.0,0.0,435.2850000000001,28.0,20.0,0.0,120.63999999999999,4.717400000000002,2.0,7.0,4.0,3.0,0.1,True,,Most-DILI-Concern,most,False,,,
LT01267,Everolimus,4,Adverse reactions,vLess-DILI-concern,Revised,Everolimus,CO[C@H]1C[C@@H]2CC[C@@H](C)[C@@](O)(O2)C(=O)C(=O)N2CCCC[C@H]2C(=O)O[C@H]([C@H](C)C[C@@H]2CC[C@@H](OCCO)[C@H](OC)C2)CC(=O)[C@H](C)/C=C(\C)[C@@H](O)[C@@H](OC)C(=O)[C@H](C)C[C@H](C)/C=C/C=C/C=C/1C,CHEMBL1908360,159351-69-6,958.24,6.2,0.0,E*,No DILI,No DILI,,less,,everolimus,DILImap_metadata,CO[C@H]1C[C@@H]2CC[C@@H](C)[C@@](O)(O2)C(=O)C(=O)N2CCCC[C@H]2C(=O)O[C@H]([C@H](C)C[C@@H]2CC[C@@H](OCCO)[C@H](OC)C2)CC(=O)[C@H](C)/C=C(\C)[C@@H](O)[C@@H](OC)C(=O)[C@H](C)C[C@H](C)/C=C/C=C/C=C/1C,,,True,CO[C@H]1C[C@@H]2CC[C@@H](C)[C@@](O)(O2)C(=O)C(=O)N2CCCC[C@H]2C(=O)O[C@H]([C@H](C)C[C@@H]2CC[C@@H](OCCO)[C@H](OC)C2)CC(=O)[C@H](C)/C=C(\C)[C@@H](O)[C@@H](OC)C(=O)[C@H](C)C[C@H](C)/C=C/C=C/C=C/1C,HKVAMNSJSFKALM-GKUWKFKPSA-N,O=C1CCC=CCC(=O)CC(CCC2CCCCC2)OC(=O)C2CCCCN2C(=O)C(=O)C2CCCC(CCC=CC=CC=CCCC1)O2,1.0,1.0,0.0,958.2400000000001,68.0,53.0,0.0,204.65999999999994,6.197200000000008,3.0,14.0,9.0,4.0,0.7547169811320755,True,,Ambiguous DILI-concern,ambiguous,False,,,
LT00394,Exemestane,4,Warnings & precautions,vMost-DILI-concern,Unchanged,Exemestane,C=C1C[C@@H]2[C@H](CC[C@]3(C)C(=O)CC[C@@H]23)[C@@]2(C)C=CC(=O)C=C12,CHEMBL1200374,107868-30-4,296.41,4.03,0.0,C,DILI (likely),DILI,"Hepatitis, CYP, Cholestasis/Biliary, Steatosis, Cirrhosis, Immune-mediated, Hypersensitivity, likely idiosyncratic",most,1.0,exemestane,DILImap_metadata,C=C1C[C@@H]2[C@H](CC[C@]3(C)C(=O)CC[C@@H]23)[C@@]2(C)C=CC(=O)C=C12,,,True,C=C1C[C@@H]2[C@H](CC[C@]3(C)C(=O)CC[C@@H]23)[C@@]2(C)C=CC(=O)C=C12,BFYIZQONLCFLEV-DAELLWKTSA-N,C=C1CC2C(CCC3C(=O)CCC32)C2C=CC(=O)C=C12,1.0,1.0,0.0,296.41,22.0,20.0,0.0,34.14,4.029500000000003,0.0,2.0,0.0,4.0,0.6,True,,Most-DILI-Concern,most,False,,,
LT00537,Exenatide synthetic,0,No match,vNo-DILI-concern,Unchanged,Exenatide,CC[C@H](C)[C@H](NC(=O)[C@H](Cc1ccccc1)NC(=O)[C@H](CC(C)C)NC(=O)[C@H](CCCNC(=N)N)NC(=O)[C@@H](NC(=O)[C@H](C)NC(=O)[C@H](CCC(=O)O)NC(=O)[C@H](CCC(=O)O)NC(=O)[C@H](CCC(=O)O)NC(=O)[C@H](CCSC)NC(=O)[C@H](CCC(N)=O)NC(=O)[C@H](CCCCN)NC(=O)[C@H](CO)NC(=O)[C@H](CC(C)C)NC(=O)[C@H](CC(=O)O)NC(=O)[C@H](CO)NC(=O)[C@@H](NC(=O)[C@H](Cc1ccccc1)NC(=O)[C@@H](NC(=O)CNC(=O)[C@H](CCC(=O)O)NC(=O)CNC(=O)[C@@H](N)Cc1cnc[nH]1)[C@@H](C)O)[C@@H](C)O)C(C)C)C(=O)N[C@@H](CCC(=O)O)C(=O)N[C@@H](Cc1c[nH]c2ccccc12)C(=O)N[C@@H](CC(C)C)C(=O)N[C@@H](CCCCN)C(=O)N[C@@H](CC(N)=O)C(=O)NCC(=O)NCC(=O)N1CCC[C@H]1C(=O)N[C@@H](CO)C(=O)N[C@@H](CO)C(=O)NCC(=O)N[C@@H](C)C(=O)N1CCC[C@H]1C(=O)N1CCC[C@H]1C(=O)N1CCC[C@H]1C(=O)N[C@@H](CO)C(N)=O,CHEMBL414357,,4186.64,,0.0,E,No DILI,No DILI,,no,0.0,exenatide synthetic,DILImap_metadata,CC[C@H](C)[C@H](NC(=O)[C@H](Cc1ccccc1)NC(=O)[C@H](CC(C)C)NC(=O)[C@H](CCCNC(=N)N)NC(=O)[C@@H](NC(=O)[C@H](C)NC(=O)[C@H](CCC(=O)O)NC(=O)[C@H](CCC(=O)O)NC(=O)[C@H](CCC(=O)O)NC(=O)[C@H](CCSC)NC(=O)[C@H](CCC(N)=O)NC(=O)[C@H](CCCCN)NC(=O)[C@H](CO)NC(=O)[C@H](CC(C)C)NC(=O)[C@H](CC(=O)O)NC(=O)[C@H](CO)NC(=O)[C@@H](NC(=O)[C@H](Cc1ccccc1)NC(=O)[C@@H](NC(=O)CNC(=O)[C@H](CCC(=O)O)NC(=O)CNC(=O)[C@@H](N)Cc1cnc[nH]1)[C@@H](C)O)[C@@H](C)O)C(C)C)C(=O)N[C@@H](CCC(=O)O)C(=O)N[C@@H](Cc1c[nH]c2ccccc12)C(=O)N[C@@H](CC(C)C)C(=O)N[C@@H](CCCCN)C(=O)N[C@@H](CC(N)=O)C(=O)NCC(=O)NCC(=O)N1CCC[C@H]1C(=O)N[C@@H](CO)C(=O)N[C@@H](CO)C(=O)NCC(=O)N[C@@H](C)C(=O)N1CCC[C@H]1C(=O)N1CCC[C@H]1C(=O)N1CCC[C@H]1C(=O)N[C@@H](CO)C(N)=O,,,True,CC[C@H](C)[C@H](NC(=O)[C@H](Cc1ccccc1)NC(=O)[C@H](CC(C)C)NC(=O)[C@H](CCCNC(=N)N)NC(=O)[C@@H](NC(=O)[C@H](C)NC(=O)[C@H](CCC(=O)O)NC(=O)[C@H](CCC(=O)O)NC(=O)[C@H](CCC(=O)O)NC(=O)[C@H](CCSC)NC(=O)[C@H](CCC(N)=O)NC(=O)[C@H](CCCCN)NC(=O)[C@H](CO)NC(=O)[C@H](CC(C)C)NC(=O)[C@H](CC(=O)O)NC(=O)[C@H](CO)NC(=O)[C@@H](NC(=O)[C@H](Cc1ccccc1)NC(=O)[C@@H](NC(=O)CNC(=O)[C@H](CCC(=O)O)NC(=O)CNC(=O)[C@@H](N)Cc1cnc[nH]1)[C@@H](C)O)[C@@H](C)O)C(C)C)C(=O)N[C@@H](CCC(=O)O)C(=O)N[C@@H](Cc1c[nH]c2ccccc12)C(=O)N[C@@H](CC(C)C)C(=O)N[C@@H](CCCCN)C(=O)N[C@@H](CC(N)=O)C(=O)NCC(=O)NCC(=O)N1CCC[C@H]1C(=O)N[C@@H](CO)C(=O)N[C@@H](CO)C(=O)NCC(=O)N[C@@H](C)C(=O)N1CCC[C@H]1C(=O)N1CCC[C@H]1C(=O)N1CCC[C@H]1C(=O)N[C@@H](CO)C(N)=O,HTQBXNHDCUEHJF-XWLPCZSASA-N,O=C(CCc1cnc[nH]1)NCC(=O)NCC(=O)NCC(=O)NCC(=O)NC(Cc1ccccc1)C(=O)NCC(=O)NCC(=O)NCC(=O)NCC(=O)NCC(=O)NCC(=O)NCC(=O)NCC(=O)NCC(=O)NCC(=O)NCC(=O)NCC(=O)NCC(=O)NCC(=O)NCC(=O)NC(Cc1ccccc1)C(=O)NCC(=O)NCC(=O)NC(Cc1c[nH]c2ccccc12)C(=O)NCC(=O)NCC(=O)NCC(=O)NCC(=O)NCC(=O)N1CCCC1C(=O)NCC(=O)NCC(=O)NCC(=O)NCC(=O)N1CCCC1C(=O)N1CCCC1C(=O)N1CCCC1,1.0,1.0,0.0,4186.636999999986,295.0,184.0,0.0,1749.7499999999989,-20.60433000000032,58.0,60.0,134.0,9.0,0.6141304347826086,False,mw_above_1000;heavy_atoms_above_80;structure_too_large,No-DILI-Concern,no,False,,,
LT01359,Exifone,8,Withdrawn,vMost-DILI-concern,Unchanged,Exifone,O=C(c1cc(O)c(O)c(O)c1)c1ccc(O)c(O)c1O,CHEMBL329522,,278.22,1.15,0.0,,DILI (withdrawn),DILI,,most,1.0,exifone,DILImap_metadata,O=C(c1cc(O)c(O)c(O)c1)c1ccc(O)c(O)c1O,,,True,O=C(c1cc(O)c(O)c(O)c1)c1ccc(O)c(O)c1O,XEDWWPGWIXPVRQ-UHFFFAOYSA-N,O=C(c1ccccc1)c1ccccc1,1.0,1.0,0.0,278.216,20.0,13.0,0.0,138.45000000000002,1.1511999999999996,6.0,7.0,2.0,2.0,0.0,True,,Most-DILI-Concern,most,False,,,
LT01153,Ezetimibe,3,Warnings & precautions,vLess-DILI-concern,Unchanged,Ezetimibe,O=C1[C@H](CC[C@H](O)c2ccc(F)cc2)[C@@H](c2ccc(O)cc2)N1c1ccc(F)cc1,CHEMBL1138,163222-33-1,409.43,4.89,0.0,C,DILI (few cases),,"Hepatitis, CYP, Cholestasis/Biliary, Hypersensitivity",less,,ezetimibe,DILImap_metadata,O=C1[C@H](CC[C@H](O)c2ccc(F)cc2)[C@@H](c2ccc(O)cc2)N1c1ccc(F)cc1,,,True,O=C1[C@H](CC[C@H](O)c2ccc(F)cc2)[C@@H](c2ccc(O)cc2)N1c1ccc(F)cc1,OLNTVTPDXPETLC-XPWALMASSA-N,O=C1C(CCCc2ccccc2)C(c2ccccc2)N1c1ccccc1,1.0,1.0,0.0,409.4320000000001,30.0,24.0,0.0,60.77,4.888300000000004,2.0,3.0,6.0,4.0,0.20833333333333334,True,,Less-DILI-Concern,less,False,0.134,,
LT01870,Falnidamol,8,Discontinued,vMost-DILI-concern,Unchanged,Falnidamol,CN1CCC(Nc2ncc3ncnc(Nc4ccc(F)c(Cl)c4)c3n2)CC1,CHEMBL258940,196612-93-8,387.85,3.46,0.0,,DILI (likely),DILI,,most,1.0,falnidamol,DILImap_metadata,CN1CCC(Nc2ncc3ncnc(Nc4ccc(F)c(Cl)c4)c3n2)CC1,,,True,CN1CCC(Nc2ncc3ncnc(Nc4ccc(F)c(Cl)c4)c3n2)CC1,FTFRZXFNZVCRSK-UHFFFAOYSA-N,c1ccc(Nc2ncnc3cnc(NC4CCNCC4)nc23)cc1,1.0,1.0,0.0,387.85000000000014,27.0,18.0,0.0,78.86,3.4620000000000015,2.0,7.0,4.0,4.0,0.3333333333333333,True,,Most-DILI-Concern,most,False,35.0,,
LT00270,Famciclovir,3,Adverse reactions,Ambiguous-DILI-concern,Unchanged,Famciclovir,CC(=O)OCC(CCn1cnc2cnc(N)nc21)COC(C)=O,CHEMBL880,104227-87-4,321.34,0.54,1.0,E,No DILI,No DILI,,ambiguous,,famciclovir,DILImap_metadata,CC(=O)OCC(CCn1cnc2cnc(N)nc21)COC(C)=O,,,True,CC(=O)OCC(CCn1cnc2cnc(N)nc21)COC(C)=O,GGXKWVWZWMLJEH-UHFFFAOYSA-N,c1ncc2nc[nH]c2n1,1.0,1.0,0.0,321.33700000000016,23.0,14.0,0.0,122.22,0.5409999999999998,1.0,8.0,7.0,2.0,0.5,True,,Ambiguous DILI-concern,ambiguous,False,,,
LT00095,Famotidine,3,Adverse reactions,vLess-DILI-concern,Unchanged,Famotidine,NC(N)=Nc1nc(CSCC/C(N)=N/S(N)(=O)=O)cs1,CHEMBL902,76824-35-6,337.46,-0.77,0.0,C,DILI (few cases),,"CYP, Immune-mediated, Hypersensitivity",less,,famotidine,DILImap_metadata,NC(N)=Nc1nc(CSCC/C(N)=N/S(N)(=O)=O)cs1,,,True,NC(N)=Nc1nc(CSCC/C(N)=N/S(N)(=O)=O)cs1,XUFQPHANEAPEMJ-UHFFFAOYSA-N,c1cscn1,1.0,1.0,0.0,337.456,20.0,8.0,0.0,175.82999999999998,-0.7679999999999998,4.0,6.0,7.0,1.0,0.375,True,,Less-DILI-Concern,less,False,0.39611,,
LT00554,Febuxostat,8,Warnings & precautions,vMost-DILI-concern,Unchanged,Febuxostat,Cc1nc(-c2ccc(OCC(C)C)c(C#N)c2)sc1C(=O)O,CHEMBL1164729,144060-53-7,316.38,3.72,0.0,C,DILI (likely),DILI,"Hepatitis, CYP, Cholestasis/Biliary, Steatosis, Immune-mediated, Hypersensitivity",most,1.0,febuxostat,DILImap_metadata,Cc1nc(-c2ccc(OCC(C)C)c(C#N)c2)sc1C(=O)O,,,True,Cc1nc(-c2ccc(OCC(C)C)c(C#N)c2)sc1C(=O)O,BQSJTQLCZDPROO-UHFFFAOYSA-N,c1ccc(-c2nccs2)cc1,1.0,1.0,0.0,316.382,22.0,16.0,0.0,83.21,3.723200000000002,1.0,5.0,5.0,2.0,0.3125,True,,Most-DILI-Concern,most,False,8.2,,
LT03676,Fedratinib hydrochloride,3,Warnings & precautions,Ambiguous-DILI-concern,New,,,,,,,,,,,,ambiguous,,fedratinib hydrochloride,,CC1=CN=C(N=C1NC2=CC(=CC=C2)S(=O)(=O)NC(C)(C)C)NC3=CC=C(C=C3)OCCN4CCCC4.O.Cl.Cl,67517580.0,QAFZLTVOFJHYDF-UHFFFAOYSA-N,True,Cc1cnc(Nc2ccc(OCCN3CCCC3)cc2)nc1Nc1cccc(S(=O)(=O)NC(C)(C)C)c1,JOOXLOJCABQBSG-UHFFFAOYSA-N,c1ccc(Nc2ccnc(Nc3ccc(OCCN4CCCC4)cc3)n2)cc1,4.0,0.925,0.0,524.6910000000004,37.0,27.0,0.0,108.48,4.823620000000004,3.0,8.0,10.0,4.0,0.4074074074074074,True,,,other,False,,,PubChem_name_property
LT00097,Felbamate,7,Box warning,vMost-DILI-concern,Unchanged,Felbamate,NC(=O)OCC(COC(N)=O)c1ccccc1,CHEMBL1094,25451-15-4,238.24,0.96,0.0,B,DILI (likely),DILI,Hypersensitivity Syndrome,most,1.0,felbamate,DILImap_metadata,NC(=O)OCC(COC(N)=O)c1ccccc1,,,True,NC(=O)OCC(COC(N)=O)c1ccccc1,WKGXYQFOCVYPAC-UHFFFAOYSA-N,c1ccccc1,1.0,1.0,0.0,238.24300000000002,17.0,11.0,0.0,104.64000000000001,0.9607999999999993,2.0,4.0,5.0,1.0,0.2727272727272727,True,,Most-DILI-Concern,most,True,363.3787777,,
LT00397,Felodipine,3,Adverse reactions,vLess-DILI-concern,Unchanged,Felodipine,CCOC(=O)C1=C(C)NC(C)=C(C(=O)OC)C1c1cccc(Cl)c1Cl,CHEMBL1480,72509-76-3,384.26,3.96,0.0,E,No DILI (unlikely),,,less,,felodipine,DILImap_metadata,CCOC(=O)C1=C(C)NC(C)=C(C(=O)OC)C1c1cccc(Cl)c1Cl,,,True,CCOC(=O)C1=C(C)NC(C)=C(C(=O)OC)C1c1cccc(Cl)c1Cl,RZTAMFZIAATZDJ-UHFFFAOYSA-N,C1=CC(c2ccccc2)C=CN1,1.0,1.0,0.0,384.259,25.0,18.0,0.0,64.63,3.9643000000000033,1.0,5.0,4.0,2.0,0.3333333333333333,True,,Less-DILI-Concern,less,False,0.0192499999999999,,
LT01846,Fenclozic acid,8,Withdrawn,vMost-DILI-concern,Unchanged,Fenclozic acid,O=C(O)Cc1csc(-c2ccc(Cl)cc2)n1,CHEMBL1909282,,253.71,3.09,0.0,,DILI (withdrawn),DILI,,most,1.0,fenclozic acid,DILImap_metadata,O=C(O)Cc1csc(-c2ccc(Cl)cc2)n1,,,True,O=C(O)Cc1csc(-c2ccc(Cl)cc2)n1,APBSKHYXXKHJFK-UHFFFAOYSA-N,c1ccc(-c2nccs2)cc1,1.0,1.0,0.0,253.71,16.0,11.0,0.0,50.19,3.090600000000001,1.0,3.0,3.0,2.0,0.09090909090909091,True,,Most-DILI-Concern,most,False,,,
LT00098,Fenofibrate,3,Warnings & precautions,vLess-DILI-concern,Unchanged,Fenofibrate,CC(C)OC(=O)C(C)(C)Oc1ccc(C(=O)c2ccc(Cl)cc2)cc1,CHEMBL672,49562-28-9,360.84,4.68,1.0,B,DILI (likely),DILI,"Hepatitis, Cholestasis/Biliary, Fibrosis, Cirrhosis, Immune-mediated, Hypersensitivity",less,,fenofibrate,DILImap_metadata,CC(C)OC(=O)C(C)(C)Oc1ccc(C(=O)c2ccc(Cl)cc2)cc1,,,True,CC(C)OC(=O)C(C)(C)Oc1ccc(C(=O)c2ccc(Cl)cc2)cc1,YMTINGFKWWXKFG-UHFFFAOYSA-N,O=C(c1ccccc1)c1ccccc1,1.0,1.0,0.0,360.837,25.0,20.0,0.0,52.6,4.680000000000004,0.0,4.0,6.0,2.0,0.3,True,,Less-DILI-Concern,less,False,23.945,,
LT00670,Fenofibric acid,2,Warnings & precautions,vLess-DILI-concern,Revised,Fenofibric acid,CC(C)(Oc1ccc(C(=O)c2ccc(Cl)cc2)cc1)C(=O)O,CHEMBL981,42017-89-0,318.76,3.81,0.0,,,,,less,,fenofibric acid,DILImap_metadata,CC(C)(Oc1ccc(C(=O)c2ccc(Cl)cc2)cc1)C(=O)O,,,True,CC(C)(Oc1ccc(C(=O)c2ccc(Cl)cc2)cc1)C(=O)O,MQOBSOSZFYZQOK-UHFFFAOYSA-N,O=C(c1ccccc1)c1ccccc1,1.0,1.0,0.0,318.75600000000003,22.0,17.0,0.0,63.60000000000001,3.8130000000000033,1.0,3.0,5.0,2.0,0.17647058823529413,True,,Ambiguous DILI-concern,ambiguous,False,,,
LT00944,Fenoldopam mesylate,0,No match,vNo-DILI-concern,Unchanged,Fenoldopam,Oc1ccc(C2CNCCc3c2cc(O)c(O)c3Cl)cc1,CHEMBL588,67227-57-0,305.76,2.73,0.0,,No DILI,No DILI,,no,0.0,fenoldopam mesylate,DILImap_metadata,Oc1ccc(C2CNCCc3c2cc(O)c(O)c3Cl)cc1,,,True,Oc1ccc(C2CNCCc3c2cc(O)c(O)c3Cl)cc1,TVURRHSHRRELCG-UHFFFAOYSA-N,c1ccc(C2CNCCc3ccccc32)cc1,1.0,1.0,0.0,305.76099999999997,21.0,16.0,0.0,72.72,2.734400000000001,4.0,4.0,1.0,3.0,0.25,True,,No-DILI-Concern,no,False,,,
LT00099,Fenoprofen calcium,8,Warnings & precautions,vMost-DILI-concern,Unchanged,Fenoprofen,CC(C(=O)O)c1cccc(Oc2ccccc2)c1,CHEMBL1297,34597-40-5,242.27,3.67,0.0,D,DILI (likely),DILI,"Cholestasis/Biliary, Immune-mediated, Hypersensitivity, likely idiosyncratic",most,1.0,fenoprofen calcium,DILImap_metadata,CC(C(=O)O)c1cccc(Oc2ccccc2)c1,,,True,CC(C(=O)O)c1cccc(Oc2ccccc2)c1,RDJGLLICXDHJDY-UHFFFAOYSA-N,c1ccc(Oc2ccccc2)cc1,1.0,1.0,0.0,242.274,18.0,15.0,0.0,46.53,3.6670000000000016,1.0,2.0,4.0,2.0,0.13333333333333333,True,,Most-DILI-Concern,most,False,,,
LT03677,Ferric maltol,0,No match,vNo-DILI-concern,New,,,,,,,,,,,,no,0.0,ferric maltol,,CC1=C(C(=O)C=CO1)[O-].CC1=C(C(=O)C=CO1)[O-].CC1=C(C(=O)C=CO1)[O-].[Fe+3],169535.0,AHPWLYJHTFAWKI-UHFFFAOYSA-K,True,Cc1occc(=O)c1O,XPCTZQVDEJYUGT-UHFFFAOYSA-N,O=c1ccocc1,4.0,0.32142857142857145,0.0,126.11099999999996,9.0,6.0,0.0,50.44,0.6538199999999998,1.0,3.0,0.0,1.0,0.16666666666666666,True,,,other,False,,,PubChem_name_property
LT00967,Ferumoxides,0,No match,vNo-DILI-concern,Unchanged,Ferumoxides,,CHEMBL1201502,,,,0.0,,No DILI,No DILI,,no,0.0,ferumoxides,,,,,False,,,,,,,,,,,,,,,,,,False,missing_structure,No-DILI-Concern,no,False,,,
LT00966,Ferumoxsil,0,No match,vNo-DILI-concern,Unchanged,Ferumoxsil,,CHEMBL1201503,,,,0.0,,No DILI,No DILI,,no,0.0,ferumoxsil,,,,,False,,,,,,,,,,,,,,,,,,False,missing_structure,No-DILI-Concern,no,False,,,
LT00650,Ferumoxytol,0,No match,vNo-DILI-concern,Unchanged,Ferumoxytol,,CHEMBL1201867,,,,0.0,,No DILI,No DILI,,no,0.0,ferumoxytol,,[O-2].[O-2].[O-2].[O-2].[Fe+2].[Fe+3].[Fe+3],6432052.0,WTFXARWRTYJXII-UHFFFAOYSA-N,True,[Fe+2],CWYNVVGOOAEACU-UHFFFAOYSA-N,,7.0,0.14285714285714285,2.0,55.845,1.0,0.0,1.0,0.0,-0.0025,0.0,0.0,0.0,0.0,0.0,False,no_carbon;metal_containing,No-DILI-Concern,no,False,,,PubChem_name_property
LT00590,Fesoterodine fumarate,0,No match,vNo-DILI-concern,Unchanged,Fesoterodine,CC(C)C(=O)Oc1ccc(CO)cc1[C@H](CCN(C(C)C)C(C)C)c1ccccc1,CHEMBL1201764,,411.59,5.38,1.0,E,No DILI,No DILI,,no,0.0,fesoterodine fumarate,DILImap_metadata,CC(C)C(=O)Oc1ccc(CO)cc1[C@H](CCN(C(C)C)C(C)C)c1ccccc1,,,True,CC(C)C(=O)Oc1ccc(CO)cc1[C@H](CCN(C(C)C)C(C)C)c1ccccc1,DCCSDBARQIPTGU-HSZRJFAPSA-N,c1ccc(Cc2ccccc2)cc1,1.0,1.0,0.0,411.58600000000007,30.0,26.0,0.0,49.77,5.381100000000005,1.0,4.0,10.0,2.0,0.5,True,,No-DILI-Concern,no,False,,,
LT03678,Fexinidazole,3,Warnings & precautions,Ambiguous-DILI-concern,New,,,,,,,,,,,,ambiguous,,fexinidazole,,CN1C(=CN=C1COC2=CC=C(C=C2)SC)[N+](=O)[O-],68792.0,MIWWSGDADVMLTG-UHFFFAOYSA-N,True,CSc1ccc(OCc2ncc([N+](=O)[O-])n2C)cc1,MIWWSGDADVMLTG-UHFFFAOYSA-N,c1ccc(OCc2ncc[nH]2)cc1,1.0,1.0,0.0,279.321,19.0,12.0,0.0,70.19,2.629200000000001,0.0,5.0,5.0,2.0,0.25,True,,,other,False,,,PubChem_name_property
LT01370,Fexofenadine hydrochloride,0,No match,vNo-DILI-concern,Unchanged,Fexofenadine,CC(C)(C(=O)O)c1ccc(C(O)CCCN2CCC(C(O)(c3ccccc3)c3ccccc3)CC2)cc1,CHEMBL914,153439-40-8,501.67,5.51,0.0,E,No DILI,No DILI,,no,0.0,fexofenadine hydrochloride,DILImap_metadata,CC(C)(C(=O)O)c1ccc(C(O)CCCN2CCC(C(O)(c3ccccc3)c3ccccc3)CC2)cc1,,,True,CC(C)(C(=O)O)c1ccc(C(O)CCCN2CCC(C(O)(c3ccccc3)c3ccccc3)CC2)cc1,RWTNPBWLLIMQHL-UHFFFAOYSA-N,c1ccc(CCCCN2CCC(C(c3ccccc3)c3ccccc3)CC2)cc1,1.0,1.0,0.0,501.66700000000014,37.0,32.0,0.0,81.0,5.510500000000006,3.0,4.0,10.0,4.0,0.40625,True,,No-DILI-Concern,no,False,,,
LT01371,Fialuridine,8,Discontinued,vMost-DILI-concern,Unchanged,Fialuridine,O=c1[nH]c(=O)n([C@@H]2O[C@H](CO)[C@@H](O)[C@@H]2F)cc1I,CHEMBL271475,,372.09,-1.27,0.0,,DILI (likely),DILI,,most,1.0,fialuridine,DILImap_metadata,O=c1[nH]c(=O)n([C@@H]2O[C@H](CO)[C@@H](O)[C@@H]2F)cc1I,,,True,O=c1[nH]c(=O)n([C@@H]2O[C@H](CO)[C@@H](O)[C@@H]2F)cc1I,IPVFGAYTKQKGBM-BYPJNBLXSA-N,O=c1ccn(C2CCCO2)c(=O)[nH]1,1.0,1.0,0.0,372.09,18.0,9.0,0.0,104.55000000000001,-1.2700999999999996,3.0,5.0,2.0,2.0,0.5555555555555556,True,,Most-DILI-Concern,most,False,0.8,,
LT02357,Fidaxomicin,3,Adverse reactions,Ambiguous-DILI-concern,New,,,,,,,,,,,,ambiguous,,fidaxomicin,,CC[C@H]1/C=C(/[C@H](C/C=C/C=C(/C(=O)O[C@@H](C/C=C(/C=C(/[C@@H]1O[C@H]2[C@H]([C@H]([C@@H](C(O2)(C)C)OC(=O)C(C)C)O)O)\C)\C)[C@@H](C)O)\CO[C@H]3[C@H]([C@H]([C@@H]([C@H](O3)C)OC(=O)C4=C(C(=C(C(=C4O)Cl)O)Cl)CC)O)OC)O)\C,10034073.0,ZVGNESXIJDCBKN-UUEYKCAUSA-N,True,CCc1c(Cl)c(O)c(Cl)c(O)c1C(=O)O[C@H]1[C@H](O)[C@H](OC)[C@H](OC/C2=C\C=C\C[C@H](O)/C(C)=C/[C@H](CC)[C@@H](O[C@@H]3OC(C)(C)[C@@H](OC(=O)C(C)C)[C@H](O)[C@@H]3O)/C(C)=C/C(C)=C/C[C@@H]([C@@H](C)O)OC2=O)O[C@@H]1C,ZVGNESXIJDCBKN-UUEYKCAUSA-N,O=C1OCCC=CC=CC(OC2CCCCO2)CC=CCCC=CC=C1COC1CCC(OC(=O)c2ccccc2)CO1,1.0,1.0,0.0,1058.052,72.0,52.0,0.0,266.6599999999999,6.234400000000012,7.0,18.0,13.0,4.0,0.6346153846153846,False,mw_above_1000,,other,False,,,PubChem_name_property
LT00701,Fiduxosin,8,Discontinued,vMost-DILI-concern,Unchanged,Fiduxosin,COc1cccc2c1[C@@H]1CN(CCCCn3c(=O)[nH]c4c(sc5ncc(-c6ccccc6)nc54)c3=O)C[C@@H]1CO2,CHEMBL1256183,,555.66,4.26,0.0,,DILI (likely),DILI,,most,1.0,fiduxosin,DILImap_metadata,COc1cccc2c1[C@@H]1CN(CCCCn3c(=O)[nH]c4c(sc5ncc(-c6ccccc6)nc54)c3=O)C[C@@H]1CO2,,,True,COc1cccc2c1[C@@H]1CN(CCCCn3c(=O)[nH]c4c(sc5ncc(-c6ccccc6)nc54)c3=O)C[C@@H]1CO2,WDTAYDBPNYFWDR-WOJBJXKFSA-N,O=c1[nH]c2c(sc3ncc(-c4ccccc4)nc32)c(=O)n1CCCCN1CC2COc3ccccc3C2C1,1.0,1.0,0.0,555.6600000000001,40.0,30.0,0.0,102.33999999999999,4.258300000000003,1.0,8.0,7.0,7.0,0.3333333333333333,True,,Most-DILI-Concern,most,False,,,
LT01320,Filgrastim,1,Adverse reactions,vLess-DILI-concern,Revised,Filgrastim,,CHEMBL1201567,,,,0.0,E,No DILI,No DILI,,less,,filgrastim,,,,,False,,,,,,,,,,,,,,,,,,False,missing_structure,Ambiguous DILI-concern,ambiguous,False,,,
LT00167,Finasteride,0,No match,vLess-DILI-concern,Unchanged,Finasteride,CC(C)(C)NC(=O)[C@H]1CC[C@H]2[C@@H]3CC[C@H]4NC(=O)C=C[C@]4(C)[C@H]3CC[C@]12C,CHEMBL710,98319-26-7,372.55,3.81,0.0,E,No DILI (unlikely),,,less,,finasteride,DILImap_metadata,CC(C)(C)NC(=O)[C@H]1CC[C@H]2[C@@H]3CC[C@H]4NC(=O)C=C[C@]4(C)[C@H]3CC[C@]12C,,,True,CC(C)(C)NC(=O)[C@H]1CC[C@H]2[C@@H]3CC[C@H]4NC(=O)C=C[C@]4(C)[C@H]3CC[C@]12C,DBEPLOCGEIEOCV-WSBQPABSSA-N,O=C1C=CC2C(CCC3C4CCCC4CCC23)N1,1.0,1.0,0.0,372.55300000000017,27.0,23.0,0.0,58.2,3.8145000000000024,2.0,2.0,1.0,4.0,0.8260869565217391,True,,Less-DILI-Concern,less,False,,,
LT03679,Finerenone,0,No match,vNo-DILI-concern,New,,,,,,,,,,,,no,0.0,finerenone,,CCOC1=NC=C(C2=C1[C@@H](C(=C(N2)C)C(=O)N)C3=C(C=C(C=C3)C#N)OC)C,60150535.0,BTBHLEZXCOBLCY-QGZVFWFLSA-N,True,CCOc1ncc(C)c2c1[C@H](c1ccc(C#N)cc1OC)C(C(N)=O)=C(C)N2,BTBHLEZXCOBLCY-QGZVFWFLSA-N,C1=CC(c2ccccc2)c2cnccc2N1,1.0,1.0,0.0,378.43200000000013,28.0,21.0,0.0,110.26,2.9857000000000014,2.0,6.0,5.0,3.0,0.2857142857142857,True,,,other,False,,,PubChem_name_property
LT02342,Fingolimod hydrochloride,8,Warnings & precautions,vMost-DILI-concern,New,,,,,,,,,,,,most,1.0,fingolimod hydrochloride,,CCCCCCCCC1=CC=C(C=C1)CCC(CO)(CO)N.Cl,107969.0,SWZTYAVBMYWFGS-UHFFFAOYSA-N,True,CCCCCCCCc1ccc(CCC(N)(CO)CO)cc1,KKGQTZUTZRNORY-UHFFFAOYSA-N,c1ccccc1,2.0,0.9565217391304348,0.0,307.47800000000007,22.0,19.0,0.0,66.48,3.2043000000000013,3.0,3.0,12.0,1.0,0.6842105263157895,True,,,other,False,,,PubChem_name_property
LT01372,Fipexide,8,Withdrawn,vMost-DILI-concern,Unchanged,Fipexide,O=C(COc1ccc(Cl)cc1)N1CCN(Cc2ccc3c(c2)OCO3)CC1,CHEMBL254857,34161-23-4,388.85,2.79,0.0,,DILI (withdrawn),DILI,,most,1.0,fipexide,DILImap_metadata,O=C(COc1ccc(Cl)cc1)N1CCN(Cc2ccc3c(c2)OCO3)CC1,,,True,O=C(COc1ccc(Cl)cc1)N1CCN(Cc2ccc3c(c2)OCO3)CC1,BFUJHVVEMMWLHC-UHFFFAOYSA-N,O=C(COc1ccccc1)N1CCN(Cc2ccc3c(c2)OCO3)CC1,1.0,1.0,0.0,388.85100000000017,27.0,20.0,0.0,51.24000000000001,2.791900000000001,0.0,5.0,5.0,4.0,0.35,True,,Most-DILI-Concern,most,False,,,
LT00857,Flavoxate hydrochloride,0,No match,vLess-DILI-concern,Revised,Flavoxate,Cc1c(-c2ccccc2)oc2c(C(=O)OCCN3CCCCC3)cccc2c1=O,CHEMBL1493,3717-88-2,391.47,4.41,0.0,E,No DILI,No DILI,,less,,flavoxate hydrochloride,DILImap_metadata,Cc1c(-c2ccccc2)oc2c(C(=O)OCCN3CCCCC3)cccc2c1=O,,,True,Cc1c(-c2ccccc2)oc2c(C(=O)OCCN3CCCCC3)cccc2c1=O,SPIUTQOUKAMGCX-UHFFFAOYSA-N,O=C(OCCN1CCCCC1)c1cccc2c(=O)cc(-c3ccccc3)oc12,1.0,1.0,0.0,391.46700000000016,29.0,24.0,0.0,59.75,4.411120000000004,0.0,5.0,5.0,4.0,0.3333333333333333,True,,No-DILI-Concern,no,False,,,
LT01375,Flecainide acetate,7,Adverse reactions,vLess-DILI-concern,Unchanged,Flecainide,O=C(NCC1CCCCN1)c1cc(OCC(F)(F)F)ccc1OCC(F)(F)F,CHEMBL652,54143-55-4,414.35,3.44,0.0,C,DILI (few cases),,"Hepatitis, CYP, Cholestasis/Biliary, Immune-mediated, Hypersensitivity",less,,flecainide acetate,DILImap_metadata,O=C(NCC1CCCCN1)c1cc(OCC(F)(F)F)ccc1OCC(F)(F)F,,,True,O=C(NCC1CCCCN1)c1cc(OCC(F)(F)F)ccc1OCC(F)(F)F,DJBNUMBKLMJRSA-UHFFFAOYSA-N,O=C(NCC1CCCCN1)c1ccccc1,1.0,1.0,0.0,414.34600000000006,28.0,17.0,0.0,59.59,3.4407000000000014,2.0,4.0,7.0,2.0,0.5882352941176471,True,,Less-DILI-Concern,less,False,,,
LT03680,Flibanserin,0,No match,vNo-DILI-concern,New,,,,,,,,,,,,no,0.0,flibanserin,,C1CN(CCN1CCN2C3=CC=CC=C3NC2=O)C4=CC=CC(=C4)C(F)(F)F,6918248.0,PPRRDFIXUUSXRA-UHFFFAOYSA-N,True,O=c1[nH]c2ccccc2n1CCN1CCN(c2cccc(C(F)(F)F)c2)CC1,PPRRDFIXUUSXRA-UHFFFAOYSA-N,O=c1[nH]c2ccccc2n1CCN1CCN(c2ccccc2)CC1,1.0,1.0,0.0,390.4090000000001,28.0,20.0,0.0,44.269999999999996,3.170600000000001,1.0,3.0,4.0,4.0,0.35,True,,,other,False,,,PubChem_name_property
LT03903,Florbetaben f-18,0,No match,vNo-DILI-concern,New,,,,,,,,,,,,no,0.0,florbetaben f 18,,CNC1=CC=C(C=C1)/C=C/C2=CC=C(C=C2)OCCOCCOCC[18F],11501341.0,NCWZOASIUQVOFA-FWZJPQCDSA-N,True,CNc1ccc(/C=C/c2ccc(OCCOCCOCC[18F])cc2)cc1,NCWZOASIUQVOFA-FWZJPQCDSA-N,C(=Cc1ccccc1)c1ccccc1,1.0,1.0,0.0,358.4439380000002,26.0,21.0,0.0,39.72,4.280200000000003,1.0,4.0,12.0,2.0,0.3333333333333333,True,,,other,False,,,PubChem_name_property
LT03904,Florbetapir f-18,0,No match,vNo-DILI-concern,New,,,,,,,,,,,,no,0.0,florbetapir f 18,,CNC1=CC=C(C=C1)/C=C/C2=CN=C(C=C2)OCCOCCOCC[18F],24822371.0,YNDIAUKFXKEXSV-CRYLGTRXSA-N,True,CNc1ccc(/C=C/c2ccc(OCCOCCOCC[18F])nc2)cc1,YNDIAUKFXKEXSV-CRYLGTRXSA-N,C(=Cc1cccnc1)c1ccccc1,1.0,1.0,0.0,359.4319380000002,26.0,20.0,0.0,52.610000000000014,3.675200000000003,1.0,5.0,12.0,2.0,0.35,True,,,other,False,,,PubChem_name_property
LT03905,Flortaucipir f-18,0,No match,vNo-DILI-concern,New,,,,,,,,,,,,no,0.0,flortaucipir f 18,,C1=CC2=C(C=C1C3=CN=C(C=C3)[18F])NC4=C2C=NC=C4,70957463.0,GETAAWDSFUCLBS-SJPDSGJFSA-N,True,[18F]c1ccc(-c2ccc3c(c2)[nH]c2ccncc23)cn1,GETAAWDSFUCLBS-SJPDSGJFSA-N,c1cncc(-c2ccc3c(c2)[nH]c2ccncc23)c1,1.0,1.0,0.0,262.277938,20.0,16.0,0.0,41.57,3.917200000000002,1.0,2.0,1.0,4.0,0.0,True,,,other,False,,,PubChem_name_property
LT03906,Fluciclovine f-18,0,No match,vNo-DILI-concern,New,,,,,,,,,,,,no,0.0,fluciclovine f 18,,C1C(CC1(C(=O)O)N)[18F],450601.0,NTEDWGYJNHZKQW-KWCOIAHCSA-N,True,NC1(C(=O)O)CC([18F])C1,NTEDWGYJNHZKQW-KWCOIAHCSA-N,C1CCC1,1.0,1.0,0.0,132.124938,9.0,5.0,0.0,63.31999999999999,-0.0995999999999998,2.0,2.0,1.0,1.0,0.8,True,,,other,False,,,PubChem_name_property
LT00179,Fluconazole,8,Warnings & precautions,vMost-DILI-concern,Unchanged,Fluconazole,OC(Cn1cncn1)(Cn1cncn1)c1ccc(F)cc1F,CHEMBL106,86386-73-4,306.28,0.74,0.0,B,DILI (likely),DILI,"CYP, Hypersensitivity",most,1.0,fluconazole,DILImap_metadata,OC(Cn1cncn1)(Cn1cncn1)c1ccc(F)cc1F,,,True,OC(Cn1cncn1)(Cn1cncn1)c1ccc(F)cc1F,RFHAOTPXVQNOHP-UHFFFAOYSA-N,c1ccc(C(Cn2cncn2)Cn2cncn2)cc1,1.0,1.0,0.0,306.276,22.0,13.0,0.0,81.64999999999999,0.7357999999999993,1.0,5.0,5.0,3.0,0.23076923076923078,True,,Most-DILI-Concern,most,True,21.94,,
LT01381,Flucytosine,3,Warnings & precautions,Ambiguous-DILI-concern,Unchanged,Flucytosine,Nc1nc(=O)[nH]cc1F,CHEMBL1463,2022-85-7,129.09,-0.51,1.0,D,DILI (few cases),,,ambiguous,,flucytosine,DILImap_metadata,Nc1nc(=O)[nH]cc1F,,,True,Nc1nc(=O)[nH]cc1F,XRECTZIEBJDKEO-UHFFFAOYSA-N,O=c1nccc[nH]1,1.0,1.0,0.0,129.09399999999997,9.0,4.0,0.0,71.77,-0.5088000000000001,2.0,3.0,0.0,1.0,0.0,True,,Ambiguous DILI-concern,ambiguous,False,,,
LT01382,Fludarabine phosphate,0,No match,vNo-DILI-concern,Unchanged,Fludarabine,Nc1nc(F)nc2c1ncn2[C@@H]1O[C@H](COP(=O)(O)O)[C@@H](O)[C@@H]1O,CHEMBL1096882,75607-67-9,365.21,-1.72,0.0,E*,No DILI,No DILI,,no,0.0,fludarabine phosphate,DILImap_metadata,Nc1nc(F)nc2c1ncn2[C@@H]1O[C@H](COP(=O)(O)O)[C@@H](O)[C@@H]1O,,,True,Nc1nc(F)nc2c1ncn2[C@@H]1O[C@H](COP(=O)(O)O)[C@@H](O)[C@@H]1O,GIUYCYHIANZCFB-FJFJXFQQSA-N,c1ncc2ncn(C3CCCO3)c2n1,1.0,1.0,0.0,365.21400000000006,24.0,10.0,0.0,186.07,-1.7239000000000007,5.0,9.0,4.0,3.0,0.5,True,,No-DILI-Concern,no,False,,,
LT00399,Fludrocortisone acetate,0,No match,vNo-DILI-concern,Unchanged,Fludrocortisone,C[C@]12CCC(=O)C=C1CC[C@H]1[C@@H]3CC[C@](O)(C(=O)CO)[C@@]3(C)C[C@H](O)[C@@]12F,CHEMBL1201388,514-36-3,380.46,1.87,0.0,,No DILI,No DILI,,no,0.0,fludrocortisone acetate,DILImap_metadata,C[C@]12CCC(=O)C=C1CC[C@H]1[C@@H]3CC[C@](O)(C(=O)CO)[C@@]3(C)C[C@H](O)[C@@]12F,,,True,C[C@]12CCC(=O)C=C1CC[C@H]1[C@@H]3CC[C@](O)(C(=O)CO)[C@@]3(C)C[C@H](O)[C@@]12F,AAXVEMMRQDVLJB-BULBTXNYSA-N,O=C1C=C2CCC3C4CCCC4CCC3C2CC1,1.0,1.0,0.0,380.45600000000013,27.0,21.0,0.0,94.83,1.8737,3.0,5.0,2.0,4.0,0.8095238095238095,True,,No-DILI-Concern,no,False,,,
LT01384,Flumazenil,0,No match,vNo-DILI-concern,Unchanged,Flumazenil,CCOC(=O)c1ncn2c1CN(C)C(=O)c1cc(F)ccc1-2,CHEMBL407,78755-81-4,303.29,1.77,0.0,,No DILI,No DILI,,no,0.0,flumazenil,DILImap_metadata,CCOC(=O)c1ncn2c1CN(C)C(=O)c1cc(F)ccc1-2,,,True,CCOC(=O)c1ncn2c1CN(C)C(=O)c1cc(F)ccc1-2,OFBIFZUFASYYRE-UHFFFAOYSA-N,O=C1NCc2cncn2-c2ccccc21,1.0,1.0,0.0,303.293,22.0,15.0,0.0,64.43,1.7736999999999998,0.0,4.0,2.0,3.0,0.26666666666666666,True,,No-DILI-Concern,no,False,,,
LT00894,Fluorescein sodium,0,No match,vNo-DILI-concern,Unchanged,Fluorescein,O=C1C=CC2C(=C1)Oc1cc(O)ccc1C21OC(=O)c2ccccc21,CHEMBL4297067,2321-07-05 00:00:00,332.31,2.84,0.0,,No DILI,No DILI,,no,0.0,fluorescein sodium,DILImap_metadata,O=C1C=CC2C(=C1)Oc1cc(O)ccc1C21OC(=O)c2ccccc21,,,True,O=C1C=CC2C(=C1)Oc1cc(O)ccc1C21OC(=O)c2ccccc21,VDBJCDWTNCKRTF-UHFFFAOYSA-N,O=C1C=CC2C(=C1)Oc1ccccc1C21OC(=O)c2ccccc21,1.0,1.0,0.0,332.3110000000001,25.0,20.0,0.0,72.83000000000001,2.837600000000001,1.0,5.0,0.0,5.0,0.1,True,,No-DILI-Concern,no,False,,,
LT03907,Fluorodopa f-18,0,No match,vNo-DILI-concern,New,,,,,,,,,,,,no,0.0,fluorodopa f 18,,C1=C(C(=CC(=C1O)O)[18F])C[C@@H](C(=O)O)N,56494.0,PAXWQORCRCBOCU-RPDRGXCHSA-N,True,N[C@@H](Cc1cc(O)c(O)cc1[18F])C(=O)O,PAXWQORCRCBOCU-RPDRGXCHSA-N,c1ccccc1,1.0,1.0,0.0,214.18293799999998,15.0,9.0,0.0,103.78,0.19130000000000008,4.0,4.0,3.0,1.0,0.2222222222222222,True,,,other,False,,,PubChem_name_property
LT03908,Fluoroestradiol f-18,0,No match,vNo-DILI-concern,New,,,,,,,,,,,,no,0.0,fluoroestradiol f 18,,C[C@]12CC[C@H]3[C@H]([C@@H]1C[C@H]([C@@H]2O)[18F])CCC4=C3C=CC(=C4)O,10869981.0,KDLLNMRYZGUVMA-ZYMZXAKXSA-N,True,C[C@]12CC[C@@H]3c4ccc(O)cc4CC[C@H]3[C@@H]1C[C@@H]([18F])[C@@H]2O,KDLLNMRYZGUVMA-ZYMZXAKXSA-N,c1ccc2c(c1)CCC1C2CCC2CCCC21,1.0,1.0,0.0,289.38093799999996,21.0,18.0,0.0,40.46,3.557200000000003,2.0,2.0,0.0,4.0,0.6666666666666666,True,,,other,False,,,PubChem_name_property
LT01029,Fluorouracil,0,No match,vLess-DILI-concern,Unchanged,Fluorouracil,O=c1[nH]cc(F)c(=O)[nH]1,CHEMBL185,51-21-8,130.08,-0.8,0.0,A,DILI (likely),DILI,"Hepatitis, Mitochondrial dysfunction, Cholestasis/Biliary, Steatosis, Cirrhosis",less,,fluorouracil,DILImap_metadata,O=c1[nH]cc(F)c(=O)[nH]1,,,True,O=c1[nH]cc(F)c(=O)[nH]1,GHASVSINZRGABV-UHFFFAOYSA-N,O=c1cc[nH]c(=O)[nH]1,1.0,1.0,0.0,130.078,9.0,4.0,0.0,65.72,-0.7977000000000001,2.0,2.0,0.0,1.0,0.0,True,,Less-DILI-Concern,less,False,,,
LT00018,Fluoxetine hydrochloride,3,Adverse reactions,vLess-DILI-concern,Unchanged,Fluoxetine,CNCCC(Oc1ccc(C(F)(F)F)cc1)c1ccccc1,CHEMBL41,56296-78-7,309.33,4.44,0.0,C,DILI (few cases),,"CYP, Cholestasis/Biliary, Immune-mediated, Hypersensitivity",less,,fluoxetine hydrochloride,DILImap_metadata,CNCCC(Oc1ccc(C(F)(F)F)cc1)c1ccccc1,,,True,CNCCC(Oc1ccc(C(F)(F)F)cc1)c1ccccc1,RTHCYVBBDHJXIQ-UHFFFAOYSA-N,c1ccc(COc2ccccc2)cc1,1.0,1.0,0.0,309.33099999999996,22.0,17.0,0.0,21.259999999999998,4.435000000000003,1.0,2.0,6.0,2.0,0.29411764705882354,True,,Less-DILI-Concern,less,False,,,
LT02031,Fluoxymesterone,8,Warnings & precautions,Ambiguous-DILI-concern,Unchanged,Fluoxymesterone,C[C@]1(O)CC[C@H]2[C@@H]3CCC4=CC(=O)CC[C@]4(C)[C@@]3(F)[C@@H](O)C[C@@]21C,CHEMBL1445,,336.45,3.33,0.0,A,DILI (likely),DILI,,ambiguous,,fluoxymesterone,DILImap_metadata,C[C@]1(O)CC[C@H]2[C@@H]3CCC4=CC(=O)CC[C@]4(C)[C@@]3(F)[C@@H](O)C[C@@]21C,,,True,C[C@]1(O)CC[C@H]2[C@@H]3CCC4=CC(=O)CC[C@]4(C)[C@@]3(F)[C@@H](O)C[C@@]21C,YLRFCQOZQXIBAB-RBZZARIASA-N,O=C1C=C2CCC3C4CCCC4CCC3C2CC1,1.0,1.0,0.0,336.44700000000006,24.0,20.0,0.0,57.53,3.332200000000002,2.0,3.0,0.0,4.0,0.85,True,,Ambiguous DILI-concern,ambiguous,False,,,
LT00400,Fluphenazine hydrochloride,3,Warnings & precautions,Ambiguous-DILI-concern,Unchanged,Fluphenazine,OCCN1CCN(CCCN2c3ccccc3Sc3ccc(C(F)(F)F)cc32)CC1,CHEMBL726,146-56-5,437.53,4.31,0.0,C,DILI (few cases),,"Cholestasis/Biliary, Immune-mediated, Hypersensitivity",ambiguous,,fluphenazine hydrochloride,DILImap_metadata,OCCN1CCN(CCCN2c3ccccc3Sc3ccc(C(F)(F)F)cc32)CC1,,,True,OCCN1CCN(CCCN2c3ccccc3Sc3ccc(C(F)(F)F)cc32)CC1,PLDUPXSUYLZYBN-UHFFFAOYSA-N,c1ccc2c(c1)Sc1ccccc1N2CCCN1CCNCC1,1.0,1.0,0.0,437.5310000000002,30.0,22.0,0.0,29.950000000000003,4.308100000000003,1.0,5.0,6.0,4.0,0.45454545454545453,True,,Ambiguous DILI-concern,ambiguous,False,,,
LT01394,Flurazepam hydrochloride,4,Adverse reactions,vLess-DILI-concern,Unchanged,Flurazepam,CCN(CC)CCN1C(=O)CN=C(c2ccccc2F)c2cc(Cl)ccc21,CHEMBL968,,387.89,4.0,0.0,D,DILI (few cases),,Cholestasis/Biliary,less,,flurazepam hydrochloride,DILImap_metadata,CCN(CC)CCN1C(=O)CN=C(c2ccccc2F)c2cc(Cl)ccc21,,,True,CCN(CC)CCN1C(=O)CN=C(c2ccccc2F)c2cc(Cl)ccc21,SAADBVWGJQAEFS-UHFFFAOYSA-N,O=C1CN=C(c2ccccc2)c2ccccc2N1,1.0,1.0,0.0,387.88600000000014,27.0,21.0,0.0,35.91,4.004900000000003,0.0,3.0,6.0,3.0,0.3333333333333333,True,,Less-DILI-Concern,less,False,,,
LT00298,Flurbiprofen sodium,3,Warnings & precautions,vLess-DILI-concern,Revised,Flurbiprofen,CC(C(=O)O)c1ccc(-c2ccccc2)c(F)c1,CHEMBL563,5104-49-4,244.26,3.68,0.0,C,DILI (few cases),,"CYP, Cholestasis/Biliary, Immune-mediated, Hypersensitivity, likely idiosyncratic",less,,flurbiprofen sodium,DILImap_metadata,CC(C(=O)O)c1ccc(-c2ccccc2)c(F)c1,,,True,CC(C(=O)O)c1ccc(-c2ccccc2)c(F)c1,SYTBZMRGLBWNTM-UHFFFAOYSA-N,c1ccc(-c2ccccc2)cc1,1.0,1.0,0.0,244.265,18.0,15.0,0.0,37.3,3.6808000000000023,1.0,1.0,3.0,2.0,0.13333333333333333,True,,Ambiguous DILI-concern,ambiguous,False,,,
LT00101,Flutamide,8,Box warning,vMost-DILI-concern,Unchanged,Flutamide,CC(C)C(=O)Nc1ccc([N+](=O)[O-])c(C(F)(F)F)c1,CHEMBL806,13311-84-7,276.21,3.21,1.0,A,DILI (known),DILI,"CYP, Cholestasis/Biliary, Hypersensitivity",most,1.0,flutamide,DILImap_metadata,CC(C)C(=O)Nc1ccc([N+](=O)[O-])c(C(F)(F)F)c1,,,True,CC(C)C(=O)Nc1ccc([N+](=O)[O-])c(C(F)(F)F)c1,MKXKFYHWDHIYRV-UHFFFAOYSA-N,c1ccccc1,1.0,1.0,0.0,276.21399999999994,19.0,11.0,0.0,72.24,3.2081000000000017,1.0,3.0,3.0,1.0,0.36363636363636365,True,,Most-DILI-Concern,most,False,3.55985301039064,,
LT03909,Flutemetamol f-18,0,No match,vNo-DILI-concern,New,,,,,,,,,,,,no,0.0,flutemetamol f 18,,CNC1=C(C=C(C=C1)C2=NC3=C(S2)C=C(C=C3)O)[18F],15950376.0,VVECGOCJFKTUAX-HUYCHCPVSA-N,True,CNc1ccc(-c2nc3ccc(O)cc3s2)cc1[18F],VVECGOCJFKTUAX-HUYCHCPVSA-N,c1ccc(-c2nc3ccccc3s2)cc1,1.0,1.0,0.0,273.32293799999997,19.0,14.0,0.0,45.150000000000006,3.8497000000000017,2.0,4.0,2.0,3.0,0.07142857142857142,True,,,other,False,,,PubChem_name_property
LT00172,Fluvastatin sodium,3,Warnings & precautions,vLess-DILI-concern,Unchanged,Fluvastatin,CC(C)n1c(/C=C/C(O)CC(O)CC(=O)O)c(-c2ccc(F)cc2)c2ccccc21,CHEMBL2220442,93957-55-2,411.47,4.63,0.0,B,DILI (likely),DILI,"CYP, Cholestasis/Biliary, Immune-mediated, Hypersensitivity",less,,fluvastatin sodium,DILImap_metadata,CC(C)n1c(/C=C/C(O)CC(O)CC(=O)O)c(-c2ccc(F)cc2)c2ccccc21,,,True,CC(C)n1c(/C=C/C(O)CC(O)CC(=O)O)c(-c2ccc(F)cc2)c2ccccc21,FJLGEFLZQAZZCD-VAWYXSNFSA-N,c1ccc(-c2c[nH]c3ccccc23)cc1,1.0,1.0,0.0,411.473,30.0,24.0,0.0,82.69,4.628100000000003,3.0,3.0,8.0,3.0,0.2916666666666667,True,,Less-DILI-Concern,less,False,,,
LT01396,Fluvoxamine maleate,3,Adverse reactions,Ambiguous-DILI-concern,Unchanged,Fluvoxamine,COCCCC/C(=N\OCCN)c1ccc(C(F)(F)F)cc1,CHEMBL814,61718-82-9,318.34,3.2,0.0,D,DILI (few cases),,"CYP, Immune-mediated, Hypersensitivity",ambiguous,,fluvoxamine maleate,DILImap_metadata,COCCCC/C(=N\OCCN)c1ccc(C(F)(F)F)cc1,,,True,COCCCC/C(=N\OCCN)c1ccc(C(F)(F)F)cc1,CJOFXWAVKWHTFT-XSFVSMFZSA-N,c1ccccc1,1.0,1.0,0.0,318.339,22.0,15.0,0.0,56.84,3.201500000000001,1.0,4.0,9.0,1.0,0.5333333333333333,True,,Ambiguous DILI-concern,ambiguous,False,,,
LT01580,Folic acid,0,No match,vNo-DILI-concern,Unchanged,Folic acid,Nc1nc(=O)c2nc(CNc3ccc(C(=O)N[C@@H](CCC(=O)O)C(=O)O)cc3)cnc2[nH]1,CHEMBL1622,59-30-3,441.4,-0.04,0.0,,No DILI,No DILI,,no,0.0,folic acid,DILImap_metadata,Nc1nc(=O)c2nc(CNc3ccc(C(=O)N[C@@H](CCC(=O)O)C(=O)O)cc3)cnc2[nH]1,,,True,Nc1nc(=O)c2nc(CNc3ccc(C(=O)N[C@@H](CCC(=O)O)C(=O)O)cc3)cnc2[nH]1,OVBPIULPVIDEAO-LBPRGKRZSA-N,O=c1nc[nH]c2ncc(CNc3ccccc3)nc12,1.0,1.0,0.0,441.40400000000017,32.0,19.0,0.0,213.27999999999994,-0.04479999999999945,6.0,9.0,9.0,3.0,0.21052631578947367,True,,No-DILI-Concern,no,False,,,
LT01953,Follitropin alfa/beta,3,Warnings & precautions,Ambiguous-DILI-concern,Unchanged,Follitropin alfa/beta,,CHEMBL1201692,,,,0.0,,,,,ambiguous,,follitropin alfa beta,,,,,False,,,,,,,,,,,,,,,,,,False,missing_structure,Ambiguous DILI-concern,ambiguous,False,,,
LT00494,Fomepizole,3,Warnings & precautions,Ambiguous-DILI-concern,Unchanged,Fomepizole,Cc1cn[nH]c1,CHEMBL1308,7554-65-6,82.11,0.72,0.0,,,,,ambiguous,,fomepizole,DILImap_metadata,Cc1cn[nH]c1,,,True,Cc1cn[nH]c1,RIKMMFOAQPJVMX-UHFFFAOYSA-N,c1cn[nH]c1,1.0,1.0,0.0,82.106,6.0,4.0,0.0,28.68,0.7181199999999999,1.0,1.0,0.0,1.0,0.25,True,,Ambiguous DILI-concern,ambiguous,False,,,
LT01125,Fondaparinux sodium,3,Adverse reactions,vLess-DILI-concern,Unchanged,Fondaparinux sodium,,,114870-03-0,,,,,,,,less,,fondaparinux sodium,,CO[C@@H]1[C@@H]([C@H]([C@@H]([C@H](O1)COS(=O)(=O)[O-])O[C@H]2[C@@H]([C@H]([C@@H]([C@@H](O2)C(=O)[O-])O[C@@H]3[C@@H]([C@H]([C@@H]([C@H](O3)COS(=O)(=O)[O-])O[C@H]4[C@@H]([C@H]([C@@H]([C@H](O4)C(=O)[O-])O[C@@H]5[C@@H]([C@H]([C@@H]([C@H](O5)COS(=O)(=O)[O-])O)O)NS(=O)(=O)[O-])O)O)OS(=O)(=O)[O-])NS(=O)(=O)[O-])O)OS(=O)(=O)[O-])O)NS(=O)(=O)[O-].[Na+].[Na+].[Na+].[Na+].[Na+].[Na+].[Na+].[Na+].[Na+].[Na+],636380.0,XEKSTYNIJLDDAZ-JASSWCPGSA-D,True,CO[C@H]1O[C@H](COS(=O)(=O)O)[C@@H](O[C@@H]2O[C@@H](C(=O)O)[C@@H](O[C@H]3O[C@H](COS(=O)(=O)O)[C@@H](O[C@@H]4O[C@H](C(=O)O)[C@@H](O[C@H]5O[C@H](COS(=O)(=O)O)[C@@H](O)[C@H](O)[C@H]5NS(=O)(=O)O)[C@H](O)[C@H]4O)[C@H](OS(=O)(=O)O)[C@H]3NS(=O)(=O)O)[C@H](O)[C@H]2OS(=O)(=O)O)[C@H](O)[C@H]1NS(=O)(=O)O,KANJSNBRCNMZMV-ABRZTLGGSA-N,C1CCC(OC2CCC(OC3CCC(OC4CCC(OC5CCCOC5)OC4)OC3)OC2)OC1,11.0,0.900990099009901,0.0,1508.2730000000017,91.0,31.0,0.0,805.4800000000005,-13.750099999999989,19.0,39.0,30.0,5.0,0.9354838709677419,False,mw_above_1000;heavy_atoms_above_80,Less-DILI-Concern,less,False,,,PubChem_name_property
LT01194,Fosamprenavir calcium,3,Warnings & precautions,Ambiguous-DILI-concern,Unchanged,Fosamprenavir,CC(C)CN(C[C@@H](OP(=O)(O)O)[C@H](Cc1ccccc1)NC(=O)O[C@H]1CCOC1)S(=O)(=O)c1ccc(N)cc1,CHEMBL1664,226700-81-8,585.62,2.52,1.0,D,DILI (few cases),,,ambiguous,,fosamprenavir calcium,DILImap_metadata,CC(C)CN(C[C@@H](OP(=O)(O)O)[C@H](Cc1ccccc1)NC(=O)O[C@H]1CCOC1)S(=O)(=O)c1ccc(N)cc1,,,True,CC(C)CN(C[C@@H](OP(=O)(O)O)[C@H](Cc1ccccc1)NC(=O)O[C@H]1CCOC1)S(=O)(=O)c1ccc(N)cc1,MLBVMOWEQCZNCC-OEMFJLHTSA-N,O=C(NC(CCNS(=O)(=O)c1ccccc1)Cc1ccccc1)OC1CCOC1,1.0,1.0,0.0,585.6160000000002,39.0,25.0,0.0,177.72,2.5198,4.0,8.0,13.0,3.0,0.48,True,,Ambiguous DILI-concern,ambiguous,False,,,
LT01257,Fosaprepitant dimeglumine,3,Adverse reactions,Ambiguous-DILI-concern,Unchanged,Fosaprepitant,C[C@@H](O[C@H]1OCCN(Cc2nn(P(=O)(O)O)c(=O)[nH]2)[C@H]1c1ccc(F)cc1)c1cc(C(F)(F)F)cc(C(F)(F)F)c1,CHEMBL1199324,265121-04-8,614.41,4.37,1.0,E,No DILI,No DILI,,ambiguous,,fosaprepitant dimeglumine,DILImap_metadata,C[C@@H](O[C@H]1OCCN(Cc2nn(P(=O)(O)O)c(=O)[nH]2)[C@H]1c1ccc(F)cc1)c1cc(C(F)(F)F)cc(C(F)(F)F)c1,,,True,C[C@@H](O[C@H]1OCCN(Cc2nn(P(=O)(O)O)c(=O)[nH]2)[C@H]1c1ccc(F)cc1)c1cc(C(F)(F)F)cc(C(F)(F)F)c1,BARDROPHSZEBKC-OITMNORJSA-N,O=c1[nH]nc(CN2CCOC(OCc3ccccc3)C2c2ccccc2)[nH]1,1.0,1.0,0.0,614.4110000000003,41.0,23.0,0.0,129.91,4.366300000000003,3.0,6.0,7.0,4.0,0.391304347826087,True,,Ambiguous DILI-concern,ambiguous,False,,,
LT01397,Foscarnet sodium,3,Adverse reactions,Ambiguous-DILI-concern,Unchanged,Foscarnet,O=C(O)P(=O)(O)O,CHEMBL666,63585-09-1,126.0,-0.16,0.0,D,DILI (few cases),,"Hepatitis, Cholestasis/Biliary, Hypersensitivity",ambiguous,,foscarnet sodium,DILImap_metadata,O=C(O)P(=O)(O)O,,,True,O=C(O)P(=O)(O)O,ZJAOAACCNHFJAH-UHFFFAOYSA-N,,1.0,1.0,0.0,126.00399999999998,7.0,1.0,0.0,94.83,-0.1579000000000001,3.0,2.0,1.0,0.0,0.0,True,,Ambiguous DILI-concern,ambiguous,False,,,
LT03681,Fosdenopterin hydrobromide,0,No match,vNo-DILI-concern,New,,,,,,,,,,,,no,0.0,fosdenopterin hydrobromide,,C1[C@@H]2[C@@H](C([C@H]3[C@@H](O2)NC4=C(N3)C(=O)NC(=N4)N)(O)O)OP(=O)(O1)O.O.O.Br,145722612.0,GGLKTKQOHMCQHF-UNHNTEMGSA-N,True,Nc1nc2c(c(=O)[nH]1)N[C@@H]1[C@H](N2)O[C@@H]2COP(=O)(O)O[C@@H]2C1(O)O,CZAKJJUNKNPTTO-AJFJRRQVSA-N,O=c1[nH]cnc2c1NC1CC3O[PH](=O)OCC3OC1N2,4.0,0.8888888888888888,0.0,363.22300000000007,24.0,10.0,0.0,201.27999999999997,-2.5202999999999993,7.0,11.0,0.0,4.0,0.6,True,,,other,False,,,PubChem_name_property
LT01398,Fosfomycin tromethamine,6,Adverse reactions,vLess-DILI-concern,Unchanged,Fosfomycin,C[C@@H]1O[C@@H]1P(=O)(O)O,CHEMBL1757,78964-85-9,138.06,-0.09,0.0,D,DILI (few cases),,"Hepatitis, Cholestasis/Biliary, Immune-mediated, Hypersensitivity",less,,fosfomycin tromethamine,DILImap_metadata,C[C@@H]1O[C@@H]1P(=O)(O)O,,,True,C[C@@H]1O[C@@H]1P(=O)(O)O,YMDXZJFXQJVXBF-STHAYSLISA-N,C1CO1,1.0,1.0,0.0,138.059,8.0,3.0,0.0,70.06,-0.09110000000000007,2.0,2.0,1.0,1.0,1.0,True,,Less-DILI-Concern,less,False,,,
LT01399,Fosinopril sodium,3,Adverse reactions,vLess-DILI-concern,Unchanged,Fosinopril,CCC(=O)O[C@@H](O[P@](=O)(CCCCc1ccccc1)CC(=O)N1C[C@H](C2CCCCC2)C[C@H]1C(=O)O)C(C)C,CHEMBL3039598,88889-14-9,563.67,6.12,1.0,D,DILI (few cases),,"Cholestasis/Biliary, Immune-mediated, Hypersensitivity, idiosyncratic",less,,fosinopril sodium,DILImap_metadata,CCC(=O)O[C@@H](O[P@](=O)(CCCCc1ccccc1)CC(=O)N1C[C@H](C2CCCCC2)C[C@H]1C(=O)O)C(C)C,,,True,CCC(=O)O[C@@H](O[P@](=O)(CCCCc1ccccc1)CC(=O)N1C[C@H](C2CCCCC2)C[C@H]1C(=O)O)C(C)C,BIDNLKIUORFRQP-XYGFDPSESA-N,O=C(C[PH](=O)CCCCc1ccccc1)N1CCC(C2CCCCC2)C1,1.0,1.0,0.0,563.6720000000004,39.0,30.0,0.0,110.21,6.121300000000007,1.0,6.0,14.0,3.0,0.7,True,,Less-DILI-Concern,less,False,,,
LT01400,Fosphenytoin sodium,8,Warnings & precautions,vMost-DILI-concern,Unchanged,Fosphenytoin,O=C1NC(c2ccccc2)(c2ccccc2)C(=O)N1COP(=O)(O)O,CHEMBL1201336,92134-98-0,362.28,1.55,1.0,A,DILI (known),DILI,"Hepatitis, Immune-mediated, Hypersensitivity",most,1.0,fosphenytoin sodium,DILImap_metadata,O=C1NC(c2ccccc2)(c2ccccc2)C(=O)N1COP(=O)(O)O,,,True,O=C1NC(c2ccccc2)(c2ccccc2)C(=O)N1COP(=O)(O)O,XWLUWCNOOVRFPX-UHFFFAOYSA-N,O=C1NC(=O)C(c2ccccc2)(c2ccccc2)N1,1.0,1.0,0.0,362.2780000000001,25.0,16.0,0.0,116.17000000000002,1.5488,3.0,4.0,5.0,3.0,0.125,True,,Most-DILI-Concern,most,False,,,
LT00658,Fospropofol disodium,0,No match,vLess-DILI-concern,Unchanged,Fospropofol,CC(C)c1cccc(C(C)C)c1OCOP(=O)(O)O,CHEMBL1201766,,288.28,3.38,1.0,D,DILI (few cases),,,less,,fospropofol disodium,DILImap_metadata,CC(C)c1cccc(C(C)C)c1OCOP(=O)(O)O,,,True,CC(C)c1cccc(C(C)C)c1OCOP(=O)(O)O,QVNNONOFASOXQV-UHFFFAOYSA-N,c1ccccc1,1.0,1.0,0.0,288.2799999999999,19.0,13.0,0.0,75.99000000000001,3.379000000000003,2.0,3.0,6.0,1.0,0.5384615384615384,True,,Less-DILI-Concern,less,False,,,
LT03682,Fostamatinib disodium,3,Warnings & precautions,Ambiguous-DILI-concern,New,,,,,,,,,,,,ambiguous,,fostamatinib disodium,,CC1(C(=O)N(C2=C(O1)C=CC(=N2)NC3=NC(=NC=C3F)NC4=CC(=C(C(=C4)OC)OC)OC)COP(=O)([O-])[O-])C.O.O.O.O.O.O.[Na+].[Na+],24828759.0,ZQGJCHHKJNSPMS-UHFFFAOYSA-L,True,COc1cc(Nc2ncc(F)c(Nc3ccc4c(n3)N(COP(=O)(O)O)C(=O)C(C)(C)O4)n2)cc(OC)c1OC,GKDRMWXFWHEQQT-UHFFFAOYSA-N,O=C1COc2ccc(Nc3ccnc(Nc4ccccc4)n3)nc2N1,9.0,0.8333333333333334,0.0,580.4660000000005,40.0,23.0,0.0,186.72,3.094500000000002,4.0,12.0,10.0,4.0,0.30434782608695654,True,,,other,False,,,PubChem_name_property
LT03683,Fostemsavir tromethamine,3,Warnings & precautions,Ambiguous-DILI-concern,New,,,,,,,,,,,,ambiguous,,fostemsavir tromethamine,,CC1=NN(C=N1)C2=NC=C(C3=C2N(C=C3C(=O)C(=O)N4CCN(CC4)C(=O)C5=CC=CC=C5)COP(=O)(O)O)OC.C(C(CO)(CO)N)O,46892186.0,RRGJSMBMTOKHTE-UHFFFAOYSA-N,True,COc1cnc(-n2cnc(C)n2)c2c1c(C(=O)C(=O)N1CCN(C(=O)c3ccccc3)CC1)cn2COP(=O)(O)O,SWMDAPWAQQTBOG-UHFFFAOYSA-N,O=C(C(=O)N1CCN(C(=O)c2ccccc2)CC1)c1c[nH]c2c(-n3cncn3)nccc12,2.0,0.8367346938775511,0.0,583.4980000000004,41.0,25.0,0.0,182.20999999999995,1.1681199999999998,2.0,9.0,8.0,5.0,0.28,True,,,other,False,,,PubChem_name_property
LT01054,Frovatriptan succinate,0,No match,vNo-DILI-concern,Unchanged,Frovatriptan,CN[C@@H]1CCc2[nH]c3ccc(C(N)=O)cc3c2C1,CHEMBL1279,158930-09-7,243.31,1.34,0.0,E,No DILI,No DILI,,no,0.0,frovatriptan succinate,DILImap_metadata,CN[C@@H]1CCc2[nH]c3ccc(C(N)=O)cc3c2C1,,,True,CN[C@@H]1CCc2[nH]c3ccc(C(N)=O)cc3c2C1,XPSQPHWEGNHMSK-SECBINFHSA-N,c1ccc2c3c([nH]c2c1)CCCC3,1.0,1.0,0.0,243.30999999999997,18.0,14.0,0.0,70.91,1.3435,3.0,2.0,2.0,3.0,0.35714285714285715,True,,No-DILI-Concern,no,False,,,
LT00401,Fulvestrant,7,Adverse reactions,Ambiguous-DILI-concern,Unchanged,Fulvestrant,C[C@]12CC[C@@H]3c4ccc(O)cc4C[C@@H](CCCCCCCCC[S+]([O-])CCCC(F)(F)C(F)(F)F)[C@H]3[C@@H]1CC[C@@H]2O,CHEMBL1358,129453-61-8,606.78,8.68,0.0,E*,No DILI,No DILI,,ambiguous,,fulvestrant,DILImap_metadata,C[C@]12CC[C@@H]3c4ccc(O)cc4C[C@@H](CCCCCCCCC[S+]([O-])CCCC(F)(F)C(F)(F)F)[C@H]3[C@@H]1CC[C@@H]2O,,,True,C[C@]12CC[C@@H]3c4ccc(O)cc4C[C@@H](CCCCCCCCC[S+]([O-])CCCC(F)(F)C(F)(F)F)[C@H]3[C@@H]1CC[C@@H]2O,VWUXBMIQPBEWFH-WCCTWKNTSA-N,c1ccc2c(c1)CCC1C2CCC2CCCC21,1.0,1.0,0.0,606.7820000000003,41.0,32.0,0.0,63.519999999999996,8.682600000000003,2.0,3.0,14.0,4.0,0.8125,True,,Ambiguous DILI-concern,ambiguous,False,,,
LT00299,Furosemide,2,Adverse reactions,Ambiguous-DILI-concern,Unchanged,Furosemide,NS(=O)(=O)c1cc(C(=O)O)c(NCc2ccco2)cc1Cl,CHEMBL35,54-31-9,330.75,1.89,0.0,E,No DILI,No DILI,,ambiguous,,furosemide,DILImap_metadata,NS(=O)(=O)c1cc(C(=O)O)c(NCc2ccco2)cc1Cl,,,True,NS(=O)(=O)c1cc(C(=O)O)c(NCc2ccco2)cc1Cl,ZZUFCTLCJUWOSV-UHFFFAOYSA-N,c1ccc(NCc2ccco2)cc1,1.0,1.0,0.0,330.749,21.0,12.0,0.0,122.63000000000001,1.8907,3.0,5.0,5.0,2.0,0.08333333333333333,True,,Ambiguous DILI-concern,ambiguous,False,13.29,,
LT00300,Gabapentin,3,Warnings & precautions,vLess-DILI-concern,Unchanged,Gabapentin,NCC1(CC(=O)O)CCCCC1,CHEMBL940,60142-95-2,171.24,1.37,0.0,C,DILI (few cases),,"Cholestasis/Biliary, Hypersensitivity",less,,gabapentin,DILImap_metadata,NCC1(CC(=O)O)CCCCC1,,,True,NCC1(CC(=O)O)CCCCC1,UGJMXCAKCUNAIE-UHFFFAOYSA-N,C1CCCCC1,1.0,1.0,0.0,171.23999999999992,12.0,9.0,0.0,63.32000000000001,1.3702999999999994,2.0,2.0,3.0,1.0,0.8888888888888888,True,,Less-DILI-Concern,less,False,,,
LT03684,Gabapentin enacarbil,0,No match,vNo-DILI-concern,New,,,,,,,,,,,,no,0.0,gabapentin enacarbil,,CC(OC(=O)NCC1(CC(=O)O)CCCCC1)OC(=O)C(C)C,,,True,CC(OC(=O)NCC1(CC(=O)O)CCCCC1)OC(=O)C(C)C,TZDUHAJSIBHXDL-UHFFFAOYSA-N,C1CCCCC1,1.0,1.0,0.0,329.39300000000003,23.0,16.0,0.0,101.93,2.683,2.0,5.0,7.0,1.0,0.8125,True,,,other,False,,DILImap_metadata_offline,
LT01127,Gadobenate dimeglumine,0,No match,vNo-DILI-concern,Unchanged,Gadobenate dimeglumine,,CHEMBL1200571,,862.94,,0.0,,No DILI,No DILI,,no,0.0,gadobenate dimeglumine,,CNC[C@@H]([C@H]([C@@H]([C@@H](CO)O)O)O)O.CNC[C@@H]([C@H]([C@@H]([C@@H](CO)O)O)O)O.C1=CC=C(C=C1)COCC(C(=O)[O-])N(CCN(CCN(CC(=O)O)CC(=O)[O-])CC(=O)[O-])CC(=O)O.[Gd+3],6918204.0,OCDAWJYGVOLXGZ-VPVMAENOSA-K,True,O=C(O)CN(CCN(CC(=O)O)CC(=O)O)CCN(CC(=O)O)C(COCc1ccccc1)C(=O)O,OEIYJWYTUDFZBH-UHFFFAOYSA-N,c1ccccc1,4.0,0.5714285714285714,0.0,513.5000000000005,36.0,22.0,0.0,205.44999999999996,-1.0991999999999933,5.0,9.0,20.0,1.0,0.5,True,,No-DILI-Concern,no,False,,,PubChem_name_property
LT02336,Gadobutrol,0,No match,vNo-DILI-concern,New,,,,,,,,,,,,no,0.0,gadobutrol,,C1CN(CCN(CCN(CCN1CC(=O)[O-])CC(=O)[O-])[C@H](CO)[C@@H](CO)O)CC(=O)[O-].[Gd+3],6102852.0,ZPDFIIGFYAHNSK-CTHHTMFSSA-K,True,O=C(O)CN1CCN(CC(=O)O)CCN([C@H](CO)[C@H](O)CO)CCN(CC(=O)O)CC1,JZNZSKXIEDHOBD-HUUCEWRRSA-N,C1CNCCNCCNCCN1,2.0,0.96875,0.0,450.4890000000002,31.0,18.0,0.0,185.54999999999998,-3.82409999999999,6.0,10.0,10.0,1.0,0.8333333333333334,True,,,other,False,,,PubChem_name_property
LT00951,Gadodiamide,3,Adverse reactions,Ambiguous-DILI-concern,Unchanged,Gadodiamide,,CHEMBL1200346,122795-43-1,573.66,,0.0,,,,,ambiguous,,gadodiamide,,CNC(=O)CN(CCN(CCN(CC(=O)NC)CC(=O)[O-])CC(=O)[O-])CC(=O)[O-].O.[Gd+3],60754.0,XPCLDSMKWNNKOM-UHFFFAOYSA-K,True,CNC(=O)CN(CCN(CCN(CC(=O)O)CC(=O)NC)CC(=O)O)CC(=O)O,RZESKRXOCXWCFX-UHFFFAOYSA-N,,3.0,0.9354838709677419,0.0,419.43500000000023,29.0,16.0,0.0,179.82,-3.3617999999999926,5.0,8.0,16.0,0.0,0.6875,True,,Ambiguous DILI-concern,ambiguous,False,,,PubChem_name_property
LT00528,Gadofosveset trisodium,0,No match,vNo-DILI-concern,Unchanged,Gadofosveset trisodium,,,,,,,,No DILI,No DILI,,no,0.0,gadofosveset trisodium,,C1CC(CCC1OP(=O)([O-])OCC(CN(CCN(CC(=O)[O-])CC(=O)[O-])CC(=O)[O-])N(CC(=O)[O-])CC(=O)[O-])(C2=CC=CC=C2)C3=CC=CC=C3.[Na+].[Na+].[Na+].[Gd+3],73049652.0,XGOSYNSWSRUASG-UHFFFAOYSA-H,True,O=C(O)CN(CCN(CC(=O)O)CC(COP(=O)(O)OC1CCC(c2ccccc2)(c2ccccc2)CC1)N(CC(=O)O)CC(=O)O)CC(=O)O,NZLPWFTXPYJYSS-UHFFFAOYSA-N,c1ccc(C2(c3ccccc3)CCCCC2)cc1,5.0,0.9272727272727272,0.0,737.6960000000004,51.0,33.0,0.0,251.97999999999996,1.7465000000000064,6.0,11.0,23.0,3.0,0.48484848484848486,True,,No-DILI-Concern,no,False,,,PubChem_name_property
LT00935,Gadopentetate dimeglumine,0,No match,vNo-DILI-concern,Unchanged,Gadopentetate dimeglumine,,CHEMBL1200431,86050-77-3,742.79,,0.0,,No DILI,No DILI,,no,0.0,gadopentetate dimeglumine,,CNC[C@@H]([C@H]([C@@H]([C@@H](CO)O)O)O)O.CNC[C@@H]([C@H]([C@@H]([C@@H](CO)O)O)O)O.C(CN(CC(=O)O)CC(=O)[O-])N(CCN(CC(=O)O)CC(=O)[O-])CC(=O)[O-].[Gd+3],55466.0,LGMLJQFQKXPRGA-VPVMAENOSA-K,True,O=C(O)CN(CCN(CC(=O)O)CC(=O)O)CCN(CC(=O)O)CC(=O)O,QPCDCPDFJACHGM-UHFFFAOYSA-N,,4.0,0.5,0.0,393.34900000000016,27.0,14.0,0.0,196.21999999999997,-2.6845999999999934,5.0,8.0,16.0,0.0,0.6428571428571429,True,,No-DILI-Concern,no,False,,,PubChem_name_property
LT02876,Gadoterate meglumine,0,No match,vNo-DILI-concern,New,,,,,,,,,,,,no,0.0,gadoterate meglumine,,CNC[C@@H]([C@H]([C@@H]([C@@H](CO)O)O)O)O.C1CN(CCN(CCN(CCN1CC(=O)O)CC(=O)[O-])CC(=O)[O-])CC(=O)[O-].[Gd+3],6918037.0,RYHQMKVRYNEBNJ-BMWGJIJESA-K,True,O=C(O)CN1CCN(CC(=O)O)CCN(CC(=O)O)CCN(CC(=O)O)CC1,WDLRUFUQRNWCPK-UHFFFAOYSA-N,C1CNCCNCCNCCN1,3.0,0.6666666666666666,0.0,404.4200000000002,28.0,16.0,0.0,162.16000000000003,-2.453599999999992,4.0,8.0,8.0,1.0,0.75,True,,,other,False,,,PubChem_name_property
LT00952,Gadoteridol,0,No match,vNo-DILI-concern,Unchanged,Gadoteridol,,CHEMBL1200593,120066-54-8,558.69,,0.0,,No DILI,No DILI,,no,0.0,gadoteridol,,CC(CN1CCN(CCN(CCN(CC1)CC(=O)[O-])CC(=O)[O-])CC(=O)[O-])O.[Gd+3],60714.0,DPNNNPAKRZOSMO-UHFFFAOYSA-K,True,CC(O)CN1CCN(CC(=O)O)CCN(CC(=O)O)CCN(CC(=O)O)CC1,IQUHNCOJRJBMSU-UHFFFAOYSA-N,C1CNCCNCCNCCN1,2.0,0.9655172413793104,0.0,404.4640000000001,28.0,17.0,0.0,145.09000000000003,-2.1573999999999924,4.0,8.0,8.0,1.0,0.8235294117647058,True,,No-DILI-Concern,no,False,,,PubChem_name_property
LT01044,Gadoversetamide,0,No match,vNo-DILI-concern,Unchanged,Gadoversetamide,,CHEMBL1200457,131069-91-5,661.77,,0.0,,No DILI,No DILI,,no,0.0,gadoversetamide,,COCCNC(=O)CN(CCN(CCN(CC(=O)NCCOC)CC(=O)[O-])CC(=O)[O-])CC(=O)[O-].[Gd+3],444013.0,HBEAOBRDTOXWRZ-UHFFFAOYSA-K,True,COCCNC(=O)CN(CCN(CCN(CC(=O)O)CC(=O)NCCOC)CC(=O)O)CC(=O)O,AXFGWXLCWCNPHP-UHFFFAOYSA-N,,2.0,0.9722222222222222,0.0,507.54100000000034,35.0,20.0,0.0,198.28,-3.3285999999999945,5.0,10.0,22.0,0.0,0.75,True,,No-DILI-Concern,no,False,,,PubChem_name_property
LT02404,Gadoxetate disodium,0,No match,vNo-DILI-concern,Unchanged,Gadolinium ethoxybenzyl dtpa,,,,,,,,No DILI,No DILI,,no,0.0,gadoxetate disodium,,CCOC1=CC=C(C=C1)CC(CN(CCN(CC(=O)[O-])CC(=O)[O-])CC(=O)[O-])N(CC(=O)[O-])CC(=O)[O-].[Na+].[Na+].[Gd+3],91754427.0,SLYTULCOCGSBBJ-UHFFFAOYSA-I,True,CCOc1ccc(CC(CN(CCN(CC(=O)O)CC(=O)O)CC(=O)O)N(CC(=O)O)CC(=O)O)cc1,AQOXEJNYXXLRQQ-UHFFFAOYSA-N,c1ccccc1,4.0,0.925,0.0,527.5270000000004,37.0,23.0,0.0,205.45,-0.6745999999999936,5.0,9.0,20.0,1.0,0.5217391304347826,True,,No-DILI-Concern,no,False,,,PubChem_name_property
LT01086,Galantamine hydrobromide,3,Adverse reactions,Ambiguous-DILI-concern,Unchanged,Galantamine,COc1ccc2c3c1O[C@H]1C[C@@H](O)C=C[C@@]31CCN(C)C2,CHEMBL659,357-70-0,287.36,1.85,0.0,E,No DILI,No DILI,,ambiguous,,galantamine hydrobromide,DILImap_metadata,COc1ccc2c3c1O[C@H]1C[C@@H](O)C=C[C@@]31CCN(C)C2,,,True,COc1ccc2c3c1O[C@H]1C[C@@H](O)C=C[C@@]31CCN(C)C2,ASUTZQLVASHGKV-JDFRZJQESA-N,C1=CC23CCNCc4cccc(c42)OC3CC1,1.0,1.0,0.0,287.35900000000004,21.0,17.0,0.0,41.93,1.8503,1.0,4.0,1.0,4.0,0.5294117647058824,True,,Ambiguous DILI-concern,ambiguous,False,,,
LT03901,Gallium dotatate ga-68,0,No match,vNo-DILI-concern,New,,,,,,,,,,,,no,0.0,gallium dotatate ga 68,,C[C@H]([C@H]1C(=O)N[C@@H](CSSC[C@@H](C(=O)N[C@H](C(=O)N[C@@H](C(=O)N[C@H](C(=O)N1)CCCCN)CC2=CNC3=CC=CC=C32)CC4=CC=C(C=C4)O)NC(=O)[C@@H](CC5=CC=CC=C5)NC(=O)CN6CCN(CCN(CCN(CC6)CC(=O)[O-])CC(=O)[O-])CC(=O)[O-])C(=O)N[C@@H]([C@@H](C)O)C(=O)O)O.[68Ga+3],131634491.0,XBJPSVQFCQFGDC-WSCOIBMGSA-K,True,C[C@@H](O)[C@H](NC(=O)[C@@H]1CSSC[C@H](NC(=O)[C@@H](Cc2ccccc2)NC(=O)CN2CCN(CC(=O)O)CCN(CC(=O)O)CCN(CC(=O)O)CC2)C(=O)N[C@@H](Cc2ccc(O)cc2)C(=O)N[C@H](Cc2c[nH]c3ccccc23)C(=O)N[C@@H](CCCCN)C(=O)N[C@@H]([C@@H](C)O)C(=O)N1)C(=O)O,QVFLVLMYXXNJDT-CSBVGUNJSA-N,O=C1CNC(=O)CNC(=O)C(Cc2c[nH]c3ccccc23)NC(=O)C(Cc2ccccc2)NC(=O)C(NC(=O)C(Cc2ccccc2)NC(=O)CN2CCNCCNCCNCC2)CSSCCN1,2.0,0.9900990099009901,0.0,1435.6480000000004,100.0,65.0,0.0,497.4600000000001,-3.3746000000000187,17.0,22.0,26.0,6.0,0.5076923076923077,False,mw_above_1000;heavy_atoms_above_80,,other,False,,,PubChem_name_property
LT03902,Gallium ga-68 edotreotide,0,No match,vNo-DILI-concern,New,,,,,,,,,,,,no,0.0,gallium ga 68 edotreotide,,C[C@H]([C@H]1C(=O)N[C@@H](CSSC[C@@H](C(=O)N[C@H](C(=O)N[C@@H](C(=O)N[C@H](C(=O)N1)CCCCN)CC2=CNC3=CC=CC=C32)CC4=CC=C(C=C4)O)NC(=O)[C@@H](CC5=CC=CC=C5)NC(=O)CN6CCN(CCN(CCN(CC6)CC(=O)[O-])CC(=O)[O-])CC(=O)[O-])C(=O)N[C@H](CO)[C@@H](C)O)O.[68Ga+3],71661158.0,PZBPHYLKIMOZPR-FIYGWYQWSA-K,True,C[C@@H](O)[C@@H]1NC(=O)[C@H](CCCCN)NC(=O)[C@@H](Cc2c[nH]c3ccccc23)NC(=O)[C@H](Cc2ccc(O)cc2)NC(=O)[C@@H](NC(=O)[C@@H](Cc2ccccc2)NC(=O)CN2CCN(CC(=O)O)CCN(CC(=O)O)CCN(CC(=O)O)CC2)CSSC[C@@H](C(=O)N[C@H](CO)[C@@H](C)O)NC1=O,RZHKDBRREKOZEW-AAXZNHDCSA-N,O=C1CNC(=O)CNC(=O)C(Cc2c[nH]c3ccccc23)NC(=O)C(Cc2ccccc2)NC(=O)C(NC(=O)C(Cc2ccccc2)NC(=O)CN2CCNCCNCCNCC2)CSSCCN1,2.0,0.99,0.0,1421.6650000000004,99.0,65.0,0.0,480.3900000000001,-3.4669000000000176,17.0,22.0,26.0,6.0,0.5230769230769231,False,mw_above_1000;heavy_atoms_above_80,,other,False,,,PubChem_name_property
LT03910,Gallium ga-68 gozetotide,0,No match,vNo-DILI-concern,New,,,,,,,,,,,,no,0.0,gallium ga 68 gozetotide,,[H+].C1=CC(=C(C=C1CCC(=O)NCCCCCC(=O)NCCCC[C@@H](C(=O)O)NC(=O)N[C@@H](CCC(=O)O)C(=O)O)CN(CCN(CC2=C(C=CC(=C2)CCC(=O)O)[O-])CC(=O)[O-])CC(=O)[O-])[O-].[68Ga+3],154572876.0,AEBYHKKMCWUMKX-LNTZDJBBSA-K,True,O=C(O)CCc1ccc(O)c(CN(CCN(CC(=O)O)Cc2cc(CCC(=O)NCCCCCC(=O)NCCCC[C@H](NC(=O)N[C@@H](CCC(=O)O)C(=O)O)C(=O)O)ccc2O)CC(=O)O)c1,QJUIUFGOTBRHKP-LQJZCPKCSA-N,c1ccc(CNCCNCc2ccccc2)cc1,3.0,0.9852941176470589,0.0,947.0049999999999,67.0,44.0,0.0,370.07000000000005,1.5545000000000084,12.0,13.0,35.0,2.0,0.5227272727272727,True,,,other,False,,,PubChem_name_property
LT02064,Gallium nitrate,3,Adverse reactions,Ambiguous-DILI-concern,Unchanged,Gallium nitrate,,CHEMBL1200983,,255.74,,0.0,,,,,ambiguous,,gallium nitrate,,[N+](=O)([O-])[O-].[N+](=O)([O-])[O-].[N+](=O)([O-])[O-].[Ga+3],61635.0,CHPZKNULDCNCBW-UHFFFAOYSA-N,True,O=[N+]([O-])O,GRYLNZFGIOXLOG-UHFFFAOYSA-N,,4.0,0.3076923076923077,0.0,63.01200000000001,4.0,0.0,0.0,63.370000000000005,-0.34770000000000006,1.0,2.0,0.0,0.0,0.0,False,no_carbon,Ambiguous DILI-concern,ambiguous,False,,,PubChem_name_property
LT01401,Galsulfase,0,No match,vNo-DILI-concern,Unchanged,Galsulfase,,CHEMBL1201822,,,,0.0,E,No DILI,No DILI,,no,0.0,galsulfase,,,,,False,,,,,,,,,,,,,,,,,,False,missing_structure,No-DILI-Concern,no,False,,,
LT01406,Ganciclovir sodium,7,Adverse reactions,Ambiguous-DILI-concern,Unchanged,Ganciclovir,Nc1nc2c(ncn2COC(CO)CO)c(=O)[nH]1,CHEMBL182,82410-32-0,255.23,-1.97,1.0,E,No DILI,No DILI,,ambiguous,,ganciclovir sodium,DILImap_metadata,Nc1nc2c(ncn2COC(CO)CO)c(=O)[nH]1,,,True,Nc1nc2c(ncn2COC(CO)CO)c(=O)[nH]1,IRSCQMHQWWYFCW-UHFFFAOYSA-N,O=c1[nH]cnc2[nH]cnc12,1.0,1.0,0.0,255.23399999999998,18.0,9.0,0.0,139.28,-1.970899999999999,4.0,7.0,5.0,2.0,0.4444444444444444,True,,Ambiguous DILI-concern,ambiguous,False,,,
LT00475,Ganirelix acetate,0,No match,vNo-DILI-concern,Unchanged,Ganirelix acetate,CC/N=C(\NCC)NCCCC[C@H](NC(=O)[C@H](CC(C)C)NC(=O)[C@@H](CCCCN/C(=N/CC)NCC)NC(=O)[C@H](Cc1ccc(O)cc1)NC(=O)[C@H](CO)NC(=O)[C@@H](Cc1cccnc1)NC(=O)[C@@H](Cc1ccc(Cl)cc1)NC(=O)[C@@H](Cc1ccc2ccccc2c1)NC(C)=O)C(=O)N1CCC[C@H]1C(=O)N[C@H](C)C(N)=O,CHEMBL1251,123246-29-7,1570.35,,0.0,,No DILI,No DILI,,no,0.0,ganirelix acetate,DILImap_metadata,CC/N=C(\NCC)NCCCC[C@H](NC(=O)[C@H](CC(C)C)NC(=O)[C@@H](CCCCN/C(=N/CC)NCC)NC(=O)[C@H](Cc1ccc(O)cc1)NC(=O)[C@H](CO)NC(=O)[C@@H](Cc1cccnc1)NC(=O)[C@@H](Cc1ccc(Cl)cc1)NC(=O)[C@@H](Cc1ccc2ccccc2c1)NC(C)=O)C(=O)N1CCC[C@H]1C(=O)N[C@H](C)C(N)=O,,,True,CC/N=C(\NCC)NCCCC[C@H](NC(=O)[C@H](CC(C)C)NC(=O)[C@@H](CCCCN/C(=N/CC)NCC)NC(=O)[C@H](Cc1ccc(O)cc1)NC(=O)[C@H](CO)NC(=O)[C@@H](Cc1cccnc1)NC(=O)[C@@H](Cc1ccc(Cl)cc1)NC(=O)[C@@H](Cc1ccc2ccccc2c1)NC(C)=O)C(=O)N1CCC[C@H]1C(=O)N[C@H](C)C(N)=O,GJNXBNATEDXMAK-PFLSVRRQSA-N,O=C(CNC(=O)CNC(=O)C(Cc1ccccc1)NC(=O)CNC(=O)C(Cc1cccnc1)NC(=O)C(Cc1ccccc1)NC(=O)CCc1ccc2ccccc2c1)NCC(=O)N1CCCC1,1.0,1.0,0.0,1570.3500000000004,112.0,80.0,0.0,451.4899999999998,2.2726999999999804,16.0,16.0,44.0,6.0,0.5,False,mw_above_1000;heavy_atoms_above_80,No-DILI-Concern,no,False,,,
LT00402,Gefitinib,4,Warnings & precautions,vMost-DILI-concern,Unchanged,Gefitinib,COc1cc2ncnc(Nc3ccc(F)c(Cl)c3)c2cc1OCCCN1CCOCC1,CHEMBL939,184475-35-2,446.91,4.28,0.0,B,DILI (likely),DILI,"CYP, Immune-mediated, Hypersensitivity",most,1.0,gefitinib,DILImap_metadata,COc1cc2ncnc(Nc3ccc(F)c(Cl)c3)c2cc1OCCCN1CCOCC1,,,True,COc1cc2ncnc(Nc3ccc(F)c(Cl)c3)c2cc1OCCCN1CCOCC1,XGALLCVXEZPNRQ-UHFFFAOYSA-N,c1ccc(Nc2ncnc3ccc(OCCCN4CCOCC4)cc23)cc1,1.0,1.0,0.0,446.9100000000004,31.0,22.0,0.0,68.74000000000001,4.275600000000003,1.0,7.0,8.0,4.0,0.36363636363636365,True,,Most-DILI-Concern,most,False,,,
LT01407,Gemcitabine hydrochloride,8,Warnings & precautions,vMost-DILI-concern,Unchanged,Gemcitabine,Nc1ccn([C@@H]2O[C@H](CO)[C@@H](O)C2(F)F)c(=O)n1,CHEMBL888,95058-81-4,263.2,-1.29,1.0,C,DILI (likely),DILI,"Hepatitis, Cholestasis/Biliary, Sinusoidal, possibly idiosyncratic",most,1.0,gemcitabine hydrochloride,DILImap_metadata,Nc1ccn([C@@H]2O[C@H](CO)[C@@H](O)C2(F)F)c(=O)n1,,,True,Nc1ccn([C@@H]2O[C@H](CO)[C@@H](O)C2(F)F)c(=O)n1,SDUQYLNIPVEERB-QPPQHZFASA-N,O=c1ncccn1C1CCCO1,1.0,1.0,0.0,263.2,18.0,9.0,0.0,110.60000000000001,-1.2886,3.0,6.0,2.0,2.0,0.5555555555555556,True,,Most-DILI-Concern,most,False,,,
LT00020,Gemfibrozil,4,Warnings & precautions,vMost-DILI-concern,Unchanged,Gemfibrozil,Cc1ccc(C)c(OCCCC(C)(C)C(=O)O)c1,CHEMBL457,25812-30-0,250.34,3.57,0.0,C,DILI (likely),DILI,"Hepatitis, Cholestasis/Biliary, Immune-mediated, Hypersensitivity",most,1.0,gemfibrozil,DILImap_metadata,Cc1ccc(C)c(OCCCC(C)(C)C(=O)O)c1,,,True,Cc1ccc(C)c(OCCCC(C)(C)C(=O)O)c1,HEMJJKBWTPKOJG-UHFFFAOYSA-N,c1ccccc1,1.0,1.0,0.0,250.33799999999997,18.0,15.0,0.0,46.53,3.573240000000002,1.0,2.0,6.0,1.0,0.5333333333333333,True,,Most-DILI-Concern,most,True,137.427417862738,,
LT01084,Gemifloxacin mesylate,3,Warnings & precautions,vLess-DILI-concern,Unchanged,Gemifloxacin,CO/N=C1\CN(c2nc3c(cc2F)c(=O)c(C(=O)O)cn3C2CC2)CC1CN,CHEMBL430,210353-53-0,389.39,0.97,0.0,D,DILI (few cases),,"Cholestasis/Biliary, Hypersensitivity",less,,gemifloxacin mesylate,DILImap_metadata,CO/N=C1\CN(c2nc3c(cc2F)c(=O)c(C(=O)O)cn3C2CC2)CC1CN,,,True,CO/N=C1\CN(c2nc3c(cc2F)c(=O)c(C(=O)O)cn3C2CC2)CC1CN,ZRCVYEYHRGVLOC-HYARGMPZSA-N,N=C1CCN(c2ccc3c(=O)ccn(C4CC4)c3n2)C1,1.0,1.0,0.0,389.38700000000017,28.0,18.0,0.0,123.04,0.966,2.0,7.0,5.0,4.0,0.4444444444444444,True,,Less-DILI-Concern,less,False,,,
LT00477,Gemtuzumab ozogamicin,8,Box warning,vMost-DILI-concern,Unchanged,Gemtuzumab ozogamicin,,CHEMBL1201506,,,,0.0,,DILI (likely),DILI,,most,1.0,gemtuzumab ozogamicin,,,,,False,,,,,,,,,,,,,,,,,,False,missing_structure,Most-DILI-Concern,most,False,,,
LT03685,Gilteritinib fumarate,3,Adverse reactions,Ambiguous-DILI-concern,New,,,,,,,,,,,,ambiguous,,gilteritinib fumarate,,CCC1=C(N=C(C(=N1)C(=O)N)NC2=CC(=C(C=C2)N3CCC(CC3)N4CCN(CC4)C)OC)NC5CCOCC5.CCC1=C(N=C(C(=N1)C(=O)N)NC2=CC(=C(C=C2)N3CCC(CC3)N4CCN(CC4)C)OC)NC5CCOCC5.C(=C/C(=O)O)\C(=O)O,76970819.0,UJOUWHLYTQFUCU-WXXKFALUSA-N,True,CCc1nc(C(N)=O)c(Nc2ccc(N3CCC(N4CCN(C)CC4)CC3)c(OC)c2)nc1NC1CCOCC1,GYQYAJJFPNQOOW-UHFFFAOYSA-N,c1cc(N2CCC(N3CCNCC3)CC2)ccc1Nc1cncc(NC2CCOCC2)n1,3.0,0.45454545454545453,0.0,552.7240000000004,40.0,29.0,0.0,121.11,2.6972000000000014,3.0,10.0,9.0,5.0,0.6206896551724138,True,,,other,False,,,PubChem_name_property
LT03686,Givosiran sodium,3,Warnings & precautions,vLess-DILI-concern,New,,,,,,,,,,,,less,,givosiran sodium,,,,,False,,,,,,,,,,,,,,,,,,False,missing_structure,,other,False,,,
LT02092,Glafenine,8,Withdrawn,vMost-DILI-concern,Unchanged,Glafenine,O=C(OCC(O)CO)c1ccccc1Nc1ccnc2cc(Cl)ccc12,CHEMBL146095,65513-72-6,372.81,3.14,0.0,,DILI (withdrawn),DILI,Cirrhosis (manual annotation),most,1.0,glafenine,DILImap_metadata,O=C(OCC(O)CO)c1ccccc1Nc1ccnc2cc(Cl)ccc12,,,True,O=C(OCC(O)CO)c1ccccc1Nc1ccnc2cc(Cl)ccc12,GWOFUCIGLDBNKM-UHFFFAOYSA-N,c1ccc(Nc2ccnc3ccccc23)cc1,1.0,1.0,0.0,372.80800000000005,26.0,19.0,0.0,91.68,3.141800000000001,3.0,6.0,6.0,3.0,0.15789473684210525,True,,Most-DILI-Concern,most,True,1.8788412015,,
LT03687,Glasdegib maleate,4,Adverse reactions,Ambiguous-DILI-concern,New,,,,,,,,,,,,ambiguous,,glasdegib maleate,,CN1CC[C@H](C[C@@H]1C2=NC3=CC=CC=C3N2)NC(=O)NC4=CC=C(C=C4)C#N.C(=C\C(=O)O)\C(=O)O,122640033.0,VJCVKWFBWAVYOC-UIXXXISESA-N,True,CN1CC[C@@H](NC(=O)Nc2ccc(C#N)cc2)C[C@@H]1c1nc2ccccc2[nH]1,SFNSLLSYNZWZQG-VQIMIIECSA-N,O=C(Nc1ccccc1)NC1CCNC(c2nc3ccccc3[nH]2)C1,2.0,0.7777777777777778,0.0,374.44800000000015,28.0,21.0,0.0,96.84,3.391580000000001,3.0,4.0,3.0,4.0,0.2857142857142857,True,,,other,False,,,PubChem_name_property
LT00985,Glatiramer acetate,3,Adverse reactions,vLess-DILI-concern,Revised,Glatiramer acetate,,CHEMBL1201507,147245-92-9,,,0.0,,,,,less,,glatiramer acetate,,,,,False,,,,,,,,,,,,,,,,,,False,missing_structure,Ambiguous DILI-concern,ambiguous,False,,,
LT00173,Glimepiride,7,Adverse reactions,vLess-DILI-concern,Unchanged,Glimepiride,CCC1=C(C)CN(C(=O)NCCc2ccc(S(=O)(=O)NC(=O)N[C@H]3CC[C@H](C)CC3)cc2)C1=O,CHEMBL1481,93479-97-1,490.63,3.07,0.0,C,DILI (few cases),,Cholestasis/Biliary (manual annotation),less,,glimepiride,DILImap_metadata,CCC1=C(C)CN(C(=O)NCCc2ccc(S(=O)(=O)NC(=O)N[C@H]3CC[C@H](C)CC3)cc2)C1=O,,,True,CCC1=C(C)CN(C(=O)NCCc2ccc(S(=O)(=O)NC(=O)N[C@H]3CC[C@H](C)CC3)cc2)C1=O,WIGIZIANZCJQQY-RUCARUNLSA-N,O=C(NC1CCCCC1)NS(=O)(=O)c1ccc(CCNC(=O)N2CC=CC2=O)cc1,1.0,1.0,0.0,490.6260000000003,34.0,24.0,0.0,124.68,3.0740000000000016,3.0,5.0,7.0,3.0,0.5416666666666666,True,,Less-DILI-Concern,less,False,0.731,,
LT00243,Glipizide,3,Adverse reactions,vLess-DILI-concern,Unchanged,Glipizide,Cc1cnc(C(=O)NCCc2ccc(S(=O)(=O)NC(=O)NC3CCCCC3)cc2)cn1,CHEMBL1073,29094-61-9,445.55,2.08,0.0,C,DILI (few cases),,Hepatitis (manual annotation),less,,glipizide,DILImap_metadata,Cc1cnc(C(=O)NCCc2ccc(S(=O)(=O)NC(=O)NC3CCCCC3)cc2)cn1,,,True,Cc1cnc(C(=O)NCCc2ccc(S(=O)(=O)NC(=O)NC3CCCCC3)cc2)cn1,ZJJXGWJIGJFDTL-UHFFFAOYSA-N,O=C(NC1CCCCC1)NS(=O)(=O)c1ccc(CCNC(=O)c2cnccn2)cc1,1.0,1.0,0.0,445.54500000000024,31.0,21.0,0.0,130.14999999999998,2.0781199999999993,3.0,6.0,7.0,3.0,0.42857142857142855,True,,Less-DILI-Concern,less,False,1.20193480871312,,
LT00302,Glyburide,3,Adverse reactions,vLess-DILI-concern,Unchanged,Glibenclamide,COc1ccc(Cl)cc1C(=O)NCCc1ccc(S(=O)(=O)NC(=O)NC2CCCCC2)cc1,CHEMBL472,,494.01,3.64,0.0,,DILI (few cases),,,less,,glyburide,DILImap_metadata,COc1ccc(Cl)cc1C(=O)NCCc1ccc(S(=O)(=O)NC(=O)NC2CCCCC2)cc1,,,True,COc1ccc(Cl)cc1C(=O)NCCc1ccc(S(=O)(=O)NC(=O)NC2CCCCC2)cc1,ZNNLBTZKUZBEKO-UHFFFAOYSA-N,O=C(NC1CCCCC1)NS(=O)(=O)c1ccc(CCNC(=O)c2ccccc2)cc1,1.0,1.0,0.0,494.0130000000003,33.0,23.0,0.0,113.6,3.641700000000003,3.0,5.0,8.0,3.0,0.391304347826087,True,,Less-DILI-Concern,less,False,,,
LT00836,Glycopyrrolate,0,No match,vNo-DILI-concern,Unchanged,Glycopyrrolate,,,596-51-0,,,,E,No DILI,No DILI,,no,0.0,glycopyrrolate,,C[N+]1(CCC(C1)OC(=O)C(C2CCCC2)(C3=CC=CC=C3)O)C.[Br-],11693.0,VPNYRYCIDCJBOM-UHFFFAOYSA-M,True,C[N+]1(C)CCC(OC(=O)C(O)(c2ccccc2)C2CCCC2)C1,ANGKOCUUWGHLCE-UHFFFAOYSA-N,O=C(OC1CC[NH2+]C1)C(c1ccccc1)C1CCCC1,2.0,0.9583333333333334,1.0,318.43699999999995,23.0,19.0,0.0,46.53,2.4563000000000006,1.0,3.0,4.0,3.0,0.631578947368421,True,,No-DILI-Concern,no,False,0.0007983129989456,,PubChem_name_property
LT01419,Golimumab,8,Adverse reactions,Ambiguous-DILI-concern,Unchanged,Golimumab,,CHEMBL1201833,,,,0.0,E*,No DILI,No DILI,,ambiguous,,golimumab,,,,,False,,,,,,,,,,,,,,,,,,False,missing_structure,Ambiguous DILI-concern,ambiguous,False,,,
LT03688,Golodirsen,0,No match,vNo-DILI-concern,New,,,,,,,,,,,,no,0.0,golodirsen,,,,,False,,,,,,,,,,,,,,,,,,False,missing_structure,,other,False,,,
LT00939,Goserelin acetate,3,Adverse reactions,Ambiguous-DILI-concern,Unchanged,Goserelin,CC(C)C[C@H](NC(=O)[C@@H](COC(C)(C)C)NC(=O)[C@H](Cc1ccc(O)cc1)NC(=O)[C@H](CO)NC(=O)[C@H](Cc1c[nH]c2ccccc12)NC(=O)[C@H](Cc1cnc[nH]1)NC(=O)[C@@H]1CCC(=O)N1)C(=O)N[C@@H](CCCNC(=N)N)C(=O)N1CCC[C@H]1C(=O)NNC(N)=O,CHEMBL1201247,,1269.43,,0.0,E,No DILI,No DILI,,ambiguous,,goserelin acetate,DILImap_metadata,CC(C)C[C@H](NC(=O)[C@@H](COC(C)(C)C)NC(=O)[C@H](Cc1ccc(O)cc1)NC(=O)[C@H](CO)NC(=O)[C@H](Cc1c[nH]c2ccccc12)NC(=O)[C@H](Cc1cnc[nH]1)NC(=O)[C@@H]1CCC(=O)N1)C(=O)N[C@@H](CCCNC(=N)N)C(=O)N1CCC[C@H]1C(=O)NNC(N)=O,,,True,CC(C)C[C@H](NC(=O)[C@@H](COC(C)(C)C)NC(=O)[C@H](Cc1ccc(O)cc1)NC(=O)[C@H](CO)NC(=O)[C@H](Cc1c[nH]c2ccccc12)NC(=O)[C@H](Cc1cnc[nH]1)NC(=O)[C@@H]1CCC(=O)N1)C(=O)N[C@@H](CCCNC(=N)N)C(=O)N1CCC[C@H]1C(=O)NNC(N)=O,BLCLNMBMMGCOAS-URPVMXJPSA-N,O=C(CNC(=O)CNC(=O)C(Cc1ccccc1)NC(=O)CNC(=O)C(Cc1c[nH]c2ccccc12)NC(=O)C(Cc1cnc[nH]1)NC(=O)C1CCC(=O)N1)NCC(=O)N1CCCC1,1.0,1.0,0.0,1269.4330000000002,91.0,59.0,0.0,493.3899999999998,-2.8960300000000183,18.0,16.0,31.0,6.0,0.5084745762711864,False,mw_above_1000;heavy_atoms_above_80,Ambiguous DILI-concern,ambiguous,False,,,
LT00557,Granisetron hydrochloride,3,Adverse reactions,Ambiguous-DILI-concern,Unchanged,Granisetron,CN1C2CCCC1CC(NC(=O)c1nn(C)c3ccccc13)C2,CHEMBL289469,109889-09-0,312.42,2.32,0.0,E,No DILI,No DILI,,ambiguous,,granisetron hydrochloride,DILImap_metadata,CN1C2CCCC1CC(NC(=O)c1nn(C)c3ccccc13)C2,,,True,CN1C2CCCC1CC(NC(=O)c1nn(C)c3ccccc13)C2,MFWNKCLOYSRHCJ-UHFFFAOYSA-N,O=C(NC1CC2CCCC(C1)N2)c1n[nH]c2ccccc12,1.0,1.0,0.0,312.4170000000001,23.0,18.0,0.0,50.160000000000004,2.3183999999999996,1.0,3.0,2.0,4.0,0.5555555555555556,True,,Ambiguous DILI-concern,ambiguous,False,,,
LT00558,Griseofulvin,8,Warnings & precautions,vMost-DILI-concern,Unchanged,Griseofulvin,COC1=CC(=O)C[C@@H](C)[C@]12Oc1c(Cl)c(OC)cc(OC)c1C2=O,CHEMBL562,126-07-8,352.77,2.81,0.0,C,DILI (likely),DILI,"Cholestasis/Biliary, Hypersensitivity",most,1.0,griseofulvin,DILImap_metadata,COC1=CC(=O)C[C@@H](C)[C@]12Oc1c(Cl)c(OC)cc(OC)c1C2=O,,,True,COC1=CC(=O)C[C@@H](C)[C@]12Oc1c(Cl)c(OC)cc(OC)c1C2=O,DDUHZTYCFQRHIY-RBHXEPJQSA-N,O=C1C=CC2(CC1)Oc1ccccc1C2=O,1.0,1.0,0.0,352.7700000000001,24.0,17.0,0.0,71.06,2.8103000000000007,0.0,6.0,3.0,3.0,0.4117647058823529,True,,Most-DILI-Concern,most,False,3.94028903012194,,
LT01100,Guaifenesin,0,No match,vNo-DILI-concern,Unchanged,Guaifenesin,COc1ccccc1OCC(O)CO,CHEMBL980,93-14-1,198.22,0.43,0.0,,No DILI,No DILI,,no,0.0,guaifenesin,DILImap_metadata,COc1ccccc1OCC(O)CO,,,True,COc1ccccc1OCC(O)CO,HSRJKNPTNIJEKV-UHFFFAOYSA-N,c1ccccc1,1.0,1.0,0.0,198.21799999999996,14.0,10.0,0.0,58.92,0.4272000000000001,2.0,4.0,5.0,1.0,0.4,True,,No-DILI-Concern,no,False,,,
LT00829,Guanethidine monosulfate,0,No match,vNo-DILI-concern,Unchanged,Guanethidine,N=C(N)NCCN1CCCCCCC1,CHEMBL765,60-02-6,198.31,0.74,0.0,,No DILI,No DILI,,no,0.0,guanethidine monosulfate,DILImap_metadata,N=C(N)NCCN1CCCCCCC1,,,True,N=C(N)NCCN1CCCCCCC1,ACGDKVXYNVEAGU-UHFFFAOYSA-N,C1CCCNCCC1,1.0,1.0,0.0,198.31399999999994,14.0,10.0,0.0,65.14,0.7355699999999996,3.0,2.0,3.0,1.0,0.9,True,,No-DILI-Concern,no,False,,,
LT01422,Guanfacine hydrochloride,3,Adverse reactions,Ambiguous-DILI-concern,Unchanged,Guanfacine,N=C(N)NC(=O)Cc1c(Cl)cccc1Cl,CHEMBL862,29110-48-3,246.1,1.55,0.0,E,No DILI,No DILI,,ambiguous,,guanfacine hydrochloride,DILImap_metadata,N=C(N)NC(=O)Cc1c(Cl)cccc1Cl,,,True,N=C(N)NC(=O)Cc1c(Cl)cccc1Cl,INJOMKTZOLKMBF-UHFFFAOYSA-N,c1ccccc1,1.0,1.0,0.0,246.097,15.0,9.0,0.0,78.97,1.5455700000000003,3.0,2.0,2.0,1.0,0.1111111111111111,True,,Ambiguous DILI-concern,ambiguous,False,,,
LT00708,Guanidine hydrochloride,3,Adverse reactions,Ambiguous-DILI-concern,Unchanged,Guanidine,N=C(N)N,CHEMBL821,50-01-1,59.07,-1.16,0.0,,,,,ambiguous,,guanidine hydrochloride,DILImap_metadata,N=C(N)N,,,True,N=C(N)N,ZRALSGWEFCBTJO-UHFFFAOYSA-N,,1.0,1.0,0.0,59.071999999999996,4.0,1.0,0.0,75.89,-1.1614300000000002,3.0,1.0,0.0,0.0,0.0,True,,Ambiguous DILI-concern,ambiguous,False,,,
LT02427,Haloperidol decanoate,3,Adverse reactions,vLess-DILI-concern,Revised,Haloperidol decanoate,CCCCCCCCCC(=O)OC1(c2ccc(Cl)cc2)CCN(CCCC(=O)c2ccc(F)cc2)CC1,CHEMBL1200986,74050-97-8,530.12,8.12,1.0,,,,,less,,haloperidol decanoate,DILImap_metadata,CCCCCCCCCC(=O)OC1(c2ccc(Cl)cc2)CCN(CCCC(=O)c2ccc(F)cc2)CC1,,,True,CCCCCCCCCC(=O)OC1(c2ccc(Cl)cc2)CCN(CCCC(=O)c2ccc(F)cc2)CC1,GUTXTARXLVFHDK-UHFFFAOYSA-N,O=C(CCCN1CCC(c2ccccc2)CC1)c1ccccc1,1.0,1.0,0.0,530.1240000000003,37.0,31.0,0.0,46.61,8.11720000000001,0.0,4.0,15.0,3.0,0.5483870967741935,True,,Ambiguous DILI-concern,ambiguous,False,,,
LT00405,Haloperidol lactate,5,Adverse reactions,vLess-DILI-concern,Unchanged,Haloperidol,O=C(CCCN1CCC(O)(c2ccc(Cl)cc2)CC1)c1ccc(F)cc1,CHEMBL54,52-86-8,375.87,4.43,0.0,B,DILI (likely),DILI,"CYP, Cholestasis/Biliary, Steatosis, Hypersensitivity",less,,haloperidol lactate,DILImap_metadata,O=C(CCCN1CCC(O)(c2ccc(Cl)cc2)CC1)c1ccc(F)cc1,,,True,O=C(CCCN1CCC(O)(c2ccc(Cl)cc2)CC1)c1ccc(F)cc1,LNEPOXFFQSENCJ-UHFFFAOYSA-N,O=C(CCCN1CCC(c2ccccc2)CC1)c1ccccc1,1.0,1.0,0.0,375.87100000000015,26.0,21.0,0.0,40.540000000000006,4.425600000000004,1.0,3.0,6.0,3.0,0.38095238095238093,True,,Less-DILI-Concern,less,False,,,
LT01426,Heparin sodium,3,Adverse reactions,vLess-DILI-concern,Unchanged,Heparin sodium,,CHEMBL1201657,9041-08-01 00:00:00,,,0.0,,,,,less,,heparin sodium,,CC(=O)NC1C(C(C(OC1O)COS(=O)(=O)O)OC2C(C(C(C(O2)C(=O)O)OC3C(C(C(C(O3)CO)OC4C(C(C(C(O4)C(=O)O)O)O)OS(=O)(=O)O)OS(=O)(=O)O)NS(=O)(=O)O)O)OS(=O)(=O)O)O.[Na+],92044406.0,JRTRSJGZMRQDHI-UHFFFAOYSA-N,True,CC(=O)NC1C(O)OC(COS(=O)(=O)O)C(OC2OC(C(=O)O)C(OC3OC(CO)C(OC4OC(C(=O)O)C(O)C(O)C4OS(=O)(=O)O)C(OS(=O)(=O)O)C3NS(=O)(=O)O)C(O)C2OS(=O)(=O)O)C1O,HTTJABKRGRZYRN-UHFFFAOYSA-N,C1CCC(OC2CCC(OC3CCC(OC4CCCOC4)OC3)OC2)OC1,2.0,0.9859154929577465,0.0,1134.934000000001,70.0,26.0,0.0,610.4900000000001,-10.711900000000018,15.0,30.0,21.0,4.0,0.8846153846153846,False,mw_above_1000,Less-DILI-Concern,less,False,,,PubChem_name_property
LT02382,Hetastarch,0,No match,vNo-DILI-concern,Unchanged,Hetastarch,,CHEMBL2108448,,,,0.0,,No DILI,No DILI,,no,0.0,hetastarch,,,,,False,,,,,,,,,,,,,,,,,,False,missing_structure,No-DILI-Concern,no,False,,,
LT00706,Histamine phosphate,0,No match,vNo-DILI-concern,Unchanged,Histamine diphosphate,,,51-74-1,,,,,No DILI,No DILI,,no,0.0,histamine phosphate,,C1=C(NC=N1)CCN.OP(=O)(O)O.OP(=O)(O)O,65513.0,ZHIBQGJKHVBLJJ-UHFFFAOYSA-N,True,NCCc1cnc[nH]1,NTYJJOPFIAHURM-UHFFFAOYSA-N,c1c[nH]cn1,3.0,0.4444444444444444,0.0,111.14800000000001,8.0,5.0,0.0,54.7,-0.08910000000000007,2.0,2.0,2.0,1.0,0.4,True,,No-DILI-Concern,no,False,,,PubChem_name_property
LT00426,Histrelin acetate,3,Adverse reactions,Ambiguous-DILI-concern,Unchanged,Histrelin acetate,,,,,,,,,,,ambiguous,,histrelin acetate,,CCNC(=O)[C@@H]1CCCN1C(=O)[C@H](CCCN=C(N)N)NC(=O)[C@H](CC(C)C)NC(=O)[C@@H](CC2=CN(C=N2)CC3=CC=CC=C3)NC(=O)[C@H](CC4=CC=C(C=C4)O)NC(=O)[C@H](CO)NC(=O)[C@H](CC5=CNC6=CC=CC=C65)NC(=O)[C@H](CC7=CN=CN7)NC(=O)[C@@H]8CCC(=O)N8.CC(=O)O.CC(=O)O,56927879.0,BKEMVGVBBDMHKL-VYFXDUNUSA-N,True,CCNC(=O)[C@@H]1CCCN1C(=O)[C@H](CCCN=C(N)N)NC(=O)[C@H](CC(C)C)NC(=O)[C@@H](Cc1cn(Cc2ccccc2)cn1)NC(=O)[C@H](Cc1ccc(O)cc1)NC(=O)[C@H](CO)NC(=O)[C@H](Cc1c[nH]c2ccccc12)NC(=O)[C@H](Cc1cnc[nH]1)NC(=O)[C@@H]1CCC(=O)N1,HHXHVIJIIXKSOE-QILQGKCVSA-N,O=C(CNC(=O)C(Cc1cn(Cc2ccccc2)cn1)NC(=O)C(Cc1ccccc1)NC(=O)CNC(=O)C(Cc1c[nH]c2ccccc12)NC(=O)C(Cc1cnc[nH]1)NC(=O)C1CCC(=O)N1)NCC(=O)N1CCCC1,3.0,0.9230769230769231,0.0,1323.5280000000005,96.0,66.0,0.0,449.3599999999999,-0.9967000000000052,15.0,15.0,34.0,8.0,0.4393939393939394,False,mw_above_1000;heavy_atoms_above_80,Ambiguous DILI-concern,ambiguous,False,,,PubChem_name_property
LT00725,Hyaluronidase,0,No match,vNo-DILI-concern,Unchanged,Hyaluronidase,,CHEMBL1201636,,,,0.0,,No DILI,No DILI,,no,0.0,hyaluronidase,,,,,False,,,,,,,,,,,,,,,,,,False,missing_structure,No-DILI-Concern,no,False,,,
LT02913,Hyaluronidase recombinant human,0,No match,vNo-DILI-concern,Unchanged,Hyaluronidase recombinant human,,CHEMBL1201718,,,,0.0,,No DILI,No DILI,,no,0.0,hyaluronidase recombinant human,,,,,False,,,,,,,,,,,,,,,,,,False,missing_structure,No-DILI-Concern,no,False,,,
LT00559,Hydralazine hydrochloride,3,Adverse reactions,vLess-DILI-concern,Unchanged,Hydralazine,NNc1nncc2ccccc12,CHEMBL276832,7327-87-9,160.18,0.92,0.0,A,DILI (likely),DILI,"Hepatitis, CYP, Cholestasis/Biliary, Fibrosis, Immune-mediated, Hypersensitivity",less,,hydralazine hydrochloride,DILImap_metadata,NNc1nncc2ccccc12,,,True,NNc1nncc2ccccc12,RPTUSVTUFVMDQK-UHFFFAOYSA-N,c1ccc2cnncc2c1,1.0,1.0,0.0,160.17999999999998,12.0,8.0,0.0,63.83,0.9153999999999998,2.0,4.0,1.0,2.0,0.0,True,,Less-DILI-Concern,less,False,,,
LT01433,Hydrochlorothiazide,2,Adverse reactions,vLess-DILI-concern,Unchanged,Hydrochlorothiazide,NS(=O)(=O)c1cc2c(cc1Cl)NCNS2(=O)=O,CHEMBL435,,297.75,-0.35,0.0,C,DILI (few cases),,,less,,hydrochlorothiazide,DILImap_metadata,NS(=O)(=O)c1cc2c(cc1Cl)NCNS2(=O)=O,,,True,NS(=O)(=O)c1cc2c(cc1Cl)NCNS2(=O)=O,JZUFKLXOESDKRF-UHFFFAOYSA-N,O=S1(=O)NCNc2ccccc21,1.0,1.0,0.0,297.74500000000006,17.0,7.0,0.0,118.35999999999999,-0.35129999999999967,3.0,5.0,1.0,2.0,0.14285714285714285,True,,Less-DILI-Concern,less,False,,,
LT00188,Hydrocortisone acetate,0,No match,vNo-DILI-concern,Unchanged,Hydrocortisone,C[C@]12CCC(=O)C=C1CC[C@@H]1[C@@H]2[C@@H](O)C[C@@]2(C)[C@H]1CC[C@]2(O)C(=O)CO,CHEMBL389621,50-23-7,362.47,1.78,0.0,E,No DILI,No DILI,,no,0.0,hydrocortisone acetate,DILImap_metadata,C[C@]12CCC(=O)C=C1CC[C@@H]1[C@@H]2[C@@H](O)C[C@@]2(C)[C@H]1CC[C@]2(O)C(=O)CO,,,True,C[C@]12CCC(=O)C=C1CC[C@@H]1[C@@H]2[C@@H](O)C[C@@]2(C)[C@H]1CC[C@]2(O)C(=O)CO,JYGXADMDTFJGBT-VWUMJDOOSA-N,O=C1C=C2CCC3C4CCCC4CCC3C2CC1,1.0,1.0,0.0,362.4660000000002,26.0,21.0,0.0,94.83,1.7815999999999996,3.0,5.0,2.0,4.0,0.8095238095238095,True,,No-DILI-Concern,no,False,,,
LT00814,Hydroflumethiazide,2,Adverse reactions,Ambiguous-DILI-concern,Unchanged,Hydroflumethiazide,NS(=O)(=O)c1cc2c(cc1C(F)(F)F)NCNS2(=O)=O,CHEMBL1763,,331.3,0.01,0.0,,,,,ambiguous,,hydroflumethiazide,DILImap_metadata,NS(=O)(=O)c1cc2c(cc1C(F)(F)F)NCNS2(=O)=O,,,True,NS(=O)(=O)c1cc2c(cc1C(F)(F)F)NCNS2(=O)=O,DMDGGSIALPNSEE-UHFFFAOYSA-N,O=S1(=O)NCNc2ccccc21,1.0,1.0,0.0,331.29699999999997,20.0,8.0,0.0,118.35999999999999,0.014100000000000557,3.0,5.0,1.0,2.0,0.25,True,,Ambiguous DILI-concern,ambiguous,False,,,
LT00919,Hydromorphone hydrochloride,3,Adverse reactions,Ambiguous-DILI-concern,Unchanged,Hydromorphone,CN1CC[C@]23c4c5ccc(O)c4O[C@H]2C(=O)CC[C@H]3[C@H]1C5,CHEMBL398707,,285.34,1.63,0.0,E,No DILI,No DILI,,ambiguous,,hydromorphone hydrochloride,DILImap_metadata,CN1CC[C@]23c4c5ccc(O)c4O[C@H]2C(=O)CC[C@H]3[C@H]1C5,,,True,CN1CC[C@]23c4c5ccc(O)c4O[C@H]2C(=O)CC[C@H]3[C@H]1C5,WVLOADHCBXTIJK-YNHQPCIGSA-N,O=C1CCC2C3Cc4cccc5c4C2(CCN3)C1O5,1.0,1.0,0.0,285.34299999999996,21.0,17.0,0.0,49.77,1.6302999999999999,1.0,4.0,0.0,5.0,0.5882352941176471,True,,Ambiguous DILI-concern,ambiguous,False,,,
LT01258,Hydroxocobalamin,3,Adverse reactions,Ambiguous-DILI-concern,Unchanged,Hydroxocobalamin,,CHEMBL2103737,,1346.38,,0.0,,,,,ambiguous,,hydroxocobalamin,,CC1=CC2=C(C=C1C)N(C=N2)[C@@H]3[C@@H]([C@@H]([C@H](O3)CO)OP(=O)([O-])O[C@H](C)CNC(=O)CC[C@@]\4([C@H]([C@@H]5[C@]6([C@@]([C@@H](C(=N6)/C(=C\7/[C@@]([C@@H](C(=N7)/C=C\8/C([C@@H](C(=N8)/C(=C4\[N-]5)/C)CCC(=O)N)(C)C)CCC(=O)N)(C)CC(=O)N)/C)CCC(=O)N)(C)CC(=O)N)C)CC(=O)N)C)O.[OH-].[Co+3],44475014.0,YOZNUFWCRFCGIH-WZHZPDAFSA-K,True,C/C1=C2/N[C@H]([C@H](CC(N)=O)[C@@]2(C)CCC(=O)NC[C@@H](C)OP(=O)(O)O[C@H]2[C@@H](O)[C@@H](n3cnc4cc(C)c(C)cc43)O[C@@H]2CO)[C@]2(C)N=C(/C(C)=C3\N=C(/C=C4\N=C1[C@@H](CCC(N)=O)C4(C)C)[C@@H](CCC(N)=O)[C@]3(C)CC(N)=O)[C@@H](CCC(N)=O)[C@]2(C)CC(N)=O,XIMXJQOPHNZJDD-MCYQGSFHSA-N,O=C(CCC1CC2NC1=CC1=NC(=CC3=NC(=CC4=NC2CC4)CC3)CC1)NCCO[PH](=O)OC1COC(n2cnc3ccccc32)C1,3.0,0.9782608695652174,0.0,1272.4529999999993,90.0,62.0,0.0,460.0199999999999,3.1632400000000103,11.0,18.0,26.0,8.0,0.6290322580645161,False,mw_above_1000;heavy_atoms_above_80,Ambiguous DILI-concern,ambiguous,False,,,PubChem_name_property
LT02026,Hydroxychloroquine sulfate,7,Adverse reactions,vLess-DILI-concern,Unchanged,Hydroxychloroquine,CCN(CCO)CCCC(C)Nc1ccnc2cc(Cl)ccc12,CHEMBL1535,747-36-4,335.88,3.78,0.0,C,DILI (few cases),,"Hepatitis, Necrosis, CYP, Cholestasis/Biliary, Encephalopathy, idiosyncratic",less,,hydroxychloroquine sulfate,DILImap_metadata,CCN(CCO)CCCC(C)Nc1ccnc2cc(Cl)ccc12,,,True,CCN(CCO)CCCC(C)Nc1ccnc2cc(Cl)ccc12,XXSMGPRMXLTPCZ-UHFFFAOYSA-N,c1ccc2ncccc2c1,1.0,1.0,0.0,335.8790000000001,23.0,18.0,0.0,48.39,3.783000000000002,2.0,4.0,9.0,2.0,0.5,True,,Less-DILI-Concern,less,False,,,
LT00110,Hydroxyprogesterone caproate,2,Warnings & precautions,Ambiguous-DILI-concern,Unchanged,Hydroxyprogesterone caproate,CCCCCC(=O)O[C@]1(C(C)=O)CC[C@H]2[C@@H]3CCC4=CC(=O)CC[C@]4(C)[C@H]3CC[C@@]21C,CHEMBL1200848,630-56-8,428.61,5.97,0.0,,,,,ambiguous,,hydroxyprogesterone caproate,DILImap_metadata,CCCCCC(=O)O[C@]1(C(C)=O)CC[C@H]2[C@@H]3CCC4=CC(=O)CC[C@]4(C)[C@H]3CC[C@@]21C,,,True,CCCCCC(=O)O[C@]1(C(C)=O)CC[C@H]2[C@@H]3CCC4=CC(=O)CC[C@]4(C)[C@H]3CC[C@@]21C,DOMWKUIIPQCAJU-LJHIYBGHSA-N,O=C1C=C2CCC3C4CCCC4CCC3C2CC1,1.0,1.0,0.0,428.6130000000003,31.0,27.0,0.0,60.440000000000005,5.969600000000007,0.0,4.0,6.0,4.0,0.8148148148148148,True,,Ambiguous DILI-concern,ambiguous,False,,,
LT00106,Hydroxyurea,8,Warnings & precautions,vMost-DILI-concern,Unchanged,Hydroxyurea,NC(=O)NO,CHEMBL467,127-07-1,76.05,-0.96,0.0,C,DILI (likely),DILI,"Hepatitis, CYP, Fibrosis, Immune-mediated, Hypersensitivity",most,1.0,hydroxyurea,DILImap_metadata,NC(=O)NO,,,True,NC(=O)NO,VSNHCAURESNICA-UHFFFAOYSA-N,,1.0,1.0,0.0,76.05499999999999,5.0,1.0,0.0,75.35000000000001,-0.9561000000000002,3.0,2.0,0.0,0.0,0.0,True,,Most-DILI-Concern,most,False,,,
LT01437,Hydroxyzine hydrochloride,0,No match,vNo-DILI-concern,Unchanged,Hydroxyzine,OCCOCCN1CCN(C(c2ccccc2)c2ccc(Cl)cc2)CC1,CHEMBL896,2192-20-3,374.91,3.06,0.0,E,No DILI,No DILI,,no,0.0,hydroxyzine hydrochloride,DILImap_metadata,OCCOCCN1CCN(C(c2ccccc2)c2ccc(Cl)cc2)CC1,,,True,OCCOCCN1CCN(C(c2ccccc2)c2ccc(Cl)cc2)CC1,ZQDWXGKKHFNSQK-UHFFFAOYSA-N,c1ccc(C(c2ccccc2)N2CCNCC2)cc1,1.0,1.0,0.0,374.91200000000015,26.0,21.0,0.0,35.940000000000005,3.055900000000001,1.0,4.0,8.0,3.0,0.42857142857142855,True,,No-DILI-Concern,no,False,,,
LT01156,Ibandronate sodium,0,No match,vLess-DILI-concern,Revised,Ibandronate,CCCCCN(C)CCC(O)(P(=O)(O)O)P(=O)(O)O,CHEMBL997,138926-19-9,319.23,0.5,0.0,D,No DILI,No DILI,,less,,ibandronate sodium,DILImap_metadata,CCCCCN(C)CCC(O)(P(=O)(O)O)P(=O)(O)O,,,True,CCCCCN(C)CCC(O)(P(=O)(O)O)P(=O)(O)O,MPBVHIBUJCELCL-UHFFFAOYSA-N,,1.0,1.0,0.0,319.23100000000005,19.0,9.0,0.0,138.53,0.4999999999999996,5.0,4.0,9.0,0.0,1.0,True,,No-DILI-Concern,no,False,,,
LT03689,Ibrexafungerp citrate,3,Adverse reactions,Ambiguous-DILI-concern,New,,,,,,,,,,,,ambiguous,,ibrexafungerp citrate,,C[C@H](C(C)C)[C@]1(CC[C@@]2([C@H]3CC[C@H]4[C@]5(COC[C@]4(C3=CC[C@]2([C@@H]1C(=O)O)C)C[C@H]([C@@H]5OC[C@@](C)(C(C)(C)C)N)N6C(=NC=N6)C7=CC=NC=C7)C)C)C.C(C(=O)O)C(CC(=O)O)(C(=O)O)O,137552087.0,WKIRTJACGBEXBZ-FQGZCCSZSA-N,True,CC(C)[C@@H](C)[C@@]1(C)CC[C@]2(C)[C@H]3CC[C@@H]4[C@@]5(COC[C@@]4(C)[C@@H](OC[C@](C)(N)C(C)(C)C)[C@H](n4ncnc4-c4ccncc4)C5)C3=CC[C@@]2(C)[C@@H]1C(=O)O,BODYFEUFKHPRCK-ZCZMVWJSSA-N,C1=C2C(CCC3C4COCC23CC(n2ncnc2-c2ccncc2)C4)C2CCCCC2C1,2.0,0.803030303030303,0.0,730.0509999999999,53.0,44.0,0.0,125.38000000000001,8.618400000000007,2.0,7.0,8.0,7.0,0.7727272727272727,True,,,other,False,,,PubChem_name_property
LT01378,Ibritumomab tiuxetan,0,No match,vNo-DILI-concern,Unchanged,Ibritumomab tiuxetan,,CHEMBL1201606,,,,0.0,,No DILI,No DILI,,no,0.0,ibritumomab tiuxetan,,,,,False,,,,,,,,,,,,,,,,,,False,missing_structure,No-DILI-Concern,no,False,,,
LT02898,Ibrutinib,7,Adverse reactions,vMost-DILI-concern,New,,,,,,,,,,,,most,1.0,ibrutinib,,C=CC(=O)N1CCC[C@H](C1)N2C3=NC=NC(=C3C(=N2)C4=CC=C(C=C4)OC5=CC=CC=C5)N,24821094.0,XYFPWWZEPKGCCK-GOSISDBHSA-N,True,C=CC(=O)N1CCC[C@@H](n2nc(-c3ccc(Oc4ccccc4)cc3)c3c(N)ncnc32)C1,XYFPWWZEPKGCCK-GOSISDBHSA-N,c1ccc(Oc2ccc(-c3nn(C4CCCNC4)c4ncncc34)cc2)cc1,1.0,1.0,0.0,440.5070000000002,33.0,25.0,0.0,99.16,4.2173000000000025,1.0,6.0,5.0,5.0,0.2,True,,,other,True,0.0669693530079455,,PubChem_name_property
LT00560,Ibufenac,8,Withdrawn,vMost-DILI-concern,Unchanged,Ibufenac,CC(C)Cc1ccc(CC(=O)O)cc1,CHEMBL341812,,192.26,2.51,0.0,,DILI (withdrawn),DILI,Necrosis (manual annotation),most,1.0,ibufenac,DILImap_metadata,CC(C)Cc1ccc(CC(=O)O)cc1,,,True,CC(C)Cc1ccc(CC(=O)O)cc1,CYWFCPPBTWOZSF-UHFFFAOYSA-N,c1ccccc1,1.0,1.0,0.0,192.25799999999998,14.0,12.0,0.0,37.3,2.5122,1.0,1.0,4.0,1.0,0.4166666666666667,True,,Most-DILI-Concern,most,False,189.23,,
LT00199,Ibuprofen,3,Warnings & precautions,vLess-DILI-concern,Unchanged,Ibuprofen,CC(C)Cc1ccc(C(C)C(=O)O)cc1,CHEMBL521,15687-27-1,206.28,3.07,0.0,A,DILI (likely),DILI,"Hepatitis, Cholestasis/Biliary, Lactic acidosis, Immune-mediated, Hypersensitivity",less,,ibuprofen,DILImap_metadata,CC(C)Cc1ccc(C(C)C(=O)O)cc1,,,True,CC(C)Cc1ccc(C(C)C(=O)O)cc1,HEFNNWSXXWATRW-UHFFFAOYSA-N,c1ccccc1,1.0,1.0,0.0,206.28499999999997,15.0,13.0,0.0,37.3,3.073200000000001,1.0,1.0,4.0,1.0,0.46153846153846156,True,,Less-DILI-Concern,less,False,146.887195753344,,
LT00974,Ibutilide fumarate,0,No match,vNo-DILI-concern,Unchanged,Ibutilide,CCCCCCCN(CC)CCCC(O)c1ccc(NS(C)(=O)=O)cc1,CHEMBL533,122647-32-9,384.59,4.16,0.0,,No DILI,No DILI,,no,0.0,ibutilide fumarate,DILImap_metadata,CCCCCCCN(CC)CCCC(O)c1ccc(NS(C)(=O)=O)cc1,,,True,CCCCCCCN(CC)CCCC(O)c1ccc(NS(C)(=O)=O)cc1,ALOBUEHUHMBRLE-UHFFFAOYSA-N,c1ccccc1,1.0,1.0,0.0,384.58600000000007,26.0,20.0,0.0,69.64,4.164000000000003,2.0,4.0,14.0,1.0,0.7,True,,No-DILI-Concern,no,False,,,
LT01784,Icatibant acetate,3,Adverse reactions,Ambiguous-DILI-concern,New,,,,,,,,,,,,ambiguous,,icatibant acetate,,CC(=O)O.C1CC[C@H]2[C@@H](C1)C[C@H](N2C(=O)[C@H]3CC4=CC=CC=C4CN3C(=O)[C@H](CO)NC(=O)[C@H](CC5=CC=CS5)NC(=O)CNC(=O)[C@@H]6C[C@H](CN6C(=O)[C@@H]7CCCN7C(=O)[C@H](CCCN=C(N)N)NC(=O)[C@@H](CCCN=C(N)N)N)O)C(=O)N[C@@H](CCCN=C(N)N)C(=O)O,6918172.0,HKMZRZUEADSZDQ-DZJWSCHMSA-N,True,NC(N)=NCCC[C@@H](N)C(=O)N[C@@H](CCCN=C(N)N)C(=O)N1CCC[C@H]1C(=O)N1C[C@H](O)C[C@H]1C(=O)NCC(=O)N[C@@H](Cc1cccs1)C(=O)N[C@@H](CO)C(=O)N1Cc2ccccc2C[C@@H]1C(=O)N1[C@H](C(=O)N[C@@H](CCCN=C(N)N)C(=O)O)C[C@@H]2CCCC[C@@H]21,QURWXBZNHXJZBE-SKXRKSCCSA-N,O=C(CNC(=O)C1CCCN1C(=O)C1CCCN1)NC(Cc1cccs1)C(=O)NCC(=O)N1Cc2ccccc2CC1C(=O)N1CCC2CCCCC21,2.0,0.9583333333333334,0.0,1304.548,92.0,59.0,0.0,523.7199999999999,-5.023000000000024,15.0,17.0,30.0,7.0,0.6101694915254238,False,mw_above_1000;heavy_atoms_above_80,,other,False,,,PubChem_name_property
LT01440,Idarubicin hydrochloride,3,Warnings & precautions,Ambiguous-DILI-concern,Unchanged,Idarubicin,CC(=O)[C@]1(O)Cc2c(O)c3c(c(O)c2[C@@H](O[C@H]2C[C@H](N)[C@H](O)[C@H](C)O2)C1)C(=O)c1ccccc1C3=O,CHEMBL1117,,497.5,1.02,0.0,E*,No DILI,No DILI,,ambiguous,,idarubicin hydrochloride,DILImap_metadata,CC(=O)[C@]1(O)Cc2c(O)c3c(c(O)c2[C@@H](O[C@H]2C[C@H](N)[C@H](O)[C@H](C)O2)C1)C(=O)c1ccccc1C3=O,,,True,CC(=O)[C@]1(O)Cc2c(O)c3c(c(O)c2[C@@H](O[C@H]2C[C@H](N)[C@H](O)[C@H](C)O2)C1)C(=O)c1ccccc1C3=O,XDXDZDZNSLXDNA-TZNDIEGXSA-N,O=C1c2ccccc2C(=O)c2cc3c(cc21)CCCC3OC1CCCCO1,1.0,1.0,0.0,497.5000000000002,36.0,26.0,0.0,176.60999999999999,1.0202999999999998,5.0,10.0,3.0,5.0,0.4230769230769231,True,,Ambiguous DILI-concern,ambiguous,False,,,
LT03610,Idelalisib,8,Box warning,vMost-DILI-concern,New,,,,,,,,,,,,most,1.0,idelalisib,,CC[C@@H](C1=NC2=C(C(=CC=C2)F)C(=O)N1C3=CC=CC=C3)NC4=NC=NC5=C4NC=N5,11625818.0,IFSDAJWBUCMOAH-HNNXBMFYSA-N,True,CC[C@H](Nc1ncnc2nc[nH]c12)c1nc2cccc(F)c2c(=O)n1-c1ccccc1,IFSDAJWBUCMOAH-HNNXBMFYSA-N,O=c1c2ccccc2nc(CNc2ncnc3nc[nH]c23)n1-c1ccccc1,1.0,1.0,0.0,415.4320000000001,31.0,22.0,0.0,101.38000000000001,3.7543000000000006,2.0,6.0,5.0,5.0,0.13636363636363635,True,,,other,False,,,PubChem_name_property
LT01409,Idursulfase,0,No match,vNo-DILI-concern,Unchanged,Idursulfase,,CHEMBL1201826,,,,0.0,E,No DILI,No DILI,,no,0.0,idursulfase,,,,,False,,,,,,,,,,,,,,,,,,False,missing_structure,No-DILI-Concern,no,False,,,
LT00562,Ifosfamide,4,Adverse reactions,vLess-DILI-concern,Unchanged,Ifosfamide,O=P1(NCCCl)OCCCN1CCCl,CHEMBL1024,3778-73-2,261.09,1.88,1.0,D,DILI (few cases),,"Hepatitis, Necrosis, CYP, Cholestasis/Biliary, Sinusoidal, idiosyncratic",less,,ifosfamide,DILImap_metadata,O=P1(NCCCl)OCCCN1CCCl,,,True,O=P1(NCCCl)OCCCN1CCCl,HOMGKSMUEGBAAB-UHFFFAOYSA-N,O=[PH]1NCCCO1,1.0,1.0,0.0,261.08899999999994,14.0,7.0,0.0,41.57,1.884,1.0,2.0,5.0,1.0,1.0,True,,Less-DILI-Concern,less,False,,,
LT00654,Iloperidone,2,Adverse reactions,Ambiguous-DILI-concern,Unchanged,Iloperidone,COc1cc(C(C)=O)ccc1OCCCN1CCC(c2noc3cc(F)ccc23)CC1,CHEMBL14376,133454-47-4,426.49,4.83,0.0,E,No DILI,No DILI,,ambiguous,,iloperidone,DILImap_metadata,COc1cc(C(C)=O)ccc1OCCCN1CCC(c2noc3cc(F)ccc23)CC1,,,True,COc1cc(C(C)=O)ccc1OCCCN1CCC(c2noc3cc(F)ccc23)CC1,XMXHEBAFVSFQEX-UHFFFAOYSA-N,c1ccc(OCCCN2CCC(c3noc4ccccc34)CC2)cc1,1.0,1.0,0.0,426.4880000000001,31.0,24.0,0.0,64.80000000000001,4.826600000000004,0.0,6.0,8.0,4.0,0.4166666666666667,True,,Ambiguous DILI-concern,ambiguous,False,,,
LT00107,Imatinib mesylate,8,Warnings & precautions,vMost-DILI-concern,Unchanged,Imatinib,Cc1ccc(NC(=O)c2ccc(CN3CCN(C)CC3)cc2)cc1Nc1nccc(-c2cccnc2)n1,CHEMBL941,220127-57-1,493.62,4.59,0.0,B,DILI (likely),DILI,"Hepatitis, Cholestasis/Biliary, Cirrhosis, Immune-mediated, Hypersensitivity",most,1.0,imatinib mesylate,DILImap_metadata,Cc1ccc(NC(=O)c2ccc(CN3CCN(C)CC3)cc2)cc1Nc1nccc(-c2cccnc2)n1,,,True,Cc1ccc(NC(=O)c2ccc(CN3CCN(C)CC3)cc2)cc1Nc1nccc(-c2cccnc2)n1,KTUFNOKKBVMGRW-UHFFFAOYSA-N,O=C(Nc1cccc(Nc2nccc(-c3cccnc3)n2)c1)c1ccc(CN2CCNCC2)cc1,1.0,1.0,0.0,493.6150000000002,37.0,29.0,0.0,86.28000000000002,4.590320000000004,2.0,7.0,7.0,5.0,0.2413793103448276,True,,Most-DILI-Concern,most,False,,,
LT02384,Imiglucerase,0,No match,vNo-DILI-concern,Unchanged,Imiglucerase,,CHEMBL1201632,,,,0.0,E,No DILI,No DILI,,no,0.0,imiglucerase,,,,,False,,,,,,,,,,,,,,,,,,False,missing_structure,No-DILI-Concern,no,False,,,
LT00108,Imipramine hydrochloride,3,Adverse reactions,vLess-DILI-concern,Unchanged,Imipramine,CN(C)CCCN1c2ccccc2CCc2ccccc21,CHEMBL11,113-52-0,280.42,3.88,0.0,B,DILI (likely),DILI,"Cholestasis/Biliary, Hypersensitivity",less,,imipramine hydrochloride,DILImap_metadata,CN(C)CCCN1c2ccccc2CCc2ccccc21,,,True,CN(C)CCCN1c2ccccc2CCc2ccccc21,BCGWQEUPMDMJNV-UHFFFAOYSA-N,c1ccc2c(c1)CCc1ccccc1N2,1.0,1.0,0.0,280.415,21.0,19.0,0.0,6.48,3.8750000000000027,0.0,2.0,4.0,3.0,0.3684210526315789,True,,Less-DILI-Concern,less,False,,,
LT01076,Inamrinone lactate,5,Adverse reactions,Ambiguous-DILI-concern,Unchanged,Amrinone,Nc1cc(-c2ccncc2)c[nH]c1=O,CHEMBL12856,,187.2,1.02,0.0,,,,,ambiguous,,inamrinone lactate,DILImap_metadata,Nc1cc(-c2ccncc2)c[nH]c1=O,,,True,Nc1cc(-c2ccncc2)c[nH]c1=O,RNLQIBCLLYYYFJ-UHFFFAOYSA-N,O=c1ccc(-c2ccncc2)c[nH]1,1.0,1.0,0.0,187.202,14.0,10.0,0.0,71.77,1.0191,2.0,3.0,1.0,2.0,0.0,True,,Ambiguous DILI-concern,ambiguous,False,,,
LT03691,Inclisiran sodium,4,Adverse reactions,vLess-DILI-concern,New,,,,,,,,,,,,less,,inclisiran sodium,,,,,False,,,,,,,,,,,,,,,,,,False,missing_structure,,other,False,,,
LT01444,Indapamide,5,Adverse reactions,Ambiguous-DILI-concern,Unchanged,Indapamide,CC1Cc2ccccc2N1NC(=O)c1ccc(Cl)c(S(N)(=O)=O)c1,CHEMBL406,26807-65-8,365.84,2.08,0.0,D,DILI (few cases),,,ambiguous,,indapamide,DILImap_metadata,CC1Cc2ccccc2N1NC(=O)c1ccc(Cl)c(S(N)(=O)=O)c1,,,True,CC1Cc2ccccc2N1NC(=O)c1ccc(Cl)c(S(N)(=O)=O)c1,NDDAHWYSQHTHNT-UHFFFAOYSA-N,O=C(NN1CCc2ccccc21)c1ccccc1,1.0,1.0,0.0,365.84200000000004,24.0,16.0,0.0,92.5,2.0834,2.0,4.0,3.0,3.0,0.1875,True,,Ambiguous DILI-concern,ambiguous,False,,,
LT01446,Indinavir sulfate,8,Warnings & precautions,Ambiguous-DILI-concern,Unchanged,Indinavir,CC(C)(C)NC(=O)[C@@H]1CN(Cc2cccnc2)CCN1C[C@@H](O)C[C@@H](Cc1ccccc1)C(=O)N[C@H]1c2ccccc2C[C@H]1O,CHEMBL115,157810-81-6,613.8,2.87,0.0,C,DILI (few cases),,"Hepatitis, CYP, Cholestasis/Biliary, Steatosis, Lactic acidosis, Hypersensitivity",ambiguous,,indinavir sulfate,DILImap_metadata,CC(C)(C)NC(=O)[C@@H]1CN(Cc2cccnc2)CCN1C[C@@H](O)C[C@@H](Cc1ccccc1)C(=O)N[C@H]1c2ccccc2C[C@H]1O,,,True,CC(C)(C)NC(=O)[C@@H]1CN(Cc2cccnc2)CCN1C[C@@H](O)C[C@@H](Cc1ccccc1)C(=O)N[C@H]1c2ccccc2C[C@H]1O,CBVCZFGXHXORBI-PXQQMZJSSA-N,O=C(NC1CCc2ccccc21)C(CCCN1CCN(Cc2cccnc2)CC1)Cc1ccccc1,1.0,1.0,0.0,613.8030000000003,45.0,36.0,0.0,118.03000000000002,2.8669000000000016,4.0,7.0,11.0,5.0,0.4722222222222222,True,,Ambiguous DILI-concern,ambiguous,False,,,
LT00141,Indocyanine green,0,No match,vNo-DILI-concern,Unchanged,Indocyanine green,CC1(C)C(/C=C/C=C/C=C/C=C2\N(CCCCS(=O)(=O)O)c3ccc4ccccc4c3C2(C)C)=[N+](CCCCS(=O)(=O)[O-])c2ccc3ccccc3c21,CHEMBL1201304,3599-32-4,753.0,8.71,0.0,,No DILI,No DILI,,no,0.0,indocyanine green,DILImap_metadata,CC1(C)C(/C=C/C=C/C=C/C=C2\N(CCCCS(=O)(=O)O)c3ccc4ccccc4c3C2(C)C)=[N+](CCCCS(=O)(=O)[O-])c2ccc3ccccc3c21,,,True,CC1(C)C(/C=C/C=C/C=C/C=C2\N(CCCCS(=O)(=O)O)c3ccc4ccccc4c3C2(C)C)=[N+](CCCCS(=O)(=O)[O-])c2ccc3ccccc3c21,BDBMLMBYCXNVMC-UHFFFAOYSA-N,C(=CC=CC1=[NH+]c2ccc3ccccc3c2C1)C=CC=C1Cc2c(ccc3ccccc23)N1,1.0,1.0,0.0,752.999,53.0,43.0,0.0,117.82,8.712900000000005,1.0,6.0,14.0,6.0,0.32558139534883723,True,,No-DILI-Concern,no,False,,,
LT00022,Indomethacin,8,Warnings & precautions,vMost-DILI-concern,Unchanged,Indomethacin,COc1ccc2c(c1)c(CC(=O)O)c(C)n2C(=O)c1ccc(Cl)cc1,CHEMBL6,53-86-1,357.79,3.93,0.0,C,DILI (likely),DILI,"Hepatitis, Necrosis, Cholestasis/Biliary, Steatosis, Cirrhosis, Encephalopathy, Hypersensitivity, idiosyncratic",most,1.0,indomethacin,DILImap_metadata,COc1ccc2c(c1)c(CC(=O)O)c(C)n2C(=O)c1ccc(Cl)cc1,,,True,COc1ccc2c(c1)c(CC(=O)O)c(C)n2C(=O)c1ccc(Cl)cc1,CGIGDMFJXJATDK-UHFFFAOYSA-N,O=C(c1ccccc1)n1ccc2ccccc21,1.0,1.0,0.0,357.793,25.0,19.0,0.0,68.53,3.9273200000000026,1.0,3.0,4.0,3.0,0.15789473684210525,True,,Most-DILI-Concern,most,False,6.0,,
LT03692,Infigratinib phosphate,4,Adverse reactions,Ambiguous-DILI-concern,New,,,,,,,,,,,,ambiguous,,infigratinib phosphate,,CCN1CCN(CC1)C2=CC=C(C=C2)NC3=CC(=NC=N3)N(C)C(=O)NC4=C(C(=CC(=C4Cl)OC)OC)Cl.OP(=O)(O)O,56669626.0,GUQNHCGYHLSITB-UHFFFAOYSA-N,True,CCN1CCN(c2ccc(Nc3cc(N(C)C(=O)Nc4c(Cl)c(OC)cc(OC)c4Cl)ncn3)cc2)CC1,QADPYRIHXKWUSV-UHFFFAOYSA-N,O=C(Nc1ccccc1)Nc1cc(Nc2ccc(N3CCNCC3)cc2)ncn1,2.0,0.8837209302325582,0.0,560.4860000000003,38.0,26.0,0.0,95.09,5.3544000000000045,2.0,8.0,8.0,4.0,0.34615384615384615,True,,,other,False,,,PubChem_name_property
LT01350,Infliximab,8,Warnings & precautions,vMost-DILI-concern,Unchanged,Infliximab,,CHEMBL1201581,,,,0.0,A,DILI (known),DILI,"Hepatitis, Necrosis, Cholestasis/Biliary, Immune-mediated, Hypersensitivity",most,1.0,infliximab,,,,,False,,,,,,,,,,,,,,,,,,False,missing_structure,Most-DILI-Concern,most,False,,,
LT03693,Inotersen sodium,3,Warnings & precautions,Ambiguous-DILI-concern,New,,,,,,,,,,,,ambiguous,,inotersen sodium,,,,,False,,,,,,,,,,,,,,,,,,False,missing_structure,,other,False,,,
LT01311,"Interferon alfa-2a, recombinant",8,Warnings & precautions,vMost-DILI-concern,Unchanged,"Interferon alfa-2a, recombinant",,,,,,,,DILI (likely),DILI,,most,1.0,interferon alfa 2a recombinant,,,,,False,,,,,,,,,,,,,,,,,,False,missing_structure,Most-DILI-Concern,most,False,,,
LT01306,Interferon alfa-2b,8,Warnings & precautions,vMost-DILI-concern,Unchanged,Interferon alfa-2b,,CHEMBL1201558,,,,0.0,,DILI (likely),DILI,,most,1.0,interferon alfa 2b,,CCCN(CCOC1=C(C=C(C=C1Cl)Cl)Cl)C(=O)N2C=CN=C2.C(S(=O)(=O)[O-])(I)I.[Na+],71306834.0,MIXCUJKCXRNYFM-UHFFFAOYSA-M,True,CCCN(CCOc1c(Cl)cc(Cl)cc1Cl)C(=O)n1ccnc1,TVLSRXXIMLFWEO-UHFFFAOYSA-N,O=C(NCCOc1ccccc1)n1ccnc1,3.0,0.7419354838709677,0.0,376.6710000000001,23.0,15.0,0.0,47.36,4.602400000000004,0.0,3.0,6.0,2.0,0.3333333333333333,True,,Most-DILI-Concern,most,False,,,PubChem_name_property
LT01336,Interferon alfacon-1,7,Warnings & precautions,vMost-DILI-concern,Unchanged,Interferon alfacon-1,,CHEMBL1201557,,,,0.0,,DILI (likely),DILI,,most,1.0,interferon alfacon 1,,,,,False,,,,,,,,,,,,,,,,,,False,missing_structure,Most-DILI-Concern,most,False,,,
LT01332,Interferon beta-1a,7,Warnings & precautions,vMost-DILI-concern,Unchanged,Interferon beta-1a,,CHEMBL1201562,,,,0.0,,DILI (likely),DILI,,most,1.0,interferon beta 1a,,,,,False,,,,,,,,,,,,,,,,,,False,missing_structure,Most-DILI-Concern,most,False,,,
LT01328,Interferon beta-1b,7,Warnings & precautions,vMost-DILI-concern,Unchanged,Interferon beta-1b,,CHEMBL1201563,,,,0.0,,DILI (likely),DILI,,most,1.0,interferon beta 1b,,,,,False,,,,,,,,,,,,,,,,,,False,missing_structure,Most-DILI-Concern,most,False,,,
LT01354,Interferon gamma-1b,3,Warnings & precautions,Ambiguous-DILI-concern,Unchanged,Interferon gamma-1b,,CHEMBL1201564,,,,0.0,,,,,ambiguous,,interferon gamma 1b,,,,,False,,,,,,,,,,,,,,,,,,False,missing_structure,Ambiguous DILI-concern,ambiguous,False,,,
LT01454,Iodipamide sodium,0,No match,vNo-DILI-concern,Unchanged,Iodipamide meglumine,,,,,,,,No DILI,No DILI,,no,0.0,iodipamide sodium,,C1=C(C(=C(C(=C1I)NC(=O)CCCCC(=O)NC2=C(C=C(C(=C2I)C(=O)[O-])I)I)I)C(=O)[O-])I.[Na+].[Na+],17478.0,SIZXNBZGPPPFHM-UHFFFAOYSA-L,True,O=C(CCCCC(=O)Nc1c(I)cc(I)c(C(=O)O)c1I)Nc1c(I)cc(I)c(C(=O)O)c1I,FFINMCNLQNTKLU-UHFFFAOYSA-N,O=C(CCCCC(=O)Nc1ccccc1)Nc1ccccc1,3.0,0.9444444444444444,0.0,1139.7640000000004,34.0,20.0,0.0,132.8,6.848200000000002,4.0,4.0,9.0,2.0,0.2,False,mw_above_1000,No-DILI-Concern,no,False,,,PubChem_name_property
LT03911,Ioflupane i-123,0,No match,vNo-DILI-concern,New,,,,,,,,,,,,no,0.0,ioflupane i 123,,COC(=O)[C@@H]1[C@H]2CC[C@H](N2CCCF)C[C@@H]1C3=CC=C(C=C3)[123I],3086674.0,HXWLAJVUJSVENX-HFIFKADTSA-N,True,COC(=O)[C@H]1[C@@H](c2ccc([123I])cc2)C[C@@H]2CC[C@H]1N2CCCF,HXWLAJVUJSVENX-HFIFKADTSA-N,c1ccc(C2CC3CCC(C2)N3)cc1,1.0,1.0,0.0,427.29058899999995,23.0,18.0,0.0,29.54,3.7603000000000026,0.0,3.0,5.0,3.0,0.6111111111111112,True,,,other,False,,,PubChem_name_property
LT00257,Iothalamate meglumine,0,No match,vNo-DILI-concern,Unchanged,Iothalamate sodium,,,,,,,,No DILI,No DILI,,no,0.0,iothalamate meglumine,,CC(=O)NC1=C(C(=C(C(=C1I)C(=O)O)I)C(=O)NC)I.CNC[C@@H]([C@H]([C@@H]([C@@H](CO)O)O)O)O,656642.0,VLHUSFYMPUDOEL-WZTVWXICSA-N,True,CNC[C@H](O)[C@@H](O)[C@H](O)[C@H](O)CO,MBBZMMPHUWSWHV-BDVNFPICSA-N,,2.0,0.3939393939393939,0.0,195.215,13.0,7.0,0.0,113.18,-3.3582999999999976,6.0,6.0,6.0,0.0,1.0,True,,No-DILI-Concern,no,False,,,PubChem_name_property
LT00419,Ioversol,0,No match,vNo-DILI-concern,Unchanged,Ioversol,O=C(NCC(O)CO)c1c(I)c(C(=O)NCC(O)CO)c(I)c(N(CCO)C(=O)CO)c1I,CHEMBL1200614,87771-40-2,807.11,-2.02,0.0,,No DILI,No DILI,,no,0.0,ioversol,DILImap_metadata,O=C(NCC(O)CO)c1c(I)c(C(=O)NCC(O)CO)c(I)c(N(CCO)C(=O)CO)c1I,,,True,O=C(NCC(O)CO)c1c(I)c(C(=O)NCC(O)CO)c(I)c(N(CCO)C(=O)CO)c1I,AMDBBAQNWSUWGN-UHFFFAOYSA-N,c1ccccc1,1.0,1.0,0.0,807.114,33.0,18.0,0.0,199.89,-2.016,8.0,9.0,12.0,1.0,0.5,True,,No-DILI-Concern,no,False,,,
LT00109,Iproniazid,8,Withdrawn,vMost-DILI-concern,Unchanged,Iproniazid,CC(C)NNC(=O)c1ccncc1,CHEMBL92401,54-92-2,179.22,0.72,0.0,,DILI (withdrawn),DILI,,most,1.0,iproniazid,DILImap_metadata,CC(C)NNC(=O)c1ccncc1,,,True,CC(C)NNC(=O)c1ccncc1,NYMGNSNKLVNMIA-UHFFFAOYSA-N,c1ccncc1,1.0,1.0,0.0,179.223,13.0,9.0,0.0,54.019999999999996,0.7243999999999996,2.0,3.0,3.0,1.0,0.3333333333333333,True,,Most-DILI-Concern,most,False,0.04,,
LT01005,Irbesartan,5,Adverse reactions,vLess-DILI-concern,Unchanged,Irbesartan,CCCCC1=NC2(CCCC2)C(=O)N1Cc1ccc(-c2ccccc2-c2nnn[nH]2)cc1,CHEMBL1513,138402-11-6,428.54,4.78,0.0,C,DILI (few cases),,"Hepatitis, CYP, Cholestasis/Biliary, Steatosis, Immune-mediated, Hypersensitivity, idiosyncratic",less,,irbesartan,DILImap_metadata,CCCCC1=NC2(CCCC2)C(=O)N1Cc1ccc(-c2ccccc2-c2nnn[nH]2)cc1,,,True,CCCCC1=NC2(CCCC2)C(=O)N1Cc1ccc(-c2ccccc2-c2nnn[nH]2)cc1,YOSHYTLCDANDAN-UHFFFAOYSA-N,O=C1N(Cc2ccc(-c3ccccc3-c3nnn[nH]3)cc2)C=NC12CCCC2,1.0,1.0,0.0,428.5400000000001,32.0,25.0,0.0,87.13,4.777400000000004,1.0,5.0,7.0,5.0,0.4,True,,Less-DILI-Concern,less,False,5.36706025108507,,
LT01466,Irinotecan hydrochloride,3,Adverse reactions,vLess-DILI-concern,Unchanged,Irinotecan,CCc1c2c(nc3ccc(OC(=O)N4CCC(N5CCCCC5)CC4)cc13)-c1cc3c(c(=O)n1C2)COC(=O)[C@]3(O)CC,CHEMBL481,136572-09-3,586.69,4.09,1.0,B,DILI (likely),DILI,,less,,irinotecan hydrochloride,DILImap_metadata,CCc1c2c(nc3ccc(OC(=O)N4CCC(N5CCCCC5)CC4)cc13)-c1cc3c(c(=O)n1C2)COC(=O)[C@]3(O)CC,,,True,CCc1c2c(nc3ccc(OC(=O)N4CCC(N5CCCCC5)CC4)cc13)-c1cc3c(c(=O)n1C2)COC(=O)[C@]3(O)CC,UWKQSNNFCGGAFS-XIFFEERXSA-N,O=C1Cc2cc3n(c(=O)c2CO1)Cc1cc2cc(OC(=O)N4CCC(N5CCCCC5)CC4)ccc2nc1-3,1.0,1.0,0.0,586.6890000000004,43.0,33.0,0.0,114.2,4.0911000000000035,1.0,8.0,4.0,7.0,0.5151515151515151,True,,Less-DILI-Concern,less,False,,,
LT03694,Isavuconazonium sulfate,8,Warnings & precautions,Ambiguous-DILI-concern,New,,,,,,,,,,,,ambiguous,,isavuconazonium sulfate,,C[C@@H](C1=NC(=CS1)C2=CC=C(C=C2)C#N)[C@](CN3C=[N+](C=N3)C(C)OC(=O)N(C)C4=C(C=CC=N4)COC(=O)CNC)(C5=C(C=CC(=C5)F)F)O.OS(=O)(=O)[O-],72196309.0,LWXUIUUOMSMZKJ-KLFWAVJMSA-M,True,CNCC(=O)OCc1cccnc1N(C)C(=O)OC(C)[n+]1cnn(C[C@](O)(c2cc(F)ccc2F)[C@@H](C)c2nc(-c3ccc(C#N)cc3)cs2)c1,RSWOJTICKMKTER-QXLBVTBOSA-N,O=C(Nc1ccccn1)OC[n+]1cnn(CC(Cc2nc(-c3ccccc3)cs2)c2ccccc2)c1,2.0,0.9107142857142857,1.0,717.7790000000002,51.0,35.0,0.0,159.37,4.584580000000005,2.0,11.0,13.0,5.0,0.2857142857142857,True,,,other,False,,,PubChem_name_property
LT00696,Isaxonine,8,Withdrawn,vMost-DILI-concern,Unchanged,Isaxonine,CC(C)Nc1ncccn1,CHEMBL1740513,,137.19,1.3,0.0,,DILI (withdrawn),DILI,,most,1.0,isaxonine,DILImap_metadata,CC(C)Nc1ncccn1,,,True,CC(C)Nc1ncccn1,FTCYIGBVOHNHCD-UHFFFAOYSA-N,c1cncnc1,1.0,1.0,0.0,137.18599999999998,10.0,7.0,0.0,37.81,1.2969,1.0,3.0,2.0,1.0,0.42857142857142855,True,,Most-DILI-Concern,most,False,,,
LT01469,Isocarboxazid,5,Warnings & precautions,Ambiguous-DILI-concern,Unchanged,Isocarboxazid,Cc1cc(C(=O)NNCc2ccccc2)no1,CHEMBL1201168,,231.25,1.42,0.0,D,DILI (few cases),,"Cholestasis/Biliary, Immune-mediated, Hypersensitivity",ambiguous,,isocarboxazid,DILImap_metadata,Cc1cc(C(=O)NNCc2ccccc2)no1,,,True,Cc1cc(C(=O)NNCc2ccccc2)no1,XKFPYPQQHFEXRZ-UHFFFAOYSA-N,O=C(NNCc1ccccc1)c1ccon1,1.0,1.0,0.0,231.25500000000002,17.0,12.0,0.0,67.16,1.4176199999999997,2.0,4.0,4.0,2.0,0.16666666666666666,True,,Ambiguous DILI-concern,ambiguous,False,,,
LT00306,Isoniazid,8,Box warning,vMost-DILI-concern,Unchanged,Isoniazid,NNC(=O)c1ccncc1,CHEMBL64,54-85-3,137.14,-0.31,1.0,A,DILI (known),DILI,"Hepatitis, CYP, Cholestasis/Biliary, Cirrhosis, Immune-mediated, Hypersensitivity",most,1.0,isoniazid,DILImap_metadata,NNC(=O)c1ccncc1,,,True,NNC(=O)c1ccncc1,QRXWMOHMRWLFEY-UHFFFAOYSA-N,c1ccncc1,1.0,1.0,0.0,137.142,10.0,6.0,0.0,68.00999999999999,-0.3149000000000006,2.0,3.0,1.0,1.0,0.0,True,,Most-DILI-Concern,most,False,76.564,,
LT00200,Isoproterenol hydrochloride,0,No match,vNo-DILI-concern,Unchanged,Isoproterenol,CC(C)NCC(O)c1ccc(O)c(O)c1,CHEMBL434,51-30-9,211.26,1.13,0.0,,No DILI,No DILI,,no,0.0,isoproterenol hydrochloride,DILImap_metadata,CC(C)NCC(O)c1ccc(O)c(O)c1,,,True,CC(C)NCC(O)c1ccc(O)c(O)c1,JWZZKOKVBUJMES-UHFFFAOYSA-N,c1ccccc1,1.0,1.0,0.0,211.261,15.0,11.0,0.0,72.72,1.1291999999999998,4.0,4.0,4.0,1.0,0.45454545454545453,True,,No-DILI-Concern,no,False,,,
LT00818,Isosorbide dinitrate,0,No match,vNo-DILI-concern,Unchanged,Isosorbide dinitrate,O=[N+]([O-])O[C@H]1CO[C@H]2[C@@H]1OC[C@H]2O[N+](=O)[O-],CHEMBL6622,87-33-2,236.14,-1.06,1.0,E,No DILI,No DILI,,no,0.0,isosorbide dinitrate,DILImap_metadata,O=[N+]([O-])O[C@H]1CO[C@H]2[C@@H]1OC[C@H]2O[N+](=O)[O-],,,True,O=[N+]([O-])O[C@H]1CO[C@H]2[C@@H]1OC[C@H]2O[N+](=O)[O-],MOYKHGMNXAOIAT-JGWLITMVSA-N,C1CC2OCCC2O1,1.0,1.0,0.0,236.13599999999997,16.0,6.0,0.0,123.20000000000002,-1.0622000000000003,0.0,8.0,4.0,2.0,1.0,True,,No-DILI-Concern,no,False,0.791903108325569,,
LT00340,Isosorbide mononitrate,3,Adverse reactions,Ambiguous-DILI-concern,Unchanged,Isorbide mononitrate,,,,,,,,,,,ambiguous,,isosorbide mononitrate,,C1[C@@H]([C@@H]2[C@H](O1)[C@@H](CO2)O[N+](=O)[O-])O,27661.0,YWXYYJSYQOXTPL-SLPGGIOYSA-N,True,O=[N+]([O-])O[C@@H]1CO[C@H]2[C@@H]1OC[C@@H]2O,YWXYYJSYQOXTPL-SLPGGIOYSA-N,C1CC2OCCC2O1,1.0,1.0,0.0,191.13899999999998,13.0,6.0,0.0,91.06,-1.2782,1.0,6.0,2.0,2.0,1.0,True,,Ambiguous DILI-concern,ambiguous,False,,,PubChem_name_property
LT00234,Isotretinoin,5,Warnings & precautions,vMost-DILI-concern,Unchanged,Isotretinoin,CC1=C(/C=C/C(C)=C/C=C/C(C)=C\C(=O)O)C(C)(C)CCC1,CHEMBL547,4759-48-2,300.44,5.6,1.0,C,DILI (likely),DILI,"Hepatitis, Hypersensitivity",most,1.0,isotretinoin,DILImap_metadata,CC1=C(/C=C/C(C)=C/C=C/C(C)=C\C(=O)O)C(C)(C)CCC1,,,True,CC1=C(/C=C/C(C)=C/C=C/C(C)=C\C(=O)O)C(C)(C)CCC1,SHGAZHPCJJPHSC-XFYACQKRSA-N,C1=CCCCC1,1.0,1.0,0.0,300.44200000000006,22.0,20.0,0.0,37.3,5.602600000000005,1.0,1.0,5.0,1.0,0.45,True,,Most-DILI-Concern,most,False,,,
LT02089,Isoxsuprine hydrochloride,0,No match,vNo-DILI-concern,Unchanged,Isoxsuprine,CC(COc1ccccc1)NC(C)C(O)c1ccc(O)cc1,CHEMBL1197051,579-56-6,301.39,2.87,0.0,,No DILI,No DILI,,no,0.0,isoxsuprine hydrochloride,DILImap_metadata,CC(COc1ccccc1)NC(C)C(O)c1ccc(O)cc1,,,True,CC(COc1ccccc1)NC(C)C(O)c1ccc(O)cc1,BMUKKTUHUDJSNZ-UHFFFAOYSA-N,c1ccc(CCNCCOc2ccccc2)cc1,1.0,1.0,0.0,301.386,22.0,18.0,0.0,61.72,2.871200000000001,3.0,4.0,7.0,2.0,0.3333333333333333,True,,No-DILI-Concern,no,False,,,
LT01475,Isradipine,3,Adverse reactions,vLess-DILI-concern,Unchanged,Isradipine,COC(=O)C1=C(C)NC(C)=C(C(=O)OC(C)C)C1c1cccc2nonc12,CHEMBL1648,75695-93-1,371.39,2.58,0.0,E,No DILI (unlikely),,,less,,isradipine,DILImap_metadata,COC(=O)C1=C(C)NC(C)=C(C(=O)OC(C)C)C1c1cccc2nonc12,,,True,COC(=O)C1=C(C)NC(C)=C(C(=O)OC(C)C)C1c1cccc2nonc12,HMJIYCCIJYRONP-UHFFFAOYSA-N,C1=CC(c2cccc3nonc23)C=CN1,1.0,1.0,0.0,371.3930000000001,27.0,19.0,0.0,103.55,2.5822000000000003,1.0,8.0,4.0,3.0,0.3684210526315789,True,,Less-DILI-Concern,less,False,0.0099625730364307,,
LT03695,Istradefylline,0,No match,vNo-DILI-concern,New,,,,,,,,,,,,no,0.0,istradefylline,,CCN1C2=C(C(=O)N(C1=O)CC)N(C(=N2)/C=C/C3=CC(=C(C=C3)OC)OC)C,5311037.0,IQVRBWUUXZMOPW-PKNBQFBNSA-N,True,CCn1c(=O)c2c(nc(/C=C/c3ccc(OC)c(OC)c3)n2C)n(CC)c1=O,IQVRBWUUXZMOPW-PKNBQFBNSA-N,O=c1[nH]c(=O)c2[nH]c(C=Cc3ccccc3)nc2[nH]1,1.0,1.0,0.0,384.43600000000015,28.0,20.0,0.0,80.28,2.1240999999999994,0.0,5.0,6.0,3.0,0.35,True,,,other,False,,,PubChem_name_property
LT00182,Itraconazole,8,Warnings & precautions,vMost-DILI-concern,Unchanged,Itraconazole,CCC(C)n1ncn(-c2ccc(N3CCN(c4ccc(OCC5COC(Cn6cncn6)(c6ccc(Cl)cc6Cl)O5)cc4)CC3)cc2)c1=O,CHEMBL64391,84625-61-6,705.65,5.58,0.0,B,DILI (likely),DILI,"Hepatitis, CYP, Cholestasis/Biliary, Immune-mediated, Hypersensitivity",most,1.0,itraconazole,DILImap_metadata,CCC(C)n1ncn(-c2ccc(N3CCN(c4ccc(OCC5COC(Cn6cncn6)(c6ccc(Cl)cc6Cl)O5)cc4)CC3)cc2)c1=O,,,True,CCC(C)n1ncn(-c2ccc(N3CCN(c4ccc(OCC5COC(Cn6cncn6)(c6ccc(Cl)cc6Cl)O5)cc4)CC3)cc2)c1=O,VHVPQPYKVGDNFY-UHFFFAOYSA-N,O=c1[nH]ncn1-c1ccc(N2CCN(c3ccc(OCC4COC(Cn5cncn5)(c5ccccc5)O4)cc3)CC2)cc1,1.0,1.0,0.0,705.6470000000002,49.0,35.0,0.0,104.70000000000002,5.5773000000000055,0.0,9.0,11.0,7.0,0.37142857142857144,True,,Most-DILI-Concern,most,False,,,
LT02665,Ivabradine hydrochloride,0,No match,vNo-DILI-concern,New,,,,,,,,,,,,no,0.0,ivabradine hydrochloride,,CN(CCCN1CCC2=CC(=C(C=C2CC1=O)OC)OC)C[C@H]3CC4=CC(=C(C=C34)OC)OC.Cl,3045381.0,HLUKNZUABFFNQS-ZMBIFBSDSA-N,True,COc1cc2c(cc1OC)CC(=O)N(CCCN(C)C[C@H]1Cc3cc(OC)c(OC)cc31)CC2,ACRHBAYQBXXRTO-OAQYLSRUSA-N,O=C1Cc2ccccc2CCN1CCCNCC1Cc2ccccc21,2.0,0.9714285714285714,0.0,468.59400000000034,34.0,27.0,0.0,60.47000000000001,3.3100000000000014,0.0,6.0,10.0,4.0,0.5185185185185185,True,,,other,False,,,PubChem_name_property
LT02431,Ivacaftor,3,Warnings & precautions,vLess-DILI-concern,New,,,,,,,,,,,,less,,ivacaftor,,CC(C)(C)C1=CC(=C(C=C1NC(=O)C2=CNC3=CC=CC=C3C2=O)O)C(C)(C)C,16220172.0,PURKAOJPTOLRMP-UHFFFAOYSA-N,True,CC(C)(C)c1cc(C(C)(C)C)c(NC(=O)c2c[nH]c3ccccc3c2=O)cc1O,PURKAOJPTOLRMP-UHFFFAOYSA-N,O=C(Nc1ccccc1)c1c[nH]c2ccccc2c1=O,1.0,1.0,0.0,392.4990000000002,29.0,24.0,0.0,82.19,5.081000000000004,3.0,3.0,2.0,3.0,0.3333333333333333,True,,,other,False,,,PubChem_name_property
LT00568,Ivermectin,3,Adverse reactions,vLess-DILI-concern,Unchanged,Ivermectin,CC[C@H](C)[C@H]1O[C@]2(CC[C@@H]1C)C[C@@H]1C[C@@H](C/C=C(\C)[C@@H](O[C@H]3C[C@H](OC)[C@@H](O[C@H]4C[C@H](OC)[C@@H](O)[C@H](C)O4)[C@H](C)O3)[C@@H](C)/C=C/C=C3\CO[C@@H]4[C@H](O)C(C)=C[C@@H](C(=O)O1)[C@]34O)O2.CO[C@H]1C[C@H](O[C@H]2[C@H](C)O[C@@H](O[C@@H]3/C(C)=C/C[C@@H]4C[C@@H](C[C@]5(CC[C@H](C)[C@@H](C(C)C)O5)O4)OC(=O)[C@@H]4C=C(C)[C@@H](O)[C@H]5OC/C(=C\C=C\[C@@H]3C)[C@]54O)C[C@@H]2OC)O[C@@H](C)[C@@H]1O,CHEMBL1200633,70288-86-7,1736.18,,0.0,D,DILI (few cases),,,less,,ivermectin,DILImap_metadata,CC[C@H](C)[C@H]1O[C@]2(CC[C@@H]1C)C[C@@H]1C[C@@H](C/C=C(\C)[C@@H](O[C@H]3C[C@H](OC)[C@@H](O[C@H]4C[C@H](OC)[C@@H](O)[C@H](C)O4)[C@H](C)O3)[C@@H](C)/C=C/C=C3\CO[C@@H]4[C@H](O)C(C)=C[C@@H](C(=O)O1)[C@]34O)O2.CO[C@H]1C[C@H](O[C@H]2[C@H](C)O[C@@H](O[C@@H]3/C(C)=C/C[C@@H]4C[C@@H](C[C@]5(CC[C@H](C)[C@@H](C(C)C)O5)O4)OC(=O)[C@@H]4C=C(C)[C@@H](O)[C@H]5OC/C(=C\C=C\[C@@H]3C)[C@]54O)C[C@@H]2OC)O[C@@H](C)[C@@H]1O,,,True,CC[C@H](C)[C@H]1O[C@]2(CC[C@@H]1C)C[C@@H]1C[C@@H](C/C=C(\C)[C@@H](O[C@H]3C[C@H](OC)[C@@H](O[C@H]4C[C@H](OC)[C@@H](O)[C@H](C)O4)[C@H](C)O3)[C@@H](C)/C=C/C=C3\CO[C@@H]4[C@H](O)C(C)=C[C@@H](C(=O)O1)[C@]34O)O2,AZSNMRSAGSSBNP-XPNPUAGNSA-N,O=C1OC2CC(CC=CC(OC3CCC(OC4CCCCO4)CO3)CC=CC=C3COC4CC=CC1C34)OC1(CCCCO1)C2,2.0,0.5040650406504065,0.0,875.1060000000002,62.0,48.0,0.0,170.06,5.601400000000008,3.0,14.0,8.0,7.0,0.8125,True,,Less-DILI-Concern,less,False,,,
LT03696,Ivosidenib,4,Adverse reactions,Ambiguous-DILI-concern,New,,,,,,,,,,,,ambiguous,,ivosidenib,,C1CC(=O)N([C@@H]1C(=O)N(C2=CC(=CN=C2)F)[C@@H](C3=CC=CC=C3Cl)C(=O)NC4CC(C4)(F)F)C5=NC=CC(=C5)C#N,71657455.0,WIJZXSAJMHAVGX-DHLKQENFSA-N,True,N#Cc1ccnc(N2C(=O)CC[C@H]2C(=O)N(c2cncc(F)c2)[C@H](C(=O)NC2CC(F)(F)C2)c2ccccc2Cl)c1,WIJZXSAJMHAVGX-DHLKQENFSA-N,O=C(NC1CCC1)C(c1ccccc1)N(C(=O)C1CCC(=O)N1c1ccccn1)c1cccnc1,1.0,1.0,0.0,582.9700000000001,41.0,28.0,0.0,119.29000000000002,4.324580000000003,1.0,6.0,7.0,5.0,0.2857142857142857,True,,,other,False,,,PubChem_name_property
LT02203,Ixabepilone,7,Adverse reactions,Ambiguous-DILI-concern,Unchanged,Ixabepilone,C/C(=C\c1csc(C)n1)[C@@H]1C[C@@H]2O[C@]2(C)CCC[C@H](C)[C@H](O)[C@@H](C)C(=O)C(C)(C)[C@@H](O)CC(=O)N1,CHEMBL1201752,219989-84-1,506.71,4.05,0.0,E*,No DILI,No DILI,,ambiguous,,ixabepilone,DILImap_metadata,C/C(=C\c1csc(C)n1)[C@@H]1C[C@@H]2O[C@]2(C)CCC[C@H](C)[C@H](O)[C@@H](C)C(=O)C(C)(C)[C@@H](O)CC(=O)N1,,,True,C/C(=C\c1csc(C)n1)[C@@H]1C[C@@H]2O[C@]2(C)CCC[C@H](C)[C@H](O)[C@@H](C)C(=O)C(C)(C)[C@@H](O)CC(=O)N1,FABUFPQFXZVHFB-PVYNADRNSA-N,O=C1CCCCCCC2OC2CC(C=Cc2cscn2)NC(=O)CCC1,1.0,1.0,0.0,506.7090000000003,35.0,27.0,0.0,112.05000000000001,4.050520000000002,3.0,7.0,2.0,3.0,0.7407407407407407,True,,Ambiguous DILI-concern,ambiguous,False,,,
LT03697,Ixazomib citrate,5,Warnings & precautions,Ambiguous-DILI-concern,New,,,,,,,,,,,,ambiguous,,ixazomib citrate,,B1(OC(=O)C(O1)(CC(=O)O)CC(=O)O)[C@H](CC(C)C)NC(=O)CNC(=O)C2=C(C=CC(=C2)Cl)Cl,56844015.0,MBOMYENWWXQSNW-AWEZNQCLSA-N,True,CC(C)C[C@H](NC(=O)CNC(=O)c1cc(Cl)ccc1Cl)B1OC(=O)C(CC(=O)O)(CC(=O)O)O1,MBOMYENWWXQSNW-AWEZNQCLSA-N,O=C(CNC(=O)c1ccccc1)NCB1OCC(=O)O1,1.0,1.0,0.0,517.1270000000002,34.0,20.0,0.0,168.33,1.5430999999999995,4.0,7.0,11.0,2.0,0.45,True,,,other,False,,,PubChem_name_property
LT01477,Kanamycin,0,No match,vNo-DILI-concern,Unchanged,Kanamycin,NC[C@H]1O[C@H](O[C@H]2[C@H](O)[C@@H](O[C@H]3O[C@H](CO)[C@@H](O)[C@H](N)[C@H]3O)[C@H](N)C[C@@H]2N)[C@H](O)[C@@H](O)[C@@H]1O,CHEMBL1384,25389-94-0,484.5,-7.29,0.0,,No DILI,No DILI,,no,0.0,kanamycin,DILImap_metadata,NC[C@H]1O[C@H](O[C@H]2[C@H](O)[C@@H](O[C@H]3O[C@H](CO)[C@@H](O)[C@H](N)[C@H]3O)[C@H](N)C[C@@H]2N)[C@H](O)[C@@H](O)[C@@H]1O,,,True,NC[C@H]1O[C@H](O[C@H]2[C@H](O)[C@@H](O[C@H]3O[C@H](CO)[C@@H](O)[C@H](N)[C@H]3O)[C@H](N)C[C@@H]2N)[C@H](O)[C@@H](O)[C@@H]1O,SBUJHOSQTJFQJX-NOAMYHISSA-N,C1CCC(OC2CCCC(OC3CCCCO3)C2)OC1,1.0,1.0,0.0,484.50300000000016,33.0,18.0,0.0,282.61000000000007,-7.2914000000000065,11.0,15.0,6.0,3.0,1.0,True,,No-DILI-Concern,no,False,,,
LT00859,Ketamine hydrochloride,0,No match,vLess-DILI-concern,Unchanged,Ketamine,CNC1(c2ccccc2Cl)CCCCC1=O,CHEMBL742,,237.73,2.9,0.0,B,DILI (likely),DILI,"Hepatitis, CYP, Cholestasis/Biliary",less,,ketamine hydrochloride,DILImap_metadata,CNC1(c2ccccc2Cl)CCCCC1=O,,,True,CNC1(c2ccccc2Cl)CCCCC1=O,YQEZLKZALYSWHR-UHFFFAOYSA-N,O=C1CCCCC1c1ccccc1,1.0,1.0,0.0,237.7299999999999,16.0,13.0,0.0,29.1,2.897800000000001,1.0,2.0,2.0,2.0,0.46153846153846156,True,,Less-DILI-Concern,less,False,,,
LT00111,Ketoconazole,8,Box warning,vMost-DILI-concern,Unchanged,Ketoconazole,CC(=O)N1CCN(c2ccc(OCC3COC(Cn4ccnc4)(c4ccc(Cl)cc4Cl)O3)cc2)CC1,CHEMBL157101,65277-42-1,531.44,4.21,0.0,A,DILI (withdrawn),DILI,"Hepatitis, CYP, Oxidative stress, Cholestasis/Biliary",most,1.0,ketoconazole,DILImap_metadata,CC(=O)N1CCN(c2ccc(OCC3COC(Cn4ccnc4)(c4ccc(Cl)cc4Cl)O3)cc2)CC1,,,True,CC(=O)N1CCN(c2ccc(OCC3COC(Cn4ccnc4)(c4ccc(Cl)cc4Cl)O3)cc2)CC1,XMAYWYJOQHXEEK-UHFFFAOYSA-N,c1ccc(C2(Cn3ccnc3)OCC(COc3ccc(N4CCNCC4)cc3)O2)cc1,1.0,1.0,0.0,531.4399999999999,36.0,26.0,0.0,69.06,4.205800000000003,0.0,6.0,7.0,5.0,0.38461538461538464,True,,Most-DILI-Concern,most,False,11.2902706634584,,
LT00023,Ketoprofen,3,Warnings & precautions,vLess-DILI-concern,Unchanged,Ketoprofen,CC(C(=O)O)c1cccc(C(=O)c2ccccc2)c1,CHEMBL571,22071-15-4,254.29,3.11,0.0,C,DILI (few cases),,"Cholestasis/Biliary, Immune-mediated, Hypersensitivity, likely idiosyncratic",less,,ketoprofen,DILImap_metadata,CC(C(=O)O)c1cccc(C(=O)c2ccccc2)c1,,,True,CC(C(=O)O)c1cccc(C(=O)c2ccccc2)c1,DKYWVDODHFEZIM-UHFFFAOYSA-N,O=C(c1ccccc1)c1ccccc1,1.0,1.0,0.0,254.285,19.0,16.0,0.0,54.37,3.1057000000000015,1.0,2.0,4.0,2.0,0.125,True,,Less-DILI-Concern,less,False,27.3745111558976,,
LT00204,Ketorolac tromethamine,3,Warnings & precautions,vLess-DILI-concern,Unchanged,Ketorolac,O=C(c1ccccc1)c1ccc2n1CCC2C(=O)O,CHEMBL469,74103-06-3,255.27,2.29,0.0,E*,No DILI (unlikely),,,less,,ketorolac tromethamine,DILImap_metadata,O=C(c1ccccc1)c1ccc2n1CCC2C(=O)O,,,True,O=C(c1ccccc1)c1ccc2n1CCC2C(=O)O,OZWKMVRBQXNZKK-UHFFFAOYSA-N,O=C(c1ccccc1)c1ccc2n1CCC2,1.0,1.0,0.0,255.27299999999997,19.0,15.0,0.0,59.3,2.291,1.0,2.0,3.0,3.0,0.2,True,,Less-DILI-Concern,less,False,,,
LT00112,Labetalol hydrochloride,8,Warnings & precautions,vMost-DILI-concern,Unchanged,Labetalol,CC(CCc1ccccc1)NCC(O)c1ccc(O)c(C(N)=O)c1,CHEMBL429,32780-64-6,328.41,2.14,0.0,C,DILI (likely),DILI,"Hepatitis, Immune-mediated, Hypersensitivity, idiosyncratic",most,1.0,labetalol hydrochloride,DILImap_metadata,CC(CCc1ccccc1)NCC(O)c1ccc(O)c(C(N)=O)c1,,,True,CC(CCc1ccccc1)NCC(O)c1ccc(O)c(C(N)=O)c1,SGUAFYQXFOLMHL-UHFFFAOYSA-N,c1ccc(CCCNCCc2ccccc2)cc1,1.0,1.0,0.0,328.4120000000001,24.0,19.0,0.0,95.57999999999998,2.1353999999999997,4.0,4.0,8.0,2.0,0.3157894736842105,True,,Most-DILI-Concern,most,False,,,
LT00660,Lacosamide,3,Warnings & precautions,Ambiguous-DILI-concern,Unchanged,Lacosamide,COC[C@@H](NC(C)=O)C(=O)NCc1ccccc1,CHEMBL58323,,250.3,0.45,0.0,D,DILI (few cases),,"Hepatitis, CYP, Immune-mediated",ambiguous,,lacosamide,DILImap_metadata,COC[C@@H](NC(C)=O)C(=O)NCc1ccccc1,,,True,COC[C@@H](NC(C)=O)C(=O)NCc1ccccc1,VPPJLAIAVCUEMN-GFCCVEGCSA-N,c1ccccc1,1.0,1.0,0.0,250.298,18.0,13.0,0.0,67.42999999999999,0.4539000000000007,2.0,3.0,6.0,1.0,0.38461538461538464,True,,Ambiguous DILI-concern,ambiguous,False,,,
LT02745,Lactitol,0,No match,vNo-DILI-concern,New,,,,,,,,,,,,no,0.0,lactitol,,C([C@@H]1[C@@H]([C@@H]([C@H]([C@@H](O1)O[C@H]([C@@H](CO)O)[C@@H]([C@H](CO)O)O)O)O)O)O,157355.0,VQHSOMBJVWLPSR-JVCRWLNRSA-N,True,OC[C@@H](O)[C@@H](O[C@@H]1O[C@H](CO)[C@H](O)[C@H](O)[C@H]1O)[C@H](O)[C@@H](O)CO,VQHSOMBJVWLPSR-JVCRWLNRSA-N,C1CCOCC1,1.0,1.0,0.0,344.313,23.0,12.0,0.0,200.52999999999997,-5.7611999999999925,9.0,11.0,8.0,1.0,1.0,True,,,other,False,,,PubChem_name_property
LT00886,Lactulose,0,No match,vNo-DILI-concern,Unchanged,Lactulose,OC[C@H]1O[C@@H](O[C@@H]2[C@@H](CO)O[C@](O)(CO)[C@H]2O)[C@H](O)[C@@H](O)[C@H]1O,CHEMBL296306,4618-18-2,342.3,-5.4,0.0,,No DILI,No DILI,,no,0.0,lactulose,DILImap_metadata,OC[C@H]1O[C@@H](O[C@@H]2[C@@H](CO)O[C@](O)(CO)[C@H]2O)[C@H](O)[C@@H](O)[C@H]1O,,,True,OC[C@H]1O[C@@H](O[C@@H]2[C@@H](CO)O[C@](O)(CO)[C@H]2O)[C@H](O)[C@@H](O)[C@H]1O,JCQLYHFGKNRPGE-FCVZTGTOSA-N,C1CCC(OC2CCOC2)OC1,1.0,1.0,0.0,342.29699999999997,23.0,12.0,0.0,189.52999999999997,-5.395599999999993,8.0,11.0,5.0,2.0,1.0,True,,No-DILI-Concern,no,True,9.02716914986853,,
LT00569,Lamivudine,3,Warnings & precautions,vLess-DILI-concern,Unchanged,Lamivudine,Nc1ccn([C@@H]2CS[C@H](CO)O2)c(=O)n1,CHEMBL141,134678-17-4,229.26,-0.59,1.0,E,No DILI (unlikely),,,less,,lamivudine,DILImap_metadata,Nc1ccn([C@@H]2CS[C@H](CO)O2)c(=O)n1,,,True,Nc1ccn([C@@H]2CS[C@H](CO)O2)c(=O)n1,JTEGQNOMFQHVDC-NKWVEPMBSA-N,O=c1ncccn1C1CSCO1,1.0,1.0,0.0,229.261,15.0,8.0,0.0,90.36999999999999,-0.5941000000000001,2.0,6.0,2.0,2.0,0.5,True,,Less-DILI-Concern,less,False,7.1,,
LT01481,Lamotrigine,7,Warnings & precautions,vMost-DILI-concern,Unchanged,Lamotrigine,Nc1nnc(-c2cccc(Cl)c2Cl)c(N)n1,CHEMBL741,84057-84-1,256.1,2.01,0.0,B,DILI (likely),DILI,"Hepatitis, Necrosis, Cholestasis/Biliary, Immune-mediated, Hypersensitivity Syndrome",most,1.0,lamotrigine,DILImap_metadata,Nc1nnc(-c2cccc(Cl)c2Cl)c(N)n1,,,True,Nc1nnc(-c2cccc(Cl)c2Cl)c(N)n1,PYZRQGJRPPTADH-UHFFFAOYSA-N,c1ccc(-c2cncnn2)cc1,1.0,1.0,0.0,256.09599999999995,16.0,9.0,0.0,90.71,2.0098,2.0,5.0,1.0,2.0,0.0,True,,Most-DILI-Concern,most,False,10.5665570871291,,
LT00617,Lanreotide acetate,2,Adverse reactions,Ambiguous-DILI-concern,Unchanged,Lanreotide acetate,,,2378114-72-6,,,,,,,,ambiguous,,lanreotide acetate,,CC(C)[C@@H]1NC(=O)[C@H](CCCCN)NC(=O)[C@@H](Cc2c[nH]c3ccccc23)NC(=O)[C@H](Cc2ccc(O)cc2)NC(=O)[C@@H](NC(=O)[C@H](N)Cc2ccc3ccccc3c2)CSSC[C@@H](C(=O)N[C@H](C(N)=O)[C@@H](C)O)NC1=O,,,True,CC(C)[C@@H]1NC(=O)[C@H](CCCCN)NC(=O)[C@@H](Cc2c[nH]c3ccccc23)NC(=O)[C@H](Cc2ccc(O)cc2)NC(=O)[C@@H](NC(=O)[C@H](N)Cc2ccc3ccccc3c2)CSSC[C@@H](C(=O)N[C@H](C(N)=O)[C@@H](C)O)NC1=O,PUDHBTGHUJUUFI-SCTWWAJVSA-N,O=C1CNC(=O)CNC(=O)C(Cc2c[nH]c3ccccc23)NC(=O)C(Cc2ccccc2)NC(=O)C(NC(=O)CCc2ccc3ccccc3c2)CSSCCN1,1.0,1.0,0.0,1096.3469999999998,77.0,54.0,0.0,355.0799999999999,0.8216000000000108,13.0,14.0,17.0,6.0,0.4074074074074074,False,mw_above_1000,Ambiguous DILI-concern,ambiguous,False,,DILImap_metadata_offline,
LT00307,Lansoprazole,3,Adverse reactions,vLess-DILI-concern,Unchanged,Lansoprazole,Cc1c(OCC(F)(F)F)ccnc1C[S+]([O-])c1nc2ccccc2[nH]1,CHEMBL480,103577-45-3,369.37,3.52,0.0,C,DILI (few cases),,"CYP, Hypersensitivity",less,,lansoprazole,DILImap_metadata,Cc1c(OCC(F)(F)F)ccnc1C[S+]([O-])c1nc2ccccc2[nH]1,,,True,Cc1c(OCC(F)(F)F)ccnc1C[S+]([O-])c1nc2ccccc2[nH]1,MJIHNNLFOKEZEW-UHFFFAOYSA-N,c1ccc(C[SH+]c2nc3ccccc3[nH]2)nc1,1.0,1.0,0.0,369.3680000000001,25.0,16.0,0.0,73.86,3.515220000000001,1.0,4.0,5.0,3.0,0.25,True,,Less-DILI-Concern,less,False,2.37727806806183,,
LT00493,Lanthanum carbonate,0,No match,vNo-DILI-concern,Unchanged,Lanthanum carbonate,,CHEMBL2096647,,457.84,,0.0,,No DILI,No DILI,,no,0.0,lanthanum carbonate,,C(=O)([O-])[O-].C(=O)([O-])[O-].C(=O)([O-])[O-].[La+3].[La+3],168924.0,NZPIUJUFIFZSPW-UHFFFAOYSA-H,True,O=C(O)O,BVKZGUZCCUSVTD-UHFFFAOYSA-N,,5.0,0.2857142857142857,0.0,62.02400000000001,4.0,1.0,0.0,57.53,0.2224,2.0,1.0,0.0,0.0,0.0,True,,No-DILI-Concern,no,False,,,PubChem_name_property
LT02204,Lapatinib ditosylate,8,Box warning,vMost-DILI-concern,Unchanged,Lapatinib,CS(=O)(=O)CCNCc1ccc(-c2ccc3ncnc(Nc4ccc(OCc5cccc(F)c5)c(Cl)c4)c3c2)o1,CHEMBL554,388082-77-7,581.07,6.14,0.0,B,DILI (likely),DILI,"CYP, Immune-mediated, Hypersensitivity",most,1.0,lapatinib ditosylate,DILImap_metadata,CS(=O)(=O)CCNCc1ccc(-c2ccc3ncnc(Nc4ccc(OCc5cccc(F)c5)c(Cl)c4)c3c2)o1,,,True,CS(=O)(=O)CCNCc1ccc(-c2ccc3ncnc(Nc4ccc(OCc5cccc(F)c5)c(Cl)c4)c3c2)o1,BCFGMOOMADDAQU-UHFFFAOYSA-N,c1ccc(COc2ccc(Nc3ncnc4ccc(-c5ccco5)cc34)cc2)cc1,1.0,1.0,0.0,581.0690000000002,40.0,29.0,0.0,106.35000000000001,6.139100000000005,2.0,8.0,11.0,5.0,0.1724137931034483,True,,Most-DILI-Concern,most,False,,,
LT02907,Laronidase,4,Adverse reactions,Ambiguous-DILI-concern,Unchanged,Laronidase,,CHEMBL1201595,,,,0.0,E,No DILI,No DILI,,ambiguous,,laronidase,,,,,False,,,,,,,,,,,,,,,,,,False,missing_structure,Ambiguous DILI-concern,ambiguous,False,,,
LT03698,Larotrectinib sulfate,3,Warnings & precautions,Ambiguous-DILI-concern,New,,,,,,,,,,,,ambiguous,,larotrectinib sulfate,,C1C[C@@H](N(C1)C2=NC3=C(C=NN3C=C2)NC(=O)N4CC[C@@H](C4)O)C5=C(C=CC(=C5)F)F.OS(=O)(=O)O,67330085.0,PXHANKVTFWSDSG-QLOBERJESA-N,True,O=C(Nc1cnn2ccc(N3CCC[C@@H]3c3cc(F)ccc3F)nc12)N1CC[C@H](O)C1,NYNZQNWKBKUAII-KBXCAEBGSA-N,O=C(Nc1cnn2ccc(N3CCCC3c3ccccc3)nc12)N1CCCC1,2.0,0.8611111111111112,0.0,428.4430000000002,31.0,21.0,0.0,86.00000000000001,2.9475000000000016,2.0,5.0,3.0,5.0,0.38095238095238093,True,,,other,False,,,PubChem_name_property
LT03699,Lasmiditan succinate,0,No match,vNo-DILI-concern,New,,,,,,,,,,,,no,0.0,lasmiditan succinate,,CN1CCC(CC1)C(=O)C2=NC(=CC=C2)NC(=O)C3=C(C=C(C=C3F)F)F.CN1CCC(CC1)C(=O)C2=NC(=CC=C2)NC(=O)C3=C(C=C(C=C3F)F)F.C(CC(=O)O)C(=O)O,46927777.0,MSOIHUHNGPOCTH-UHFFFAOYSA-N,True,CN1CCC(C(=O)c2cccc(NC(=O)c3c(F)cc(F)cc3F)n2)CC1,XEDHVZKDSYZQBF-UHFFFAOYSA-N,O=C(Nc1cccc(C(=O)C2CCNCC2)n1)c1ccccc1,3.0,0.43548387096774194,0.0,377.3660000000001,27.0,19.0,0.0,62.300000000000004,3.2757000000000014,1.0,4.0,4.0,3.0,0.3157894736842105,True,,,other,False,,,PubChem_name_property
LT00933,L-Cysteine,3,Warnings & precautions,Ambiguous-DILI-concern,Unchanged,L-cysteine,N[C@@H](CS)C(=O)O,CHEMBL863,52-89-1,121.16,-0.67,0.0,,,,,ambiguous,,l cysteine,DILImap_metadata,N[C@@H](CS)C(=O)O,,,True,N[C@@H](CS)C(=O)O,XUJNEKJLAYXESH-REOHCLBHSA-N,,1.0,1.0,0.0,121.16099999999997,7.0,3.0,0.0,63.32000000000001,-0.6719000000000002,3.0,3.0,2.0,0.0,0.6666666666666666,True,,Ambiguous DILI-concern,ambiguous,False,,,
LT03852,Lefamulin acetate,3,Adverse reactions,Ambiguous-DILI-concern,New,,,,,,,,,,,,ambiguous,,lefamulin acetate,,C[C@@H]1CC[C@@]23CCC(=O)[C@H]2[C@@]1([C@@H](C[C@@]([C@H]([C@@H]3C)O)(C)C=C)OC(=O)CS[C@@H]4CC[C@H](C[C@H]4O)N)C.CC(=O)O,86346053.0,WSMXIQXWHPSVDE-ZPJPNJFZSA-N,True,C=C[C@]1(C)C[C@@H](OC(=O)CS[C@@H]2CC[C@@H](N)C[C@H]2O)[C@]2(C)[C@H](C)CC[C@]3(CCC(=O)[C@H]32)[C@@H](C)[C@@H]1O,KPVIXBKIJXZQJX-FCEONZPQSA-N,O=C(CSC1CCCCC1)OC1CCCCC23CCCC1C2C(=O)CC3,2.0,0.8974358974358975,0.0,507.73700000000036,35.0,28.0,0.0,109.85,3.8668000000000022,3.0,7.0,5.0,4.0,0.8571428571428571,True,,,other,False,,,PubChem_name_property
LT00113,Leflunomide,8,Box warning,vMost-DILI-concern,Unchanged,Leflunomide,Cc1oncc1C(=O)Nc1ccc(C(F)(F)F)cc1,CHEMBL960,75706-12-6,270.21,3.25,1.0,B,DILI (likely),DILI,"Hepatitis, CYP, Cholestasis/Biliary, Hypersensitivity",most,1.0,leflunomide,DILImap_metadata,Cc1oncc1C(=O)Nc1ccc(C(F)(F)F)cc1,,,True,Cc1oncc1C(=O)Nc1ccc(C(F)(F)F)cc1,VHOGYURTWQBHIL-UHFFFAOYSA-N,O=C(Nc1ccccc1)c1cnoc1,1.0,1.0,0.0,270.21,19.0,12.0,0.0,55.13,3.2541200000000012,1.0,3.0,2.0,2.0,0.16666666666666666,True,,Most-DILI-Concern,most,False,130.0,,
LT03700,Lemborexant,0,No match,vNo-DILI-concern,New,,,,,,,,,,,,no,0.0,lemborexant,,CC1=NC(=NC=C1OC[C@]2(C[C@H]2C(=O)NC3=NC=C(C=C3)F)C4=CC(=CC=C4)F)C,56944144.0,MUGXRYIUWFITCP-PGRDOPGGSA-N,True,Cc1ncc(OC[C@@]2(c3cccc(F)c3)C[C@H]2C(=O)Nc2ccc(F)cn2)c(C)n1,MUGXRYIUWFITCP-PGRDOPGGSA-N,O=C(Nc1ccccn1)C1CC1(COc1cncnc1)c1ccccc1,1.0,1.0,0.0,410.42400000000004,30.0,22.0,0.0,77.0,3.742040000000002,1.0,5.0,6.0,4.0,0.2727272727272727,True,,,other,False,,,PubChem_name_property
LT01238,Lenalidomide,3,Warnings & precautions,vLess-DILI-concern,Unchanged,Lenalidomide,Nc1cccc2c1CN(C1CCC(=O)NC1=O)C2=O,CHEMBL848,191732-72-6,259.26,0.03,0.0,C,DILI (few cases),,"Hepatitis, Necrosis, Cholestasis/Biliary, Steatosis, Immune-mediated, Hypersensitivity",less,,lenalidomide,DILImap_metadata,Nc1cccc2c1CN(C1CCC(=O)NC1=O)C2=O,,,True,Nc1cccc2c1CN(C1CCC(=O)NC1=O)C2=O,GOTYRUGSSMKFNF-UHFFFAOYSA-N,O=C1CCC(N2Cc3ccccc3C2=O)C(=O)N1,1.0,1.0,0.0,259.265,19.0,13.0,0.0,92.5,0.029799999999999882,2.0,4.0,1.0,3.0,0.3076923076923077,True,,Less-DILI-Concern,less,False,1.67051993245406,,
LT03616,Lenvatinib mesylate,7,Warnings & precautions,Ambiguous-DILI-concern,New,,,,,,,,,,,,ambiguous,,lenvatinib mesylate,,COC1=CC2=NC=CC(=C2C=C1C(=O)N)OC3=CC(=C(C=C3)NC(=O)NC4CC4)Cl.CS(=O)(=O)O,11237762.0,HWLFIUUAYLEFCT-UHFFFAOYSA-N,True,COc1cc2nccc(Oc3ccc(NC(=O)NC4CC4)c(Cl)c3)c2cc1C(N)=O,WOSKHXYHFSIKNG-UHFFFAOYSA-N,O=C(Nc1ccc(Oc2ccnc3ccccc23)cc1)NC1CC1,2.0,0.8571428571428571,0.0,426.8600000000001,30.0,21.0,0.0,115.57,4.071900000000001,3.0,5.0,6.0,4.0,0.19047619047619047,True,,,other,False,,,PubChem_name_property
LT01013,Lepirudin,3,Adverse reactions,Ambiguous-DILI-concern,Unchanged,Lepirudin,,CHEMBL1201666,,,,0.0,,,,,ambiguous,,lepirudin,,CC[C@H](C)[C@H]1C(=O)N[C@H](C(=O)NCC(=O)N[C@H](C(=O)N[C@H](C(=O)NCC(=O)N[C@H](C(=O)N[C@H](C(=O)N[C@H](C(=O)N[C@H](C(=O)N[C@@H](CSSC[C@H]2C(=O)NCC(=O)N[C@H](C(=O)NCC(=O)N[C@H](C(=O)N[C@H](C(=O)N[C@@H](CSSC[C@@H](C(=O)N[C@H](C(=O)NCC(=O)N[C@H](C(=O)N[C@H](C(=O)N[C@H](C(=O)N2)C(C)C)CC(=O)N)CO)CCC(=O)O)NC(=O)[C@H](CC(C)C)NC(=O)[C@@H]3CSSC[C@@H](C(=O)N[C@H](C(=O)N[C@H](C(=O)N[C@H](C(=O)NCC(=O)N[C@H](C(=O)N[C@H](C(=O)N[C@H](C(=O)N3)CC(C)C)CC(=O)N)CCC(=O)N)CO)CCC(=O)O)[C@@H](C)O)NC(=O)[C@H](CC(=O)O)NC(=O)[C@H]([C@@H](C)O)NC(=O)[C@H](CC4=CC=C(C=C4)O)NC(=O)[C@H]([C@@H](C)O)NC(=O)[C@H](CC(C)C)N)C(=O)N1)CCCCN)CC(=O)N)CCC(=O)N)C(=O)N[C@@H](C(C)C)C(=O)N[C@@H]([C@@H](C)O)C(=O)NCC(=O)N[C@@H](CCC(=O)O)C(=O)NCC(=O)N[C@@H]([C@@H](C)O)C(=O)N5CCC[C@H]5C(=O)N[C@@H](CCCCN)C(=O)N6CCC[C@H]6C(=O)N[C@@H](CCC(=O)N)C(=O)N[C@@H](CO)C(=O)N[C@@H](CC7=CNC=N7)C(=O)N[C@@H](CC(=O)N)C(=O)N[C@@H](CC(=O)O)C(=O)NCC(=O)N[C@@H](CC(=O)O)C(=O)N[C@@H](CC8=CC=CC=C8)C(=O)N[C@@H](CCC(=O)O)C(=O)N[C@@H](CCC(=O)O)C(=O)N[C@@H]([C@@H](C)CC)C(=O)N9CCC[C@H]9C(=O)N[C@@H](CCC(=O)O)C(=O)N[C@@H](CCC(=O)O)C(=O)N[C@@H](CC1=CC=C(C=C1)O)C(=O)N[C@@H](CC(C)C)C(=O)N[C@@H](CCC(=O)N)C(=O)O)CCC(=O)N)CC(=O)N)CCCCN)CCC(=O)O)CC(=O)O)CO)CC(C)C,118856773.0,FIBJDTSHOUXTKV-BRHMIFOHSA-N,True,CC[C@H](C)[C@@H]1NC(=O)[C@@H]2CSSC[C@H](NC(=O)[C@H](CC(C)C)NC(=O)[C@@H]3CSSC[C@H](NC(=O)[C@H](CC(=O)O)NC(=O)[C@@H](NC(=O)[C@H](Cc4ccc(O)cc4)NC(=O)[C@@H](NC(=O)[C@@H](N)CC(C)C)[C@@H](C)O)[C@@H](C)O)C(=O)N[C@@H]([C@@H](C)O)C(=O)N[C@@H](CCC(=O)O)C(=O)N[C@@H](CO)C(=O)NCC(=O)N[C@@H](CCC(N)=O)C(=O)N[C@@H](CC(N)=O)C(=O)N[C@@H](CC(C)C)C(=O)N3)C(=O)N[C@@H](CCC(=O)O)C(=O)NCC(=O)N[C@@H](CO)C(=O)N[C@@H](CC(N)=O)C(=O)N[C@@H](C(C)C)C(=O)N[C@@H](CSSC[C@@H](C(=O)N[C@H](C(=O)N[C@H](C(=O)NCC(=O)N[C@@H](CCC(=O)O)C(=O)NCC(=O)N[C@H](C(=O)N3CCC[C@H]3C(=O)N[C@@H](CCCCN)C(=O)N3CCC[C@H]3C(=O)N[C@@H](CCC(N)=O)C(=O)N[C@@H](CO)C(=O)N[C@@H](Cc3c[nH]cn3)C(=O)N[C@@H](CC(N)=O)C(=O)N[C@@H](CC(=O)O)C(=O)NCC(=O)N[C@@H](CC(=O)O)C(=O)N[C@@H](Cc3ccccc3)C(=O)N[C@@H](CCC(=O)O)C(=O)N[C@@H](CCC(=O)O)C(=O)N[C@H](C(=O)N3CCC[C@H]3C(=O)N[C@@H](CCC(=O)O)C(=O)N[C@@H](CCC(=O)O)C(=O)N[C@@H](Cc3ccc(O)cc3)C(=O)N[C@@H](CC(C)C)C(=O)N[C@@H](CCC(N)=O)C(=O)O)[C@@H](C)CC)[C@@H](C)O)[C@@H](C)O)C(C)C)NC(=O)[C@H](CCC(N)=O)NC(=O)[C@H](CC(N)=O)NC(=O)[C@H](CCCCN)NC(=O)[C@H](CCC(=O)O)NC(=O)CNC(=O)[C@H](CC(=O)O)NC(=O)[C@H](CO)NC(=O)CNC(=O)[C@H](CC(C)C)NC1=O)C(=O)NCC(=O)N[C@@H](CCC(N)=O)C(=O)NCC(=O)N[C@@H](CC(N)=O)C(=O)N[C@@H](CCCCN)C(=O)N2,FIBJDTSHOUXTKV-BRHMIFOHSA-N,O=C(CCc1ccccc1)NCC(=O)NCC(=O)NC1CSSCC(C(=O)NCC(=O)NC2CSSCC3NC(=O)CNC(=O)CNC(=O)CNC(=O)CNC(=O)CNC(=O)C(CSSCC(C(=O)NCC(=O)NCC(=O)NCC(=O)NCC(=O)NCC(=O)NCC(=O)N4CCCC4C(=O)NCC(=O)N4CCCC4C(=O)NCC(=O)NCC(=O)NC(Cc4c[nH]cn4)C(=O)NCC(=O)NCC(=O)NCC(=O)NCC(=O)NC(Cc4ccccc4)C(=O)NCC(=O)NCC(=O)NCC(=O)N4CCCC4C(=O)NCC(=O)NCC(=O)NCCc4ccccc4)NC(=O)CNC(=O)CNC(=O)CNC(=O)CNC(=O)CNC(=O)CNC(=O)CNC(=O)CNC(=O)CNC(=O)CNC3=O)NC(=O)CNC(=O)CNC(=O)CNC(=O)CNC(=O)CNC2=O)NC(=O)CNC(=O)CNC(=O)CNC(=O)CNC(=O)CNC(=O)CNC(=O)CNC1=O,1.0,1.0,0.0,6979.527999999986,484.0,287.0,0.0,3107.1200000000053,-41.666599999999555,100.0,109.0,166.0,10.0,0.6236933797909407,False,mw_above_1000;heavy_atoms_above_80;structure_too_large,Ambiguous DILI-concern,ambiguous,False,,,PubChem_name_property
LT03701,Letermovir,0,No match,vLess-DILI-concern,New,,,,,,,,,,,,less,,letermovir,,COC1=C(C=C(C=C1)C(F)(F)F)N2[C@H](C3=C(C(=CC=C3)F)N=C2N4CCN(CC4)C5=CC(=CC=C5)OC)CC(=O)O,45138674.0,FWYSMLBETOMXAG-QHCPKHFHSA-N,True,COc1cccc(N2CCN(C3=Nc4c(F)cccc4[C@H](CC(=O)O)N3c3cc(C(F)(F)F)ccc3OC)CC2)c1,FWYSMLBETOMXAG-QHCPKHFHSA-N,c1ccc(N2CCN(C3=Nc4ccccc4CN3c3ccccc3)CC2)cc1,1.0,1.0,0.0,572.5590000000002,41.0,29.0,0.0,77.84,5.707400000000007,1.0,7.0,6.0,5.0,0.3103448275862069,True,,,other,False,,,PubChem_name_property
LT00572,Letrozole,2,Warnings & precautions,vLess-DILI-concern,Unchanged,Letrozole,N#Cc1ccc(C(c2ccc(C#N)cc2)n2cncn2)cc1,CHEMBL1444,112809-51-5,285.31,2.66,0.0,D,DILI (few cases),,"Hepatitis, CYP, Cholestasis/Biliary, Steatosis, Cirrhosis, Immune-mediated",less,,letrozole,DILImap_metadata,N#Cc1ccc(C(c2ccc(C#N)cc2)n2cncn2)cc1,,,True,N#Cc1ccc(C(c2ccc(C#N)cc2)n2cncn2)cc1,HPJKCIUCZWXJDR-UHFFFAOYSA-N,c1ccc(C(c2ccccc2)n2cncn2)cc1,1.0,1.0,0.0,285.31,22.0,17.0,0.0,78.29,2.65916,0.0,4.0,3.0,3.0,0.058823529411764705,True,,Less-DILI-Concern,less,False,,,
LT02192,Leucovorin calcium,0,No match,vNo-DILI-concern,Unchanged,Leucovorin,Nc1nc(=O)c2c([nH]1)NCC(CNc1ccc(C(=O)N[C@@H](CCC(=O)O)C(=O)O)cc1)N2C=O,CHEMBL1679,6035-45-6,473.45,-0.73,0.0,E,No DILI,No DILI,,no,0.0,leucovorin calcium,DILImap_metadata,Nc1nc(=O)c2c([nH]1)NCC(CNc1ccc(C(=O)N[C@@H](CCC(=O)O)C(=O)O)cc1)N2C=O,,,True,Nc1nc(=O)c2c([nH]1)NCC(CNc1ccc(C(=O)N[C@@H](CCC(=O)O)C(=O)O)cc1)N2C=O,VVIAGPKUTFNRDU-ABLWVSNPSA-N,O=c1nc[nH]c2c1NC(CNc1ccccc1)CN2,1.0,1.0,0.0,473.4460000000002,34.0,20.0,0.0,219.83999999999997,-0.7310999999999974,7.0,9.0,10.0,3.0,0.3,True,,No-DILI-Concern,no,False,,,
LT02019,Leuprolide acetate,3,Adverse reactions,vLess-DILI-concern,Unchanged,Leuprolide,CCNC(=O)[C@@H]1CCCN1C(=O)[C@H](CCCNC(=N)N)NC(=O)[C@H](CC(C)C)NC(=O)[C@@H](CC(C)C)NC(=O)[C@H](Cc1ccc(O)cc1)NC(=O)[C@H](CO)NC(=O)[C@H](Cc1c[nH]c2ccccc12)NC(=O)[C@H](Cc1c[nH]cn1)NC(=O)[C@@H]1CCC(=O)N1,CHEMBL1201199,,1209.42,,0.0,E,No DILI (unlikely),,,less,,leuprolide acetate,DILImap_metadata,CCNC(=O)[C@@H]1CCCN1C(=O)[C@H](CCCNC(=N)N)NC(=O)[C@H](CC(C)C)NC(=O)[C@@H](CC(C)C)NC(=O)[C@H](Cc1ccc(O)cc1)NC(=O)[C@H](CO)NC(=O)[C@H](Cc1c[nH]c2ccccc12)NC(=O)[C@H](Cc1c[nH]cn1)NC(=O)[C@@H]1CCC(=O)N1,,,True,CCNC(=O)[C@@H]1CCCN1C(=O)[C@H](CCCNC(=N)N)NC(=O)[C@H](CC(C)C)NC(=O)[C@@H](CC(C)C)NC(=O)[C@H](Cc1ccc(O)cc1)NC(=O)[C@H](CO)NC(=O)[C@H](Cc1c[nH]c2ccccc12)NC(=O)[C@H](Cc1c[nH]cn1)NC(=O)[C@@H]1CCC(=O)N1,GFIJNRVAKGFPGQ-LIJARHBVSA-N,O=C(CNC(=O)CNC(=O)C(Cc1ccccc1)NC(=O)CNC(=O)C(Cc1c[nH]c2ccccc12)NC(=O)C(Cc1c[nH]cn1)NC(=O)C1CCC(=O)N1)NCC(=O)N1CCCC1,1.0,1.0,0.0,1209.4210000000003,87.0,59.0,0.0,429.03999999999985,-1.2284300000000077,16.0,14.0,32.0,6.0,0.5254237288135594,False,mw_above_1000;heavy_atoms_above_80,Less-DILI-Concern,less,False,,,
LT03702,Levamlodipine maleate,5,Adverse reactions,Ambiguous-DILI-concern,New,,,,,,,,,,,,ambiguous,,levamlodipine maleate,,CCOC(=O)C1=C(NC(=C([C@@H]1C2=CC=CC=C2Cl)C(=O)OC)C)COCCN.C(=C\C(=O)O)\C(=O)O,69165622.0,TZNOWAJJWCGILX-HNUXRKMMSA-N,True,CCOC(=O)C1=C(COCCN)NC(C)=C(C(=O)OC)[C@@H]1c1ccccc1Cl,HTIQEAQVCYTUBX-KRWDZBQOSA-N,C1=CC(c2ccccc2)C=CN1,2.0,0.7777777777777778,0.0,408.88200000000035,28.0,20.0,0.0,99.88,2.2663,2.0,7.0,8.0,2.0,0.4,True,,,other,False,,,PubChem_name_property
LT01059,Levetiracetam,8,Adverse reactions,vLess-DILI-concern,Unchanged,Levetiracetam,CC[C@@H](C(N)=O)N1CCCC1=O,CHEMBL1286,102767-28-2,170.21,-0.13,0.0,C,DILI (few cases),,"CYP, Immune-mediated, Hypersensitivity",less,,levetiracetam,DILImap_metadata,CC[C@@H](C(N)=O)N1CCCC1=O,,,True,CC[C@@H](C(N)=O)N1CCCC1=O,HPHUVLMMVZITSG-LURJTMIESA-N,O=C1CCCN1,1.0,1.0,0.0,170.212,12.0,8.0,0.0,63.400000000000006,-0.12729999999999997,1.0,2.0,3.0,1.0,0.75,True,,Less-DILI-Concern,less,False,235.0038188,,
LT01486,Levocarnitine,0,No match,vNo-DILI-concern,Unchanged,L-carnitine,,,541-15-1,,,,,No DILI,No DILI,,no,0.0,levocarnitine,,C[N+](C)(C)C[C@@H](CC(=O)[O-])O,10917.0,PHIQHXFUZVPYII-ZCFIWIBFSA-N,True,C[N+](C)(C)C[C@H](O)CC(=O)[O-],PHIQHXFUZVPYII-ZCFIWIBFSA-N,,1.0,1.0,0.0,161.201,11.0,7.0,0.0,60.36,-1.8064999999999976,1.0,3.0,4.0,0.0,0.8571428571428571,True,,No-DILI-Concern,no,False,,,PubChem_name_property
LT00600,Levocetirizine dihydrochloride,4,Adverse reactions,vLess-DILI-concern,Unchanged,Levocetirizine dihydrochloride,,,130018-87-0,,,,,,,,less,,levocetirizine dihydrochloride,,O=C(O)COCCN1CCN([C@H](c2ccccc2)c2ccc(Cl)cc2)CC1,,,True,O=C(O)COCCN1CCN([C@H](c2ccccc2)c2ccc(Cl)cc2)CC1,ZKLPARSLTMPFCP-OAQYLSRUSA-N,c1ccc(C(c2ccccc2)N2CCNCC2)cc1,1.0,1.0,0.0,388.8950000000002,27.0,21.0,0.0,53.010000000000005,3.148200000000002,1.0,4.0,8.0,3.0,0.38095238095238093,True,,Less-DILI-Concern,less,False,,DILImap_metadata_offline,
LT01488,Levofloxacin,8,Warnings & precautions,vMost-DILI-concern,Unchanged,Levofloxacin,C[C@H]1COc2c(N3CCN(C)CC3)c(F)cc3c(=O)c(C(=O)O)cn1c23,CHEMBL33,100986-85-4,361.37,1.54,0.0,A,DILI (known),DILI,"Hepatitis, Cholestasis/Biliary, Immune-mediated, Hypersensitivity",most,1.0,levofloxacin,DILImap_metadata,C[C@H]1COc2c(N3CCN(C)CC3)c(F)cc3c(=O)c(C(=O)O)cn1c23,,,True,C[C@H]1COc2c(N3CCN(C)CC3)c(F)cc3c(=O)c(C(=O)O)cn1c23,GSDSWSVVBLHKDQ-JTQLQIEISA-N,O=c1ccn2c3c(c(N4CCNCC4)ccc13)OCC2,1.0,1.0,0.0,361.37300000000005,26.0,18.0,0.0,75.00999999999999,1.5439999999999998,1.0,5.0,2.0,4.0,0.4444444444444444,True,,Most-DILI-Concern,most,False,,,
LT02437,Levoleucovorin,0,No match,vNo-DILI-concern,Unchanged,Levoleucovorin,Nc1nc(=O)c2c([nH]1)NC[C@H](CNc1ccc(C(=O)N[C@@H](CCC(=O)O)C(=O)O)cc1)N2C=O,CHEMBL1908841,80433-71-2,473.45,-0.73,0.0,,No DILI,No DILI,,no,0.0,levoleucovorin,DILImap_metadata,Nc1nc(=O)c2c([nH]1)NC[C@H](CNc1ccc(C(=O)N[C@@H](CCC(=O)O)C(=O)O)cc1)N2C=O,,,True,Nc1nc(=O)c2c([nH]1)NC[C@H](CNc1ccc(C(=O)N[C@@H](CCC(=O)O)C(=O)O)cc1)N2C=O,VVIAGPKUTFNRDU-STQMWFEESA-N,O=c1nc[nH]c2c1NC(CNc1ccccc1)CN2,1.0,1.0,0.0,473.4460000000002,34.0,20.0,0.0,219.83999999999997,-0.7310999999999974,7.0,9.0,10.0,3.0,0.3,True,,No-DILI-Concern,no,False,,,
LT02442,Levomefolate calcium,0,No match,vNo-DILI-concern,Unchanged,Levomefolate calcium,,,,,,,,No DILI,No DILI,,no,0.0,levomefolate calcium,,CN1[C@H](CNC2=C1C(=O)NC(=N2)N)CNC3=CC=C(C=C3)C(=O)N[C@@H](CCC(=O)[O-])C(=O)[O-].[Ca+2],135564391.0,VWBBRFHSPXRJQD-QNTKWALQSA-L,True,CN1c2c(nc(N)[nH]c2=O)NC[C@@H]1CNc1ccc(C(=O)N[C@@H](CCC(=O)O)C(=O)O)cc1,ZNOVTXRBGFNYRX-STQMWFEESA-N,O=c1[nH]cnc2c1NC(CNc1ccccc1)CN2,2.0,0.9705882352941176,0.0,459.46300000000025,33.0,20.0,0.0,202.76999999999998,-0.257699999999999,7.0,9.0,9.0,3.0,0.35,True,,No-DILI-Concern,no,False,,,PubChem_name_property
LT01489,Levonorgestrel,0,No match,vNo-DILI-concern,Unchanged,Levonorgestrel,C#C[C@]1(O)CC[C@H]2[C@@H]3CCC4=CC(=O)CC[C@@H]4[C@H]3CC[C@@]21CC,CHEMBL1389,797-63-7,312.45,3.88,0.0,E,No DILI,No DILI,,no,0.0,levonorgestrel,DILImap_metadata,C#C[C@]1(O)CC[C@H]2[C@@H]3CCC4=CC(=O)CC[C@@H]4[C@H]3CC[C@@]21CC,,,True,C#C[C@]1(O)CC[C@H]2[C@@H]3CCC4=CC(=O)CC[C@@H]4[C@H]3CC[C@@]21CC,WWYNJERNGUHSAO-XUDSTZEESA-N,O=C1C=C2CCC3C4CCCC4CCC3C2CC1,1.0,1.0,0.0,312.4530000000001,23.0,21.0,0.0,37.3,3.8826000000000036,1.0,2.0,1.0,4.0,0.7619047619047619,True,,No-DILI-Concern,no,False,0.0518482957273163,,
LT00752,Levorphanol tartrate,0,No match,vNo-DILI-concern,Unchanged,Levorphanol,CN1CC[C@]23CCCC[C@H]2[C@H]1Cc1ccc(O)cc13,CHEMBL592,,257.38,3.08,0.0,E,No DILI,No DILI,,no,0.0,levorphanol tartrate,DILImap_metadata,CN1CC[C@]23CCCC[C@H]2[C@H]1Cc1ccc(O)cc13,,,True,CN1CC[C@]23CCCC[C@H]2[C@H]1Cc1ccc(O)cc13,JAQUASYNZVUNQP-USXIJHARSA-N,c1ccc2c(c1)CC1NCCC23CCCCC13,1.0,1.0,0.0,257.377,19.0,17.0,0.0,23.47,3.080400000000002,1.0,2.0,0.0,4.0,0.6470588235294118,True,,No-DILI-Concern,no,False,,,
LT01072,Levothyroxine sodium,3,Adverse reactions,vLess-DILI-concern,Unchanged,Levothyroxine,N[C@@H](Cc1cc(I)c(Oc2cc(I)c(O)c(I)c2)c(I)c1)C(=O)O,CHEMBL1624,55-03-8,776.87,4.56,0.0,E,No DILI (unlikely),,,less,,levothyroxine sodium,DILImap_metadata,N[C@@H](Cc1cc(I)c(Oc2cc(I)c(O)c(I)c2)c(I)c1)C(=O)O,,,True,N[C@@H](Cc1cc(I)c(Oc2cc(I)c(O)c(I)c2)c(I)c1)C(=O)O,XUIIKFGFIJCVMT-LBPRGKRZSA-N,c1ccc(Oc2ccccc2)cc1,1.0,1.0,0.0,776.8720000000001,24.0,15.0,0.0,92.78000000000002,4.5573000000000015,3.0,4.0,5.0,2.0,0.13333333333333333,True,,Less-DILI-Concern,less,False,,,
LT00482,L-glutamine,3,Adverse reactions,Ambiguous-DILI-concern,Unchanged,L-glutamine,NC(=O)CC[C@H](N)C(=O)O,CHEMBL930,2490-97-3,146.15,-1.34,0.0,E,No DILI,No DILI,,ambiguous,,l glutamine,DILImap_metadata,NC(=O)CC[C@H](N)C(=O)O,,,True,NC(=O)CC[C@H](N)C(=O)O,ZDXPYRJPNDTMRX-VKHMYHEASA-N,,1.0,1.0,0.0,146.14600000000002,10.0,5.0,0.0,106.41000000000001,-1.3361999999999998,3.0,3.0,4.0,0.0,0.6,True,,Ambiguous DILI-concern,ambiguous,False,,,
LT01905,Lidocaine,0,No match,vNo-DILI-concern,Unchanged,Lidocaine,CCN(CC)CC(=O)Nc1c(C)cccc1C,CHEMBL79,137-58-6,234.34,2.58,0.0,E,No DILI,No DILI,,no,0.0,lidocaine,DILImap_metadata,CCN(CC)CC(=O)Nc1c(C)cccc1C,,,True,CCN(CC)CC(=O)Nc1c(C)cccc1C,NNJVILVZKWQKPM-UHFFFAOYSA-N,c1ccccc1,1.0,1.0,0.0,234.343,17.0,14.0,0.0,32.34,2.5837400000000006,1.0,2.0,5.0,1.0,0.5,True,,No-DILI-Concern,no,False,,,
LT02412,Linaclotide,0,No match,vNo-DILI-concern,New,,,,,,,,,,,,no,0.0,linaclotide,,C[C@H]1C(=O)N[C@H]2CSSC[C@H]3C(=O)N[C@H](C(=O)N[C@H](C(=O)N[C@@H](CSSC[C@H](NC(=O)CNC(=O)[C@@H](NC2=O)[C@@H](C)O)C(=O)N[C@@H](CC4=CC=C(C=C4)O)C(=O)O)C(=O)N[C@@H](CSSC[C@@H](C(=O)N3)N)C(=O)N[C@H](C(=O)N5CCC[C@H]5C(=O)N1)CC(=O)N)CC6=CC=C(C=C6)O)CCC(=O)O,16158208.0,KXGCNMMJRFDFNR-WDRJZQOASA-N,True,C[C@@H]1NC(=O)[C@@H]2CCCN2C(=O)[C@H](CC(N)=O)NC(=O)[C@@H]2CSSC[C@H](N)C(=O)N[C@H]3CSSC[C@H](NC1=O)C(=O)N[C@@H]([C@@H](C)O)C(=O)NCC(=O)N[C@H](C(=O)N[C@@H](Cc1ccc(O)cc1)C(=O)O)CSSC[C@H](NC(=O)[C@H](Cc1ccc(O)cc1)NC(=O)[C@H](CCC(=O)O)NC3=O)C(=O)N2,KXGCNMMJRFDFNR-WDRJZQOASA-N,O=C1CNC(=O)C2CSSCC3NC(=O)CCSSCC(NC(=O)C(CSSCC(C(=O)NCCc4ccccc4)NC(=O)CN1)NC(=O)C(Cc1ccccc1)NC(=O)CNC3=O)C(=O)NCC(=O)N1CCCC1C(=O)NCC(=O)N2,1.0,1.0,0.0,1526.767000000001,101.0,59.0,0.0,573.91,-5.939200000000026,19.0,26.0,13.0,6.0,0.5254237288135594,False,mw_above_1000;heavy_atoms_above_80,,other,False,,,PubChem_name_property
LT02445,Linagliptin,0,No match,vLess-DILI-concern,New,,,,,,,,,,,,less,,linagliptin,,CC#CCN1C2=C(N=C1N3CCC[C@H](C3)N)N(C(=O)N(C2=O)CC4=NC5=CC=CC=C5C(=N4)C)C,10096344.0,LTXREWYXXSTFRX-QGZVFWFLSA-N,True,CC#CCn1c(N2CCC[C@@H](N)C2)nc2c1c(=O)n(Cc1nc(C)c3ccccc3n1)c(=O)n2C,LTXREWYXXSTFRX-QGZVFWFLSA-N,O=c1[nH]c2nc(N3CCCCC3)[nH]c2c(=O)n1Cc1ncc2ccccc2n1,1.0,1.0,0.0,472.5530000000002,35.0,25.0,0.0,116.85999999999999,1.1474200000000006,1.0,7.0,4.0,5.0,0.4,True,,,other,False,,,PubChem_name_property
LT01491,Lincomycin hydrochloride,3,Warnings & precautions,Ambiguous-DILI-concern,Unchanged,Lincomycin,CCC[C@@H]1C[C@@H](C(=O)N[C@@H]([C@H]2O[C@H](SC)[C@H](O)[C@@H](O)[C@H]2O)[C@@H](C)O)N(C)C1,CHEMBL1447,859-18-7,406.55,-0.86,0.0,,,,,ambiguous,,lincomycin hydrochloride,DILImap_metadata,CCC[C@@H]1C[C@@H](C(=O)N[C@@H]([C@H]2O[C@H](SC)[C@H](O)[C@@H](O)[C@H]2O)[C@@H](C)O)N(C)C1,,,True,CCC[C@@H]1C[C@@H](C(=O)N[C@@H]([C@H]2O[C@H](SC)[C@H](O)[C@@H](O)[C@H]2O)[C@@H](C)O)N(C)C1,OJMMVQQUTAEWLP-KIDUDLJLSA-N,O=C(NCC1CCCCO1)C1CCCN1,1.0,1.0,0.0,406.54500000000013,27.0,18.0,0.0,122.49000000000001,-0.856999999999998,5.0,8.0,7.0,2.0,0.9444444444444444,True,,Ambiguous DILI-concern,ambiguous,False,,,
LT01077,Linezolid,3,Adverse reactions,vLess-DILI-concern,Unchanged,Linezolid,CC(=O)NC[C@H]1CN(c2ccc(N3CCOCC3)c(F)c2)C(=O)O1,CHEMBL126,165800-03-3,337.35,1.12,0.0,A,DILI (likely),DILI,"Mitochondrial dysfunction, Steatosis, Lactic acidosis, Hypersensitivity",less,,linezolid,DILImap_metadata,CC(=O)NC[C@H]1CN(c2ccc(N3CCOCC3)c(F)c2)C(=O)O1,,,True,CC(=O)NC[C@H]1CN(c2ccc(N3CCOCC3)c(F)c2)C(=O)O1,TYZROVQLWOKYKF-ZDUSSCGKSA-N,O=C1OCCN1c1ccc(N2CCOCC2)cc1,1.0,1.0,0.0,337.35100000000006,24.0,16.0,0.0,71.11,1.1235999999999997,1.0,5.0,4.0,3.0,0.5,True,,Less-DILI-Concern,less,False,,,
LT00783,Liothyronine sodium,0,No match,vNo-DILI-concern,Unchanged,Liothyronine,N[C@@H](Cc1cc(I)c(Oc2ccc(O)c(I)c2)c(I)c1)C(=O)O,CHEMBL1544,55-06-1,650.98,3.95,0.0,E,No DILI,No DILI,,no,0.0,liothyronine sodium,DILImap_metadata,N[C@@H](Cc1cc(I)c(Oc2ccc(O)c(I)c2)c(I)c1)C(=O)O,,,True,N[C@@H](Cc1cc(I)c(Oc2ccc(O)c(I)c2)c(I)c1)C(=O)O,AUYYCJSJGJYCDS-LBPRGKRZSA-N,c1ccc(Oc2ccccc2)cc1,1.0,1.0,0.0,650.9760000000001,23.0,15.0,0.0,92.78000000000002,3.952700000000001,3.0,4.0,5.0,2.0,0.13333333333333333,True,,No-DILI-Concern,no,False,,,
LT01268,Liraglutide,4,Adverse reactions,vLess-DILI-concern,New,,,,,,,,,,,,less,,liraglutide,,CCCCCCCCCCCCCCCC(=O)N[C@@H](CCC(=O)NCCCC[C@H](NC(=O)[C@H](C)NC(=O)[C@H](C)NC(=O)[C@H](CCC(N)=O)NC(=O)CNC(=O)[C@H](CCC(=O)O)NC(=O)[C@H](CC(C)C)NC(=O)[C@H](Cc1ccc(O)cc1)NC(=O)[C@H](CO)NC(=O)[C@H](CO)NC(=O)[C@@H](NC(=O)[C@H](CC(=O)O)NC(=O)[C@H](CO)NC(=O)[C@@H](NC(=O)[C@H](Cc1ccccc1)NC(=O)[C@@H](NC(=O)CNC(=O)[C@H](CCC(=O)O)NC(=O)[C@H](C)NC(=O)[C@@H](N)Cc1cnc[nH]1)[C@@H](C)O)[C@@H](C)O)C(C)C)C(=O)N[C@@H](CCC(=O)O)C(=O)N[C@@H](Cc1ccccc1)C(=O)N[C@H](C(=O)N[C@@H](C)C(=O)N[C@@H](Cc1c[nH]c2ccccc12)C(=O)N[C@@H](CC(C)C)C(=O)N[C@H](C(=O)N[C@@H](CCCNC(=N)N)C(=O)NCC(=O)N[C@@H](CCCNC(=N)N)C(=O)NCC(=O)O)C(C)C)[C@@H](C)CC)C(=O)O,,,True,CCCCCCCCCCCCCCCC(=O)N[C@@H](CCC(=O)NCCCC[C@H](NC(=O)[C@H](C)NC(=O)[C@H](C)NC(=O)[C@H](CCC(N)=O)NC(=O)CNC(=O)[C@H](CCC(=O)O)NC(=O)[C@H](CC(C)C)NC(=O)[C@H](Cc1ccc(O)cc1)NC(=O)[C@H](CO)NC(=O)[C@H](CO)NC(=O)[C@@H](NC(=O)[C@H](CC(=O)O)NC(=O)[C@H](CO)NC(=O)[C@@H](NC(=O)[C@H](Cc1ccccc1)NC(=O)[C@@H](NC(=O)CNC(=O)[C@H](CCC(=O)O)NC(=O)[C@H](C)NC(=O)[C@@H](N)Cc1cnc[nH]1)[C@@H](C)O)[C@@H](C)O)C(C)C)C(=O)N[C@@H](CCC(=O)O)C(=O)N[C@@H](Cc1ccccc1)C(=O)N[C@H](C(=O)N[C@@H](C)C(=O)N[C@@H](Cc1c[nH]c2ccccc12)C(=O)N[C@@H](CC(C)C)C(=O)N[C@H](C(=O)N[C@@H](CCCNC(=N)N)C(=O)NCC(=O)N[C@@H](CCCNC(=N)N)C(=O)NCC(=O)O)C(C)C)[C@@H](C)CC)C(=O)O,YSDQQAXHVYUZIW-QCIJIYAXSA-N,O=C(CCc1cnc[nH]1)NCC(=O)NCC(=O)NCC(=O)NCC(=O)NC(Cc1ccccc1)C(=O)NCC(=O)NCC(=O)NCC(=O)NCC(=O)NCC(=O)NCC(=O)NC(Cc1ccccc1)C(=O)NCC(=O)NCC(=O)NCC(=O)NCC(=O)NCC(=O)NCC(=O)NCC(=O)NCC(=O)NC(Cc1ccccc1)C(=O)NCC(=O)NCC(=O)NCCc1c[nH]c2ccccc12,1.0,1.0,0.0,3751.261999999986,266.0,172.0,0.0,1513.759999999999,-10.161660000000168,54.0,49.0,130.0,6.0,0.5930232558139535,False,mw_above_1000;heavy_atoms_above_80;structure_too_large,,other,False,,DILImap_metadata_offline,
LT00571,Lisdexamfetamine dimesylate,3,Adverse reactions,Ambiguous-DILI-concern,Unchanged,Lisdexamfetamine,C[C@@H](Cc1ccccc1)NC(=O)[C@@H](N)CCCCN,CHEMBL1201222,,263.38,1.19,1.0,A [HD],DILI (likely),DILI,,ambiguous,,lisdexamfetamine dimesylate,DILImap_metadata,C[C@@H](Cc1ccccc1)NC(=O)[C@@H](N)CCCCN,,,True,C[C@@H](Cc1ccccc1)NC(=O)[C@@H](N)CCCCN,VOBHXZCDAVEXEY-JSGCOSHPSA-N,c1ccccc1,1.0,1.0,0.0,263.38499999999993,19.0,15.0,0.0,81.14,1.1901,3.0,3.0,8.0,1.0,0.5333333333333333,True,,Ambiguous DILI-concern,ambiguous,False,,,
LT01492,Lisinopril,3,Adverse reactions,vLess-DILI-concern,Unchanged,Lisinopril,NCCCC[C@H](N[C@@H](CCc1ccccc1)C(=O)O)C(=O)N1CCC[C@H]1C(=O)O,CHEMBL1237,83915-83-7,405.5,1.24,0.0,B,DILI (likely),DILI,"Cholestasis/Biliary, Immune-mediated, Hypersensitivity",less,,lisinopril,DILImap_metadata,NCCCC[C@H](N[C@@H](CCc1ccccc1)C(=O)O)C(=O)N1CCC[C@H]1C(=O)O,,,True,NCCCC[C@H](N[C@@H](CCc1ccccc1)C(=O)O)C(=O)N1CCC[C@H]1C(=O)O,RLAWWYSOJDYHDC-BZSNNMDCSA-N,O=C(CNCCCc1ccccc1)N1CCCC1,1.0,1.0,0.0,405.49500000000023,29.0,21.0,0.0,132.95999999999998,1.2352000000000007,4.0,5.0,12.0,2.0,0.5714285714285714,True,,Less-DILI-Concern,less,False,,,
LT01776,Lofexidine hydrochloride,0,No match,vNo-DILI-concern,New,,,,,,,,,,,,no,0.0,lofexidine hydrochloride,,CC(C1=NCCN1)OC2=C(C=CC=C2Cl)Cl.Cl,30667.0,DWWHMKBNNNZGHF-UHFFFAOYSA-N,True,CC(Oc1c(Cl)cccc1Cl)C1=NCCN1,KSMAGQUYOIHWFS-UHFFFAOYSA-N,c1ccc(OCC2=NCCN2)cc1,2.0,0.9411764705882353,0.0,259.136,16.0,11.0,0.0,33.620000000000005,2.7624000000000013,1.0,3.0,3.0,2.0,0.36363636363636365,True,,,other,False,,,PubChem_name_property
LT00574,Lomefloxacin hydrochloride,4,Adverse reactions,Ambiguous-DILI-concern,Unchanged,Lomefloxacin,CCn1cc(C(=O)O)c(=O)c2cc(F)c(N3CCNC(C)C3)c(F)c21,CHEMBL561,98079-51-7,351.35,1.8,0.0,,,,,ambiguous,,lomefloxacin hydrochloride,DILImap_metadata,CCn1cc(C(=O)O)c(=O)c2cc(F)c(N3CCNC(C)C3)c(F)c21,,,True,CCn1cc(C(=O)O)c(=O)c2cc(F)c(N3CCNC(C)C3)c(F)c21,ZEKZLJVOYLTDKK-UHFFFAOYSA-N,O=c1cc[nH]c2cc(N3CCNCC3)ccc12,1.0,1.0,0.0,351.353,25.0,17.0,0.0,74.57000000000001,1.7959,2.0,4.0,3.0,3.0,0.4117647058823529,True,,Ambiguous DILI-concern,ambiguous,False,,,
LT02398,Lomitapide mesylate,3,Box warning,vMost-DILI-concern,New,,,,,,,,,,,,most,1.0,lomitapide mesylate,,O=C(NC1CCN(CCCCC2(C(=O)NCC(F)(F)F)c3ccccc3-c3ccccc32)CC1)c1ccccc1-c1ccc(C(F)(F)F)cc1,,,True,O=C(NC1CCN(CCCCC2(C(=O)NCC(F)(F)F)c3ccccc3-c3ccccc32)CC1)c1ccccc1-c1ccc(C(F)(F)F)cc1,MBBCVAKAJPKAKM-UHFFFAOYSA-N,O=C(NC1CCN(CCCCC2c3ccccc3-c3ccccc32)CC1)c1ccccc1-c1ccccc1,1.0,1.0,0.0,693.7320000000003,50.0,39.0,0.0,61.440000000000005,8.382100000000005,2.0,3.0,10.0,6.0,0.3333333333333333,True,,,other,False,,DILImap_metadata_offline,
LT00575,Lomustine,3,Warnings & precautions,vLess-DILI-concern,Unchanged,Lomustine,O=NN(CCCl)C(=O)NC1CCCCC1,CHEMBL514,13010-47-4,233.7,2.25,0.0,D,DILI (few cases),,"Necrosis, CYP, Cholestasis/Biliary, Sinusoidal, idiosyncratic",less,,lomustine,DILImap_metadata,O=NN(CCCl)C(=O)NC1CCCCC1,,,True,O=NN(CCCl)C(=O)NC1CCCCC1,GQYIWUVLTXOXAJ-UHFFFAOYSA-N,C1CCCCC1,1.0,1.0,0.0,233.69899999999996,15.0,9.0,0.0,61.77,2.2509000000000006,1.0,3.0,4.0,1.0,0.8888888888888888,True,,Less-DILI-Concern,less,False,7.87334189131365,,
LT03703,Lonafarnib,3,Warnings & precautions,Ambiguous-DILI-concern,New,,,,,,,,,,,,ambiguous,,lonafarnib,,C1CN(CCC1CC(=O)N2CCC(CC2)[C@@H]3C4=C(CCC5=C3N=CC(=C5)Br)C=C(C=C4Br)Cl)C(=O)N,148195.0,DHMTURDWPRKSOA-RUZDIDTESA-N,True,NC(=O)N1CCC(CC(=O)N2CCC([C@H]3c4ncc(Br)cc4CCc4cc(Cl)cc(Br)c43)CC2)CC1,DHMTURDWPRKSOA-RUZDIDTESA-N,O=C(CC1CCNCC1)N1CCC(C2c3ccccc3CCc3cccnc32)CC1,1.0,1.0,0.0,638.832,36.0,27.0,0.0,79.53,5.909900000000007,1.0,3.0,3.0,5.0,0.5185185185185185,True,,,other,False,,,PubChem_name_property
LT02087,Loperamide hydrochloride,0,No match,vNo-DILI-concern,Unchanged,Loperamide,CN(C)C(=O)C(CCN1CCC(O)(c2ccc(Cl)cc2)CC1)(c1ccccc1)c1ccccc1,CHEMBL841,34552-83-5,477.05,5.09,0.0,E,No DILI,No DILI,,no,0.0,loperamide hydrochloride,DILImap_metadata,CN(C)C(=O)C(CCN1CCC(O)(c2ccc(Cl)cc2)CC1)(c1ccccc1)c1ccccc1,,,True,CN(C)C(=O)C(CCN1CCC(O)(c2ccc(Cl)cc2)CC1)(c1ccccc1)c1ccccc1,RDOIQAHITMMDAJ-UHFFFAOYSA-N,c1ccc(C2CCN(CCC(c3ccccc3)c3ccccc3)CC2)cc1,1.0,1.0,0.0,477.0480000000002,34.0,29.0,0.0,43.78,5.088000000000005,1.0,3.0,7.0,4.0,0.3448275862068966,True,,No-DILI-Concern,no,False,,,
LT01497,Loracarbef,3,Adverse reactions,vLess-DILI-concern,Unchanged,Loracarbef,N[C@@H](C(=O)N[C@@H]1C(=O)N2C(C(=O)O)=C(Cl)CC[C@H]12)c1ccccc1,CHEMBL1013,,349.77,0.71,0.0,,,,,less,,loracarbef,DILImap_metadata,N[C@@H](C(=O)N[C@@H]1C(=O)N2C(C(=O)O)=C(Cl)CC[C@H]12)c1ccccc1,,,True,N[C@@H](C(=O)N[C@@H]1C(=O)N2C(C(=O)O)=C(Cl)CC[C@H]12)c1ccccc1,JAPHQRWPEGVNBT-UTUOFQBUSA-N,O=C(Cc1ccccc1)NC1C(=O)N2C=CCCC12,1.0,1.0,0.0,349.77400000000006,24.0,16.0,0.0,112.73,0.7108000000000003,3.0,4.0,4.0,3.0,0.3125,True,,Less-DILI-Concern,less,False,,,
LT01498,Loratadine,0,No match,vNo-DILI-concern,Unchanged,Loratadine,CCOC(=O)N1CCC(=C2c3ccc(Cl)cc3CCc3cccnc32)CC1,CHEMBL998,79794-75-5,382.89,4.89,1.0,E*,No DILI,No DILI,,no,0.0,loratadine,DILImap_metadata,CCOC(=O)N1CCC(=C2c3ccc(Cl)cc3CCc3cccnc32)CC1,,,True,CCOC(=O)N1CCC(=C2c3ccc(Cl)cc3CCc3cccnc32)CC1,JCCNYMKQOSZNPW-UHFFFAOYSA-N,c1ccc2c(c1)CCc1cccnc1C2=C1CCNCC1,1.0,1.0,0.0,382.89100000000025,27.0,22.0,0.0,42.43,4.887800000000005,0.0,3.0,1.0,4.0,0.36363636363636365,True,,No-DILI-Concern,no,False,0.0511171615868787,,
LT00181,Lorazepam,3,Warnings & precautions,vLess-DILI-concern,Revised,Lorazepam,O=C1Nc2ccc(Cl)cc2C(c2ccccc2Cl)=NC1O,CHEMBL580,,321.16,3.1,0.0,E,No DILI,No DILI,,less,,lorazepam,DILImap_metadata,O=C1Nc2ccc(Cl)cc2C(c2ccccc2Cl)=NC1O,,,True,O=C1Nc2ccc(Cl)cc2C(c2ccccc2Cl)=NC1O,DIWRORZWFLOCLC-UHFFFAOYSA-N,O=C1CN=C(c2ccccc2)c2ccccc2N1,1.0,1.0,0.0,321.163,21.0,15.0,0.0,61.69,3.1013000000000015,2.0,3.0,1.0,3.0,0.06666666666666667,True,,Ambiguous DILI-concern,ambiguous,False,,,
LT03704,Lorlatinib,3,Adverse reactions,Ambiguous-DILI-concern,New,,,,,,,,,,,,ambiguous,,lorlatinib,,C[C@@H]1C2=C(C=CC(=C2)F)C(=O)N(CC3=NN(C(=C3C4=CC(=C(N=C4)N)O1)C#N)C)C,71731823.0,IIXWYSCJSQVBQM-LLVKDONJSA-N,True,C[C@H]1Oc2cc(cnc2N)-c2c(nn(C)c2C#N)CN(C)C(=O)c2ccc(F)cc21,IIXWYSCJSQVBQM-LLVKDONJSA-N,O=C1NCc2n[nH]cc2-c2cncc(c2)OCc2ccccc21,1.0,1.0,0.0,406.4210000000001,30.0,21.0,0.0,110.06,2.8006800000000016,1.0,6.0,0.0,4.0,0.23809523809523808,True,,,other,False,,,PubChem_name_property
LT01499,Losartan potassium,4,Adverse reactions,vLess-DILI-concern,Unchanged,Losartan,CCCCc1nc(Cl)c(CO)n1Cc1ccc(-c2ccccc2-c2nnn[nH]2)cc1,CHEMBL191,124750-99-8,422.92,4.27,0.0,C,DILI (few cases),,"Hepatitis, CYP, Cholestasis/Biliary, Steatosis, Immune-mediated, Hypersensitivity, idiosyncratic",less,,losartan potassium,DILImap_metadata,CCCCc1nc(Cl)c(CO)n1Cc1ccc(-c2ccccc2-c2nnn[nH]2)cc1,,,True,CCCCc1nc(Cl)c(CO)n1Cc1ccc(-c2ccccc2-c2nnn[nH]2)cc1,PSIFNNKUMBGKDQ-UHFFFAOYSA-N,c1ccc(-c2nnn[nH]2)c(-c2ccc(Cn3ccnc3)cc2)c1,1.0,1.0,0.0,422.9200000000001,30.0,22.0,0.0,92.50999999999999,4.2668000000000035,2.0,5.0,8.0,4.0,0.2727272727272727,True,,Less-DILI-Concern,less,False,,,
LT00576,Lovastatin,3,Warnings & precautions,vLess-DILI-concern,Unchanged,Lovastatin,CC[C@H](C)C(=O)O[C@H]1C[C@@H](C)C=C2C=C[C@H](C)[C@H](CC[C@@H]3C[C@@H](O)CC(=O)O3)[C@H]21,CHEMBL503,75330-75-5,404.55,4.2,1.0,B,DILI (likely),DILI,"CYP, Cholestasis/Biliary, Immune-mediated",less,,lovastatin,DILImap_metadata,CC[C@H](C)C(=O)O[C@H]1C[C@@H](C)C=C2C=C[C@H](C)[C@H](CC[C@@H]3C[C@@H](O)CC(=O)O3)[C@H]21,,,True,CC[C@H](C)C(=O)O[C@H]1C[C@@H](C)C=C2C=C[C@H](C)[C@H](CC[C@@H]3C[C@@H](O)CC(=O)O3)[C@H]21,PCZOHLXUXFIOCF-BXMDZJJMSA-N,O=C1CCCC(CCC2CC=CC3=CCCCC32)O1,1.0,1.0,0.0,404.54700000000025,29.0,24.0,0.0,72.83,4.195500000000004,1.0,5.0,6.0,3.0,0.75,True,,Less-DILI-Concern,less,False,,,
LT01501,Loxapine succinate,5,Adverse reactions,Ambiguous-DILI-concern,Unchanged,Loxapine,CN1CCN(C2=Nc3ccccc3Oc3ccc(Cl)cc32)CC1,CHEMBL831,27833-64-3,327.81,3.77,0.0,D,DILI (few cases),,"CYP, Immune-mediated, Hypersensitivity",ambiguous,,loxapine succinate,DILImap_metadata,CN1CCN(C2=Nc3ccccc3Oc3ccc(Cl)cc32)CC1,,,True,CN1CCN(C2=Nc3ccccc3Oc3ccc(Cl)cc32)CC1,XJGVXQDUIWGIRW-UHFFFAOYSA-N,c1ccc2c(c1)N=C(N1CCNCC1)c1ccccc1O2,1.0,1.0,0.0,327.8150000000001,23.0,18.0,0.0,28.07,3.7714000000000025,0.0,4.0,0.0,4.0,0.2777777777777778,True,,Ambiguous DILI-concern,ambiguous,False,,,
LT01240,Lubiprostone,0,No match,vNo-DILI-concern,Unchanged,Lubiprostone,CCCCC(F)(F)[C@@]1(O)CC[C@H]2[C@@H](CC(=O)[C@@H]2CCCCCCC(=O)O)O1,CHEMBL1201134,136790-76-6,390.47,4.31,0.0,E,No DILI,No DILI,,no,0.0,lubiprostone,DILImap_metadata,CCCCC(F)(F)[C@@]1(O)CC[C@H]2[C@@H](CC(=O)[C@@H]2CCCCCCC(=O)O)O1,,,True,CCCCC(F)(F)[C@@]1(O)CC[C@H]2[C@@H](CC(=O)[C@@H]2CCCCCCC(=O)O)O1,WGFOBBZOWHGYQH-MXHNKVEKSA-N,O=C1CC2CCCOC2C1,1.0,1.0,0.0,390.4670000000003,27.0,20.0,0.0,83.83,4.309900000000003,2.0,4.0,11.0,2.0,0.9,True,,No-DILI-Concern,no,True,0.0001062821727661,,
LT03705,Lumasiran sodium,0,No match,vNo-DILI-concern,New,,,,,,,,,,,,no,0.0,lumasiran sodium,,,,,False,,,,,,,,,,,,,,,,,,False,missing_structure,,other,False,,,
LT03706,Lumateperone tosylate,3,Adverse reactions,Ambiguous-DILI-concern,New,,,,,,,,,,,,ambiguous,,lumateperone tosylate,,CC1=CC=C(C=C1)S(=O)(=O)O.CN1CCN2[C@H]3CCN(C[C@H]3C4=C2C1=CC=C4)CCCC(=O)C5=CC=C(C=C5)F,44241743.0,LHAPOGAFBLSJJQ-GUTACTQSSA-N,True,CN1CCN2c3c(cccc31)[C@@H]1CN(CCCC(=O)c3ccc(F)cc3)CC[C@@H]12,HOIIHACBCFLJET-SFTDATJTSA-N,O=C(CCCN1CCC2C(C1)c1cccc3c1N2CCN3)c1ccccc1,2.0,0.725,0.0,393.50600000000014,29.0,24.0,0.0,26.79,3.9165000000000028,0.0,4.0,5.0,5.0,0.4583333333333333,True,,,other,False,,,PubChem_name_property
LT00686,Lumiracoxib,8,Withdrawn,vMost-DILI-concern,Unchanged,Lumiracoxib,Cc1ccc(Nc2c(F)cccc2Cl)c(CC(=O)O)c1,CHEMBL404108,220991-20-8,293.73,4.16,0.0,,DILI (withdrawn),DILI,,most,1.0,lumiracoxib,DILImap_metadata,Cc1ccc(Nc2c(F)cccc2Cl)c(CC(=O)O)c1,,,True,Cc1ccc(Nc2c(F)cccc2Cl)c(CC(=O)O)c1,KHPKQFYUPIUARC-UHFFFAOYSA-N,c1ccc(Nc2ccccc2)cc1,1.0,1.0,0.0,293.725,20.0,15.0,0.0,49.33,4.158220000000002,2.0,2.0,4.0,2.0,0.13333333333333333,True,,Most-DILI-Concern,most,True,23.985,,
LT02411,Lurasidone hydrochloride,0,No match,vNo-DILI-concern,New,,,,,,,,,,,,no,0.0,lurasidone hydrochloride,,C1CC[C@H]([C@@H](C1)CN2CCN(CC2)C3=NSC4=CC=CC=C43)CN5C(=O)[C@H]6[C@@H]7CC[C@@H](C7)[C@H]6C5=O.Cl,11237860.0,NEKCRUIRPWNMLK-SCIYSFAVSA-N,True,O=C1[C@@H]2[C@H]3CC[C@H](C3)[C@@H]2C(=O)N1C[C@@H]1CCCC[C@H]1CN1CCN(c2nsc3ccccc23)CC1,PQXKDMSYBGKCJA-CVTJIBDQSA-N,O=C1C2C3CCC(C3)C2C(=O)N1CC1CCCCC1CN1CCN(c2nsc3ccccc23)CC1,2.0,0.9722222222222222,0.0,492.6890000000003,35.0,28.0,0.0,56.75,4.255800000000003,0.0,6.0,5.0,7.0,0.6785714285714286,True,,,other,False,,,PubChem_name_property
LT03707,Lurbinectedin,3,Warnings & precautions,Ambiguous-DILI-concern,New,,,,,,,,,,,,ambiguous,,lurbinectedin,,CC1=CC2=C([C@@H]3[C@@H]4[C@H]5C6=C(C(=C7C(=C6[C@@H](N4[C@H]([C@H](C2)N3C)O)COC(=O)[C@@]8(CS5)C9=C(CCN8)C2=C(N9)C=CC(=C2)OC)OCO7)C)OC(=O)C)C(=C1OC)O,57327016.0,YDDMIZRDDREKEP-HWTBNCOESA-N,True,COc1ccc2[nH]c3c(c2c1)CCN[C@]31CS[C@@H]2c3c(OC(C)=O)c(C)c4c(c3[C@H](COC1=O)N1[C@@H]2[C@H]2c3c(cc(C)c(OC)c3O)C[C@@H]([C@@H]1O)N2C)OCO4,YDDMIZRDDREKEP-HWTBNCOESA-N,O=C1OCC2c3c(ccc4c3OCO4)C(SCC13NCCc1c3[nH]c3ccccc13)C1C3NC(Cc4ccccc43)CN21,1.0,1.0,0.0,784.8880000000003,56.0,41.0,0.0,164.27999999999997,4.188940000000003,4.0,14.0,3.0,11.0,0.4634146341463415,True,,,other,False,,,PubChem_name_property
LT03708,Lusutrombopag,0,No match,vNo-DILI-concern,New,,,,,,,,,,,,no,0.0,lusutrombopag,,CCCCCCO[C@@H](C)C1=CC=CC(=C1OC)C2=CSC(=N2)NC(=O)C3=CC(=C(C(=C3)Cl)/C=C(\C)/C(=O)O)Cl,49843517.0,NOZIJMHMKORZBA-KJCUYJGMSA-N,True,CCCCCCO[C@@H](C)c1cccc(-c2csc(NC(=O)c3cc(Cl)c(/C=C(\C)C(=O)O)c(Cl)c3)n2)c1OC,NOZIJMHMKORZBA-KJCUYJGMSA-N,O=C(Nc1nc(-c2ccccc2)cs1)c1ccccc1,1.0,1.0,0.0,591.5570000000002,39.0,29.0,0.0,97.75000000000001,8.523600000000005,2.0,6.0,13.0,3.0,0.3448275862068966,True,,,other,False,,,PubChem_name_property
LT03912,Lutetium lu 177 dotatate,6,Warnings & precautions,Ambiguous-DILI-concern,New,,,,,,,,,,,,ambiguous,,lutetium lu 177 dotatate,,C[C@H]([C@H]1C(=O)N[C@@H](CSSC[C@@H](C(=O)N[C@H](C(=O)N[C@@H](C(=O)N[C@H](C(=O)N1)CCCCN)CC2=CNC3=CC=CC=C32)CC4=CC=C(C=C4)O)NC(=O)[C@@H](CC5=CC=CC=C5)NC(=O)CN6CCN(CCN(CCN(CC6)CC(=O)[O-])CC(=O)[O-])CC(=O)[O-])C(=O)N[C@@H]([C@@H](C)O)C(=O)O)O.[177Lu+3],76966897.0,MXDPZUIOZWKRAA-PRDSJKGBSA-K,True,C[C@@H](O)[C@H](NC(=O)[C@@H]1CSSC[C@H](NC(=O)[C@@H](Cc2ccccc2)NC(=O)CN2CCN(CC(=O)O)CCN(CC(=O)O)CCN(CC(=O)O)CC2)C(=O)N[C@@H](Cc2ccc(O)cc2)C(=O)N[C@H](Cc2c[nH]c3ccccc23)C(=O)N[C@@H](CCCCN)C(=O)N[C@@H]([C@@H](C)O)C(=O)N1)C(=O)O,QVFLVLMYXXNJDT-CSBVGUNJSA-N,O=C1CNC(=O)CNC(=O)C(Cc2c[nH]c3ccccc23)NC(=O)C(Cc2ccccc2)NC(=O)C(NC(=O)C(Cc2ccccc2)NC(=O)CN2CCNCCNCCNCC2)CSSCCN1,2.0,0.9900990099009901,0.0,1435.6480000000004,100.0,65.0,0.0,497.4600000000001,-3.3746000000000187,17.0,22.0,26.0,6.0,0.5076923076923077,False,mw_above_1000;heavy_atoms_above_80,,other,False,,,PubChem_name_property
LT03709,Macimorelin acetate,0,No match,vNo-DILI-concern,New,,,,,,,,,,,,no,0.0,macimorelin acetate,,CC(=O)O.CC(C)(C(=O)N[C@H](CC1=CNC2=CC=CC=C21)C(=O)N[C@H](CC3=CNC4=CC=CC=C43)NC=O)N,71526737.0,WVDSKQXKCDZXLH-OHIDFYLOSA-N,True,CC(C)(N)C(=O)N[C@H](Cc1c[nH]c2ccccc12)C(=O)N[C@H](Cc1c[nH]c2ccccc12)NC=O,UJVDJAPJQWZRFR-DHIUTWEWSA-N,O=C(CCc1c[nH]c2ccccc12)NCCc1c[nH]c2ccccc12,2.0,0.8974358974358975,0.0,474.56500000000017,35.0,26.0,0.0,144.9,1.8447999999999996,6.0,4.0,10.0,4.0,0.2692307692307692,True,,,other,False,,,PubChem_name_property
LT02451,Macitentan,7,Warnings & precautions,vMost-DILI-concern,New,,,,,,,,,,,,most,1.0,macitentan,,CCCNS(=O)(=O)NC1=C(C(=NC=N1)OCCOC2=NC=C(C=N2)Br)C3=CC=C(C=C3)Br,16004692.0,JGCMEBMXRHSZKX-UHFFFAOYSA-N,True,CCCNS(=O)(=O)Nc1ncnc(OCCOc2ncc(Br)cn2)c1-c1ccc(Br)cc1,JGCMEBMXRHSZKX-UHFFFAOYSA-N,c1ccc(-c2cncnc2OCCOc2ncccn2)cc1,1.0,1.0,0.0,588.2820000000002,32.0,19.0,0.0,128.22000000000003,3.572700000000002,2.0,8.0,11.0,3.0,0.2631578947368421,True,,,other,False,,,PubChem_name_property
LT00024,Mannitol,0,No match,vNo-DILI-concern,Unchanged,Mannitol,OC[C@@H](O)[C@@H](O)[C@H](O)[C@H](O)CO,CHEMBL689,,182.17,-3.59,0.0,,No DILI,No DILI,,no,0.0,mannitol,DILImap_metadata,OC[C@@H](O)[C@@H](O)[C@H](O)[C@H](O)CO,,,True,OC[C@@H](O)[C@@H](O)[C@H](O)[C@H](O)CO,FBPFZTCFMRRESA-KVTDHHQDSA-N,,1.0,1.0,0.0,182.172,12.0,6.0,0.0,121.38000000000001,-3.5854000000000004,6.0,6.0,5.0,0.0,1.0,True,,No-DILI-Concern,no,False,,,
LT01503,Maprotiline hydrochloride,5,Adverse reactions,Ambiguous-DILI-concern,Unchanged,Maprotiline,CNCCCC12CCC(c3ccccc31)c1ccccc12,CHEMBL21731,10347-81-6,277.41,4.21,0.0,,,,,ambiguous,,maprotiline hydrochloride,DILImap_metadata,CNCCCC12CCC(c3ccccc31)c1ccccc12,,,True,CNCCCC12CCC(c3ccccc31)c1ccccc12,QSLMDECMDJKHMQ-UHFFFAOYSA-N,c1ccc2c(c1)C1CCC2c2ccccc21,1.0,1.0,0.0,277.41100000000006,21.0,20.0,0.0,12.03,4.211400000000004,1.0,1.0,4.0,5.0,0.4,True,,Ambiguous DILI-concern,ambiguous,False,,,
LT03710,Maralixibat chloride,4,Warnings & precautions,Ambiguous-DILI-concern,New,,,,,,,,,,,,ambiguous,,maralixibat chloride,,CCCCC1(CS(=O)(=O)C2=C(C=C(C=C2)N(C)C)[C@H]([C@H]1O)C3=CC=C(C=C3)OCC4=CC=C(C=C4)C[N+]56CCN(CC5)CC6)CCCC.[Cl-],9831642.0,POMVPJBWDDJCMP-RUKDTIIFSA-M,True,CCCCC1(CCCC)CS(=O)(=O)c2ccc(N(C)C)cc2[C@@H](c2ccc(OCc3ccc(C[N+]45CCN(CC4)CC5)cc3)cc2)[C@H]1O,STPKWKPURVSAJF-LJEWAXOPSA-N,O=S1(=O)CCCC(c2ccc(OCc3ccc(C[N+]45CCN(CC4)CC5)cc3)cc2)c2ccccc21,2.0,0.9795918367346939,1.0,674.9719999999995,48.0,40.0,0.0,70.08,6.624500000000008,1.0,6.0,13.0,7.0,0.55,True,,,other,False,,,PubChem_name_property
LT00640,Maraviroc,3,Box warning,vMost-DILI-concern,Unchanged,Maraviroc,Cc1nnc(C(C)C)n1[C@@H]1C[C@H]2CC[C@@H](C1)N2CC[C@H](NC(=O)C1CCC(F)(F)CC1)c1ccccc1,CHEMBL1201187,376348-65-1,513.68,5.95,0.0,D,DILI (likely),DILI,"Hepatitis, CYP, Immune-mediated, Hypersensitivity",most,1.0,maraviroc,DILImap_metadata,Cc1nnc(C(C)C)n1[C@@H]1C[C@H]2CC[C@@H](C1)N2CC[C@H](NC(=O)C1CCC(F)(F)CC1)c1ccccc1,,,True,Cc1nnc(C(C)C)n1[C@@H]1C[C@H]2CC[C@@H](C1)N2CC[C@H](NC(=O)C1CCC(F)(F)CC1)c1ccccc1,GSNHKUDZZFZSJB-QYOOZWMWSA-N,O=C(NC(CCN1C2CCC1CC(n1cnnc1)C2)c1ccccc1)C1CCCCC1,1.0,1.0,0.0,513.6770000000002,37.0,29.0,0.0,63.050000000000004,5.950920000000006,1.0,4.0,8.0,5.0,0.6896551724137931,True,,Most-DILI-Concern,most,False,0.653343469631501,,
LT03558,Maribavir,0,No match,vNo-DILI-concern,New,,,,,,,,,,,,no,0.0,maribavir,,CC(C)NC1=NC2=CC(=C(C=C2N1[C@@H]3[C@H]([C@H]([C@@H](O3)CO)O)O)Cl)Cl,471161.0,KJFBVJALEQWJBS-XUXIUFHCSA-N,True,CC(C)Nc1nc2cc(Cl)c(Cl)cc2n1[C@H]1O[C@@H](CO)[C@H](O)[C@@H]1O,KJFBVJALEQWJBS-XUXIUFHCSA-N,c1ccc2c(c1)ncn2C1CCCO1,1.0,1.0,0.0,376.24,24.0,15.0,0.0,99.77000000000001,1.7749000000000001,4.0,6.0,4.0,3.0,0.5333333333333333,True,,,other,False,,,PubChem_name_property
LT01508,Mebanazine,8,Withdrawn,vMost-DILI-concern,Unchanged,Mebanazine,CC(NN)c1ccccc1,CHEMBL1909283,,136.2,1.21,0.0,,DILI (withdrawn),DILI,,most,1.0,mebanazine,DILImap_metadata,CC(NN)c1ccccc1,,,True,CC(NN)c1ccccc1,HHRZAEJMHSGZNP-UHFFFAOYSA-N,c1ccccc1,1.0,1.0,0.0,136.19799999999998,10.0,8.0,0.0,38.05,1.2109,2.0,2.0,2.0,1.0,0.25,True,,Most-DILI-Concern,most,False,,,
LT00308,Mebendazole,3,Warnings & precautions,vLess-DILI-concern,Unchanged,Mebendazole,COC(=O)Nc1nc2cc(C(=O)c3ccccc3)ccc2[nH]1,CHEMBL685,31431-39-7,295.3,2.97,0.0,D,DILI (few cases),,"Hepatitis, Hypersensitivity",less,,mebendazole,DILImap_metadata,COC(=O)Nc1nc2cc(C(=O)c3ccccc3)ccc2[nH]1,,,True,COC(=O)Nc1nc2cc(C(=O)c3ccccc3)ccc2[nH]1,OPXLLQIJSORQAM-UHFFFAOYSA-N,O=C(c1ccccc1)c1ccc2[nH]cnc2c1,1.0,1.0,0.0,295.298,22.0,16.0,0.0,84.07999999999998,2.972200000000001,2.0,4.0,3.0,3.0,0.0625,True,,Less-DILI-Concern,less,False,,,
LT00781,Mecamylamine hydrochloride,0,No match,vNo-DILI-concern,Unchanged,Mecamylamine,CNC1(C)C2CCC(C2)C1(C)C,CHEMBL267936,826-39-1,167.3,2.42,0.0,,No DILI,No DILI,,no,0.0,mecamylamine hydrochloride,DILImap_metadata,CNC1(C)C2CCC(C2)C1(C)C,,,True,CNC1(C)C2CCC(C2)C1(C)C,IMYZQPCYWPFTAG-UHFFFAOYSA-N,C1CC2CCC1C2,1.0,1.0,0.0,167.296,12.0,11.0,0.0,12.03,2.4206000000000003,1.0,1.0,1.0,2.0,1.0,True,,No-DILI-Concern,no,False,,,
LT01227,Mecasermin recombinant,3,Adverse reactions,Ambiguous-DILI-concern,Unchanged,Mecasermin,,CHEMBL1201716,,,,0.0,,,,,ambiguous,,mecasermin recombinant,,,,,False,,,,,,,,,,,,,,,,,,False,missing_structure,Ambiguous DILI-concern,ambiguous,False,,,
LT01509,Mechlorethamine hydrochloride,3,Warnings & precautions,Ambiguous-DILI-concern,Unchanged,Mechlorethamine,CN(CCCl)CCCl,CHEMBL427,,156.06,1.4,0.0,E,No DILI,No DILI,,ambiguous,,mechlorethamine hydrochloride,DILImap_metadata,CN(CCCl)CCCl,,,True,CN(CCCl)CCCl,HAWPXGHAZFHHAD-UHFFFAOYSA-N,,1.0,1.0,0.0,156.056,8.0,5.0,0.0,3.24,1.3958,0.0,1.0,4.0,0.0,1.0,True,,Ambiguous DILI-concern,ambiguous,False,,,
LT00792,Meclizine hydrochloride,0,No match,vNo-DILI-concern,Unchanged,Meclizine,Cc1cccc(CN2CCN(C(c3ccccc3)c3ccc(Cl)cc3)CC2)c1,CHEMBL1623,1104-22-9,390.96,5.56,0.0,E,No DILI,No DILI,,no,0.0,meclizine hydrochloride,DILImap_metadata,Cc1cccc(CN2CCN(C(c3ccccc3)c3ccc(Cl)cc3)CC2)c1,,,True,Cc1cccc(CN2CCN(C(c3ccccc3)c3ccc(Cl)cc3)CC2)c1,OCJYIGYOJCODJL-UHFFFAOYSA-N,c1ccc(CN2CCN(C(c3ccccc3)c3ccccc3)CC2)cc1,1.0,1.0,0.0,390.9580000000002,28.0,25.0,0.0,6.48,5.555620000000006,0.0,2.0,5.0,4.0,0.28,True,,No-DILI-Concern,no,False,,,
LT01511,Meclofenamate sodium,3,Warnings & precautions,Ambiguous-DILI-concern,Unchanged,Meclofenamic acid,Cc1ccc(Cl)c(Nc2ccccc2C(=O)O)c1Cl,CHEMBL509,,296.15,4.74,0.0,,,,,ambiguous,,meclofenamate sodium,DILImap_metadata,Cc1ccc(Cl)c(Nc2ccccc2C(=O)O)c1Cl,,,True,Cc1ccc(Cl)c(Nc2ccccc2C(=O)O)c1Cl,SBDNJUWAMKYJOX-UHFFFAOYSA-N,c1ccc(Nc2ccccc2)cc1,1.0,1.0,0.0,296.153,19.0,14.0,0.0,49.33,4.743620000000003,2.0,2.0,3.0,2.0,0.07142857142857142,True,,Ambiguous DILI-concern,ambiguous,False,,,
LT01513,Medroxyprogesterone acetate,2,Adverse reactions,Ambiguous-DILI-concern,Unchanged,Medroxyprogesterone,CC(=O)O[C@]1(C(C)=O)CC[C@H]2[C@@H]3C[C@H](C)C4=CC(=O)CC[C@]4(C)[C@H]3CC[C@@]21C,CHEMBL717,71-58-9,386.53,4.66,0.0,A,DILI (likely),DILI,,ambiguous,,medroxyprogesterone acetate,DILImap_metadata,CC(=O)O[C@]1(C(C)=O)CC[C@H]2[C@@H]3C[C@H](C)C4=CC(=O)CC[C@]4(C)[C@H]3CC[C@@]21C,,,True,CC(=O)O[C@]1(C(C)=O)CC[C@H]2[C@@H]3C[C@H](C)C4=CC(=O)CC[C@]4(C)[C@H]3CC[C@@]21C,PSGAAPLEWMOORI-PEINSRQWSA-N,O=C1C=C2CCC3C4CCCC4CCC3C2CC1,1.0,1.0,0.0,386.53200000000027,28.0,24.0,0.0,60.440000000000005,4.655200000000004,0.0,4.0,2.0,4.0,0.7916666666666666,True,,Ambiguous DILI-concern,ambiguous,False,,,
LT00116,Mefenamic acid,8,Warnings & precautions,vMost-DILI-concern,Unchanged,Mefenamic acid,Cc1cccc(Nc2ccccc2C(=O)O)c1C,CHEMBL686,61-68-7,241.29,3.75,0.0,D,DILI (likely),DILI,"Hypersensitivity, idiosyncratic (manual annotation)",most,1.0,mefenamic acid,DILImap_metadata,Cc1cccc(Nc2ccccc2C(=O)O)c1C,,,True,Cc1cccc(Nc2ccccc2C(=O)O)c1C,HYYBABOKPJLUIN-UHFFFAOYSA-N,c1ccc(Nc2ccccc2)cc1,1.0,1.0,0.0,241.29,18.0,15.0,0.0,49.33,3.7452400000000017,2.0,2.0,3.0,2.0,0.13333333333333333,True,,Most-DILI-Concern,most,True,24.87,,
LT01514,Mefloquine hydrochloride,7,Adverse reactions,vLess-DILI-concern,Unchanged,Mefloquine,OC(c1cc(C(F)(F)F)nc2c(C(F)(F)F)cccc12)C1CCCCN1,CHEMBL416956,51773-92-3,378.32,4.45,0.0,D,DILI (few cases),,"Hepatitis, Cholestasis/Biliary, Hypersensitivity",less,,mefloquine hydrochloride,DILImap_metadata,OC(c1cc(C(F)(F)F)nc2c(C(F)(F)F)cccc12)C1CCCCN1,,,True,OC(c1cc(C(F)(F)F)nc2c(C(F)(F)F)cccc12)C1CCCCN1,XEEQGYMUWCZPDN-UHFFFAOYSA-N,c1ccc2c(CC3CCCCN3)ccnc2c1,1.0,1.0,0.0,378.31600000000014,26.0,17.0,0.0,45.150000000000006,4.447900000000003,2.0,3.0,2.0,3.0,0.47058823529411764,True,,Less-DILI-Concern,less,False,,,
LT00220,Megestrol acetate,1,Adverse reactions,Ambiguous-DILI-concern,Unchanged,Megestrol,CC(=O)O[C@]1(C(C)=O)CC[C@H]2[C@@H]3C=C(C)C4=CC(=O)CC[C@]4(C)[C@H]3CC[C@@]21C,CHEMBL1201139,595-33-5,384.52,4.58,0.0,A,DILI (likely),DILI,,ambiguous,,megestrol acetate,DILImap_metadata,CC(=O)O[C@]1(C(C)=O)CC[C@H]2[C@@H]3C=C(C)C4=CC(=O)CC[C@]4(C)[C@H]3CC[C@@]21C,,,True,CC(=O)O[C@]1(C(C)=O)CC[C@H]2[C@@H]3C=C(C)C4=CC(=O)CC[C@]4(C)[C@H]3CC[C@@]21C,RQZAXGRLVPAYTJ-GQFGMJRRSA-N,O=C1C=C2C=CC3C4CCCC4CCC3C2CC1,1.0,1.0,0.0,384.51600000000025,28.0,24.0,0.0,60.440000000000005,4.575300000000005,0.0,4.0,2.0,4.0,0.7083333333333334,True,,Ambiguous DILI-concern,ambiguous,False,,,
LT00117,Meloxicam,3,Warnings & precautions,vLess-DILI-concern,Unchanged,Meloxicam,Cc1cnc(NC(=O)C2=C(O)c3ccccc3S(=O)(=O)N2C)s1,CHEMBL599,71125-38-7,351.41,1.95,0.0,C,DILI (few cases),,"Hepatitis, Cholestasis/Biliary, Immune-mediated, Hypersensitivity",less,,meloxicam,DILImap_metadata,Cc1cnc(NC(=O)C2=C(O)c3ccccc3S(=O)(=O)N2C)s1,,,True,Cc1cnc(NC(=O)C2=C(O)c3ccccc3S(=O)(=O)N2C)s1,ZRVUJXDFFKFLMG-UHFFFAOYSA-N,O=C(Nc1nccs1)C1=Cc2ccccc2S(=O)(=O)N1,1.0,1.0,0.0,351.4090000000001,23.0,14.0,0.0,99.59999999999998,1.95092,2.0,6.0,2.0,3.0,0.14285714285714285,True,,Less-DILI-Concern,less,False,4.269,,
LT01517,Melphalan,5,Adverse reactions,vLess-DILI-concern,Unchanged,Melphalan,N[C@@H](Cc1ccc(N(CCCl)CCCl)cc1)C(=O)O,CHEMBL852,,305.21,1.93,0.0,B[HD],DILI (likely),DILI,"Hepatitis, Necrosis, Sinusoidal, Fibrosis, Immune-mediated, Hypersensitivity",less,,melphalan,DILImap_metadata,N[C@@H](Cc1ccc(N(CCCl)CCCl)cc1)C(=O)O,,,True,N[C@@H](Cc1ccc(N(CCCl)CCCl)cc1)C(=O)O,SGDBTWWWUNNDEQ-LBPRGKRZSA-N,c1ccccc1,1.0,1.0,0.0,305.205,19.0,13.0,0.0,66.56,1.925,2.0,3.0,8.0,1.0,0.46153846153846156,True,,Less-DILI-Concern,less,False,,,
LT01908,Memantine hydrochloride,7,Adverse reactions,vLess-DILI-concern,Unchanged,Memantine,CC12CC3CC(C)(C1)CC(N)(C3)C2,CHEMBL807,41100-52-1,179.31,2.69,0.0,D,DILI (few cases),,"Hepatitis, Cholestasis/Biliary, Immune-mediated, Hypersensitivity",less,,memantine hydrochloride,DILImap_metadata,CC12CC3CC(C)(C1)CC(N)(C3)C2,,,True,CC12CC3CC(C)(C1)CC(N)(C3)C2,BUGYDGFZZOZRHP-UHFFFAOYSA-N,C1C2CC3CC1CC(C2)C3,1.0,1.0,0.0,179.307,13.0,12.0,0.0,26.02,2.6941000000000006,1.0,1.0,0.0,4.0,1.0,True,,Less-DILI-Concern,less,False,,,
LT02110,Mepazine,8,Withdrawn,vMost-DILI-concern,Unchanged,Mepazine,,,,,,,,DILI (withdrawn),DILI,,most,1.0,mepazine,,CN1CCCC(C1)CN2C3=CC=CC=C3SC4=CC=CC=C42,6075.0,CBHCDHNUZWWAPP-UHFFFAOYSA-N,True,CN1CCCC(CN2c3ccccc3Sc3ccccc32)C1,CBHCDHNUZWWAPP-UHFFFAOYSA-N,c1ccc2c(c1)Sc1ccccc1N2CC1CCCNC1,1.0,1.0,0.0,310.46600000000007,22.0,19.0,0.0,6.48,4.631100000000004,0.0,3.0,2.0,4.0,0.3684210526315789,True,,Most-DILI-Concern,most,False,,,PubChem_name_property
LT00790,Mepenzolate bromide,0,No match,vNo-DILI-concern,Unchanged,Mepenzolate,C[N+]1(C)CCCC(OC(=O)C(O)(c2ccccc2)c2ccccc2)C1,CHEMBL524004,76-90-4,340.44,2.7,0.0,E,No DILI,No DILI,,no,0.0,mepenzolate bromide,DILImap_metadata,C[N+]1(C)CCCC(OC(=O)C(O)(c2ccccc2)c2ccccc2)C1,,,True,C[N+]1(C)CCCC(OC(=O)C(O)(c2ccccc2)c2ccccc2)C1,GKNPSSNBBWDAGH-UHFFFAOYSA-N,O=C(OC1CCC[NH2+]C1)C(c1ccccc1)c1ccccc1,1.0,1.0,1.0,340.4430000000001,25.0,21.0,0.0,46.53,2.7045000000000012,1.0,3.0,4.0,3.0,0.38095238095238093,True,,No-DILI-Concern,no,False,,,
LT00713,Meperidine hydrochloride,0,No match,vNo-DILI-concern,Unchanged,Meperidine,CCOC(=O)C1(c2ccccc2)CCN(C)CC1,CHEMBL607,,247.34,2.21,0.0,E,No DILI,No DILI,,no,0.0,meperidine hydrochloride,DILImap_metadata,CCOC(=O)C1(c2ccccc2)CCN(C)CC1,,,True,CCOC(=O)C1(c2ccccc2)CCN(C)CC1,XADCESSVHJOZHK-UHFFFAOYSA-N,c1ccc(C2CCNCC2)cc1,1.0,1.0,0.0,247.33799999999994,18.0,15.0,0.0,29.54,2.2131,0.0,3.0,3.0,2.0,0.5333333333333333,True,,No-DILI-Concern,no,False,,,
LT01520,Mephenytoin,5,Adverse reactions,Ambiguous-DILI-concern,Unchanged,Mephenytoin,CCC1(c2ccccc2)NC(=O)N(C)C1=O,CHEMBL861,,218.26,1.47,0.0,,,,,ambiguous,,mephenytoin,DILImap_metadata,CCC1(c2ccccc2)NC(=O)N(C)C1=O,,,True,CCC1(c2ccccc2)NC(=O)N(C)C1=O,GMHKMTDVRCWUDX-UHFFFAOYSA-N,O=C1NC(=O)C(c2ccccc2)N1,1.0,1.0,0.0,218.25599999999994,16.0,12.0,0.0,49.410000000000004,1.4735000000000003,1.0,2.0,2.0,2.0,0.3333333333333333,True,,Ambiguous DILI-concern,ambiguous,False,,,
LT00822,Mepivacaine hydrochloride,0,No match,vLess-DILI-concern,Revised,Mepivacaine,Cc1cccc(C)c1NC(=O)C1CCCCN1C,CHEMBL1087,1722-62-9,246.35,2.73,0.0,E,No DILI,No DILI,,less,,mepivacaine hydrochloride,DILImap_metadata,Cc1cccc(C)c1NC(=O)C1CCCCN1C,,,True,Cc1cccc(C)c1NC(=O)C1CCCCN1C,INWLQCZOYSRPNW-UHFFFAOYSA-N,O=C(Nc1ccccc1)C1CCCCN1,1.0,1.0,0.0,246.35399999999996,18.0,15.0,0.0,32.34,2.7262400000000007,1.0,2.0,2.0,2.0,0.5333333333333333,True,,No-DILI-Concern,no,False,,,
LT01521,Meprobamate,0,No match,vNo-DILI-concern,Unchanged,Meprobamate,CCCC(C)(COC(N)=O)COC(N)=O,CHEMBL979,,218.25,0.98,0.0,E*,No DILI,No DILI,,no,0.0,meprobamate,DILImap_metadata,CCCC(C)(COC(N)=O)COC(N)=O,,,True,CCCC(C)(COC(N)=O)COC(N)=O,NPPQSCRMBWNHMW-UHFFFAOYSA-N,,1.0,1.0,0.0,218.25299999999996,15.0,9.0,0.0,104.63999999999999,0.9834000000000005,2.0,4.0,6.0,0.0,0.7777777777777778,True,,No-DILI-Concern,no,False,,,
LT00003,Mercaptopurine,8,Warnings & precautions,vMost-DILI-concern,Unchanged,Mercaptopurine,Sc1ncnc2nc[nH]c12,CHEMBL1425,50-44-2,152.18,0.64,1.0,A,DILI (known),DILI,"Hepatitis, Necrosis, Cholestasis/Biliary, Sinusoidal, Steatosis, Fibrosis, Cirrhosis, Hypersensitivity",most,1.0,mercaptopurine,DILImap_metadata,Sc1ncnc2nc[nH]c12,,,True,Sc1ncnc2nc[nH]c12,GLVAUDGFNGKCSF-UHFFFAOYSA-N,c1ncc2[nH]cnc2n1,1.0,1.0,0.0,152.182,10.0,5.0,0.0,54.46,0.6416,2.0,4.0,0.0,2.0,0.0,True,,Most-DILI-Concern,most,True,1.0,,
LT01525,Meropenem,3,Warnings & precautions,vLess-DILI-concern,Unchanged,Meropenem,C[C@@H](O)[C@H]1C(=O)N2C(C(=O)O)=C(S[C@@H]3CN[C@H](C(=O)N(C)C)C3)[C@H](C)[C@H]12,CHEMBL127,96036-03-2,383.47,-0.31,0.0,D,DILI (few cases),,"Hepatitis, Cholestasis/Biliary, Immune-mediated, Hypersensitivity",less,,meropenem,DILImap_metadata,C[C@@H](O)[C@H]1C(=O)N2C(C(=O)O)=C(S[C@@H]3CN[C@H](C(=O)N(C)C)C3)[C@H](C)[C@H]12,,,True,C[C@@H](O)[C@H]1C(=O)N2C(C(=O)O)=C(S[C@@H]3CN[C@H](C(=O)N(C)C)C3)[C@H](C)[C@H]12,DMJNNHOOLUXYBV-PQTSNVLCSA-N,O=C1CC2CC(SC3CCNC3)=CN12,1.0,1.0,0.0,383.4700000000002,26.0,17.0,0.0,110.17999999999999,-0.3079999999999994,3.0,6.0,5.0,3.0,0.7058823529411765,True,,Less-DILI-Concern,less,False,,,
LT00414,Mesalamine,7,Adverse reactions,vLess-DILI-concern,Unchanged,Mesalazine,Nc1ccc(O)c(C(=O)O)c1,CHEMBL704,,153.14,0.67,0.0,,DILI (few cases),,Cholestasis/Biliary (manual annotation),less,,mesalamine,DILImap_metadata,Nc1ccc(O)c(C(=O)O)c1,,,True,Nc1ccc(O)c(C(=O)O)c1,KBOPZPXVLCULAV-UHFFFAOYSA-N,c1ccccc1,1.0,1.0,0.0,153.137,11.0,7.0,0.0,83.55,0.6726000000000001,3.0,3.0,1.0,1.0,0.0,True,,Less-DILI-Concern,less,False,,,
LT01526,Mesna,3,Adverse reactions,Ambiguous-DILI-concern,Unchanged,Mesna,O=S(=O)(O)CCS,CHEMBL1098319,19767-45-4,142.2,-0.2,0.0,,,,,ambiguous,,mesna,DILImap_metadata,O=S(=O)(O)CCS,,,True,O=S(=O)(O)CCS,ZNEWHQLOPFWXOF-UHFFFAOYSA-N,,1.0,1.0,0.0,142.201,7.0,2.0,0.0,54.370000000000005,-0.19599999999999984,2.0,3.0,2.0,0.0,1.0,True,,Ambiguous DILI-concern,ambiguous,False,,,
LT01527,Mesoridazine besylate,5,Adverse reactions,Ambiguous-DILI-concern,Unchanged,Mesoridazine,CN1CCCCC1CCN1c2ccccc2Sc2ccc([S+](C)[O-])cc21,CHEMBL1088,32672-69-8,386.59,4.9,0.0,,,,,ambiguous,,mesoridazine besylate,DILImap_metadata,CN1CCCCC1CCN1c2ccccc2Sc2ccc([S+](C)[O-])cc21,,,True,CN1CCCCC1CCN1c2ccccc2Sc2ccc([S+](C)[O-])cc21,SLVMESMUVMCQIY-UHFFFAOYSA-N,c1ccc2c(c1)Sc1ccccc1N2CCC1CCCCN1,1.0,1.0,0.0,386.5860000000001,26.0,21.0,0.0,29.54,4.901100000000005,0.0,4.0,4.0,4.0,0.42857142857142855,True,,Ambiguous DILI-concern,ambiguous,False,,,
LT02086,Metaproterenol sulfate,0,No match,vNo-DILI-concern,Unchanged,Orciprenaline,CC(C)NCC(O)c1cc(O)cc(O)c1,CHEMBL776,,211.26,1.13,0.0,,No DILI,No DILI,,no,0.0,metaproterenol sulfate,DILImap_metadata,CC(C)NCC(O)c1cc(O)cc(O)c1,,,True,CC(C)NCC(O)c1cc(O)cc(O)c1,LMOINURANNBYCM-UHFFFAOYSA-N,c1ccccc1,1.0,1.0,0.0,211.261,15.0,11.0,0.0,72.72,1.1291999999999998,4.0,4.0,4.0,1.0,0.45454545454545453,True,,No-DILI-Concern,no,False,,,
LT00841,Metaxalone,5,Adverse reactions,vLess-DILI-concern,Unchanged,Metaxalone,Cc1cc(C)cc(OCC2CNC(=O)O2)c1,CHEMBL1079604,1665-48-1,221.26,1.79,0.0,E,No DILI (unlikely),,,less,,metaxalone,DILImap_metadata,Cc1cc(C)cc(OCC2CNC(=O)O2)c1,,,True,Cc1cc(C)cc(OCC2CNC(=O)O2)c1,IMWZZHHPURKASS-UHFFFAOYSA-N,O=C1NCC(COc2ccccc2)O1,1.0,1.0,0.0,221.256,16.0,12.0,0.0,47.56,1.7906399999999998,1.0,3.0,3.0,2.0,0.4166666666666667,True,,Less-DILI-Concern,less,False,12.0358866676843,,
LT00119,Metformin hydrochloride,0,No match,vLess-DILI-concern,Unchanged,Metformin,CN(C)C(=N)NC(=N)N,CHEMBL1431,1115-70-4,129.17,-1.03,0.0,B,DILI (likely),DILI,"Hepatitis, Cholestasis/Biliary, Steatosis, Lactic acidosis, Hypersensitivity",less,,metformin hydrochloride,DILImap_metadata,CN(C)C(=N)NC(=N)N,,,True,CN(C)C(=N)NC(=N)N,XZWYZXLIPXDOLR-UHFFFAOYSA-N,,1.0,1.0,0.0,129.167,9.0,4.0,0.0,88.99000000000001,-1.034159999999999,4.0,2.0,0.0,0.0,0.5,True,,Less-DILI-Concern,less,False,,,
LT00723,Methadone hydrochloride,3,Adverse reactions,Ambiguous-DILI-concern,Unchanged,Methadone,CCC(=O)C(CC(C)N(C)C)(c1ccccc1)c1ccccc1,CHEMBL651,,309.45,4.29,0.0,E,No DILI,No DILI,,ambiguous,,methadone hydrochloride,DILImap_metadata,CCC(=O)C(CC(C)N(C)C)(c1ccccc1)c1ccccc1,,,True,CCC(=O)C(CC(C)N(C)C)(c1ccccc1)c1ccccc1,USSIQXCVUWKGNF-UHFFFAOYSA-N,c1ccc(Cc2ccccc2)cc1,1.0,1.0,0.0,309.45300000000003,23.0,21.0,0.0,20.310000000000002,4.292000000000004,0.0,2.0,7.0,2.0,0.38095238095238093,True,,Ambiguous DILI-concern,ambiguous,False,,,
LT00716,Methamphetamine hydrochloride,0,No match,vNo-DILI-concern,Unchanged,Methamphetamine,CN[C@@H](C)Cc1ccccc1,CHEMBL1201201,,149.24,1.84,0.0,A [HD],DILI (likely),DILI,,no,0.0,methamphetamine hydrochloride,DILImap_metadata,CN[C@@H](C)Cc1ccccc1,,,True,CN[C@@H](C)Cc1ccccc1,MYWUZJCMWCOHBA-VIFPVBQESA-N,c1ccccc1,1.0,1.0,0.0,149.237,11.0,10.0,0.0,12.03,1.837,1.0,1.0,3.0,1.0,0.4,True,,No-DILI-Concern,no,False,,,
LT01532,Methazolamide,7,Adverse reactions,vLess-DILI-concern,Unchanged,Methazolamide,CC(=O)/N=c1/sc(S(N)(=O)=O)nn1C,CHEMBL19,554-57-4,236.28,-1.42,0.0,D,DILI (few cases),,"Cirrhosis, Encephalopathy (manual annotation)",less,,methazolamide,DILImap_metadata,CC(=O)/N=c1/sc(S(N)(=O)=O)nn1C,,,True,CC(=O)/N=c1/sc(S(N)(=O)=O)nn1C,FLOSMHQXBMRNHR-QPJJXVBHSA-N,N=c1[nH]ncs1,1.0,1.0,0.0,236.278,14.0,5.0,0.0,107.41,-1.4237999999999997,1.0,5.0,1.0,1.0,0.4,True,,Less-DILI-Concern,less,False,44.0126273912307,,
LT00322,Methenamine hippurate,3,Warnings & precautions,Ambiguous-DILI-concern,Unchanged,Methenamine hippurate,,,5714-73-8,,,,,,,,ambiguous,,methenamine hippurate,,C1N2CN3CN1CN(C2)C3.C1=CC=C(C=C1)C(=O)NCC(=O)O,21945.0,ROAIXOJGRFKICW-UHFFFAOYSA-N,True,O=C(O)CNC(=O)c1ccccc1,QIAFMBKCNZACKA-UHFFFAOYSA-N,c1ccccc1,2.0,0.5652173913043478,0.0,179.17499999999995,13.0,9.0,0.0,66.4,0.501,2.0,2.0,3.0,1.0,0.1111111111111111,True,,Ambiguous DILI-concern,ambiguous,False,,,PubChem_name_property
LT00580,Methimazole,8,Warnings & precautions,vMost-DILI-concern,Unchanged,Methimazole,Cn1ccnc1S,CHEMBL1515,60-56-0,114.17,0.71,0.0,A,DILI (known),DILI,"Hepatitis, Cholestasis/Biliary, Immune-mediated",most,1.0,methimazole,DILImap_metadata,Cn1ccnc1S,,,True,Cn1ccnc1S,PMRYVIKBURPHAH-UHFFFAOYSA-N,c1c[nH]cn1,1.0,1.0,0.0,114.17299999999999,7.0,4.0,0.0,17.82,0.7087999999999999,1.0,2.0,0.0,1.0,0.25,True,,Most-DILI-Concern,most,False,2.43475,,
LT01468,Methionine,0,No match,vNo-DILI-concern,Unchanged,L-methionine,CSCC[C@H](N)C(=O)O,CHEMBL42336,63-68-3,149.21,0.15,0.0,,No DILI,No DILI,,no,0.0,methionine,DILImap_metadata,CSCC[C@H](N)C(=O)O,,,True,CSCC[C@H](N)C(=O)O,FFEARJCKVFRZRR-BYPYZUCNSA-N,,1.0,1.0,0.0,149.215,9.0,5.0,0.0,63.32000000000001,0.1513999999999998,2.0,3.0,4.0,0.0,0.8,True,,No-DILI-Concern,no,False,,,
LT00581,Methocarbamol,5,Adverse reactions,Ambiguous-DILI-concern,Unchanged,Methocarbamol,COc1ccccc1OCC(O)COC(N)=O,CHEMBL1201117,532-03-6,241.24,0.53,0.0,E,No DILI,No DILI,,ambiguous,,methocarbamol,DILImap_metadata,COc1ccccc1OCC(O)COC(N)=O,,,True,COc1ccccc1OCC(O)COC(N)=O,GNXFOGHNGIVQEH-UHFFFAOYSA-N,c1ccccc1,1.0,1.0,0.0,241.24299999999994,17.0,11.0,0.0,91.00999999999999,0.5302000000000002,2.0,5.0,6.0,1.0,0.36363636363636365,True,,Ambiguous DILI-concern,ambiguous,False,,,
LT00803,Methohexital sodium,3,Adverse reactions,Ambiguous-DILI-concern,Unchanged,Methohexital,C=CCC1(C(C)C#CCC)C(=O)NC(=O)N(C)C1=O,CHEMBL7413,,262.31,1.31,0.0,,,,,ambiguous,,methohexital sodium,DILImap_metadata,C=CCC1(C(C)C#CCC)C(=O)NC(=O)N(C)C1=O,,,True,C=CCC1(C(C)C#CCC)C(=O)NC(=O)N(C)C1=O,NZXKDOXHBHYTKP-UHFFFAOYSA-N,O=C1CC(=O)NC(=O)N1,1.0,1.0,0.0,262.30899999999997,19.0,14.0,0.0,66.48,1.3066,1.0,3.0,3.0,1.0,0.5,True,,Ambiguous DILI-concern,ambiguous,False,,,
LT00026,Methotrexate sodium,3,Box warning,vMost-DILI-concern,Unchanged,Methotrexate,CN(Cc1cnc2nc(N)nc(N)c2n1)c1ccc(C(=O)N[C@@H](CCC(=O)O)C(=O)O)cc1,CHEMBL34259,59-05-2,454.45,0.27,0.0,A,DILI (known),DILI,"Hepatitis, Steatosis, Fibrosis, Cirrhosis",most,1.0,methotrexate sodium,DILImap_metadata,CN(Cc1cnc2nc(N)nc(N)c2n1)c1ccc(C(=O)N[C@@H](CCC(=O)O)C(=O)O)cc1,,,True,CN(Cc1cnc2nc(N)nc(N)c2n1)c1ccc(C(=O)N[C@@H](CCC(=O)O)C(=O)O)cc1,FBOZXECLQNJBKD-ZDUSSCGKSA-N,c1ccc(NCc2cnc3ncncc3n2)cc1,1.0,1.0,0.0,454.44700000000023,33.0,20.0,0.0,210.53999999999996,0.2684000000000012,5.0,10.0,9.0,3.0,0.25,True,,Most-DILI-Concern,most,False,,,
LT01537,Methoxsalen,3,Warnings & precautions,vLess-DILI-concern,Unchanged,Methoxsalen,COc1c2occc2cc2ccc(=O)oc12,CHEMBL416,298-81-7,216.19,2.55,0.0,C,DILI (few cases),,,less,,methoxsalen,DILImap_metadata,COc1c2occc2cc2ccc(=O)oc12,,,True,COc1c2occc2cc2ccc(=O)oc12,QXKHYNVANLEOEG-UHFFFAOYSA-N,O=c1ccc2cc3ccoc3cc2o1,1.0,1.0,0.0,216.19199999999995,16.0,12.0,0.0,52.58,2.5478000000000005,0.0,4.0,1.0,3.0,0.08333333333333333,True,,Less-DILI-Concern,less,False,,,
LT01547,Methscopolamine bromide,0,No match,vNo-DILI-concern,Unchanged,Methylscopolamine bromide,,,,,,,,No DILI,No DILI,,no,0.0,methscopolamine bromide,,C[N+]1([C@@H]2CC(C[C@H]1[C@H]3[C@@H]2O3)OC(=O)[C@H](CO)C4=CC=CC=C4)C.[Br-],5459110.0,CXYRUNPLKGGUJF-OZVSTBQFSA-M,True,C[N+]1(C)[C@@H]2CC(OC(=O)[C@H](CO)c3ccccc3)C[C@H]1[C@@H]1O[C@@H]12,LZCOQTDXKCNBEE-XJMZPCNVSA-N,O=C(Cc1ccccc1)OC1CC2[NH2+]C(C1)C1OC21,2.0,0.9583333333333334,1.0,318.393,23.0,18.0,0.0,59.06,1.0626999999999995,1.0,4.0,4.0,4.0,0.6111111111111112,True,,No-DILI-Concern,no,False,,,PubChem_name_property
LT00787,Methsuximide,0,No match,vNo-DILI-concern,Unchanged,Methsuximide,CN1C(=O)CC(C)(c2ccccc2)C1=O,CHEMBL697,,203.24,1.33,0.0,E*,No DILI,No DILI,,no,0.0,methsuximide,DILImap_metadata,CN1C(=O)CC(C)(c2ccccc2)C1=O,,,True,CN1C(=O)CC(C)(c2ccccc2)C1=O,AJXPJJZHWIXJCJ-UHFFFAOYSA-N,O=C1CC(c2ccccc2)C(=O)N1,1.0,1.0,0.0,203.241,15.0,12.0,0.0,37.38,1.333,0.0,2.0,1.0,2.0,0.3333333333333333,True,,No-DILI-Concern,no,False,49.2029128124384,,
LT00833,Methyclothiazide,2,Adverse reactions,Ambiguous-DILI-concern,Unchanged,Methyclothiazide,CN1C(CCl)Nc2cc(Cl)c(S(N)(=O)=O)cc2S1(=O)=O,CHEMBL1577,135-07-9,360.24,0.6,0.0,E,No DILI,No DILI,,ambiguous,,methyclothiazide,DILImap_metadata,CN1C(CCl)Nc2cc(Cl)c(S(N)(=O)=O)cc2S1(=O)=O,,,True,CN1C(CCl)Nc2cc(Cl)c(S(N)(=O)=O)cc2S1(=O)=O,CESYKOGBSMNBPD-UHFFFAOYSA-N,O=S1(=O)NCNc2ccccc21,1.0,1.0,0.0,360.2440000000001,20.0,9.0,0.0,109.57,0.5983000000000003,2.0,5.0,2.0,2.0,0.3333333333333333,True,,Ambiguous DILI-concern,ambiguous,False,,,
LT00121,Methyldopa,8,Warnings & precautions,vMost-DILI-concern,Unchanged,Methyldopa,C[C@](N)(Cc1ccc(O)c(O)c1)C(=O)O,CHEMBL459,41372-08-1,211.22,0.44,0.0,A,DILI (known),DILI,"Hepatitis, Necrosis, Cholestasis/Biliary, Fibrosis, Cirrhosis, Hypersensitivity",most,1.0,methyldopa,DILImap_metadata,C[C@](N)(Cc1ccc(O)c(O)c1)C(=O)O,,,True,C[C@](N)(Cc1ccc(O)c(O)c1)C(=O)O,CJCSPKMFHVPWAR-JTQLQIEISA-N,c1ccccc1,1.0,1.0,0.0,211.21699999999998,15.0,10.0,0.0,103.78000000000002,0.4423000000000001,4.0,4.0,3.0,1.0,0.3,True,,Most-DILI-Concern,most,False,16.57,,
LT02074,Methylergonovine maleate,0,No match,vNo-DILI-concern,Unchanged,Methylergonovine,CC[C@@H](CO)NC(=O)[C@@H]1C=C2c3cccc4[nH]cc(c34)C[C@H]2N(C)C1,CHEMBL1201356,,339.44,1.92,0.0,,No DILI,No DILI,,no,0.0,methylergonovine maleate,DILImap_metadata,CC[C@@H](CO)NC(=O)[C@@H]1C=C2c3cccc4[nH]cc(c34)C[C@H]2N(C)C1,,,True,CC[C@@H](CO)NC(=O)[C@@H]1C=C2c3cccc4[nH]cc(c34)C[C@H]2N(C)C1,UNBRKDKAWYKMIV-QWQRMKEZSA-N,C1=C2c3cccc4[nH]cc(c34)CC2NCC1,1.0,1.0,0.0,339.4390000000002,25.0,20.0,0.0,68.36,1.9247,3.0,3.0,4.0,4.0,0.45,True,,No-DILI-Concern,no,False,,,
LT00570,Methylnaltrexone bromide,0,No match,vNo-DILI-concern,Unchanged,Methylnaltrexone bromide,,,,,,,,No DILI,No DILI,,no,0.0,methylnaltrexone bromide,,C[N+]1(CC[C@]23[C@@H]4C(=O)CC[C@]2([C@H]1CC5=C3C(=C(C=C5)O)O4)O)CC6CC6.[Br-],5361917.0,IFGIYSGOEZJNBE-KNLJMPJLSA-N,True,C[N+]1(CC2CC2)CC[C@]23c4c5ccc(O)c4O[C@H]2C(=O)CC[C@@]3(O)[C@H]1C5,JVLBPIPGETUEET-GAAHOAFPSA-O,O=C1CCC2C3Cc4cccc5c4C2(CC[NH+]3CC2CC2)C1O5,2.0,0.9629629629629629,1.0,356.4420000000001,26.0,21.0,0.0,66.76,1.6699999999999997,2.0,4.0,2.0,6.0,0.6666666666666666,True,,No-DILI-Concern,no,False,,,PubChem_name_property
LT01545,Methylphenidate hydrochloride,3,Adverse reactions,vLess-DILI-concern,Unchanged,Methylphenidate,COC(=O)C(c1ccccc1)C1CCCCN1,CHEMBL796,,233.31,2.09,0.0,C[HD],DILI (few cases),,"Hepatitis, Necrosis, Immune-mediated, Hypersensitivity",less,,methylphenidate hydrochloride,DILImap_metadata,COC(=O)C(c1ccccc1)C1CCCCN1,,,True,COC(=O)C(c1ccccc1)C1CCCCN1,DUGOZIWVEXMGBE-UHFFFAOYSA-N,c1ccc(CC2CCCCN2)cc1,1.0,1.0,0.0,233.31099999999995,17.0,14.0,0.0,38.33,2.0852999999999997,1.0,3.0,3.0,2.0,0.5,True,,Less-DILI-Concern,less,False,,,
LT00478,Methylprednisolone,3,Adverse reactions,vLess-DILI-concern,Unchanged,Methylprednisolone,C[C@H]1C[C@@H]2[C@H]([C@@H](O)C[C@@]3(C)[C@H]2CC[C@]3(O)C(=O)CO)[C@@]2(C)C=CC(=O)C=C12,CHEMBL650,83-43-2,374.48,1.8,0.0,A [HD],DILI (likely),DILI,,less,,methylprednisolone,DILImap_metadata,C[C@H]1C[C@@H]2[C@H]([C@@H](O)C[C@@]3(C)[C@H]2CC[C@]3(O)C(=O)CO)[C@@]2(C)C=CC(=O)C=C12,,,True,C[C@H]1C[C@@H]2[C@H]([C@@H](O)C[C@@]3(C)[C@H]2CC[C@]3(O)C(=O)CO)[C@@]2(C)C=CC(=O)C=C12,VHRSUDSXCMQTMA-PJHHCJLFSA-N,O=C1C=CC2C(=C1)CCC1C3CCCC3CCC21,1.0,1.0,0.0,374.4770000000001,27.0,22.0,0.0,94.83000000000001,1.8036,3.0,5.0,2.0,4.0,0.7272727272727273,True,,Less-DILI-Concern,less,False,,,
LT00222,Methyltestosterone,2,Warnings & precautions,vLess-DILI-concern,Unchanged,Methyltestosterone,C[C@]12CCC(=O)C=C1CC[C@@H]1[C@@H]2CC[C@@]2(C)[C@H]1CC[C@]2(C)O,CHEMBL1395,,302.46,4.27,0.0,A,DILI (likely),DILI,,less,,methyltestosterone,DILImap_metadata,C[C@]12CCC(=O)C=C1CC[C@@H]1[C@@H]2CC[C@@]2(C)[C@H]1CC[C@]2(C)O,,,True,C[C@]12CCC(=O)C=C1CC[C@@H]1[C@@H]2CC[C@@]2(C)[C@H]1CC[C@]2(C)O,GCKMFJBGXUYNAG-HLXURNFRSA-N,O=C1C=C2CCC3C4CCCC4CCC3C2CC1,1.0,1.0,0.0,302.458,22.0,20.0,0.0,37.3,4.269300000000005,1.0,2.0,0.0,4.0,0.85,True,,Less-DILI-Concern,less,False,0.3170761544845279,,
LT02072,Methysergide maleate,0,No match,vNo-DILI-concern,Unchanged,Methysergide,CCC(CO)NC(=O)[C@@H]1C=C2c3cccc4c3c(cn4C)C[C@H]2N(C)C1,CHEMBL485253,129-49-7,353.47,1.94,0.0,,No DILI,No DILI,,no,0.0,methysergide maleate,DILImap_metadata,CCC(CO)NC(=O)[C@@H]1C=C2c3cccc4c3c(cn4C)C[C@H]2N(C)C1,,,True,CCC(CO)NC(=O)[C@@H]1C=C2c3cccc4c3c(cn4C)C[C@H]2N(C)C1,KPJZHOPZRAFDTN-NQUBZZJWSA-N,C1=C2c3cccc4[nH]cc(c34)CC2NCC1,1.0,1.0,0.0,353.4660000000001,26.0,21.0,0.0,57.5,1.9351,2.0,3.0,4.0,4.0,0.47619047619047616,True,,No-DILI-Concern,no,False,,,
LT01549,Metoclopramide hydrochloride,5,Adverse reactions,vLess-DILI-concern,Unchanged,Metoclopramide,CCN(CC)CCNC(=O)c1cc(Cl)c(N)cc1OC,CHEMBL86,7232-21-5,299.8,2.0,0.0,C,DILI (few cases),,"Cholestasis/Biliary, Immune-mediated, Hypersensitivity",less,,metoclopramide hydrochloride,DILImap_metadata,CCN(CC)CCNC(=O)c1cc(Cl)c(N)cc1OC,,,True,CCN(CC)CCNC(=O)c1cc(Cl)c(N)cc1OC,TTWJBBZEZQICBI-UHFFFAOYSA-N,c1ccccc1,1.0,1.0,0.0,299.8020000000001,20.0,14.0,0.0,67.59,2.0023999999999997,2.0,4.0,7.0,1.0,0.5,True,,Less-DILI-Concern,less,False,,,
LT02046,Metolazone,3,Adverse reactions,Ambiguous-DILI-concern,Unchanged,Metolazone,Cc1ccccc1N1C(=O)c2cc(S(N)(=O)=O)c(Cl)cc2NC1C,CHEMBL878,17560-51-9,365.84,2.71,0.0,E,No DILI,No DILI,,ambiguous,,metolazone,DILImap_metadata,Cc1ccccc1N1C(=O)c2cc(S(N)(=O)=O)c(Cl)cc2NC1C,,,True,Cc1ccccc1N1C(=O)c2cc(S(N)(=O)=O)c(Cl)cc2NC1C,AQCHWTWZEMGIFD-UHFFFAOYSA-N,O=C1c2ccccc2NCN1c1ccccc1,1.0,1.0,0.0,365.8420000000001,24.0,16.0,0.0,92.5,2.714120000000001,2.0,4.0,2.0,3.0,0.1875,True,,Ambiguous DILI-concern,ambiguous,False,,,
LT00946,Metoprolol succinate,3,Adverse reactions,Ambiguous-DILI-concern,Unchanged,Metoprolol succinate,,,,,,,,,,,ambiguous,,metoprolol succinate,,COCCc1ccc(OCC(O)CNC(C)C)cc1,,,True,COCCc1ccc(OCC(O)CNC(C)C)cc1,IUBSYMUCCVWXPE-UHFFFAOYSA-N,c1ccccc1,1.0,1.0,0.0,267.36899999999997,19.0,15.0,0.0,50.72,1.6132,2.0,4.0,9.0,1.0,0.6,True,,Ambiguous DILI-concern,ambiguous,False,,DILImap_metadata_offline,
LT00309,Metoprolol tartrate,5,Adverse reactions,vLess-DILI-concern,Unchanged,Metoprolol,COCCc1ccc(OCC(O)CNC(C)C)cc1,CHEMBL13,56392-17-7,267.37,1.61,0.0,D,DILI (few cases),,"CYP, Hypersensitivity, likely idiosyncratic",less,,metoprolol tartrate,DILImap_metadata,COCCc1ccc(OCC(O)CNC(C)C)cc1,,,True,COCCc1ccc(OCC(O)CNC(C)C)cc1,IUBSYMUCCVWXPE-UHFFFAOYSA-N,c1ccccc1,1.0,1.0,0.0,267.36899999999997,19.0,15.0,0.0,50.72,1.6132,2.0,4.0,9.0,1.0,0.6,True,,Less-DILI-Concern,less,False,,,
LT00584,Metronidazole,3,No match,vLess-DILI-concern,Unchanged,Metronidazole,Cc1ncc([N+](=O)[O-])n1CCO,CHEMBL137,443-48-1,171.16,0.09,0.0,C,DILI (few cases),,"Hepatitis, CYP, Encephalopathy, Immune-mediated, Hypersensitivity",less,,metronidazole,DILImap_metadata,Cc1ncc([N+](=O)[O-])n1CCO,,,True,Cc1ncc([N+](=O)[O-])n1CCO,VAOCPAMSLUNLGC-UHFFFAOYSA-N,c1c[nH]cn1,1.0,1.0,0.0,171.15599999999998,12.0,6.0,0.0,81.19,0.09201999999999994,1.0,4.0,3.0,1.0,0.5,True,,Less-DILI-Concern,less,False,,,
LT00838,Metyrapone,0,No match,vNo-DILI-concern,Unchanged,Metyrapone,CC(C)(C(=O)c1cccnc1)c1cccnc1,CHEMBL934,54-36-4,226.28,2.64,0.0,,No DILI,No DILI,,no,0.0,metyrapone,DILImap_metadata,CC(C)(C(=O)c1cccnc1)c1cccnc1,,,True,CC(C)(C(=O)c1cccnc1)c1cccnc1,FJLBFSROUSIWMA-UHFFFAOYSA-N,O=C(Cc1cccnc1)c1cccnc1,1.0,1.0,0.0,226.279,17.0,14.0,0.0,42.85,2.637100000000001,0.0,3.0,3.0,2.0,0.21428571428571427,True,,No-DILI-Concern,no,False,,,
LT00895,Metyrosine,0,No match,vNo-DILI-concern,Unchanged,Metyrosine,C[C@](N)(Cc1ccc(O)cc1)C(=O)O,CHEMBL1200862,672-87-7,195.22,0.74,0.0,,No DILI,No DILI,,no,0.0,metyrosine,DILImap_metadata,C[C@](N)(Cc1ccc(O)cc1)C(=O)O,,,True,C[C@](N)(Cc1ccc(O)cc1)C(=O)O,NHTGHBARYWONDQ-JTQLQIEISA-N,c1ccccc1,1.0,1.0,0.0,195.218,14.0,10.0,0.0,83.55,0.7367000000000001,3.0,3.0,3.0,1.0,0.3,True,,No-DILI-Concern,no,False,,,
LT01553,Mexiletine hydrochloride,3,Box warning,vMost-DILI-concern,Unchanged,Mexiletine,Cc1cccc(C)c1OCC(C)N,CHEMBL558,5370-01-04 00:00:00,179.26,2.03,0.0,C,DILI (likely),DILI,"Hepatitis, CYP, Cholestasis/Biliary, Immune-mediated, Hypersensitivity",most,1.0,mexiletine hydrochloride,DILImap_metadata,Cc1cccc(C)c1OCC(C)N,,,True,Cc1cccc(C)c1OCC(C)N,VLPIATFUUWWMKC-UHFFFAOYSA-N,c1ccccc1,1.0,1.0,0.0,179.26299999999998,13.0,11.0,0.0,35.25,2.0294399999999997,1.0,2.0,3.0,1.0,0.45454545454545453,True,,Most-DILI-Concern,most,False,,,
LT01187,Micafungin sodium,7,Warnings & precautions,vMost-DILI-concern,Unchanged,Micafungin,CCCCCOc1ccc(-c2cc(-c3ccc(C(=O)N[C@H]4C[C@@H](O)[C@@H](O)NC(=O)[C@@H]5[C@@H](O)[C@@H](C)CN5C(=O)[C@H]([C@H](O)CC(N)=O)NC(=O)[C@H]([C@H](O)[C@@H](O)c5ccc(O)c(OS(=O)(=O)O)c5)NC(=O)[C@@H]5C[C@@H](O)CN5C(=O)[C@H]([C@@H](C)O)NC4=O)cc3)no2)cc1,CHEMBL457547,208538-73-2,1270.29,,0.0,D,DILI (likely),DILI,,most,1.0,micafungin sodium,DILImap_metadata,CCCCCOc1ccc(-c2cc(-c3ccc(C(=O)N[C@H]4C[C@@H](O)[C@@H](O)NC(=O)[C@@H]5[C@@H](O)[C@@H](C)CN5C(=O)[C@H]([C@H](O)CC(N)=O)NC(=O)[C@H]([C@H](O)[C@@H](O)c5ccc(O)c(OS(=O)(=O)O)c5)NC(=O)[C@@H]5C[C@@H](O)CN5C(=O)[C@H]([C@@H](C)O)NC4=O)cc3)no2)cc1,,,True,CCCCCOc1ccc(-c2cc(-c3ccc(C(=O)N[C@H]4C[C@@H](O)[C@@H](O)NC(=O)[C@@H]5[C@@H](O)[C@@H](C)CN5C(=O)[C@H]([C@H](O)CC(N)=O)NC(=O)[C@H]([C@H](O)[C@@H](O)c5ccc(O)c(OS(=O)(=O)O)c5)NC(=O)[C@@H]5C[C@@H](O)CN5C(=O)[C@H]([C@@H](C)O)NC4=O)cc3)no2)cc1,PIEUQSKUWLMALL-YABMTYFHSA-N,O=C(NC1CCCNC(=O)C2CCCN2C(=O)CNC(=O)C(CCc2ccccc2)NC(=O)C2CCCN2C(=O)CNC1=O)c1ccc(-c2cc(-c3ccccc3)on2)cc1,1.0,1.0,0.0,1270.2910000000004,89.0,56.0,0.0,510.14,-3.9019999999999966,16.0,23.0,18.0,7.0,0.48214285714285715,False,mw_above_1000;heavy_atoms_above_80,Most-DILI-Concern,most,False,,,
LT01557,Midazolam hydrochloride,0,No match,vNo-DILI-concern,Unchanged,Midazolam,Cc1ncc2n1-c1ccc(Cl)cc1C(c1ccccc1F)=NC2,CHEMBL655,,325.77,4.32,0.0,E,No DILI,No DILI,,no,0.0,midazolam hydrochloride,DILImap_metadata,Cc1ncc2n1-c1ccc(Cl)cc1C(c1ccccc1F)=NC2,,,True,Cc1ncc2n1-c1ccc(Cl)cc1C(c1ccccc1F)=NC2,DDLIGBOFAVUZHB-UHFFFAOYSA-N,c1ccc(C2=NCc3cncn3-c3ccccc32)cc1,1.0,1.0,0.0,325.77400000000006,23.0,18.0,0.0,30.18,4.324220000000002,0.0,2.0,1.0,4.0,0.1111111111111111,True,,No-DILI-Concern,no,False,,,
LT01558,Midodrine hydrochloride,0,No match,vNo-DILI-concern,Unchanged,Midodrine,COc1ccc(OC)c(C(O)CNC(=O)CN)c1,CHEMBL1201212,43218-56-0,254.29,-0.19,1.0,,No DILI,No DILI,,no,0.0,midodrine hydrochloride,DILImap_metadata,COc1ccc(OC)c(C(O)CNC(=O)CN)c1,,,True,COc1ccc(OC)c(C(O)CNC(=O)CN)c1,PTKSEFOSCHHMPD-UHFFFAOYSA-N,c1ccccc1,1.0,1.0,0.0,254.28599999999997,18.0,12.0,0.0,93.80999999999999,-0.18789999999999946,3.0,5.0,6.0,1.0,0.4166666666666667,True,,No-DILI-Concern,no,False,,,
LT03751,Midostaurin,4,Adverse reactions,Ambiguous-DILI-concern,New,,,,,,,,,,,,ambiguous,,midostaurin,,C[C@@]12[C@@H]([C@@H](C[C@@H](O1)N3C4=CC=CC=C4C5=C6C(=C7C8=CC=CC=C8N2C7=C53)CNC6=O)N(C)C(=O)C9=CC=CC=C9)OC,9829523.0,BMGQWWVMWDBQGC-IIFHNQTCSA-N,True,CO[C@@H]1[C@H](N(C)C(=O)c2ccccc2)C[C@H]2O[C@]1(C)n1c3ccccc3c3c4c(c5c6ccccc6n2c5c31)C(=O)NC4,BMGQWWVMWDBQGC-IIFHNQTCSA-N,O=C(NC1CC2OC(C1)n1c3ccccc3c3c4c(c5c6ccccc6n2c5c31)CNC4=O)c1ccccc1,1.0,1.0,0.0,570.6490000000003,43.0,35.0,0.0,77.73,5.906800000000007,1.0,4.0,3.0,9.0,0.2571428571428571,True,,,other,False,,,PubChem_name_property
LT00184,Mifepristone,0,No match,vLess-DILI-concern,Revised,Mifepristone,CC#C[C@]1(O)CC[C@H]2[C@@H]3CCC4=CC(=O)CCC4=C3[C@@H](c3ccc(N(C)C)cc3)C[C@@]21C,CHEMBL1276308,84371-65-3,429.6,5.41,0.0,E,No DILI,No DILI,,less,,mifepristone,DILImap_metadata,CC#C[C@]1(O)CC[C@H]2[C@@H]3CCC4=CC(=O)CCC4=C3[C@@H](c3ccc(N(C)C)cc3)C[C@@]21C,,,True,CC#C[C@]1(O)CC[C@H]2[C@@H]3CCC4=CC(=O)CCC4=C3[C@@H](c3ccc(N(C)C)cc3)C[C@@]21C,VKHAHZOOUSRJNA-GCNJZUOMSA-N,O=C1C=C2CCC3C(=C2CC1)C(c1ccccc1)CC1CCCC13,1.0,1.0,0.0,429.6040000000001,32.0,29.0,0.0,40.54,5.406500000000006,1.0,3.0,2.0,5.0,0.5517241379310345,True,,No-DILI-Concern,no,False,4.96973929236498,,
LT03712,Migalastat hydrochloride,0,No match,vNo-DILI-concern,New,,,,,,,,,,,,no,0.0,migalastat hydrochloride,,C1[C@@H]([C@H]([C@H]([C@H](N1)CO)O)O)O.Cl,11644097.0,ZJIHMALTJRDNQI-OLALXQGDSA-N,True,OC[C@H]1NC[C@H](O)[C@@H](O)[C@H]1O,LXBIFEVIBLOUGU-DPYQTVNSSA-N,C1CCNCC1,2.0,0.9166666666666666,0.0,163.173,11.0,6.0,0.0,92.95,-2.9667999999999983,5.0,5.0,1.0,1.0,1.0,True,,,other,False,,,PubChem_name_property
LT00992,Miglitol,0,No match,vNo-DILI-concern,Unchanged,Miglitol,OCCN1C[C@H](O)[C@@H](O)[C@H](O)[C@H]1CO,CHEMBL1561,72432-03-2,207.23,-3.26,0.0,E,No DILI,No DILI,,no,0.0,miglitol,DILImap_metadata,OCCN1C[C@H](O)[C@@H](O)[C@H](O)[C@H]1CO,,,True,OCCN1C[C@H](O)[C@@H](O)[C@H](O)[C@H]1CO,IBAQFPQHRJAVAV-ULAWRXDQSA-N,C1CCNCC1,1.0,1.0,0.0,207.226,14.0,8.0,0.0,104.39000000000001,-3.262099999999999,5.0,6.0,3.0,1.0,1.0,True,,No-DILI-Concern,no,False,,,
LT01126,Miglustat,0,No match,vNo-DILI-concern,Unchanged,Miglustat,CCCCN1C[C@H](O)[C@@H](O)[C@H](O)[C@H]1CO,CHEMBL1029,72599-27-0,219.28,-1.45,1.0,E,No DILI,No DILI,,no,0.0,miglustat,DILImap_metadata,CCCCN1C[C@H](O)[C@@H](O)[C@H](O)[C@H]1CO,,,True,CCCCN1C[C@H](O)[C@@H](O)[C@H](O)[C@H]1CO,UQRORFVVSGFNRO-UTINFBMNSA-N,C1CCNCC1,1.0,1.0,0.0,219.28099999999998,15.0,10.0,0.0,84.16000000000001,-1.4542999999999995,4.0,5.0,4.0,1.0,1.0,True,,No-DILI-Concern,no,False,6.05623911199481,,
LT01263,Milnacipran hydrochloride,7,Warnings & precautions,vMost-DILI-concern,Unchanged,Milnacipran,CCN(CC)C(=O)C1(c2ccccc2)CC1CN,CHEMBL259209,101152-94-7,246.35,1.77,0.0,D,DILI (likely),DILI,Immune-mediated (manual annotation),most,1.0,milnacipran hydrochloride,DILImap_metadata,CCN(CC)C(=O)C1(c2ccccc2)CC1CN,,,True,CCN(CC)C(=O)C1(c2ccccc2)CC1CN,GJJFMKBJSRMPLA-UHFFFAOYSA-N,c1ccc(C2CC2)cc1,1.0,1.0,0.0,246.35399999999998,18.0,15.0,0.0,46.33,1.7713999999999999,1.0,2.0,5.0,2.0,0.5333333333333333,True,,Most-DILI-Concern,most,False,,,
LT00931,Milrinone lactate,3,Adverse reactions,Ambiguous-DILI-concern,Unchanged,Milrinone,Cc1[nH]c(=O)c(C#N)cc1-c1ccncc1,CHEMBL189,78415-72-2,211.22,1.62,0.0,,,,,ambiguous,,milrinone lactate,DILImap_metadata,Cc1[nH]c(=O)c(C#N)cc1-c1ccncc1,,,True,Cc1[nH]c(=O)c(C#N)cc1-c1ccncc1,PZRHRDRVRGEVNW-UHFFFAOYSA-N,O=c1ccc(-c2ccncc2)c[nH]1,1.0,1.0,0.0,211.22400000000002,16.0,12.0,0.0,69.53999999999999,1.617,1.0,3.0,1.0,2.0,0.08333333333333333,True,,Ambiguous DILI-concern,ambiguous,False,,,
LT02956,Miltefosine,4,Warnings & precautions,Ambiguous-DILI-concern,New,,,,,,,,,,,,ambiguous,,miltefosine,,CCCCCCCCCCCCCCCCOP(=O)([O-])OCC[N+](C)(C)C,3599.0,PQLXHQMOHUQAKB-UHFFFAOYSA-N,True,CCCCCCCCCCCCCCCCOP(=O)([O-])OCC[N+](C)(C)C,PQLXHQMOHUQAKB-UHFFFAOYSA-N,,1.0,1.0,0.0,407.57600000000014,27.0,21.0,0.0,58.59,5.675500000000006,0.0,4.0,20.0,0.0,1.0,True,,,other,False,,,PubChem_name_property
LT00416,Minocycline hydrochloride,8,Warnings & precautions,vMost-DILI-concern,Unchanged,Minocycline,CN(C)c1ccc(O)c2c1C[C@H]1C[C@H]3[C@H](N(C)C)C(O)=C(C(N)=O)C(=O)[C@@]3(O)C(O)=C1C2=O,CHEMBL1434,13614-98-7,457.48,0.19,0.0,A,DILI (known),DILI,"Hepatitis, Necrosis, Fibrosis, Immune-mediated, Hypersensitivity",most,1.0,minocycline hydrochloride,DILImap_metadata,CN(C)c1ccc(O)c2c1C[C@H]1C[C@H]3[C@H](N(C)C)C(O)=C(C(N)=O)C(=O)[C@@]3(O)C(O)=C1C2=O,,,True,CN(C)c1ccc(O)c2c1C[C@H]1C[C@H]3[C@H](N(C)C)C(O)=C(C(N)=O)C(=O)[C@@]3(O)C(O)=C1C2=O,DYKFCLLONBREIL-KVUCHLLUSA-N,O=C1C2=CC3C(=O)C=CCC3CC2Cc2ccccc21,1.0,1.0,0.0,457.48300000000023,33.0,23.0,0.0,164.63,0.1866000000000017,5.0,9.0,3.0,4.0,0.43478260869565216,True,,Most-DILI-Concern,most,False,,,
LT00587,Minoxidil,0,No match,vNo-DILI-concern,Unchanged,Minoxidil,Nc1cc(N2CCCCC2)nc(N)[n+]1[O-],CHEMBL802,83701-22-8,209.25,-0.13,1.0,E,No DILI,No DILI,,no,0.0,minoxidil,DILImap_metadata,Nc1cc(N2CCCCC2)nc(N)[n+]1[O-],,,True,Nc1cc(N2CCCCC2)nc(N)[n+]1[O-],ZFMITUMMTDLWHR-UHFFFAOYSA-N,c1cc(N2CCCCC2)nc[nH+]1,1.0,1.0,0.0,209.25300000000001,15.0,9.0,0.0,95.11,-0.13029999999999975,2.0,5.0,1.0,2.0,0.5555555555555556,True,,No-DILI-Concern,no,False,,,
LT02388,Mirabegron,3,Adverse reactions,Ambiguous-DILI-concern,New,,,,,,,,,,,,ambiguous,,mirabegron,,C1=CC=C(C=C1)[C@H](CNCCC2=CC=C(C=C2)NC(=O)CC3=CSC(=N3)N)O,9865528.0,PBAPPPCECJKMCM-IBGZPJMESA-N,True,Nc1nc(CC(=O)Nc2ccc(CCNC[C@H](O)c3ccccc3)cc2)cs1,PBAPPPCECJKMCM-IBGZPJMESA-N,O=C(Cc1cscn1)Nc1ccc(CCNCCc2ccccc2)cc1,1.0,1.0,0.0,396.51600000000013,28.0,21.0,0.0,100.27,2.7722,4.0,6.0,9.0,3.0,0.23809523809523808,True,,,other,False,,,PubChem_name_property
LT01560,Mirtazapine,3,Warnings & precautions,vLess-DILI-concern,Unchanged,Mirtazapine,CN1CCN2c3ncccc3Cc3ccccc3C2C1,CHEMBL654,85650-52-8,265.36,2.48,0.0,C,DILI (few cases),,"Hepatitis, CYP, Steatosis, Immune-mediated, Hypersensitivity",less,,mirtazapine,DILImap_metadata,CN1CCN2c3ncccc3Cc3ccccc3C2C1,,,True,CN1CCN2c3ncccc3Cc3ccccc3C2C1,RONZAEMNMFQXRA-UHFFFAOYSA-N,c1ccc2c(c1)Cc1cccnc1N1CCNCC21,1.0,1.0,0.0,265.36,20.0,17.0,0.0,19.37,2.4789000000000003,0.0,3.0,0.0,4.0,0.35294117647058826,True,,Less-DILI-Concern,less,False,0.643749999999999,,
LT00922,Misoprostol,3,Adverse reactions,Ambiguous-DILI-concern,Unchanged,Misoprostol,CCCCC(C)(O)C/C=C/[C@H]1[C@H](O)CC(=O)[C@@H]1CCCCCCC(=O)OC,CHEMBL606,59122-46-2,382.54,3.95,1.0,E,No DILI,No DILI,,ambiguous,,misoprostol,DILImap_metadata,CCCCC(C)(O)C/C=C/[C@H]1[C@H](O)CC(=O)[C@@H]1CCCCCCC(=O)OC,,,True,CCCCC(C)(O)C/C=C/[C@H]1[C@H](O)CC(=O)[C@@H]1CCCCCCC(=O)OC,OJLOPKGSLYJEMD-URPKTTJQSA-N,O=C1CCCC1,1.0,1.0,0.0,382.5410000000003,27.0,22.0,0.0,83.83,3.9536000000000033,2.0,5.0,13.0,1.0,0.8181818181818182,True,,Ambiguous DILI-concern,ambiguous,False,,,
LT00588,Mitomycin,0,No match,vLess-DILI-concern,Unchanged,Mitomycin,CO[C@@]12[C@H](COC(N)=O)C3=C(C(=O)C(C)=C(N)C3=O)N1C[C@@H]1N[C@@H]12,CHEMBL105,,334.33,-1.65,1.0,B[HD],DILI (likely),DILI,Sinusoidal,less,,mitomycin,DILImap_metadata,CO[C@@]12[C@H](COC(N)=O)C3=C(C(=O)C(C)=C(N)C3=O)N1C[C@@H]1N[C@@H]12,,,True,CO[C@@]12[C@H](COC(N)=O)C3=C(C(=O)C(C)=C(N)C3=O)N1C[C@@H]1N[C@@H]12,NWIBSHFKIJFRCO-WUDYKRTCSA-N,O=C1C=CC(=O)C2=C1CC1C3NC3CN21,1.0,1.0,0.0,334.33200000000005,24.0,15.0,0.0,146.89000000000001,-1.6511999999999971,3.0,8.0,3.0,4.0,0.5333333333333333,True,,Less-DILI-Concern,less,False,,,
LT01564,Mitotane,0,No match,vNo-DILI-concern,Unchanged,Mitotane,Clc1ccc(C(c2ccccc2Cl)C(Cl)Cl)cc1,CHEMBL1670,53-19-0,320.05,5.93,0.0,E*,No DILI,No DILI,,no,0.0,mitotane,DILImap_metadata,Clc1ccc(C(c2ccccc2Cl)C(Cl)Cl)cc1,,,True,Clc1ccc(C(c2ccccc2Cl)C(Cl)Cl)cc1,JWBOIMRXGHLCPP-UHFFFAOYSA-N,c1ccc(Cc2ccccc2)cc1,1.0,1.0,0.0,320.04600000000005,18.0,14.0,0.0,0.0,5.929000000000002,0.0,0.0,3.0,2.0,0.14285714285714285,True,,No-DILI-Concern,no,False,,,
LT01565,Mitoxantrone hydrochloride,3,Warnings & precautions,vLess-DILI-concern,Unchanged,Mitoxantrone,O=C1c2c(O)ccc(O)c2C(=O)c2c(NCCNCCO)ccc(NCCNCCO)c21,CHEMBL58,70476-82-3,444.49,-0.14,0.0,D,DILI (few cases),,"Hepatitis, Necrosis, Cholestasis/Biliary, Immune-mediated, Hypersensitivity, idiosyncratic cases",less,,mitoxantrone hydrochloride,DILImap_metadata,O=C1c2c(O)ccc(O)c2C(=O)c2c(NCCNCCO)ccc(NCCNCCO)c21,,,True,O=C1c2c(O)ccc(O)c2C(=O)c2c(NCCNCCO)ccc(NCCNCCO)c21,KKZJGLLVHKMTCM-UHFFFAOYSA-N,O=C1c2ccccc2C(=O)c2ccccc21,1.0,1.0,0.0,444.4880000000002,32.0,22.0,0.0,163.17999999999998,-0.13919999999999944,8.0,10.0,12.0,3.0,0.36363636363636365,True,,Less-DILI-Concern,less,False,,,
LT00950,Mivacurium chloride,0,No match,vNo-DILI-concern,Unchanged,Mivacurium,COc1cc2c(cc1OC)[C@@H](Cc1cc(OC)c(OC)c(OC)c1)[N+](C)(CCCOC(=O)CC/C=C/CCC(=O)OCCC[N+]1(C)CCc3cc(OC)c(OC)cc3[C@H]1Cc1cc(OC)c(OC)c(OC)c1)CC2,CHEMBL1182833,106861-44-3,1029.28,,0.0,,No DILI,No DILI,,no,0.0,mivacurium chloride,DILImap_metadata,COc1cc2c(cc1OC)[C@@H](Cc1cc(OC)c(OC)c(OC)c1)[N+](C)(CCCOC(=O)CC/C=C/CCC(=O)OCCC[N+]1(C)CCc3cc(OC)c(OC)cc3[C@H]1Cc1cc(OC)c(OC)c(OC)c1)CC2,,,True,COc1cc2c(cc1OC)[C@@H](Cc1cc(OC)c(OC)c(OC)c1)[N+](C)(CCCOC(=O)CC/C=C/CCC(=O)OCCC[N+]1(C)CCc3cc(OC)c(OC)cc3[C@H]1Cc1cc(OC)c(OC)c(OC)c1)CC2,ILVYCEVXHALBSC-OTBYEXOQSA-N,O=C(CCC=CCCC(=O)OCCC[NH+]1CCc2ccccc2C1Cc1ccccc1)OCCC[NH+]1CCc2ccccc2C1Cc1ccccc1,1.0,1.0,2.0,1029.2779999999996,74.0,58.0,0.0,144.9,9.029000000000005,0.0,14.0,28.0,6.0,0.5172413793103449,False,mw_above_1000,No-DILI-Concern,no,False,,,
LT03713,Mobocertinib succinate,3,Adverse reactions,Ambiguous-DILI-concern,New,,,,,,,,,,,,ambiguous,,mobocertinib succinate,,CC(C)OC(=O)C1=CN=C(N=C1C2=CN(C3=CC=CC=C32)C)NC4=C(C=C(C(=C4)NC(=O)C=C)N(C)CCN(C)C)OC.C(CC(=O)O)C(=O)O,146026179.0,YXYAEUMTJQGKHS-UHFFFAOYSA-N,True,C=CC(=O)Nc1cc(Nc2ncc(C(=O)OC(C)C)c(-c3cn(C)c4ccccc34)n2)c(OC)cc1N(C)CCN(C)C,AZSRSNUQCUDCGG-UHFFFAOYSA-N,c1ccc(Nc2nccc(-c3c[nH]c4ccccc34)n2)cc1,2.0,0.8431372549019608,0.0,585.7090000000003,43.0,32.0,0.0,113.84999999999998,5.075000000000004,2.0,9.0,12.0,4.0,0.3125,True,,,other,False,,,PubChem_name_property
LT00589,Modafinil,3,Warnings & precautions,vLess-DILI-concern,Unchanged,Modafinil,NC(=O)C[S+]([O-])C(c1ccccc1)c1ccccc1,CHEMBL1373,,273.36,2.01,0.0,E,No DILI (unlikely),,,less,,modafinil,DILImap_metadata,NC(=O)C[S+]([O-])C(c1ccccc1)c1ccccc1,,,True,NC(=O)C[S+]([O-])C(c1ccccc1)c1ccccc1,YFGHCGITMMYXAQ-UHFFFAOYSA-N,c1ccc(Cc2ccccc2)cc1,1.0,1.0,0.0,273.357,19.0,15.0,0.0,66.15,2.01,1.0,2.0,5.0,2.0,0.13333333333333333,True,,Less-DILI-Concern,less,False,,,
LT01567,Moexipril hydrochloride,3,Adverse reactions,Ambiguous-DILI-concern,Unchanged,Moexipril,CCOC(=O)[C@H](CCc1ccccc1)N[C@@H](C)C(=O)N1Cc2cc(OC)c(OC)cc2C[C@H]1C(=O)O,CHEMBL1165,82586-52-5,498.58,2.58,1.0,E*,No DILI,No DILI,,ambiguous,,moexipril hydrochloride,DILImap_metadata,CCOC(=O)[C@H](CCc1ccccc1)N[C@@H](C)C(=O)N1Cc2cc(OC)c(OC)cc2C[C@H]1C(=O)O,,,True,CCOC(=O)[C@H](CCc1ccccc1)N[C@@H](C)C(=O)N1Cc2cc(OC)c(OC)cc2C[C@H]1C(=O)O,UWWDHYUMIORJTA-HSQYWUDLSA-N,O=C(CNCCCc1ccccc1)N1CCc2ccccc2C1,1.0,1.0,0.0,498.5760000000004,36.0,27.0,0.0,114.40000000000002,2.5843,2.0,7.0,11.0,3.0,0.4444444444444444,True,,Ambiguous DILI-concern,ambiguous,False,,,
LT03714,Monomethyl fumarate,4,Warnings & precautions,Ambiguous-DILI-concern,New,,,,,,,,,,,,ambiguous,,monomethyl fumarate,,COC(=O)/C=C/C(=O)O,5369209.0,NKHAVTQWNUWKEO-NSCUHMNNSA-N,True,COC(=O)/C=C/C(=O)O,NKHAVTQWNUWKEO-NSCUHMNNSA-N,,1.0,1.0,0.0,130.099,9.0,5.0,0.0,63.60000000000001,-0.19980000000000003,1.0,3.0,2.0,0.0,0.2,True,,,other,False,,,PubChem_name_property
LT02007,Montelukast sodium,3,Adverse reactions,vLess-DILI-concern,Unchanged,Montelukast,CC(C)(O)c1ccccc1CC[C@@H](SCC1(CC(=O)O)CC1)c1cccc(/C=C/c2ccc3ccc(Cl)cc3n2)c1,CHEMBL787,151767-02-1,586.2,8.95,0.0,B,DILI (likely),DILI,"CYP, Cholestasis/Biliary, Immune-mediated, Hypersensitivity",less,,montelukast sodium,DILImap_metadata,CC(C)(O)c1ccccc1CC[C@@H](SCC1(CC(=O)O)CC1)c1cccc(/C=C/c2ccc3ccc(Cl)cc3n2)c1,,,True,CC(C)(O)c1ccccc1CC[C@@H](SCC1(CC(=O)O)CC1)c1cccc(/C=C/c2ccc3ccc(Cl)cc3n2)c1,UCHDWCPVSPXUMX-TZIWLTJVSA-N,C(=Cc1ccc2ccccc2n1)c1cccc(C(CCc2ccccc2)SCC2CC2)c1,1.0,1.0,0.0,586.1970000000001,41.0,35.0,0.0,70.42,8.948000000000002,2.0,4.0,12.0,5.0,0.3142857142857143,True,,Less-DILI-Concern,less,False,,,
LT01571,Moricizine hydrochloride,5,Adverse reactions,Ambiguous-DILI-concern,Unchanged,Moricizine,CCOC(=O)Nc1ccc2c(c1)N(C(=O)CCN1CCOCC1)c1ccccc1S2,CHEMBL1075,,427.53,4.11,0.0,,,,,ambiguous,,moricizine hydrochloride,DILImap_metadata,CCOC(=O)Nc1ccc2c(c1)N(C(=O)CCN1CCOCC1)c1ccccc1S2,,,True,CCOC(=O)Nc1ccc2c(c1)N(C(=O)CCN1CCOCC1)c1ccccc1S2,FUBVWMNBEHXPSU-UHFFFAOYSA-N,O=C(CCN1CCOCC1)N1c2ccccc2Sc2ccccc21,1.0,1.0,0.0,427.52600000000024,30.0,22.0,0.0,71.11,4.106600000000004,1.0,6.0,5.0,4.0,0.36363636363636365,True,,Ambiguous DILI-concern,ambiguous,False,,,
LT00905,Morphine sulfate,0,No match,vNo-DILI-concern,Unchanged,Morphine,CN1CC[C@]23c4c5ccc(O)c4O[C@H]2[C@@H](O)C=C[C@H]3[C@H]1C5,CHEMBL70,,285.34,1.2,0.0,E,No DILI,No DILI,,no,0.0,morphine sulfate,DILImap_metadata,CN1CC[C@]23c4c5ccc(O)c4O[C@H]2[C@@H](O)C=C[C@H]3[C@H]1C5,,,True,CN1CC[C@]23c4c5ccc(O)c4O[C@H]2[C@@H](O)C=C[C@H]3[C@H]1C5,BQJCRHHNABKAKU-KBQPJGBKSA-N,C1=CC2C3Cc4cccc5c4C2(CCN3)C(C1)O5,1.0,1.0,0.0,285.343,21.0,17.0,0.0,52.93000000000001,1.1981,2.0,4.0,0.0,5.0,0.5294117647058824,True,,No-DILI-Concern,no,False,,,
LT03715,Moxidectin,4,Adverse reactions,Ambiguous-DILI-concern,New,,,,,,,,,,,,ambiguous,,moxidectin,,C[C@@H]\1C/C(=C/C[C@@H]2C[C@@H](C[C@@]3(O2)C/C(=N\OC)/[C@@H]([C@H](O3)/C(=C/C(C)C)/C)C)OC(=O)[C@@H]4C=C([C@H]([C@@H]5[C@]4(/C(=C/C=C1)/CO5)O)O)C)/C,9832912.0,YZBLFMPOMVTDJY-LSGXYNIPSA-N,True,CO/N=C1\C[C@]2(C[C@@H]3C[C@@H](C/C=C(\C)C[C@@H](C)/C=C/C=C4\CO[C@@H]5[C@H](O)C(C)=C[C@@H](C(=O)O3)[C@]45O)O2)O[C@H](/C(C)=C/C(C)C)[C@H]1C,YZBLFMPOMVTDJY-LSGXYNIPSA-N,N=C1CCOC2(C1)CC1CC(CC=CCCC=CC=C3COC4CC=CC(C(=O)O1)C34)O2,1.0,1.0,0.0,639.8300000000003,46.0,37.0,0.0,116.04,5.728900000000008,2.0,9.0,3.0,5.0,0.6756756756756757,True,,,other,False,,,PubChem_name_property
LT02008,Moxifloxacin hydrochloride,8,Adverse reactions,vLess-DILI-concern,Unchanged,Moxifloxacin,COc1c(N2C[C@@H]3CCCN[C@@H]3C2)c(F)cc2c(=O)c(C(=O)O)cn(C3CC3)c12,CHEMBL32,186826-86-8,401.44,2.37,0.0,B,DILI (likely),DILI,"CYP, Cholestasis/Biliary, Immune-mediated, Hypersensitivity Syndrome",less,,moxifloxacin hydrochloride,DILImap_metadata,COc1c(N2C[C@@H]3CCCN[C@@H]3C2)c(F)cc2c(=O)c(C(=O)O)cn(C3CC3)c12,,,True,COc1c(N2C[C@@H]3CCCN[C@@H]3C2)c(F)cc2c(=O)c(C(=O)O)cn(C3CC3)c12,FABPRXSRWADJSP-MEDUHNTESA-N,O=c1ccn(C2CC2)c2cc(N3CC4CCCNC4C3)ccc12,1.0,1.0,0.0,401.4380000000002,29.0,21.0,0.0,83.80000000000001,2.3705000000000007,2.0,5.0,4.0,5.0,0.5238095238095238,True,,Less-DILI-Concern,less,False,,,
LT01574,Moxisylyte,8,Withdrawn,vMost-DILI-concern,Unchanged,Moxisylyte,CC(=O)Oc1cc(C(C)C)c(OCCN(C)C)cc1C,CHEMBL159226,964-52-3,279.38,2.98,0.0,,DILI (withdrawn),DILI,"Immune-mediated, Hypersensitivity (manual annotation)",most,1.0,moxisylyte,DILImap_metadata,CC(=O)Oc1cc(C(C)C)c(OCCN(C)C)cc1C,,,True,CC(=O)Oc1cc(C(C)C)c(OCCN(C)C)cc1C,VRYMTAVOXVTQEF-UHFFFAOYSA-N,c1ccccc1,1.0,1.0,0.0,279.38,20.0,16.0,0.0,38.77,2.9841200000000017,0.0,4.0,6.0,1.0,0.5625,True,,Most-DILI-Concern,most,True,0.71139809578352,,
LT01326,Muromonab-cd3,3,Warnings & precautions,Ambiguous-DILI-concern,Unchanged,Muromonab-cd3,,CHEMBL1201608,,,,0.0,,,,,ambiguous,,muromonab cd3,,,,,False,,,,,,,,,,,,,,,,,,False,missing_structure,Ambiguous DILI-concern,ambiguous,False,,,
LT01288,Mycophenolate mofetil,3,Adverse reactions,vLess-DILI-concern,Unchanged,Mycophenolate mofetil,COc1c(C)c2c(c(O)c1C/C=C(\C)CCC(=O)OCCN1CCOCC1)C(=O)OC2,CHEMBL1456,128794-94-5,433.5,2.52,1.0,,DILI (few cases),,"Immune-mediated, idiosyncratic (manual annotation)",less,,mycophenolate mofetil,DILImap_metadata,COc1c(C)c2c(c(O)c1C/C=C(\C)CCC(=O)OCCN1CCOCC1)C(=O)OC2,,,True,COc1c(C)c2c(c(O)c1C/C=C(\C)CCC(=O)OCCN1CCOCC1)C(=O)OC2,RTGDFNSFWBGLEC-SYZQJQIISA-N,O=C(CCC=CCc1ccc2c(c1)C(=O)OC2)OCCN1CCOCC1,1.0,1.0,0.0,433.5010000000003,31.0,23.0,0.0,94.53000000000002,2.52402,1.0,8.0,9.0,3.0,0.5652173913043478,True,,Less-DILI-Concern,less,False,0.0576701268742791,,
LT00310,Mycophenolic sodium,3,Adverse reactions,Ambiguous-DILI-concern,Unchanged,Mycophenolic acid,COc1c(C)c2c(c(O)c1C/C=C(\C)CCC(=O)O)C(=O)OC2,CHEMBL866,24280-93-1,320.34,2.73,0.0,,,,,ambiguous,,mycophenolic sodium,DILImap_metadata,COc1c(C)c2c(c(O)c1C/C=C(\C)CCC(=O)O)C(=O)OC2,,,True,COc1c(C)c2c(c(O)c1C/C=C(\C)CCC(=O)O)C(=O)OC2,HPNSFSBZBAHARI-RUDMXATFSA-N,O=C1OCc2ccccc21,1.0,1.0,0.0,320.341,23.0,17.0,0.0,93.06000000000002,2.73322,2.0,5.0,6.0,2.0,0.4117647058823529,True,,Ambiguous DILI-concern,ambiguous,False,,,
LT00910,Nabilone,0,No match,vNo-DILI-concern,Unchanged,Nabilone,CCCCCCC(C)(C)c1cc(O)c2c(c1)OC(C)(C)C1CCC(=O)CC21,CHEMBL2218896,,372.55,6.26,0.0,E,No DILI,No DILI,,no,0.0,nabilone,DILImap_metadata,CCCCCCC(C)(C)c1cc(O)c2c(c1)OC(C)(C)C1CCC(=O)CC21,,,True,CCCCCCC(C)(C)c1cc(O)c2c(c1)OC(C)(C)C1CCC(=O)CC21,GECBBEABIDMGGL-UHFFFAOYSA-N,O=C1CCC2COc3ccccc3C2C1,1.0,1.0,0.0,372.5490000000002,27.0,24.0,0.0,46.53,6.264000000000007,1.0,3.0,6.0,3.0,0.7083333333333334,True,,No-DILI-Concern,no,False,,,
LT01581,Nabumetone,3,Warnings & precautions,Ambiguous-DILI-concern,Unchanged,Nabumetone,COc1ccc2cc(CCC(C)=O)ccc2c1,CHEMBL1070,42924-53-8,228.29,3.37,1.0,E*,No DILI,No DILI,,ambiguous,,nabumetone,DILImap_metadata,COc1ccc2cc(CCC(C)=O)ccc2c1,,,True,COc1ccc2cc(CCC(C)=O)ccc2c1,BLXXJMDCKKHMKV-UHFFFAOYSA-N,c1ccc2ccccc2c1,1.0,1.0,0.0,228.29099999999997,17.0,15.0,0.0,26.3,3.370000000000002,0.0,2.0,4.0,2.0,0.26666666666666666,True,,Ambiguous DILI-concern,ambiguous,False,,,
LT01582,Nadolol,3,Adverse reactions,Ambiguous-DILI-concern,Unchanged,Nadolol,CC(C)(C)NCC(O)COc1cccc2c1C[C@H](O)[C@H](O)C2,CHEMBL649,42200-33-9,309.41,0.63,0.0,E,No DILI,No DILI,,ambiguous,,nadolol,DILImap_metadata,CC(C)(C)NCC(O)COc1cccc2c1C[C@H](O)[C@H](O)C2,,,True,CC(C)(C)NCC(O)COc1cccc2c1C[C@H](O)[C@H](O)C2,VWPOSFSPZNDTMJ-UCWKZMIHSA-N,c1ccc2c(c1)CCCC2,1.0,1.0,0.0,309.406,22.0,17.0,0.0,81.95,0.6347999999999998,4.0,5.0,5.0,2.0,0.6470588235294118,True,,Ambiguous DILI-concern,ambiguous,False,,,
LT01583,Nafcillin sodium,3,Warnings & precautions,vLess-DILI-concern,Unchanged,Nafcillin,CCOc1ccc2ccccc2c1C(=O)N[C@@H]1C(=O)N2[C@@H]1SC(C)(C)[C@@H]2C(=O)O,CHEMBL1443,7177-50-6,414.48,2.48,0.0,C,DILI (few cases),,"Hepatitis, Cholestasis/Biliary, Hypersensitivity, idiosyncratic",less,,nafcillin sodium,DILImap_metadata,CCOc1ccc2ccccc2c1C(=O)N[C@@H]1C(=O)N2[C@@H]1SC(C)(C)[C@@H]2C(=O)O,,,True,CCOc1ccc2ccccc2c1C(=O)N[C@@H]1C(=O)N2[C@@H]1SC(C)(C)[C@@H]2C(=O)O,GPXLMGHLHQJAGZ-JTDSTZFVSA-N,O=C(NC1C(=O)N2CCSC12)c1cccc2ccccc12,1.0,1.0,0.0,414.4830000000001,29.0,21.0,0.0,95.94000000000001,2.4837999999999996,2.0,5.0,5.0,4.0,0.38095238095238093,True,,Less-DILI-Concern,less,False,,,
LT01586,Nalbuphine hydrochloride,0,No match,vNo-DILI-concern,Unchanged,Nalbuphine,Oc1ccc2c3c1O[C@H]1[C@@H](O)CC[C@@]4(O)[C@@H](C2)N(CC2CCC2)CC[C@]314,CHEMBL895,,357.45,1.71,0.0,,No DILI,No DILI,,no,0.0,nalbuphine hydrochloride,DILImap_metadata,Oc1ccc2c3c1O[C@H]1[C@@H](O)CC[C@@]4(O)[C@@H](C2)N(CC2CCC2)CC[C@]314,,,True,Oc1ccc2c3c1O[C@H]1[C@@H](O)CC[C@@]4(O)[C@@H](C2)N(CC2CCC2)CC[C@]314,NETZHAKZCGBWSS-CEDHKZHLSA-N,c1cc2c3c(c1)OC1CCCC4C(C2)N(CC2CCC2)CCC314,1.0,1.0,0.0,357.4500000000003,26.0,21.0,0.0,73.16,1.7072999999999998,3.0,5.0,2.0,6.0,0.7142857142857143,True,,No-DILI-Concern,no,False,,,
LT03716,Naldemedine tosylate,0,No match,vNo-DILI-concern,New,,,,,,,,,,,,no,0.0,naldemedine tosylate,,CC1=CC=C(C=C1)S(=O)(=O)O.CC(C)(C1=NC(=NO1)C2=CC=CC=C2)NC(=O)C3=C([C@H]4[C@@]56CCN([C@@H]([C@@]5(C3)O)CC7=C6C(=C(C=C7)O)O4)CC8CC8)O,56837137.0,WCYDLROFMZJJLE-RTMHEQJQSA-N,True,CC(C)(NC(=O)C1=C(O)[C@@H]2Oc3c(O)ccc4c3[C@@]23CCN(CC2CC2)[C@H](C4)[C@]3(O)C1)c1nc(-c2ccccc2)no1,AXQACEQYCPKDMV-RZAWKFBISA-N,O=C(NCc1nc(-c2ccccc2)no1)C1=CC2Oc3cccc4c3C23CCN(CC2CC2)C(C4)C3C1,2.0,0.7924528301886793,0.0,570.6460000000003,42.0,32.0,0.0,141.18,3.479800000000002,4.0,9.0,6.0,8.0,0.46875,True,,,other,False,,,PubChem_name_property
LT01587,Nalidixic acid,3,Warnings & precautions,Ambiguous-DILI-concern,Unchanged,Nalidixic acid,CCn1cc(C(=O)O)c(=O)c2ccc(C)nc21,CHEMBL5,389-08-2,232.24,1.42,0.0,,,,,ambiguous,,nalidixic acid,DILImap_metadata,CCn1cc(C(=O)O)c(=O)c2ccc(C)nc21,,,True,CCn1cc(C(=O)O)c(=O)c2ccc(C)nc21,MHWLWQUZZRMNGJ-UHFFFAOYSA-N,O=c1cc[nH]c2ncccc12,1.0,1.0,0.0,232.23899999999998,17.0,12.0,0.0,72.19,1.4230200000000002,1.0,3.0,2.0,2.0,0.25,True,,Ambiguous DILI-concern,ambiguous,False,,,
LT01588,Nalmefene hydrochloride,3,Adverse reactions,Ambiguous-DILI-concern,Unchanged,Nalmefene hydrochloride,,,,,,,,,,,ambiguous,,nalmefene hydrochloride,,C=C1CC[C@@]2(O)[C@H]3Cc4ccc(O)c5c4[C@@]2(CCN3CC2CC2)[C@H]1O5,,,True,C=C1CC[C@@]2(O)[C@H]3Cc4ccc(O)c5c4[C@@]2(CCN3CC2CC2)[C@H]1O5,WJBLNOPPDWQMCH-MBPVOVBZSA-N,C=C1CCC2C3Cc4cccc5c4C2(CCN3CC2CC2)C1O5,1.0,1.0,0.0,339.4350000000001,25.0,21.0,0.0,52.93000000000001,2.512500000000001,2.0,4.0,2.0,6.0,0.6190476190476191,True,,Ambiguous DILI-concern,ambiguous,False,,DILImap_metadata_offline,
LT03717,Naloxegol oxalate,0,No match,vNo-DILI-concern,New,,,,,,,,,,,,no,0.0,naloxegol oxalate,,COCCOCCOCCOCCOCCOCCOCCO[C@H]1CC[C@]2([C@H]3CC4=C5[C@]2([C@H]1OC5=C(C=C4)O)CCN3CC=C)O.C(=O)(C(=O)O)O,56959086.0,MNYIRXLCPODKLG-VUTNLTPYSA-N,True,C=CCN1CC[C@]23c4c5ccc(O)c4O[C@H]2[C@@H](OCCOCCOCCOCCOCCOCCOCCOC)CC[C@@]3(O)[C@H]1C5,XNKCCCKFOQNXKV-ZRSCBOBOSA-N,c1cc2c3c(c1)OC1CCCC4C(C2)NCCC314,2.0,0.8846153846153846,0.0,651.7940000000003,46.0,34.0,0.0,126.77000000000002,1.8635000000000042,2.0,12.0,24.0,5.0,0.7647058823529411,True,,,other,False,,,PubChem_name_property
LT00592,Naloxone hydrochloride,0,No match,vNo-DILI-concern,Unchanged,Naloxone,C=CCN1CC[C@]23c4c5ccc(O)c4O[C@H]2C(=O)CC[C@@]3(O)[C@H]1C5,CHEMBL80,357-08-4,327.38,1.3,0.0,E,No DILI,No DILI,,no,0.0,naloxone hydrochloride,DILImap_metadata,C=CCN1CC[C@]23c4c5ccc(O)c4O[C@H]2C(=O)CC[C@@]3(O)[C@H]1C5,,,True,C=CCN1CC[C@]23c4c5ccc(O)c4O[C@H]2C(=O)CC[C@@]3(O)[C@H]1C5,UZHSEJADLWPNLE-GRGSLBFTSA-N,O=C1CCC2C3Cc4cccc5c4C2(CCN3)C1O5,1.0,1.0,0.0,327.3800000000001,24.0,19.0,0.0,70.0,1.3014,2.0,5.0,2.0,5.0,0.5263157894736842,True,,No-DILI-Concern,no,False,,,
LT00311,Naltrexone hydrochloride,3,Warnings & precautions,Ambiguous-DILI-concern,Unchanged,Naltrexone,O=C1CC[C@@]2(O)[C@H]3Cc4ccc(O)c5c4[C@@]2(CCN3CC2CC2)[C@H]1O5,CHEMBL19019,16676-29-2,341.41,1.53,0.0,E*,No DILI,No DILI,,ambiguous,,naltrexone hydrochloride,DILImap_metadata,O=C1CC[C@@]2(O)[C@H]3Cc4ccc(O)c5c4[C@@]2(CCN3CC2CC2)[C@H]1O5,,,True,O=C1CC[C@@]2(O)[C@H]3Cc4ccc(O)c5c4[C@@]2(CCN3CC2CC2)[C@H]1O5,DQCKKXVULJGBQN-XFWGSAIBSA-N,O=C1CCC2C3Cc4cccc5c4C2(CCN3CC2CC2)C1O5,1.0,1.0,0.0,341.4070000000001,25.0,20.0,0.0,70.0,1.5253999999999999,2.0,5.0,2.0,6.0,0.65,True,,Ambiguous DILI-concern,ambiguous,False,,,
LT02121,Nandrolone phenpropionate,7,Warnings & precautions,vMost-DILI-concern,Unchanged,Nandrolone decanoate,CCCCCCCCCC(=O)O[C@H]1CC[C@H]2[C@@H]3CCC4=CC(=O)CC[C@@H]4[C@H]3CC[C@]12C,CHEMBL1200946,,428.66,7.18,1.0,,DILI (likely),DILI,,most,1.0,nandrolone phenpropionate,DILImap_metadata,CCCCCCCCCC(=O)O[C@H]1CC[C@H]2[C@@H]3CCC4=CC(=O)CC[C@@H]4[C@H]3CC[C@]12C,,,True,CCCCCCCCCC(=O)O[C@H]1CC[C@H]2[C@@H]3CCC4=CC(=O)CC[C@@H]4[C@H]3CC[C@]12C,JKWKMORAXJQQSR-MOPIKTETSA-N,O=C1C=C2CCC3C4CCCC4CCC3C2CC1,1.0,1.0,0.0,428.6570000000003,31.0,28.0,0.0,43.370000000000005,7.180700000000009,0.0,3.0,9.0,4.0,0.8571428571428571,True,,Most-DILI-Concern,most,False,,,
LT00593,Naproxen,3,Warnings & precautions,vLess-DILI-concern,Unchanged,Naproxen,COc1ccc2cc([C@H](C)C(=O)O)ccc2c1,CHEMBL154,26159-34-2,230.26,3.04,0.0,B,DILI (likely),DILI,"Hepatitis, CYP, Cholestasis/Biliary, Immune-mediated, Hypersensitivity",less,,naproxen,DILImap_metadata,COc1ccc2cc([C@H](C)C(=O)O)ccc2c1,,,True,COc1ccc2cc([C@H](C)C(=O)O)ccc2c1,CMWTZPSULFXXJA-VIFPVBQESA-N,c1ccc2ccccc2c1,1.0,1.0,0.0,230.26299999999998,17.0,14.0,0.0,46.53,3.036500000000001,1.0,2.0,3.0,2.0,0.21428571428571427,True,,Less-DILI-Concern,less,False,325.709376349999,,
LT01007,Naratriptan hydrochloride,4,Adverse reactions,Ambiguous-DILI-concern,Unchanged,Naratriptan,CNS(=O)(=O)CCc1ccc2[nH]cc(C3CCN(C)CC3)c2c1,CHEMBL1278,143388-64-1,335.47,2.07,0.0,E,No DILI,No DILI,,ambiguous,,naratriptan hydrochloride,DILImap_metadata,CNS(=O)(=O)CCc1ccc2[nH]cc(C3CCN(C)CC3)c2c1,,,True,CNS(=O)(=O)CCc1ccc2[nH]cc(C3CCN(C)CC3)c2c1,AMKVXSZCKVJAGH-UHFFFAOYSA-N,c1ccc2c(C3CCNCC3)c[nH]c2c1,1.0,1.0,0.0,335.4730000000001,23.0,17.0,0.0,65.2,2.0687999999999995,2.0,3.0,5.0,3.0,0.5294117647058824,True,,Ambiguous DILI-concern,ambiguous,False,,,
LT01393,Natalizumab,5,Warnings & precautions,vMost-DILI-concern,Unchanged,Natalizumab,,CHEMBL1201607,,,,0.0,B,DILI (likely),DILI,"Hepatitis, Cholestasis/Biliary, Encephalopathy, Immune-mediated, Hypersensitivity",most,1.0,natalizumab,,,,,False,,,,,,,,,,,,,,,,,,False,missing_structure,Most-DILI-Concern,most,False,,,
LT00594,Nateglinide,3,Adverse reactions,Ambiguous-DILI-concern,Unchanged,Nateglinide,CC(C)[C@H]1CC[C@H](C(=O)N[C@H](Cc2ccccc2)C(=O)O)CC1,CHEMBL783,105816-04-4,317.43,3.26,0.0,E*,No DILI,No DILI,,ambiguous,,nateglinide,DILImap_metadata,CC(C)[C@H]1CC[C@H](C(=O)N[C@H](Cc2ccccc2)C(=O)O)CC1,,,True,CC(C)[C@H]1CC[C@H](C(=O)N[C@H](Cc2ccccc2)C(=O)O)CC1,OELFLUMRDSZNSF-BRWVUGGUSA-N,O=C(NCCc1ccccc1)C1CCCCC1,1.0,1.0,0.0,317.42900000000014,23.0,19.0,0.0,66.4,3.2609000000000012,2.0,2.0,6.0,2.0,0.5789473684210527,True,,Ambiguous DILI-concern,ambiguous,False,,,
LT01212,Nebivolol hydrochloride,3,Adverse reactions,Ambiguous-DILI-concern,Unchanged,Nebivolol,OC(CNCC(O)C1CCc2cc(F)ccc2O1)C1CCc2cc(F)ccc2O1,CHEMBL434394,152520-56-4,405.44,2.36,0.0,E*,No DILI,No DILI,,ambiguous,,nebivolol hydrochloride,DILImap_metadata,OC(CNCC(O)C1CCc2cc(F)ccc2O1)C1CCc2cc(F)ccc2O1,,,True,OC(CNCC(O)C1CCc2cc(F)ccc2O1)C1CCc2cc(F)ccc2O1,KOHIRBRYDXPAMZ-UHFFFAOYSA-N,c1ccc2c(c1)CCC(CCNCCC1CCc3ccccc3O1)O2,1.0,1.0,0.0,405.44100000000014,29.0,22.0,0.0,70.95,2.363600000000001,3.0,5.0,6.0,4.0,0.45454545454545453,True,,Ambiguous DILI-concern,ambiguous,False,,,
LT00124,Nefazodone hydrochloride,8,Box warning,vMost-DILI-concern,Unchanged,Nefazodone,CCc1nn(CCCN2CCN(c3cccc(Cl)c3)CC2)c(=O)n1CCOc1ccccc1,CHEMBL623,82752-99-6,470.02,3.55,0.0,A,DILI (withdrawn),DILI,"Hepatitis, Necrosis, CYP, Cholestasis/Biliary, Immune-mediated, Hypersensitivity",most,1.0,nefazodone hydrochloride,DILImap_metadata,CCc1nn(CCCN2CCN(c3cccc(Cl)c3)CC2)c(=O)n1CCOc1ccccc1,,,True,CCc1nn(CCCN2CCN(c3cccc(Cl)c3)CC2)c(=O)n1CCOc1ccccc1,VRBKIVRKKCLPHA-UHFFFAOYSA-N,O=c1n(CCOc2ccccc2)cnn1CCCN1CCN(c2ccccc2)CC1,1.0,1.0,0.0,470.01700000000034,33.0,25.0,0.0,55.53,3.5519000000000025,0.0,5.0,10.0,4.0,0.44,True,,Most-DILI-Concern,most,False,,,
LT01233,Nelarabine,4,Adverse reactions,vLess-DILI-concern,Unchanged,Nelarabine,COc1nc(N)nc2c1ncn2[C@@H]1O[C@H](CO)[C@@H](O)[C@@H]1O,CHEMBL1201112,121032-29-9,297.27,-1.97,1.0,E*,No DILI (unlikely),,,less,,nelarabine,DILImap_metadata,COc1nc(N)nc2c1ncn2[C@@H]1O[C@H](CO)[C@@H](O)[C@@H]1O,,,True,COc1nc(N)nc2c1ncn2[C@@H]1O[C@H](CO)[C@@H](O)[C@@H]1O,IXOXBSCIXZEQEQ-UHTZMRCNSA-N,c1ncc2ncn(C3CCCO3)c2n1,1.0,1.0,0.0,297.271,21.0,11.0,0.0,148.76999999999998,-1.9713999999999994,4.0,9.0,3.0,3.0,0.5454545454545454,True,,Less-DILI-Concern,less,False,,,
LT01012,Nelfinavir mesylate,3,Adverse reactions,vLess-DILI-concern,Unchanged,Nelfinavir,Cc1c(O)cccc1C(=O)N[C@@H](CSc1ccccc1)[C@H](O)CN1C[C@H]2CCCC[C@H]2C[C@H]1C(=O)NC(C)(C)C,CHEMBL584,159989-65-8,567.8,4.75,0.0,D,DILI (few cases),,"Hepatitis, CYP, Steatosis, Lactic acidosis, Hypersensitivity",less,,nelfinavir mesylate,DILImap_metadata,Cc1c(O)cccc1C(=O)N[C@@H](CSc1ccccc1)[C@H](O)CN1C[C@H]2CCCC[C@H]2C[C@H]1C(=O)NC(C)(C)C,,,True,Cc1c(O)cccc1C(=O)N[C@@H](CSc1ccccc1)[C@H](O)CN1C[C@H]2CCCC[C@H]2C[C@H]1C(=O)NC(C)(C)C,QAGYKUNXZHXKMR-HKWSIXNMSA-N,O=C(NC(CCN1CCC2CCCCC2C1)CSc1ccccc1)c1ccccc1,1.0,1.0,0.0,567.7960000000003,40.0,32.0,0.0,101.9,4.747620000000004,4.0,6.0,9.0,4.0,0.5625,True,,Less-DILI-Concern,less,False,,,
LT00595,Neomycin sulfate,0,No match,vNo-DILI-concern,Unchanged,Neomycin,,CHEMBL3989751,"28002-70-2 ,1405-10-3",,,0.0,E,No DILI,No DILI,,no,0.0,neomycin sulfate,,C1[C@H]([C@@H]([C@H]([C@@H]([C@H]1N)O[C@@H]2[C@@H]([C@H]([C@@H]([C@H](O2)CN)O)O)N)O[C@H]3[C@@H]([C@@H]([C@H](O3)CO)O[C@@H]4[C@@H]([C@H]([C@@H]([C@@H](O4)CN)O)O)N)O)O)N.OS(=O)(=O)O,197162.0,OIXVKQDWLFHVGR-WQDIDPJDSA-N,True,NC[C@@H]1O[C@H](O[C@H]2[C@@H](O)[C@H](O[C@@H]3[C@@H](O)[C@H](N)C[C@H](N)[C@H]3O[C@H]3O[C@H](CN)[C@@H](O)[C@H](O)[C@H]3N)O[C@@H]2CO)[C@H](N)[C@@H](O)[C@@H]1O,PGBHMTALBVVCIT-VCIWKGPPSA-N,C1CCC(OC2COC(OC3CCCCC3OC3CCCCO3)C2)OC1,2.0,0.8936170212765957,0.0,614.6500000000002,42.0,23.0,0.0,353.10999999999996,-8.895300000000017,13.0,19.0,9.0,4.0,1.0,True,,No-DILI-Concern,no,False,,,PubChem_name_property
LT03582,Neratinib maleate,4,Warnings & precautions,Ambiguous-DILI-concern,New,,,,,,,,,,,,ambiguous,,neratinib maleate,,CCOC1=C(C=C2C(=C1)N=CC(=C2NC3=CC(=C(C=C3)OCC4=CC=CC=N4)Cl)C#N)NC(=O)/C=C/CN(C)C.C(=C\C(=O)O)\C(=O)O,67307512.0,VXZCUHNJXSIJIM-MEBGWEOYSA-N,True,CCOc1cc2ncc(C#N)c(Nc3ccc(OCc4ccccn4)c(Cl)c3)c2cc1NC(=O)/C=C/CN(C)C,JWNPDZNEKVCWMY-VQHVLOKHSA-N,c1ccc(COc2ccc(Nc3ccnc4ccccc34)cc2)nc1,2.0,0.8333333333333334,0.0,557.0540000000001,40.0,30.0,0.0,112.39999999999999,5.932480000000006,2.0,8.0,11.0,4.0,0.2,True,,,other,False,,,PubChem_name_property
LT00465,Nesiritide,0,No match,vNo-DILI-concern,Unchanged,Nesiritide,,CHEMBL1201668,,,,0.0,,No DILI,No DILI,,no,0.0,nesiritide,,CC[C@H](C)[C@H]1C(=O)N[C@H](C(=O)N[C@H](C(=O)N[C@H](C(=O)N[C@H](C(=O)NCC(=O)N[C@H](C(=O)NCC(=O)N[C@@H](CSSC[C@@H](C(=O)N[C@H](C(=O)NCC(=O)N[C@H](C(=O)N[C@H](C(=O)N[C@H](C(=O)N[C@H](C(=O)N[C@H](C(=O)N1)CCCNC(=N)N)CC(=O)O)CCSC)CCCCN)CCCNC(=N)N)CC2=CC=CC=C2)NC(=O)CNC(=O)[C@H](CO)NC(=O)CNC(=O)[C@H](CCC(=O)N)NC(=O)[C@H](C(C)C)NC(=O)[C@H](CCSC)NC(=O)[C@H](CCCCN)NC(=O)[C@@H]3CCCN3C(=O)[C@H](CO)N)C(=O)N[C@@H](CCCCN)C(=O)N[C@@H](C(C)C)C(=O)N[C@@H](CC(C)C)C(=O)N[C@@H](CCCNC(=N)N)C(=O)N[C@@H](CCCNC(=N)N)C(=O)N[C@@H](CC4=CNC=N4)C(=O)O)CC(C)C)CO)CO)CO)CO,71308561.0,HPNRHPKXQZSDFX-OAQDCNSJSA-N,True,CC[C@H](C)[C@@H]1NC(=O)[C@H](CCCNC(=N)N)NC(=O)[C@H](CC(=O)O)NC(=O)[C@H](CCSC)NC(=O)[C@H](CCCCN)NC(=O)[C@H](CCCNC(=N)N)NC(=O)CNC(=O)[C@H](Cc2ccccc2)NC(=O)[C@@H](NC(=O)CNC(=O)[C@H](CO)NC(=O)CNC(=O)[C@H](CCC(N)=O)NC(=O)[C@@H](NC(=O)[C@H](CCSC)NC(=O)[C@H](CCCCN)NC(=O)[C@@H]2CCCN2C(=O)[C@@H](N)CO)C(C)C)CSSC[C@@H](C(=O)N[C@@H](CCCCN)C(=O)N[C@H](C(=O)N[C@@H](CC(C)C)C(=O)N[C@@H](CCCNC(=N)N)C(=O)N[C@@H](CCCNC(=N)N)C(=O)N[C@@H](Cc2c[nH]cn2)C(=O)O)C(C)C)NC(=O)CNC(=O)[C@H](CC(C)C)NC(=O)CNC(=O)[C@H](CO)NC(=O)[C@H](CO)NC(=O)[C@H](CO)NC(=O)[C@H](CO)NC1=O,HPNRHPKXQZSDFX-OAQDCNSJSA-N,O=C(CNC(=O)CNC(=O)CNC(=O)CNC(=O)CNC(=O)C1CSSCC(NC(=O)CNC(=O)CNC(=O)CNC(=O)CNC(=O)CNC(=O)CNC(=O)CNC(=O)C2CCCN2)C(=O)NC(Cc2ccccc2)C(=O)NCC(=O)NCC(=O)NCC(=O)NCC(=O)NCC(=O)NCC(=O)NCC(=O)NCC(=O)NCC(=O)NCC(=O)NCC(=O)NCC(=O)NCC(=O)NCC(=O)N1)NCCc1c[nH]cn1,1.0,1.0,0.0,3464.1009999999937,239.0,143.0,0.0,1512.7399999999993,-20.215620000000182,56.0,53.0,87.0,4.0,0.6713286713286714,False,mw_above_1000;heavy_atoms_above_80;structure_too_large,No-DILI-Concern,no,False,,,PubChem_name_property
LT00260,Nevirapine,8,Box warning,vMost-DILI-concern,Unchanged,Nevirapine,Cc1ccnc2c1NC(=O)c1cccnc1N2C1CC1,CHEMBL57,129618-40-2,266.3,2.65,0.0,A,DILI (known),DILI,"Hepatitis, Necrosis, CYP, Cholestasis/Biliary, Immune-mediated, Hypersensitivity Syndrome",most,1.0,nevirapine,DILImap_metadata,Cc1ccnc2c1NC(=O)c1cccnc1N2C1CC1,,,True,Cc1ccnc2c1NC(=O)c1cccnc1N2C1CC1,NQDJXKOVJZTUJA-UHFFFAOYSA-N,O=C1Nc2cccnc2N(C2CC2)c2ncccc21,1.0,1.0,0.0,266.30400000000003,20.0,15.0,0.0,58.120000000000005,2.6512200000000004,1.0,4.0,1.0,4.0,0.26666666666666666,True,,Most-DILI-Concern,most,True,18.1927450244085,,
LT00312,Niacin,7,Warnings & precautions,vMost-DILI-concern,Unchanged,Niacin,O=C(O)c1cccnc1,CHEMBL573,98-92-0,123.11,0.78,0.0,A [HD],DILI (known),DILI,"Hepatitis, Necrosis, Cholestasis/Biliary, Hypersensitivity",most,1.0,niacin,DILImap_metadata,O=C(O)c1cccnc1,,,True,O=C(O)c1cccnc1,PVNIIMVLHYAWGP-UHFFFAOYSA-N,c1ccncc1,1.0,1.0,0.0,123.11099999999998,9.0,6.0,0.0,50.19,0.7797999999999999,1.0,2.0,1.0,1.0,0.0,True,,Most-DILI-Concern,most,False,,,
LT01594,Nialamide,8,Withdrawn,vMost-DILI-concern,Unchanged,Nialamide,O=C(CCNNC(=O)c1ccncc1)NCc1ccccc1,CHEMBL1256841,51-12-7,298.35,1.02,0.0,,DILI (withdrawn),DILI,,most,1.0,nialamide,DILImap_metadata,O=C(CCNNC(=O)c1ccncc1)NCc1ccccc1,,,True,O=C(CCNNC(=O)c1ccncc1)NCc1ccccc1,NOIIUHRQUVNIDD-UHFFFAOYSA-N,O=C(CCNNC(=O)c1ccncc1)NCc1ccccc1,1.0,1.0,0.0,298.346,22.0,16.0,0.0,83.12,1.0224999999999989,3.0,4.0,7.0,2.0,0.1875,True,,Most-DILI-Concern,most,True,14.0,,
LT01595,Nicardipine hydrochloride,3,Adverse reactions,Ambiguous-DILI-concern,Unchanged,Nicardipine,COC(=O)C1=C(C)NC(C)=C(C(=O)OCCN(C)Cc2ccccc2)C1c1cccc([N+](=O)[O-])c1,CHEMBL1484,54527-84-3,479.53,3.68,0.0,E,No DILI,No DILI,,ambiguous,,nicardipine hydrochloride,DILImap_metadata,COC(=O)C1=C(C)NC(C)=C(C(=O)OCCN(C)Cc2ccccc2)C1c1cccc([N+](=O)[O-])c1,,,True,COC(=O)C1=C(C)NC(C)=C(C(=O)OCCN(C)Cc2ccccc2)C1c1cccc([N+](=O)[O-])c1,ZBBHBTPTTSWHBA-UHFFFAOYSA-N,O=C(OCCNCc1ccccc1)C1=CNC=CC1c1ccccc1,1.0,1.0,0.0,479.5330000000002,35.0,26.0,0.0,111.00999999999999,3.677800000000002,1.0,8.0,9.0,3.0,0.3076923076923077,True,,Ambiguous DILI-concern,ambiguous,False,,,
LT00313,Nifedipine,3,Warnings & precautions,vLess-DILI-concern,Unchanged,Nifedipine,COC(=O)C1=C(C)NC(C)=C(C(=O)OC)C1c1ccccc1[N+](=O)[O-],CHEMBL193,21829-25-4,346.34,2.18,0.0,B,DILI (likely),DILI,"Cholestasis/Biliary, Steatosis, Immune-mediated",less,,nifedipine,DILImap_metadata,COC(=O)C1=C(C)NC(C)=C(C(=O)OC)C1c1ccccc1[N+](=O)[O-],,,True,COC(=O)C1=C(C)NC(C)=C(C(=O)OC)C1c1ccccc1[N+](=O)[O-],HYIMSNHJOBLJNT-UHFFFAOYSA-N,C1=CC(c2ccccc2)C=CN1,1.0,1.0,0.0,346.33900000000006,25.0,17.0,0.0,107.77000000000001,2.1756,1.0,7.0,4.0,2.0,0.29411764705882354,True,,Less-DILI-Concern,less,False,0.271,,
LT02164,Nifurtimox,0,No match,vNo-DILI-concern,New,,,,,,,,,,,,no,0.0,nifurtimox,,CC1CS(=O)(=O)CCN1/N=C/C2=CC=C(O2)[N+](=O)[O-],6842999.0,ARFHIAQFJWUCFH-IZZDOVSWSA-N,True,CC1CS(=O)(=O)CCN1/N=C/c1ccc([N+](=O)[O-])o1,ARFHIAQFJWUCFH-IZZDOVSWSA-N,O=S1(=O)CCN(N=Cc2ccco2)CC1,1.0,1.0,0.0,287.297,19.0,10.0,0.0,106.02000000000001,0.6405999999999996,0.0,7.0,3.0,2.0,0.5,True,,,other,False,,,PubChem_name_property
LT00607,Nilotinib hydrochloride,4,Warnings & precautions,vMost-DILI-concern,Revised,Nilotinib,Cc1cn(-c2cc(NC(=O)c3ccc(C)c(Nc4nccc(-c5cccnc5)n4)c3)cc(C(F)(F)F)c2)cn1,CHEMBL255863,641571-10-0,529.53,6.36,0.0,D,DILI (few cases),,"Hepatitis, CYP, Cholestasis/Biliary, Immune-mediated, Hypersensitivity",most,1.0,nilotinib hydrochloride,DILImap_metadata,Cc1cn(-c2cc(NC(=O)c3ccc(C)c(Nc4nccc(-c5cccnc5)n4)c3)cc(C(F)(F)F)c2)cn1,,,True,Cc1cn(-c2cc(NC(=O)c3ccc(C)c(Nc4nccc(-c5cccnc5)n4)c3)cc(C(F)(F)F)c2)cn1,HHZIURLSWUIHRB-UHFFFAOYSA-N,O=C(Nc1cccc(-n2ccnc2)c1)c1cccc(Nc2nccc(-c3cccnc3)n2)c1,1.0,1.0,0.0,529.5260000000001,39.0,28.0,0.0,97.62,6.355840000000005,2.0,6.0,6.0,5.0,0.10714285714285714,True,,Ambiguous DILI-concern,ambiguous,False,,,
LT01600,Nilutamide,8,Warnings & precautions,vMost-DILI-concern,Unchanged,Nilutamide,CC1(C)NC(=O)N(c2ccc([N+](=O)[O-])c(C(F)(F)F)c2)C1=O,CHEMBL1274,63612-50-0,317.22,2.45,0.0,C,DILI (likely),DILI,"Mitochondrial dysfunction, Oxidative stress, Hypersensitivity",most,1.0,nilutamide,DILImap_metadata,CC1(C)NC(=O)N(c2ccc([N+](=O)[O-])c(C(F)(F)F)c2)C1=O,,,True,CC1(C)NC(=O)N(c2ccc([N+](=O)[O-])c(C(F)(F)F)c2)C1=O,XWXYUMMDTVBTOU-UHFFFAOYSA-N,O=C1CNC(=O)N1c1ccccc1,1.0,1.0,0.0,317.223,22.0,12.0,0.0,92.55000000000001,2.4484000000000004,1.0,4.0,2.0,2.0,0.3333333333333333,True,,Most-DILI-Concern,most,False,,,
LT00314,Nimesulide,8,Withdrawn,vMost-DILI-concern,Unchanged,Nimesulide,CS(=O)(=O)Nc1ccc([N+](=O)[O-])cc1Oc1ccccc1,CHEMBL56367,51803-78-2,308.31,2.76,0.0,A,DILI (withdrawn),DILI,"Hepatitis, Cholestasis/Biliary, Immune-mediated, Hypersensitivity",most,1.0,nimesulide,DILImap_metadata,CS(=O)(=O)Nc1ccc([N+](=O)[O-])cc1Oc1ccccc1,,,True,CS(=O)(=O)Nc1ccc([N+](=O)[O-])cc1Oc1ccccc1,HYWYRSMBCFDLJT-UHFFFAOYSA-N,c1ccc(Oc2ccccc2)cc1,1.0,1.0,0.0,308.315,21.0,13.0,0.0,98.54,2.7586000000000013,1.0,5.0,5.0,2.0,0.07692307692307693,True,,Most-DILI-Concern,most,False,21.0826765268723,,
LT01601,Nimodipine,3,Adverse reactions,Ambiguous-DILI-concern,Unchanged,Nimodipine,COCCOC(=O)C1=C(C)NC(C)=C(C(=O)OC(C)C)C1c1cccc([N+](=O)[O-])c1,CHEMBL1428,66085-59-4,418.45,2.97,0.0,E,No DILI,No DILI,,ambiguous,,nimodipine,DILImap_metadata,COCCOC(=O)C1=C(C)NC(C)=C(C(=O)OC(C)C)C1c1cccc([N+](=O)[O-])c1,,,True,COCCOC(=O)C1=C(C)NC(C)=C(C(=O)OC(C)C)C1c1cccc([N+](=O)[O-])c1,UIAGMCDKSXEBJQ-UHFFFAOYSA-N,C1=CC(c2ccccc2)C=CN1,1.0,1.0,0.0,418.44600000000014,30.0,21.0,0.0,117.0,2.9708000000000014,1.0,8.0,8.0,2.0,0.42857142857142855,True,,Ambiguous DILI-concern,ambiguous,False,,,
LT03718,Nintedanib esylate,8,Warnings & precautions,vMost-DILI-concern,New,,,,,,,,,,,,most,1.0,nintedanib esylate,,CCS(=O)(=O)O.CN1CCN(CC1)CC(=O)N(C)C2=CC=C(C=C2)N=C(C3=CC=CC=C3)C4=C(NC5=C4C=CC(=C5)C(=O)OC)O,135476717.0,ZNMRDZZRAFJOKY-UHFFFAOYSA-N,True,COC(=O)c1ccc2c(C(=Nc3ccc(N(C)C(=O)CN4CCN(C)CC4)cc3)c3ccccc3)c(O)[nH]c2c1,CPMDPSXJELVGJG-UHFFFAOYSA-N,O=C(CN1CCNCC1)Nc1ccc(N=C(c2ccccc2)c2c[nH]c3ccccc23)cc1,2.0,0.8695652173913043,0.0,539.6360000000003,40.0,31.0,0.0,101.47,4.039400000000003,2.0,7.0,7.0,5.0,0.25806451612903225,True,,,other,False,,,PubChem_name_property
LT01602,Niperotidine,8,Withdrawn,vMost-DILI-concern,Unchanged,Niperotidine,CN(C)Cc1ccc(CSCCNC(=C[N+](=O)[O-])NCc2ccc3c(c2)OCO3)o1,CHEMBL4297186,,434.52,2.76,0.0,,DILI (withdrawn),DILI,,most,1.0,niperotidine,DILImap_metadata,CN(C)Cc1ccc(CSCCNC(=C[N+](=O)[O-])NCc2ccc3c(c2)OCO3)o1,,,True,CN(C)Cc1ccc(CSCCNC(=C[N+](=O)[O-])NCc2ccc3c(c2)OCO3)o1,HXRSXEDVVARPHP-UHFFFAOYSA-N,C=C(NCCSCc1ccco1)NCc1ccc2c(c1)OCO2,1.0,1.0,0.0,434.5180000000002,30.0,20.0,0.0,102.04,2.7581000000000007,2.0,9.0,12.0,3.0,0.4,True,,Most-DILI-Concern,most,False,,,
LT03719,Niraparib tosylate,3,Adverse reactions,Ambiguous-DILI-concern,New,,,,,,,,,,,,ambiguous,,niraparib tosylate,,CC1=CC=C(C=C1)S(=O)(=O)O.C1C[C@H](CNC1)C2=CC=C(C=C2)N3C=C4C=CC=C(C4=N3)C(=O)N,78357761.0,LCPFHXWLJMNKNC-PFEQFJNWSA-N,True,NC(=O)c1cccc2cn(-c3ccc([C@@H]4CCCNC4)cc3)nc12,PCHKPVIQAHNQLW-CQSZACIVSA-N,c1ccc2nn(-c3ccc(C4CCCNC4)cc3)cc2c1,2.0,0.6857142857142857,0.0,320.3960000000001,24.0,19.0,0.0,72.94,2.5914,2.0,3.0,3.0,4.0,0.2631578947368421,True,,,other,False,,,PubChem_name_property
LT00217,Nisoldipine,3,Adverse reactions,Ambiguous-DILI-concern,Unchanged,Nisoldipine,COC(=O)C1=C(C)NC(C)=C(C(=O)OCC(C)C)C1c1ccccc1[N+](=O)[O-],CHEMBL1726,63675-72-9,388.42,3.2,0.0,E,No DILI,No DILI,,ambiguous,,nisoldipine,DILImap_metadata,COC(=O)C1=C(C)NC(C)=C(C(=O)OCC(C)C)C1c1ccccc1[N+](=O)[O-],,,True,COC(=O)C1=C(C)NC(C)=C(C(=O)OCC(C)C)C1c1ccccc1[N+](=O)[O-],VKQFCGNPDRICFG-UHFFFAOYSA-N,C1=CC(c2ccccc2)C=CN1,1.0,1.0,0.0,388.4200000000001,28.0,20.0,0.0,107.77000000000001,3.201800000000002,1.0,7.0,6.0,2.0,0.4,True,,Ambiguous DILI-concern,ambiguous,False,,,
LT01184,Nitazoxanide,0,No match,vNo-DILI-concern,Unchanged,Nitazoxanide,CC(=O)Oc1ccccc1C(=O)Nc1ncc([N+](=O)[O-])s1,CHEMBL1401,55981-09-4,307.29,2.23,1.0,E,No DILI,No DILI,,no,0.0,nitazoxanide,DILImap_metadata,CC(=O)Oc1ccccc1C(=O)Nc1ncc([N+](=O)[O-])s1,,,True,CC(=O)Oc1ccccc1C(=O)Nc1ncc([N+](=O)[O-])s1,YQNQNVDNTFHQSW-UHFFFAOYSA-N,O=C(Nc1nccs1)c1ccccc1,1.0,1.0,0.0,307.28700000000003,21.0,12.0,0.0,111.43,2.2289000000000003,1.0,7.0,4.0,2.0,0.08333333333333333,True,,No-DILI-Concern,no,False,6.18308438283055,,
LT01092,Nitisinone,7,Adverse reactions,Ambiguous-DILI-concern,Unchanged,Nitisinone,O=C1CCCC(=O)C1C(=O)c1ccc(C(F)(F)F)cc1[N+](=O)[O-],CHEMBL1337,104206-65-7,329.23,2.73,0.0,E,No DILI,No DILI,,ambiguous,,nitisinone,DILImap_metadata,O=C1CCCC(=O)C1C(=O)c1ccc(C(F)(F)F)cc1[N+](=O)[O-],,,True,O=C1CCCC(=O)C1C(=O)c1ccc(C(F)(F)F)cc1[N+](=O)[O-],OUBCNLGXQFSTLU-UHFFFAOYSA-N,O=C1CCCC(=O)C1C(=O)c1ccccc1,1.0,1.0,0.0,329.2300000000001,23.0,14.0,0.0,94.35,2.7346000000000013,0.0,5.0,3.0,2.0,0.35714285714285715,True,,Ambiguous DILI-concern,ambiguous,False,,,
LT01854,Nitrefazole,8,Withdrawn,vMost-DILI-concern,Unchanged,Nitrefazole,Cc1nc([N+](=O)[O-])cn1-c1ccc([N+](=O)[O-])cc1,CHEMBL1909285,,248.2,2.0,0.0,,DILI (withdrawn),DILI,,most,1.0,nitrefazole,DILImap_metadata,Cc1nc([N+](=O)[O-])cn1-c1ccc([N+](=O)[O-])cc1,,,True,Cc1nc([N+](=O)[O-])cn1-c1ccc([N+](=O)[O-])cc1,NMTBSNPBIGRZBL-UHFFFAOYSA-N,c1ccc(-n2ccnc2)cc1,1.0,1.0,0.0,248.198,18.0,10.0,0.0,104.1,1.9971199999999998,0.0,5.0,3.0,2.0,0.1,True,,Most-DILI-Concern,most,False,,,
LT00125,Nitrofurantoin,8,Warnings & precautions,vMost-DILI-concern,Unchanged,Nitrofurantoin,O=C1CN(/N=C/c2ccc([N+](=O)[O-])o2)C(=O)N1,CHEMBL572,67-20-9,238.16,0.07,0.0,A,DILI (known),DILI,"Hepatitis, Necrosis, Oxidative stress, Fibrosis, Cirrhosis, Immune-mediated, Hypersensitivity",most,1.0,nitrofurantoin,DILImap_metadata,O=C1CN(/N=C/c2ccc([N+](=O)[O-])o2)C(=O)N1,,,True,O=C1CN(/N=C/c2ccc([N+](=O)[O-])o2)C(=O)N1,NXFQHRVNIOXGAQ-YCRREMRBSA-N,O=C1CN(N=Cc2ccco2)C(=O)N1,1.0,1.0,0.0,238.15899999999996,17.0,8.0,0.0,118.05000000000001,0.07349999999999995,1.0,6.0,3.0,2.0,0.125,True,,Most-DILI-Concern,most,False,7.2,,
LT01608,Nitroglycerin,0,No match,vNo-DILI-concern,Unchanged,Nitroglycerin,O=[N+]([O-])OCC(CO[N+](=O)[O-])O[N+](=O)[O-],CHEMBL730,,227.08,-1.02,0.0,E,No DILI,No DILI,,no,0.0,nitroglycerin,DILImap_metadata,O=[N+]([O-])OCC(CO[N+](=O)[O-])O[N+](=O)[O-],,,True,O=[N+]([O-])OCC(CO[N+](=O)[O-])O[N+](=O)[O-],SNIOPGDIGTZGOP-UHFFFAOYSA-N,,1.0,1.0,0.0,227.08499999999998,15.0,3.0,0.0,157.11,-1.0200999999999996,0.0,9.0,8.0,0.0,1.0,True,,No-DILI-Concern,no,False,,,
LT00315,Nizatidine,5,Adverse reactions,vLess-DILI-concern,Unchanged,Nizatidine,CNC(=C[N+](=O)[O-])NCCSCc1csc(CN(C)C)n1,CHEMBL3183075,76963-41-2,331.47,1.32,0.0,D,DILI (few cases),,"Necrosis, CYP, Cholestasis/Biliary, Immune-mediated, Hypersensitivity",less,,nizatidine,DILImap_metadata,CNC(=C[N+](=O)[O-])NCCSCc1csc(CN(C)C)n1,,,True,CNC(=C[N+](=O)[O-])NCCSCc1csc(CN(C)C)n1,SGXXNSQHWDMGGP-UHFFFAOYSA-N,c1cscn1,1.0,1.0,0.0,331.4670000000001,21.0,12.0,0.0,83.33,1.3224999999999998,2.0,8.0,10.0,1.0,0.5833333333333334,True,,Less-DILI-Concern,less,False,3.02,,
LT01611,Nomifensine,8,Withdrawn,vMost-DILI-concern,Unchanged,Nomifensine,CN1Cc2c(N)cccc2C(c2ccccc2)C1,CHEMBL273575,32795-47-4,238.33,2.85,0.0,,DILI (withdrawn),DILI,,most,1.0,nomifensine,DILImap_metadata,CN1Cc2c(N)cccc2C(c2ccccc2)C1,,,True,CN1Cc2c(N)cccc2C(c2ccccc2)C1,XXPANQJNYNUNES-UHFFFAOYSA-N,c1ccc(C2CNCc3ccccc32)cc1,1.0,1.0,0.0,238.334,18.0,16.0,0.0,29.259999999999998,2.8461000000000016,1.0,2.0,1.0,3.0,0.25,True,,Most-DILI-Concern,most,False,0.401793143960055,,
LT00738,Norepinephrine bitartrate,0,No match,vNo-DILI-concern,Unchanged,Norepinephrine,NC[C@H](O)c1ccc(O)c(O)c1,CHEMBL1437,,169.18,0.09,0.0,,No DILI,No DILI,,no,0.0,norepinephrine bitartrate,DILImap_metadata,NC[C@H](O)c1ccc(O)c(O)c1,,,True,NC[C@H](O)c1ccc(O)c(O)c1,SFLSHLFXELFNJZ-QMMMGPOBSA-N,c1ccccc1,1.0,1.0,0.0,169.17999999999998,12.0,8.0,0.0,86.71000000000001,0.08989999999999998,4.0,4.0,2.0,1.0,0.25,True,,No-DILI-Concern,no,False,,,
LT00211,Norethindrone,3,Adverse reactions,Ambiguous-DILI-concern,Unchanged,Norethindrone,C#C[C@]1(O)CC[C@H]2[C@@H]3CCC4=CC(=O)CC[C@@H]4[C@H]3CC[C@@]21C,CHEMBL1162,68-22-4,298.43,3.49,0.0,,,,,ambiguous,,norethindrone,DILImap_metadata,C#C[C@]1(O)CC[C@H]2[C@@H]3CCC4=CC(=O)CC[C@@H]4[C@H]3CC[C@@]21C,,,True,C#C[C@]1(O)CC[C@H]2[C@@H]3CCC4=CC(=O)CC[C@@H]4[C@H]3CC[C@@]21C,VIKNJXKGJWUCNN-XGXHKTLJSA-N,O=C1C=C2CCC3C4CCCC4CCC3C2CC1,1.0,1.0,0.0,298.42600000000004,22.0,20.0,0.0,37.3,3.4925000000000024,1.0,2.0,0.0,4.0,0.75,True,,Ambiguous DILI-concern,ambiguous,False,,,
LT02269,Norethindrone acetate,0,No match,vNo-DILI-concern,Unchanged,Norethindrone acetate,C#C[C@]1(OC(C)=O)CC[C@H]2[C@@H]3CCC4=CC(=O)CC[C@@H]4[C@H]3CC[C@@]21C,CHEMBL1201146,51-98-9,340.46,4.06,1.0,,No DILI,No DILI,,no,0.0,norethindrone acetate,DILImap_metadata,C#C[C@]1(OC(C)=O)CC[C@H]2[C@@H]3CCC4=CC(=O)CC[C@@H]4[C@H]3CC[C@@]21C,,,True,C#C[C@]1(OC(C)=O)CC[C@H]2[C@@H]3CCC4=CC(=O)CC[C@@H]4[C@H]3CC[C@@]21C,IMONTRJLAWHYGT-ZCPXKWAGSA-N,O=C1C=C2CCC3C4CCCC4CCC3C2CC1,1.0,1.0,0.0,340.46300000000014,25.0,22.0,0.0,43.370000000000005,4.0633000000000035,0.0,3.0,1.0,4.0,0.7272727272727273,True,,No-DILI-Concern,no,False,0.0205604182576514,,
LT01614,Norfloxacin,3,Warnings & precautions,vLess-DILI-concern,Unchanged,Norfloxacin,CCn1cc(C(=O)O)c(=O)c2cc(F)c(N3CCNCC3)cc21,CHEMBL9,70458-96-7,319.34,1.27,0.0,C,DILI (few cases),,"Cholestasis/Biliary, Cirrhosis, Hypersensitivity",less,,norfloxacin,DILImap_metadata,CCn1cc(C(=O)O)c(=O)c2cc(F)c(N3CCNCC3)cc21,,,True,CCn1cc(C(=O)O)c(=O)c2cc(F)c(N3CCNCC3)cc21,OGJPXUAPXNRGGI-UHFFFAOYSA-N,O=c1cc[nH]c2cc(N3CCNCC3)ccc12,1.0,1.0,0.0,319.336,23.0,16.0,0.0,74.57000000000001,1.2683,2.0,4.0,3.0,3.0,0.375,True,,Less-DILI-Concern,less,False,,,
LT01615,Nortriptyline hydrochloride,8,Warnings & precautions,vMost-DILI-concern,Unchanged,Nortriptyline,CNCCC=C1c2ccccc2CCc2ccccc21,CHEMBL445,894-71-3,263.38,3.83,0.0,D,DILI (likely),DILI,"Cholestasis/Biliary, Hypersensitivity",most,1.0,nortriptyline hydrochloride,DILImap_metadata,CNCCC=C1c2ccccc2CCc2ccccc21,,,True,CNCCC=C1c2ccccc2CCc2ccccc21,PHVGLTMQBUFIQQ-UHFFFAOYSA-N,C=C1c2ccccc2CCc2ccccc21,1.0,1.0,0.0,263.38399999999996,20.0,19.0,0.0,12.03,3.826400000000003,1.0,1.0,3.0,3.0,0.2631578947368421,True,,Most-DILI-Concern,most,False,,,
LT03720,Nusinersen sodium,0,No match,vNo-DILI-concern,New,,,,,,,,,,,,no,0.0,nusinersen sodium,,,,,False,,,,,,,,,,,,,,,,,,False,missing_structure,,other,False,,,
LT00602,Nystatin,0,No match,vNo-DILI-concern,Unchanged,Nystatin,C[C@@H]1[C@H](O)[C@@H](C)/C=C/C=C/CC/C=C/C=C/C=C/C=C/[C@H](O[C@@H]2O[C@H](C)[C@@H](O)[C@H](N)[C@@H]2O)C[C@@H]2O[C@](O)(C[C@@H](O)[C@H](O)CC[C@@H](O)C[C@@H](O)C[C@@H](O)CC(=O)O[C@H]1C)C[C@H](O)[C@H]2C(=O)O,CHEMBL450895,62997-67-5,926.11,0.94,0.0,E,No DILI,No DILI,,no,0.0,nystatin,DILImap_metadata,C[C@@H]1[C@H](O)[C@@H](C)/C=C/C=C/CC/C=C/C=C/C=C/C=C/[C@H](O[C@@H]2O[C@H](C)[C@@H](O)[C@H](N)[C@@H]2O)C[C@@H]2O[C@](O)(C[C@@H](O)[C@H](O)CC[C@@H](O)C[C@@H](O)C[C@@H](O)CC(=O)O[C@H]1C)C[C@H](O)[C@H]2C(=O)O,,,True,C[C@@H]1[C@H](O)[C@@H](C)/C=C/C=C/CC/C=C/C=C/C=C/C=C/[C@H](O[C@@H]2O[C@H](C)[C@@H](O)[C@H](N)[C@@H]2O)C[C@@H]2O[C@](O)(C[C@@H](O)[C@H](O)CC[C@@H](O)C[C@@H](O)C[C@@H](O)CC(=O)O[C@H]1C)C[C@H](O)[C@H]2C(=O)O,VQOXZBDYSJBXMA-NQTDYLQESA-N,O=C1CCCCCCCCCCCC2CCCC(CC(OC3CCCCO3)C=CC=CC=CC=CCCC=CC=CCCCCO1)O2,1.0,1.0,0.0,926.1070000000002,65.0,47.0,0.0,319.60999999999996,0.9357000000000062,12.0,17.0,3.0,3.0,0.7021276595744681,True,,No-DILI-Concern,no,False,,,
LT03603,Obeticholic acid,8,Box warning,vMost-DILI-concern,New,,,,,,,,,,,,most,1.0,obeticholic acid,,CC[C@@H]1[C@@H]2C[C@@H](CC[C@@]2([C@H]3CC[C@]4([C@H]([C@@H]3[C@@H]1O)CC[C@@H]4[C@H](C)CCC(=O)O)C)C)O,447715.0,ZXERDUOLZKYMJM-ZWECCWDJSA-N,True,CC[C@H]1[C@@H](O)[C@@H]2[C@H](CC[C@]3(C)[C@@H]([C@H](C)CCC(=O)O)CC[C@@H]23)[C@@]2(C)CC[C@@H](O)C[C@@H]12,ZXERDUOLZKYMJM-ZWECCWDJSA-N,C1CCC2C(C1)CCC1C3CCCC3CCC21,1.0,1.0,0.0,420.63400000000024,30.0,26.0,0.0,77.76,5.114000000000006,3.0,3.0,5.0,4.0,0.9615384615384616,True,,,other,False,,,PubChem_name_property
LT01618,Octreotide acetate,2,Warnings & precautions,vLess-DILI-concern,Unchanged,Octreotide,C[C@@H](O)[C@@H]1NC(=O)[C@H](CCCCN)NC(=O)[C@@H](Cc2c[nH]c3ccccc23)NC(=O)[C@H](Cc2ccccc2)NC(=O)[C@@H](NC(=O)[C@H](N)Cc2ccccc2)CSSC[C@@H](C(=O)N[C@H](CO)[C@@H](C)O)NC1=O,CHEMBL1680,79517-01-4,1019.26,,0.0,C,DILI (few cases),,Cholestasis/Biliary,less,,octreotide acetate,DILImap_metadata,C[C@@H](O)[C@@H]1NC(=O)[C@H](CCCCN)NC(=O)[C@@H](Cc2c[nH]c3ccccc23)NC(=O)[C@H](Cc2ccccc2)NC(=O)[C@@H](NC(=O)[C@H](N)Cc2ccccc2)CSSC[C@@H](C(=O)N[C@H](CO)[C@@H](C)O)NC1=O,,,True,C[C@@H](O)[C@@H]1NC(=O)[C@H](CCCCN)NC(=O)[C@@H](Cc2c[nH]c3ccccc23)NC(=O)[C@H](Cc2ccccc2)NC(=O)[C@@H](NC(=O)[C@H](N)Cc2ccccc2)CSSC[C@@H](C(=O)N[C@H](CO)[C@@H](C)O)NC1=O,DEQANNDTNATYII-OULOTJBUSA-N,O=C1CNC(=O)CNC(=O)C(Cc2c[nH]c3ccccc23)NC(=O)C(Cc2ccccc2)NC(=O)C(NC(=O)CCc2ccccc2)CSSCCN1,1.0,1.0,0.0,1019.2609999999999,71.0,49.0,0.0,332.21999999999997,-0.8053999999999897,13.0,14.0,17.0,5.0,0.4489795918367347,False,mw_above_1000,Less-DILI-Concern,less,False,,,
LT03721,Odevixibat,4,Warnings & precautions,Ambiguous-DILI-concern,New,,,,,,,,,,,,ambiguous,,odevixibat,,CCCCC1(CN(C2=CC(=C(C=C2S(=O)(=O)N1)OCC(=O)N[C@H](C3=CC=C(C=C3)O)C(=O)N[C@@H](CC)C(=O)O)SC)C4=CC=CC=C4)CCCC,10153627.0,XULSCZPZVQIMFM-IPZQJPLYSA-N,True,CCCCC1(CCCC)CN(c2ccccc2)c2cc(SC)c(OCC(=O)N[C@@H](C(=O)N[C@@H](CC)C(=O)O)c3ccc(O)cc3)cc2S(=O)(=O)N1,XULSCZPZVQIMFM-IPZQJPLYSA-N,O=C(COc1ccc2c(c1)S(=O)(=O)NCCN2c1ccccc1)NCc1ccccc1,1.0,1.0,0.0,740.945,51.0,37.0,0.0,174.37,5.879000000000006,5.0,9.0,17.0,4.0,0.43243243243243246,True,,,other,False,,,PubChem_name_property
LT01421,Ofatumumab,0,No match,vNo-DILI-concern,Unchanged,Ofatumumab,,CHEMBL1201836,,,,0.0,E*,No DILI,No DILI,,no,0.0,ofatumumab,,,,,False,,,,,,,,,,,,,,,,,,False,missing_structure,No-DILI-Concern,no,False,,,
LT01620,Ofloxacin,3,Warnings & precautions,vLess-DILI-concern,Unchanged,Ofloxacin,CC1COc2c(N3CCN(C)CC3)c(F)cc3c(=O)c(C(=O)O)cn1c23,CHEMBL4,82419-36-1,361.37,1.54,0.0,A,DILI (likely),DILI,"Cholestasis/Biliary, Hypersensitivity",less,,ofloxacin,DILImap_metadata,CC1COc2c(N3CCN(C)CC3)c(F)cc3c(=O)c(C(=O)O)cn1c23,,,True,CC1COc2c(N3CCN(C)CC3)c(F)cc3c(=O)c(C(=O)O)cn1c23,GSDSWSVVBLHKDQ-UHFFFAOYSA-N,O=c1ccn2c3c(c(N4CCNCC4)ccc13)OCC2,1.0,1.0,0.0,361.37300000000005,26.0,18.0,0.0,75.00999999999999,1.5439999999999998,1.0,5.0,2.0,4.0,0.4444444444444444,True,,Less-DILI-Concern,less,False,8.02504367086168,,
LT00259,Olanzapine,3,Adverse reactions,vLess-DILI-concern,Unchanged,Olanzapine,Cc1cc2c(s1)Nc1ccccc1N=C2N1CCN(C)CC1,CHEMBL715,132539-06-1,312.44,3.44,0.0,B,DILI (likely),DILI,"Hepatitis, CYP, Cholestasis/Biliary, Steatosis, Hypersensitivity",less,,olanzapine,DILImap_metadata,Cc1cc2c(s1)Nc1ccccc1N=C2N1CCN(C)CC1,,,True,Cc1cc2c(s1)Nc1ccccc1N=C2N1CCN(C)CC1,KVWDHTXUZHCGIO-UHFFFAOYSA-N,c1ccc2c(c1)N=C(N1CCNCC1)c1ccsc1N2,1.0,1.0,0.0,312.4420000000001,22.0,17.0,0.0,30.870000000000005,3.4392200000000033,1.0,5.0,0.0,4.0,0.35294117647058826,True,,Less-DILI-Concern,less,False,0.0640143392119834,,
LT03722,Olaparib,0,No match,vLess-DILI-concern,New,,,,,,,,,,,,less,,olaparib,,C1CC1C(=O)N2CCN(CC2)C(=O)C3=C(C=CC(=C3)CC4=NNC(=O)C5=CC=CC=C54)F,23725625.0,FDLYAMZZIXQODN-UHFFFAOYSA-N,True,O=C(c1cc(Cc2n[nH]c(=O)c3ccccc23)ccc1F)N1CCN(C(=O)C2CC2)CC1,FDLYAMZZIXQODN-UHFFFAOYSA-N,O=C(c1cccc(Cc2n[nH]c(=O)c3ccccc23)c1)N1CCN(C(=O)C2CC2)CC1,1.0,1.0,0.0,434.4710000000001,32.0,24.0,0.0,86.37,2.3473999999999995,1.0,4.0,4.0,5.0,0.3333333333333333,True,,,other,False,,,PubChem_name_property
LT03723,Oliceridine,3,Adverse reactions,Ambiguous-DILI-concern,New,,,,,,,,,,,,ambiguous,,oliceridine,,COC1=C(SC=C1)CNCC[C@]2(CCOC3(C2)CCCC3)C4=CC=CC=N4,66553195.0,DMNOVGJWPASQDL-OAQYLSRUSA-N,True,COc1ccsc1CNCC[C@@]1(c2ccccn2)CCOC2(CCCC2)C1,DMNOVGJWPASQDL-OAQYLSRUSA-N,c1ccc(C2(CCNCc3cccs3)CCOC3(CCCC3)C2)nc1,1.0,1.0,0.0,386.5610000000001,27.0,22.0,0.0,43.379999999999995,4.692600000000004,1.0,5.0,7.0,4.0,0.5909090909090909,True,,,other,False,,,PubChem_name_property
LT01102,Olmesartan medoxomil,4,Adverse reactions,vLess-DILI-concern,Revised,Olmesartan,CCCc1nc(C(C)(C)O)c(C(=O)O)n1Cc1ccc(-c2ccccc2-c2nnn[nH]2)cc1,CHEMBL1516,144689-63-4,446.51,3.66,0.0,D,DILI (few cases),,"Hepatitis, Cholestasis/Biliary, Steatosis, Immune-mediated, Hypersensitivity",less,,olmesartan medoxomil,DILImap_metadata,CCCc1nc(C(C)(C)O)c(C(=O)O)n1Cc1ccc(-c2ccccc2-c2nnn[nH]2)cc1,,,True,CCCc1nc(C(C)(C)O)c(C(=O)O)n1Cc1ccc(-c2ccccc2-c2nnn[nH]2)cc1,VTRAEEWXHOVJFV-UHFFFAOYSA-N,c1ccc(-c2nnn[nH]2)c(-c2ccc(Cn3ccnc3)cc2)c1,1.0,1.0,0.0,446.5110000000001,33.0,24.0,0.0,129.81,3.656600000000002,3.0,6.0,8.0,4.0,0.2916666666666667,True,,Ambiguous DILI-concern,ambiguous,False,,,
LT00126,Olsalazine sodium,8,Adverse reactions,vLess-DILI-concern,Unchanged,Olsalazine,O=C(O)c1cc(/N=N/c2ccc(O)c(C(=O)O)c2)ccc1O,CHEMBL425,6054-98-4,302.24,2.91,1.0,C,DILI (few cases),,,less,,olsalazine sodium,DILImap_metadata,O=C(O)c1cc(/N=N/c2ccc(O)c(C(=O)O)c2)ccc1O,,,True,O=C(O)c1cc(/N=N/c2ccc(O)c(C(=O)O)c2)ccc1O,QQBDLJCYGRGAKP-FOCLMDBBSA-N,c1ccc(N=Nc2ccccc2)cc1,1.0,1.0,0.0,302.242,22.0,14.0,0.0,139.78,2.9096000000000006,4.0,6.0,4.0,2.0,0.0,True,,Less-DILI-Concern,less,False,,,
LT02145,Omacetaxine mepesuccinate,4,Adverse reactions,Ambiguous-DILI-concern,New,,,,,,,,,,,,ambiguous,,omacetaxine mepesuccinate,,CC(C)(CCC[C@@](CC(=O)OC)(C(=O)O[C@H]1[C@H]2C3=CC4=C(C=C3CCN5[C@@]2(CCC5)C=C1OC)OCO4)O)O,285033.0,HYFHYPWGAURHIV-JFIAXGOJSA-N,True,COC(=O)C[C@](O)(CCCC(C)(C)O)C(=O)O[C@@H]1C(OC)=C[C@]23CCCN2CCc2cc4c(cc2[C@H]13)OCO4,HYFHYPWGAURHIV-JFIAXGOJSA-N,C1=CC23CCCN2CCc2cc4c(cc2C3C1)OCO4,1.0,1.0,0.0,545.6290000000006,39.0,29.0,0.0,123.99000000000002,2.580700000000002,2.0,10.0,9.0,5.0,0.6551724137931034,True,,,other,False,,,PubChem_name_property
LT03896,Omadacycline tosylate,3,Adverse reactions,Ambiguous-DILI-concern,New,,,,,,,,,,,,ambiguous,,omadacycline tosylate,,CC1=CC=C(C=C1)S(=O)(=O)O.CC(C)(C)CNCC1=CC(=C2C[C@H]3C[C@H]4[C@@H](C(=O)C(=C([C@]4(C(=O)C3=C(C2=C1O)O)O)O)C(=O)N)N(C)C)N(C)C,54746485.0,CSLDSXNLUZXVTF-XGLFQKEBSA-N,True,CN(C)c1cc(CNCC(C)(C)C)c(O)c2c1C[C@H]1C[C@H]3[C@H](N(C)C)C(=O)C(C(N)=O)=C(O)[C@@]3(O)C(=O)C1=C2O,VJYKVCURWJGLPG-IQZGDKDPSA-N,O=C1C=CC2C(=O)C3=Cc4ccccc4CC3CC2C1,2.0,0.7843137254901961,0.0,556.6600000000002,40.0,29.0,0.0,176.66000000000005,1.1657000000000024,6.0,10.0,6.0,4.0,0.5517241379310345,True,,,other,False,,,PubChem_name_property
LT01377,Omalizumab,0,No match,vNo-DILI-concern,Unchanged,Omalizumab,,CHEMBL1201589,,,,0.0,E,No DILI,No DILI,,no,0.0,omalizumab,,,,,False,,,,,,,,,,,,,,,,,,False,missing_structure,No-DILI-Concern,no,False,,,
LT00206,Omeprazole,4,Adverse reactions,vLess-DILI-concern,Unchanged,Omeprazole,COc1ccc2[nH]c([S+]([O-])Cc3ncc(C)c(OC)c3C)nc2c1,CHEMBL1503,73590-58-6,345.42,2.9,1.0,B,DILI (likely),DILI,"Necrosis, CYP, Lactic acidosis, Hypersensitivity",less,,omeprazole,DILImap_metadata,COc1ccc2[nH]c([S+]([O-])Cc3ncc(C)c(OC)c3C)nc2c1,,,True,COc1ccc2[nH]c([S+]([O-])Cc3ncc(C)c(OC)c3C)nc2c1,SUBDBMMJDZJVOS-UHFFFAOYSA-N,c1ccc(C[SH+]c2nc3ccccc3[nH]2)nc1,1.0,1.0,0.0,345.4240000000001,24.0,17.0,0.0,83.09,2.8997400000000013,1.0,5.0,5.0,3.0,0.29411764705882354,True,,Less-DILI-Concern,less,False,1.93389999305185,,
LT01619,Ondansetron hydrochloride,7,Adverse reactions,vLess-DILI-concern,Unchanged,Ondansetron,Cc1nccn1CC1CCc2c(c3ccccc3n2C)C1=O,CHEMBL46,99614-01-4,293.37,3.13,0.0,D,DILI (few cases),,,less,,ondansetron hydrochloride,DILImap_metadata,Cc1nccn1CC1CCc2c(c3ccccc3n2C)C1=O,,,True,Cc1nccn1CC1CCc2c(c3ccccc3n2C)C1=O,FELGMEQIXOGIFQ-UHFFFAOYSA-N,O=C1c2c([nH]c3ccccc23)CCC1Cn1ccnc1,1.0,1.0,0.0,293.37000000000006,22.0,18.0,0.0,39.82,3.1285200000000017,0.0,2.0,2.0,4.0,0.3333333333333333,True,,Less-DILI-Concern,less,False,,,
LT03725,Opicapone,0,No match,vNo-DILI-concern,New,,,,,,,,,,,,no,0.0,opicapone,,CC1=C(C(=[N+](C(=C1Cl)C)[O-])Cl)C2=NOC(=N2)C3=CC(=C(C(=C3)O)O)[N+](=O)[O-],135565903.0,ASOADIZOVZTJSR-UHFFFAOYSA-N,True,Cc1c(Cl)c(C)[n+]([O-])c(Cl)c1-c1noc(-c2cc(O)c(O)c([N+](=O)[O-])c2)n1,ASOADIZOVZTJSR-UHFFFAOYSA-N,c1ccc(-c2nc(-c3ccc[nH+]c3)no2)cc1,1.0,1.0,0.0,413.1730000000002,27.0,15.0,0.0,149.46,3.2800400000000014,2.0,8.0,3.0,3.0,0.13333333333333333,True,,,other,False,,,PubChem_name_property
LT01339,Oprelvekin,0,No match,vNo-DILI-concern,Unchanged,Oprelvekin,,CHEMBL1201573,,,,0.0,E,No DILI,No DILI,,no,0.0,oprelvekin,,,,,False,,,,,,,,,,,,,,,,,,False,missing_structure,No-DILI-Concern,no,False,,,
LT03897,Oritavancin diphosphate,4,Adverse reactions,Ambiguous-DILI-concern,New,,,,,,,,,,,,ambiguous,,oritavancin diphosphate,,C[C@H]1[C@@H]([C@@](C[C@@H](O1)O[C@H]2[C@H]3C(=O)N[C@@H](C4=C(C(=CC(=C4)O)O)C5=C(C=CC(=C5)[C@H](C(=O)N3)NC(=O)[C@H]6C7=CC(=C(C(=C7)OC8=C(C=C2C=C8)Cl)O[C@H]9[C@@H]([C@H]([C@@H]([C@H](O9)CO)O)O)O[C@H]1C[C@]([C@H]([C@@H](O1)C)O)(C)NCC1=CC=C(C=C1)C1=CC=C(C=C1)Cl)OC1=C(C=C(C=C1)[C@H]([C@H](C(=O)N[C@H](C(=O)N6)CC(=O)N)NC(=O)[C@@H](CC(C)C)NC)O)Cl)O)C(=O)O)(C)N)O.OP(=O)(O)O.OP(=O)(O)O,53297457.0,PWTROOMOPLCZHB-BHYQHFGMSA-N,True,CN[C@H](CC(C)C)C(=O)N[C@H]1C(=O)N[C@@H](CC(N)=O)C(=O)N[C@H]2C(=O)N[C@H]3C(=O)N[C@H](C(=O)N[C@H](C(=O)O)c4cc(O)cc(O)c4-c4cc3ccc4O)[C@H](O[C@H]3C[C@](C)(N)[C@@H](O)[C@H](C)O3)c3ccc(c(Cl)c3)Oc3cc2cc(c3O[C@@H]2O[C@H](CO)[C@@H](O)[C@H](O)[C@H]2O[C@H]2C[C@](C)(NCc3ccc(-c4ccc(Cl)cc4)cc3)[C@@H](O)[C@H](C)O2)Oc2ccc(cc2Cl)[C@H]1O,VHFGEBVPHAGQPI-LXKZPTCJSA-N,O=C1CCc2ccc(cc2)Oc2cc3cc(c2OC2OCCCC2OC2CC(NCc4ccc(-c5ccccc5)cc4)CCO2)Oc2ccc(cc2)C(OC2CCCCO2)C2NC(=O)C(NC(=O)C3NC(=O)CN1)c1cccc(c1)-c1ccccc1CNC2=O,3.0,0.9259259259259259,0.0,1793.1250000000005,125.0,86.0,0.0,560.9799999999998,4.495200000000007,20.0,28.0,19.0,15.0,0.4186046511627907,False,mw_above_1000;heavy_atoms_above_80,,other,False,,,PubChem_name_property
LT02216,Orlistat,8,Warnings & precautions,vMost-DILI-concern,Unchanged,Orlistat,CCCCCCCCCCC[C@@H](C[C@@H]1OC(=O)[C@H]1CCCCCC)OC(=O)[C@H](CC(C)C)NC=O,CHEMBL175247,96829-58-2,495.75,6.88,0.0,C,DILI (likely),DILI,"Steatosis, Hypersensitivity",most,1.0,orlistat,DILImap_metadata,CCCCCCCCCCC[C@@H](C[C@@H]1OC(=O)[C@H]1CCCCCC)OC(=O)[C@H](CC(C)C)NC=O,,,True,CCCCCCCCCCC[C@@H](C[C@@H]1OC(=O)[C@H]1CCCCCC)OC(=O)[C@H](CC(C)C)NC=O,AHLBNYSZXLDEJQ-FWEHEUNISA-N,O=C1CCO1,1.0,1.0,0.0,495.7450000000004,35.0,29.0,0.0,81.69999999999999,6.881900000000007,1.0,5.0,23.0,1.0,0.896551724137931,True,,Most-DILI-Concern,most,False,0.02,,
LT02085,Orphenadrine hydrochloride,0,No match,vNo-DILI-concern,Unchanged,Orphenadrine,Cc1ccccc1C(OCCN(C)C)c1ccccc1,CHEMBL900,4682-36-4,269.39,3.66,0.0,E,No DILI,No DILI,,no,0.0,orphenadrine hydrochloride,DILImap_metadata,Cc1ccccc1C(OCCN(C)C)c1ccccc1,,,True,Cc1ccccc1C(OCCN(C)C)c1ccccc1,QVYRGXJJSLMXQH-UHFFFAOYSA-N,c1ccc(Cc2ccccc2)cc1,1.0,1.0,0.0,269.388,20.0,18.0,0.0,12.47,3.662620000000003,0.0,2.0,6.0,2.0,0.3333333333333333,True,,No-DILI-Concern,no,False,,,
LT02210,Oseltamivir phosphate,3,Adverse reactions,vLess-DILI-concern,Revised,Oseltamivir,CCC(CC)O[C@@H]1C=C(C(=O)O)C[C@H](N)[C@H]1NC(C)=O,CHEMBL674,204255-11-8,284.36,0.81,0.0,D,DILI (few cases),,"Hepatitis, Immune-mediated, Hypersensitivity",less,,oseltamivir phosphate,DILImap_metadata,CCC(CC)O[C@@H]1C=C(C(=O)O)C[C@H](N)[C@H]1NC(C)=O,,,True,CCC(CC)O[C@@H]1C=C(C(=O)O)C[C@H](N)[C@H]1NC(C)=O,NENPYTRHICXVCS-YNEHKIRRSA-N,C1=CCCCC1,1.0,1.0,0.0,284.356,20.0,14.0,0.0,101.65,0.8069000000000008,3.0,4.0,6.0,1.0,0.7142857142857143,True,,Ambiguous DILI-concern,ambiguous,False,,,
LT03726,Osilodrostat phosphate,3,Adverse reactions,Ambiguous-DILI-concern,New,,,,,,,,,,,,ambiguous,,osilodrostat phosphate,,C1CC2=CN=CN2[C@H]1C3=C(C=C(C=C3)C#N)F.OP(=O)(O)O,71009737.0,FMCPYRDGUZBOJZ-BTQNPOSSSA-N,True,N#Cc1ccc([C@H]2CCc3cncn32)c(F)c1,USUZGMWDZDXMDG-CYBMUJFWSA-N,c1ccc(C2CCc3cncn32)cc1,2.0,0.7727272727272727,0.0,227.242,17.0,13.0,0.0,41.61,2.4294800000000008,0.0,2.0,1.0,3.0,0.23076923076923078,True,,,other,False,,,PubChem_name_property
LT03727,Osimertinib mesylate,4,Adverse reactions,vLess-DILI-concern,New,,,,,,,,,,,,less,,osimertinib mesylate,,CN1C=C(C2=CC=CC=C21)C3=NC(=NC=C3)NC4=C(C=C(C(=C4)NC(=O)C=C)N(C)CCN(C)C)OC.CS(=O)(=O)O,78357807.0,FUKSNUHSJBTCFJ-UHFFFAOYSA-N,True,C=CC(=O)Nc1cc(Nc2nccc(-c3cn(C)c4ccccc34)n2)c(OC)cc1N(C)CCN(C)C,DUYJMQONPNNFPI-UHFFFAOYSA-N,c1ccc(Nc2nccc(-c3c[nH]c4ccccc34)n2)cc1,2.0,0.8809523809523809,0.0,499.6190000000003,37.0,28.0,0.0,87.55,4.509800000000004,2.0,7.0,10.0,4.0,0.25,True,,,other,False,,,PubChem_name_property
LT02880,Ospemifene,0,No match,vNo-DILI-concern,New,,,,,,,,,,,,no,0.0,ospemifene,,C1=CC=C(C=C1)/C(=C(/C2=CC=CC=C2)\C3=CC=C(C=C3)OCCO)/CCCl,3036505.0,LUMKNAVTFCDUIE-VHXPQNKSSA-N,True,OCCOc1ccc(/C(=C(/CCCl)c2ccccc2)c2ccccc2)cc1,LUMKNAVTFCDUIE-VHXPQNKSSA-N,C(=C(c1ccccc1)c1ccccc1)c1ccccc1,1.0,1.0,0.0,378.8990000000002,27.0,24.0,0.0,29.46,5.645700000000006,1.0,2.0,8.0,3.0,0.16666666666666666,True,,,other,False,,,PubChem_name_property
LT01624,Oxacillin sodium,3,Warnings & precautions,vLess-DILI-concern,Unchanged,Oxacillin,Cc1onc(-c2ccccc2)c1C(=O)N[C@@H]1C(=O)N2[C@@H]1SC(C)(C)[C@@H]2C(=O)O,CHEMBL819,1173-88-2,401.44,1.9,0.0,B,DILI (likely),DILI,"Hepatitis, Cholestasis/Biliary, Immune-mediated, Hypersensitivity",less,,oxacillin sodium,DILImap_metadata,Cc1onc(-c2ccccc2)c1C(=O)N[C@@H]1C(=O)N2[C@@H]1SC(C)(C)[C@@H]2C(=O)O,,,True,Cc1onc(-c2ccccc2)c1C(=O)N[C@@H]1C(=O)N2[C@@H]1SC(C)(C)[C@@H]2C(=O)O,UWYHMGVUTGAWSP-JKIFEVAISA-N,O=C(NC1C(=O)N2CCSC12)c1conc1-c1ccccc1,1.0,1.0,0.0,401.44400000000013,28.0,19.0,0.0,112.74,1.89532,2.0,6.0,4.0,4.0,0.3684210526315789,True,,Less-DILI-Concern,less,False,,,
LT01181,Oxaliplatin,4,Warnings & precautions,vMost-DILI-concern,Unchanged,Oxaliplatin,,CHEMBL414804,61825-94-3,395.27,,0.0,A,DILI (known),DILI,"Necrosis, Sinusoidal, Fibrosis, Encephalopathy",most,1.0,oxaliplatin,,C1CC[C@H]([C@@H](C1)N)N.C(=O)(C(=O)[O-])[O-].[Pt+2],9887054.0,ZROHGHOFXNOHSO-BNTLRKBRSA-L,True,N[C@@H]1CCCC[C@H]1N,SSJXIUAHEKJCMH-PHDIDXHHSA-N,C1CCCCC1,3.0,0.5333333333333333,0.0,114.19200000000002,8.0,6.0,0.0,52.04,0.21500000000000008,2.0,2.0,0.0,1.0,1.0,True,,Most-DILI-Concern,most,False,,,PubChem_name_property
LT00845,Oxandrolone,8,Box warning,vMost-DILI-concern,Unchanged,Oxandrolone,C[C@]12COC(=O)C[C@@H]1CC[C@@H]1[C@@H]2CC[C@@]2(C)[C@H]1CC[C@]2(C)O,CHEMBL1200436,,306.45,3.54,0.0,A,DILI (known),DILI,,most,1.0,oxandrolone,DILImap_metadata,C[C@]12COC(=O)C[C@@H]1CC[C@@H]1[C@@H]2CC[C@@]2(C)[C@H]1CC[C@]2(C)O,,,True,C[C@]12COC(=O)C[C@@H]1CC[C@@H]1[C@@H]2CC[C@@]2(C)[C@H]1CC[C@]2(C)O,QSLJIVKCVHQPLV-PEMPUTJUSA-N,O=C1CC2CCC3C4CCCC4CCC3C2CO1,1.0,1.0,0.0,306.446,22.0,19.0,0.0,46.53,3.543100000000003,1.0,3.0,0.0,4.0,0.9473684210526315,True,,Most-DILI-Concern,most,False,,,
LT00429,Oxaprozin,3,Warnings & precautions,vLess-DILI-concern,Unchanged,Oxaprozin,O=C(O)CCc1nc(-c2ccccc2)c(-c2ccccc2)o1,CHEMBL1071,21256-18-8,293.32,4.03,0.0,C,DILI (few cases),,"Hepatitis, Necrosis, Cholestasis/Biliary, Immune-mediated, Hypersensitivity, idiosyncratic cases",less,,oxaprozin,DILImap_metadata,O=C(O)CCc1nc(-c2ccccc2)c(-c2ccccc2)o1,,,True,O=C(O)CCc1nc(-c2ccccc2)c(-c2ccccc2)o1,OFPXSFXSNFPTHF-UHFFFAOYSA-N,c1ccc(-c2ncoc2-c2ccccc2)cc1,1.0,1.0,0.0,293.32200000000006,22.0,18.0,0.0,63.33,4.025800000000003,1.0,3.0,5.0,3.0,0.1111111111111111,True,,Less-DILI-Concern,less,False,,,
LT00847,Oxazepam,5,Adverse reactions,Ambiguous-DILI-concern,Unchanged,Oxazepam,O=C1Nc2ccc(Cl)cc2C(c2ccccc2)=NC1O,CHEMBL568,,286.72,2.45,0.0,E,No DILI,No DILI,,ambiguous,,oxazepam,DILImap_metadata,O=C1Nc2ccc(Cl)cc2C(c2ccccc2)=NC1O,,,True,O=C1Nc2ccc(Cl)cc2C(c2ccccc2)=NC1O,ADIMAYPTOBDMTL-UHFFFAOYSA-N,O=C1CN=C(c2ccccc2)c2ccccc2N1,1.0,1.0,0.0,286.718,20.0,15.0,0.0,61.69,2.4479,2.0,3.0,1.0,3.0,0.06666666666666667,True,,Ambiguous DILI-concern,ambiguous,False,,,
LT01056,Oxcarbazepine,3,Warnings & precautions,vLess-DILI-concern,Unchanged,Oxcarbazepine,NC(=O)N1c2ccccc2CC(=O)c2ccccc21,CHEMBL1068,28721-07-5,252.27,2.64,1.0,C,DILI (few cases),,"Hepatitis, CYP, Cholestasis/Biliary, Immune-mediated, Hypersensitivity Syndrome",less,,oxcarbazepine,DILImap_metadata,NC(=O)N1c2ccccc2CC(=O)c2ccccc21,,,True,NC(=O)N1c2ccccc2CC(=O)c2ccccc21,CTRLABGOLIVAIY-UHFFFAOYSA-N,O=C1Cc2ccccc2Nc2ccccc21,1.0,1.0,0.0,252.27299999999997,19.0,15.0,0.0,63.400000000000006,2.6422000000000008,1.0,2.0,0.0,3.0,0.06666666666666667,True,,Less-DILI-Concern,less,False,24.0116503084021,,
LT02084,Oxybutynin chloride,0,No match,vLess-DILI-concern,Revised,Oxybutynin,CCN(CC)CC#CCOC(=O)C(O)(c1ccccc1)C1CCCCC1,CHEMBL1231,5633-20-5,357.49,3.34,0.0,E,No DILI,No DILI,,less,,oxybutynin chloride,DILImap_metadata,CCN(CC)CC#CCOC(=O)C(O)(c1ccccc1)C1CCCCC1,,,True,CCN(CC)CC#CCOC(=O)C(O)(c1ccccc1)C1CCCCC1,XIQVNETUBQGFHX-UHFFFAOYSA-N,c1ccc(CC2CCCCC2)cc1,1.0,1.0,0.0,357.4940000000002,26.0,22.0,0.0,49.769999999999996,3.342900000000002,1.0,4.0,7.0,2.0,0.5909090909090909,True,,No-DILI-Concern,no,False,,,
LT00979,Oxycodone hydrochloride,0,No match,vLess-DILI-concern,Revised,Oxycodone,COc1ccc2c3c1O[C@H]1C(=O)CC[C@@]4(O)[C@@H](C2)N(C)CC[C@]314,CHEMBL656,,315.37,1.05,0.0,E,No DILI,No DILI,,less,,oxycodone hydrochloride,DILImap_metadata,COc1ccc2c3c1O[C@H]1C(=O)CC[C@@]4(O)[C@@H](C2)N(C)CC[C@]314,,,True,COc1ccc2c3c1O[C@H]1C(=O)CC[C@@]4(O)[C@@H](C2)N(C)CC[C@]314,BRUQQQPBMZOVGD-XFKAJCMBSA-N,O=C1CCC2C3Cc4cccc5c4C2(CCN3)C1O5,1.0,1.0,0.0,315.3690000000001,23.0,18.0,0.0,59.00000000000001,1.0481999999999998,1.0,5.0,1.0,5.0,0.6111111111111112,True,,No-DILI-Concern,no,False,,,
LT00235,Oxymetholone,7,Box warning,vMost-DILI-concern,Unchanged,Oxymetholone,C[C@]12C/C(=C/O)C(=O)C[C@@H]1CC[C@@H]1[C@@H]2CC[C@@]2(C)[C@H]1CC[C@]2(C)O,CHEMBL1200585,,332.48,4.4,0.0,A,DILI (known),DILI,,most,1.0,oxymetholone,DILImap_metadata,C[C@]12C/C(=C/O)C(=O)C[C@@H]1CC[C@@H]1[C@@H]2CC[C@@]2(C)[C@H]1CC[C@]2(C)O,,,True,C[C@]12C/C(=C/O)C(=O)C[C@@H]1CC[C@@H]1[C@@H]2CC[C@@]2(C)[C@H]1CC[C@]2(C)O,ICMWWNHDUZJFDW-DHODBPELSA-N,C=C1CC2C(CCC3C4CCCC4CCC23)CC1=O,1.0,1.0,0.0,332.4840000000001,24.0,21.0,0.0,57.53,4.401000000000005,2.0,3.0,0.0,4.0,0.8571428571428571,True,,Most-DILI-Concern,most,False,,,
LT00808,Oxymorphone hydrochloride,0,No match,vNo-DILI-concern,Unchanged,Oxymorphone,CN1CC[C@]23c4c5ccc(O)c4O[C@H]2C(=O)CC[C@@]3(O)[C@H]1C5,CHEMBL963,,301.34,0.75,0.0,E,No DILI,No DILI,,no,0.0,oxymorphone hydrochloride,DILImap_metadata,CN1CC[C@]23c4c5ccc(O)c4O[C@H]2C(=O)CC[C@@]3(O)[C@H]1C5,,,True,CN1CC[C@]23c4c5ccc(O)c4O[C@H]2C(=O)CC[C@@]3(O)[C@H]1C5,UQCNKQCJZOAFTQ-ISWURRPUSA-N,O=C1CCC2C3Cc4cccc5c4C2(CCN3)C1O5,1.0,1.0,0.0,301.342,22.0,17.0,0.0,70.0,0.7451999999999999,2.0,5.0,0.0,5.0,0.5882352941176471,True,,No-DILI-Concern,no,False,,,
LT00690,Oxyphenisatin,8,Withdrawn,vMost-DILI-concern,Unchanged,Oxyphenisatin,O=C1Nc2ccccc2C1(c1ccc(O)cc1)c1ccc(O)cc1,CHEMBL245807,,317.34,3.38,0.0,,DILI (withdrawn),DILI,,most,1.0,oxyphenisatin,DILImap_metadata,O=C1Nc2ccccc2C1(c1ccc(O)cc1)c1ccc(O)cc1,,,True,O=C1Nc2ccccc2C1(c1ccc(O)cc1)c1ccc(O)cc1,SJDACOMXKWHBOW-UHFFFAOYSA-N,O=C1Nc2ccccc2C1(c1ccccc1)c1ccccc1,1.0,1.0,0.0,317.344,24.0,20.0,0.0,69.56,3.3843000000000014,3.0,3.0,2.0,4.0,0.05,True,,Most-DILI-Concern,most,False,,,
LT00605,Oxytetracycline,2,Warnings & precautions,Ambiguous-DILI-concern,Unchanged,Oxytetracycline,CN(C)[C@@H]1C(O)=C(C(N)=O)C(=O)[C@@]2(O)C(O)=C3C(=O)c4c(O)cccc4[C@@](C)(O)[C@H]3[C@H](O)[C@@H]12,CHEMBL1517,79-57-2,460.44,-1.24,0.0,E*,No DILI,No DILI,,ambiguous,,oxytetracycline,DILImap_metadata,CN(C)[C@@H]1C(O)=C(C(N)=O)C(=O)[C@@]2(O)C(O)=C3C(=O)c4c(O)cccc4[C@@](C)(O)[C@H]3[C@H](O)[C@@H]12,,,True,CN(C)[C@@H]1C(O)=C(C(N)=O)C(=O)[C@@]2(O)C(O)=C3C(=O)c4c(O)cccc4[C@@](C)(O)[C@H]3[C@H](O)[C@@H]12,IWVCMVBTMGNXQD-PXOLEDIWSA-N,O=C1C2=CC3C(=O)C=CCC3CC2Cc2ccccc21,1.0,1.0,0.0,460.43900000000014,33.0,22.0,0.0,201.84999999999997,-1.2435999999999974,7.0,10.0,2.0,4.0,0.4090909090909091,True,,Ambiguous DILI-concern,ambiguous,False,,,
LT00827,Oxytocin,0,No match,vNo-DILI-concern,Unchanged,Oxytocin,CC[C@H](C)[C@@H]1NC(=O)[C@H](Cc2ccc(O)cc2)NC(=O)[C@@H](N)CSSC[C@@H](C(=O)N2CCC[C@H]2C(=O)N[C@@H](CC(C)C)C(=O)NCC(N)=O)NC(=O)[C@H](CC(N)=O)NC(=O)[C@H](CCC(N)=O)NC1=O,CHEMBL395429,50-56-6,1007.21,,0.0,,No DILI,No DILI,,no,0.0,oxytocin,DILImap_metadata,CC[C@H](C)[C@@H]1NC(=O)[C@H](Cc2ccc(O)cc2)NC(=O)[C@@H](N)CSSC[C@@H](C(=O)N2CCC[C@H]2C(=O)N[C@@H](CC(C)C)C(=O)NCC(N)=O)NC(=O)[C@H](CC(N)=O)NC(=O)[C@H](CCC(N)=O)NC1=O,,,True,CC[C@H](C)[C@@H]1NC(=O)[C@H](Cc2ccc(O)cc2)NC(=O)[C@@H](N)CSSC[C@@H](C(=O)N2CCC[C@H]2C(=O)N[C@@H](CC(C)C)C(=O)NCC(N)=O)NC(=O)[C@H](CC(N)=O)NC(=O)[C@H](CCC(N)=O)NC1=O,XNOPRXBHLZRZKH-DSZYJQQASA-N,O=C1CNC(=O)CNC(=O)C(Cc2ccccc2)NC(=O)CCSSCC(C(=O)N2CCCC2)NC(=O)CN1,1.0,1.0,0.0,1007.2069999999995,69.0,43.0,0.0,399.5299999999999,-3.6086000000000125,12.0,15.0,17.0,3.0,0.6046511627906976,False,mw_above_1000,No-DILI-Concern,no,False,,,
LT03728,Ozanimod hydrochloride,3,Warnings & precautions,Ambiguous-DILI-concern,New,,,,,,,,,,,,ambiguous,,ozanimod hydrochloride,,CC(C)OC1=C(C=C(C=C1)C2=NC(=NO2)C3=C4CC[C@@H](C4=CC=C3)NCCO)C#N.Cl,91618104.0,HAOOCAKHSFYDBU-BDQAORGHSA-N,True,CC(C)Oc1ccc(-c2nc(-c3cccc4c3CC[C@@H]4NCCO)no2)cc1C#N,XRVDGNKRPOAQTN-FQEVSTJZSA-N,c1ccc(-c2nc(-c3cccc4c3CCC4)no2)cc1,2.0,0.967741935483871,0.0,404.4700000000001,30.0,23.0,0.0,104.20000000000002,3.6316800000000025,2.0,7.0,7.0,4.0,0.34782608695652173,True,,,other,False,,,PubChem_name_property
LT00430,Paclitaxel,4,Adverse reactions,vLess-DILI-concern,Unchanged,Paclitaxel,CC(=O)O[C@H]1C(=O)[C@@]2(C)[C@H]([C@H](OC(=O)c3ccccc3)[C@]3(O)C[C@H](OC(=O)[C@H](O)[C@@H](NC(=O)c4ccccc4)c4ccccc4)C(C)=C1C3(C)C)[C@]1(OC(C)=O)CO[C@@H]1C[C@@H]2O,CHEMBL428647,33069-62-4,853.92,3.74,0.0,D,DILI (few cases),,"Hepatitis, Necrosis, CYP, Sinusoidal, Hypersensitivity, idiosyncratic cases",less,,paclitaxel,DILImap_metadata,CC(=O)O[C@H]1C(=O)[C@@]2(C)[C@H]([C@H](OC(=O)c3ccccc3)[C@]3(O)C[C@H](OC(=O)[C@H](O)[C@@H](NC(=O)c4ccccc4)c4ccccc4)C(C)=C1C3(C)C)[C@]1(OC(C)=O)CO[C@@H]1C[C@@H]2O,,,True,CC(=O)O[C@H]1C(=O)[C@@]2(C)[C@H]([C@H](OC(=O)c3ccccc3)[C@]3(O)C[C@H](OC(=O)[C@H](O)[C@@H](NC(=O)c4ccccc4)c4ccccc4)C(C)=C1C3(C)C)[C@]1(OC(C)=O)CO[C@@H]1C[C@@H]2O,RCINICONZNJXQF-MZXODVADSA-N,O=C(CC(NC(=O)c1ccccc1)c1ccccc1)OC1C=C2CC(=O)C3CCC4OCC4C3C(OC(=O)c3ccccc3)C(C2)C1,1.0,1.0,0.0,853.918,62.0,47.0,0.0,221.28999999999996,3.7357000000000036,4.0,14.0,10.0,7.0,0.44680851063829785,True,,Less-DILI-Concern,less,False,,,
LT03729,Pafolacianine sodium,0,No match,vNo-DILI-concern,New,,,,,,,,,,,,no,0.0,pafolacianine sodium,,CC1(C2=C(C=CC(=C2)S(=O)(=O)[O-])[N+](=C1/C=C/C3=C(/C(=C/C=C/4\C(C5=C(N4CCCCS(=O)(=O)[O-])C=CC(=C5)S(=O)(=O)[O-])(C)C)/CCC3)OC6=CC=C(C=C6)C[C@@H](C(=O)[O-])NC(=O)C7=CC=C(C=C7)NCC8=CN=C9C(=N8)C(=O)NC(=N9)N)CCCCS(=O)(=O)[O-])C.[Na+].[Na+].[Na+].[Na+],135564971.0,LRVBSDMJFVZFHH-NFVAJSDSSA-J,True,CC1(C)C(/C=C/C2=C(Oc3ccc(C[C@H](NC(=O)c4ccc(NCc5cnc6nc(N)[nH]c(=O)c6n5)cc4)C(=O)O)cc3)/C(=C/C=C3/N(CCCCS(=O)(=O)O)c4ccc(S(=O)(=O)[O-])cc4C3(C)C)CCC2)=[N+](CCCCS(=O)(=O)O)c2ccc(S(=O)(=O)O)cc21,PDXNSXLPXJFETD-DYVQZXGMSA-N,O=C(NCCc1ccc(OC2=C(C=CC3=[NH+]c4ccccc4C3)CCCC2=CC=C2Cc3ccccc3N2)cc1)c1ccc(NCc2cnc3nc[nH]c(=O)c3n2)cc1,5.0,0.9578947368421052,0.0,1326.5210000000004,91.0,61.0,0.0,411.7699999999999,6.877400000000006,8.0,19.0,25.0,9.0,0.32786885245901637,False,mw_above_1000;heavy_atoms_above_80,,other,False,,,PubChem_name_property
LT00702,Pafuraidine,8,Discontinued,vMost-DILI-concern,Unchanged,Pafuraidine,,,,,,,,DILI (likely),DILI,,most,1.0,pafuraidine,,,,,False,,,,,,,,,,,,,,,,,,False,missing_structure,Most-DILI-Concern,most,False,,,
LT03594,Palbociclib,3,Adverse reactions,vLess-DILI-concern,New,,,,,,,,,,,,less,,palbociclib,,CC1=C(C(=O)N(C2=NC(=NC=C12)NC3=NC=C(C=C3)N4CCNCC4)C5CCCC5)C(=O)C,5330286.0,AHJRHEGDXFFMBM-UHFFFAOYSA-N,True,CC(=O)c1c(C)c2cnc(Nc3ccc(N4CCNCC4)cn3)nc2n(C2CCCC2)c1=O,AHJRHEGDXFFMBM-UHFFFAOYSA-N,O=c1ccc2cnc(Nc3ccc(N4CCNCC4)cn3)nc2n1C1CCCC1,1.0,1.0,0.0,447.5430000000004,33.0,24.0,0.0,105.03999999999999,2.965820000000001,2.0,8.0,5.0,5.0,0.4583333333333333,True,,,other,False,,,PubChem_name_property
LT01392,Palifermin,0,No match,vNo-DILI-concern,Unchanged,Palifermin,,CHEMBL1201821,,,,0.0,,No DILI,No DILI,,no,0.0,palifermin,,,,,False,,,,,,,,,,,,,,,,,,False,missing_structure,No-DILI-Concern,no,False,,,
LT01252,Paliperidone,0,No match,vLess-DILI-concern,Revised,Paliperidone,Cc1nc2n(c(=O)c1CCN1CCC(c3noc4cc(F)ccc34)CC1)CCCC2O,CHEMBL1621,144598-75-4,426.49,3.08,0.0,E,No DILI,No DILI,,less,,paliperidone,DILImap_metadata,Cc1nc2n(c(=O)c1CCN1CCC(c3noc4cc(F)ccc34)CC1)CCCC2O,,,True,Cc1nc2n(c(=O)c1CCN1CCC(c3noc4cc(F)ccc34)CC1)CCCC2O,PMXMIIMHBWHSKN-UHFFFAOYSA-N,O=c1c(CCN2CCC(c3noc4ccccc34)CC2)cnc2n1CCCC2,1.0,1.0,0.0,426.49200000000025,31.0,23.0,0.0,84.39,3.081320000000002,1.0,6.0,4.0,5.0,0.5217391304347826,True,,No-DILI-Concern,no,False,,,
LT01349,Palivizumab,0,No match,vNo-DILI-concern,Unchanged,Palivizumab,,CHEMBL1201586,,,,0.0,,No DILI,No DILI,,no,0.0,palivizumab,,,,,False,,,,,,,,,,,,,,,,,,False,missing_structure,No-DILI-Concern,no,False,,,
LT01130,Palonosetron hydrochloride,4,Adverse reactions,Ambiguous-DILI-concern,Unchanged,Palonosetron,O=C1c2cccc3c2[C@H](CCC3)CN1[C@@H]1CN2CCC1CC2,CHEMBL1189679,135729-61-2,296.41,2.66,0.0,E,No DILI,No DILI,,ambiguous,,palonosetron hydrochloride,DILImap_metadata,O=C1c2cccc3c2[C@H](CCC3)CN1[C@@H]1CN2CCC1CC2,,,True,O=C1c2cccc3c2[C@H](CCC3)CN1[C@@H]1CN2CCC1CC2,CPZBLNMUGSZIPR-NVXWUHKLSA-N,O=C1c2cccc3c2C(CCC3)CN1C1CN2CCC1CC2,1.0,1.0,0.0,296.414,22.0,19.0,0.0,23.550000000000004,2.656500000000001,0.0,2.0,1.0,6.0,0.631578947368421,True,,Ambiguous DILI-concern,ambiguous,False,,,
LT02055,Pamabrom,0,No match,vNo-DILI-concern,Unchanged,Pamabrom,Cn1c(=O)c2[nH]c(Br)nc2n(C)c1=O,CHEMBL316160,606-04-2,259.06,-0.28,0.0,,No DILI,No DILI,,no,0.0,pamabrom,DILImap_metadata,Cn1c(=O)c2[nH]c(Br)nc2n(C)c1=O,,,True,Cn1c(=O)c2[nH]c(Br)nc2n(C)c1=O,SKTFQHRVFFOHTQ-UHFFFAOYSA-N,O=c1[nH]c(=O)c2[nH]cnc2[nH]1,1.0,1.0,0.0,259.063,14.0,7.0,0.0,72.68,-0.2772000000000001,1.0,3.0,0.0,2.0,0.2857142857142857,True,,No-DILI-Concern,no,False,,,
LT01916,Pamidronate disodium,3,Adverse reactions,Ambiguous-DILI-concern,Unchanged,Pamidronate,NCCC(O)(P(=O)(O)O)P(=O)(O)O,CHEMBL834,57248-88-1,235.07,-1.66,0.0,E*,No DILI,No DILI,,ambiguous,,pamidronate disodium,DILImap_metadata,NCCC(O)(P(=O)(O)O)P(=O)(O)O,,,True,NCCC(O)(P(=O)(O)O)P(=O)(O)O,WRUUGTRCQOWXEG-UHFFFAOYSA-N,,1.0,1.0,0.0,235.069,13.0,3.0,0.0,161.30999999999997,-1.6633000000000002,6.0,4.0,4.0,0.0,1.0,True,,Ambiguous DILI-concern,ambiguous,False,,,
LT00674,Pancrelipase,0,No match,vNo-DILI-concern,Unchanged,Pancrelipase,,CHEMBL2108074,,,,0.0,,No DILI,No DILI,,no,0.0,pancrelipase,,,,,False,,,,,,,,,,,,,,,,,,False,missing_structure,No-DILI-Concern,no,False,,,
LT00867,Pancuronium bromide,0,No match,vNo-DILI-concern,Unchanged,Pancuronium,CC(=O)O[C@H]1C[C@@H]2CC[C@@H]3[C@H](CC[C@@]4(C)[C@H]3C[C@H]([N+]3(C)CCCCC3)[C@@H]4OC(C)=O)[C@@]2(C)C[C@@H]1[N+]1(C)CCCCC1,CHEMBL185073,15500-66-0,572.88,6.11,0.0,,No DILI,No DILI,,no,0.0,pancuronium bromide,DILImap_metadata,CC(=O)O[C@H]1C[C@@H]2CC[C@@H]3[C@H](CC[C@@]4(C)[C@H]3C[C@H]([N+]3(C)CCCCC3)[C@@H]4OC(C)=O)[C@@]2(C)C[C@@H]1[N+]1(C)CCCCC1,,,True,CC(=O)O[C@H]1C[C@@H]2CC[C@@H]3[C@H](CC[C@@]4(C)[C@H]3C[C@H]([N+]3(C)CCCCC3)[C@@H]4OC(C)=O)[C@@]2(C)C[C@@H]1[N+]1(C)CCCCC1,GVEAYVLWDAFXET-XGHATYIMSA-N,C1CC[NH+](C2CCC3CCC4C5CC([NH+]6CCCCC6)CC5CCC4C3C2)CC1,1.0,1.0,2.0,572.8750000000001,41.0,35.0,0.0,52.6,6.110500000000007,0.0,4.0,4.0,6.0,0.9428571428571428,True,,No-DILI-Concern,no,False,,,
LT01408,Panitumumab,0,No match,vNo-DILI-concern,Unchanged,Panitumumab,,CHEMBL1201827,,,,0.0,E,No DILI,No DILI,,no,0.0,panitumumab,,,,,False,,,,,,,,,,,,,,,,,,False,missing_structure,No-DILI-Concern,no,False,,,
LT03565,Panobinostat lactate,3,Warnings & precautions,Ambiguous-DILI-concern,New,,,,,,,,,,,,ambiguous,,panobinostat lactate,,CC1=C(C2=CC=CC=C2N1)CCNCC3=CC=C(C=C3)/C=C/C(=O)NO.CC(C(=O)O)O,23725423.0,XVDWNSFFSMWXJJ-ASTDGNLGSA-N,True,Cc1[nH]c2ccccc2c1CCNCc1ccc(/C=C/C(=O)NO)cc1,FPOHNWQLNRZRFC-ZHACJKMWSA-N,c1ccc(CNCCc2c[nH]c3ccccc23)cc1,2.0,0.8125,0.0,349.43399999999997,26.0,21.0,0.0,77.15,3.3272200000000014,4.0,3.0,7.0,3.0,0.19047619047619047,True,,,other,False,,,PubChem_name_property
LT00606,Pantoprazole sodium,3,Adverse reactions,vLess-DILI-concern,Unchanged,Pantoprazole,COc1ccnc(C[S+]([O-])c2nc3cc(OC(F)F)ccc3[nH]2)c1OC,CHEMBL1502,102625-70-7,383.38,2.88,0.0,C,DILI (few cases),,"Necrosis, CYP, Hypersensitivity",less,,pantoprazole sodium,DILImap_metadata,COc1ccnc(C[S+]([O-])c2nc3cc(OC(F)F)ccc3[nH]2)c1OC,,,True,COc1ccnc(C[S+]([O-])c2nc3cc(OC(F)F)ccc3[nH]2)c1OC,IQPSEEYGBUAQFF-UHFFFAOYSA-N,c1ccc(C[SH+]c2nc3ccccc3[nH]2)nc1,1.0,1.0,0.0,383.3760000000001,26.0,16.0,0.0,92.32000000000001,2.8843000000000005,1.0,6.0,7.0,3.0,0.25,True,,Less-DILI-Concern,less,False,,,
LT01637,Papaverine hydrochloride,5,Warnings & precautions,vMost-DILI-concern,Unchanged,Papaverine,COc1ccc(Cc2nccc3cc(OC)c(OC)cc23)cc1OC,CHEMBL19224,,339.39,3.86,0.0,,DILI (likely),DILI,,most,1.0,papaverine hydrochloride,DILImap_metadata,COc1ccc(Cc2nccc3cc(OC)c(OC)cc23)cc1OC,,,True,COc1ccc(Cc2nccc3cc(OC)c(OC)cc23)cc1OC,XQYZDYMELSJDRZ-UHFFFAOYSA-N,c1ccc(Cc2nccc3ccccc23)cc1,1.0,1.0,0.0,339.3910000000001,25.0,20.0,0.0,49.81,3.860000000000003,0.0,5.0,6.0,3.0,0.25,True,,Most-DILI-Concern,most,False,,,
LT01015,Paricalcitol,3,Adverse reactions,Ambiguous-DILI-concern,Unchanged,Paricalcitol,C[C@H](/C=C/[C@H](C)C(C)(C)O)[C@H]1CC[C@H]2/C(=C/C=C3C[C@@H](O)C[C@H](O)C3)CCC[C@]12C,CHEMBL1200622,,416.65,5.56,0.0,,,,,ambiguous,,paricalcitol,DILImap_metadata,C[C@H](/C=C/[C@H](C)C(C)(C)O)[C@H]1CC[C@H]2/C(=C/C=C3C[C@@H](O)C[C@H](O)C3)CCC[C@]12C,,,True,C[C@H](/C=C/[C@H](C)C(C)(C)O)[C@H]1CC[C@H]2/C(=C/C=C3C[C@@H](O)C[C@H](O)C3)CCC[C@]12C,BPKAHTKRCLCHEA-UBFJEZKGSA-N,C(C=C1CCCC2CCCC12)=C1CCCCC1,1.0,1.0,0.0,416.6460000000003,30.0,27.0,0.0,60.69,5.560600000000008,3.0,3.0,5.0,3.0,0.7777777777777778,True,,Ambiguous DILI-concern,ambiguous,False,,,
LT02061,Paromomycin sulfate,0,No match,vNo-DILI-concern,Unchanged,Paromomycin,NC[C@@H]1O[C@H](O[C@H]2[C@@H](O)[C@H](O[C@@H]3[C@@H](O)[C@H](N)C[C@H](N)[C@H]3O[C@H]3O[C@H](CO)[C@@H](O)[C@H](O)[C@H]3N)O[C@@H]2CO)[C@H](N)[C@@H](O)[C@@H]1O,CHEMBL370143,1263-89-4,615.63,-8.86,0.0,,No DILI,No DILI,,no,0.0,paromomycin sulfate,DILImap_metadata,NC[C@@H]1O[C@H](O[C@H]2[C@@H](O)[C@H](O[C@@H]3[C@@H](O)[C@H](N)C[C@H](N)[C@H]3O[C@H]3O[C@H](CO)[C@@H](O)[C@H](O)[C@H]3N)O[C@@H]2CO)[C@H](N)[C@@H](O)[C@@H]1O,,,True,NC[C@@H]1O[C@H](O[C@H]2[C@@H](O)[C@H](O[C@@H]3[C@@H](O)[C@H](N)C[C@H](N)[C@H]3O[C@H]3O[C@H](CO)[C@@H](O)[C@H](O)[C@H]3N)O[C@@H]2CO)[C@H](N)[C@@H](O)[C@@H]1O,UOZODPSAJZTQNH-LSWIJEOBSA-N,C1CCC(OC2COC(OC3CCCCC3OC3CCCCO3)C2)OC1,1.0,1.0,0.0,615.6340000000004,42.0,23.0,0.0,347.32,-8.861700000000015,13.0,19.0,9.0,4.0,1.0,True,,No-DILI-Concern,no,False,,,
LT00128,Paroxetine hydrochloride,8,Adverse reactions,vLess-DILI-concern,Unchanged,Paroxetine,Fc1ccc([C@@H]2CCNC[C@H]2COc2ccc3c(c2)OCO3)cc1,CHEMBL490,78246-49-8,329.37,3.33,0.0,B,DILI (likely),DILI,"CYP, Cholestasis/Biliary, Immune-mediated, Hypersensitivity",less,,paroxetine hydrochloride,DILImap_metadata,Fc1ccc([C@@H]2CCNC[C@H]2COc2ccc3c(c2)OCO3)cc1,,,True,Fc1ccc([C@@H]2CCNC[C@H]2COc2ccc3c(c2)OCO3)cc1,AHOUBRCZNHFOSL-YOEHRIQHSA-N,c1ccc(C2CCNCC2COc2ccc3c(c2)OCO3)cc1,1.0,1.0,0.0,329.3710000000001,24.0,19.0,0.0,39.72,3.326500000000002,1.0,4.0,4.0,4.0,0.3684210526315789,True,,Less-DILI-Concern,less,False,,,
LT02401,Pasireotide diaspartate,3,Warnings & precautions,Ambiguous-DILI-concern,New,,,,,,,,,,,,ambiguous,,pasireotide diaspartate,,C1[C@H](CN2[C@@H]1C(=O)N[C@H](C(=O)N[C@@H](C(=O)N[C@H](C(=O)N[C@H](C(=O)N[C@H](C2=O)CC3=CC=CC=C3)CC4=CC=C(C=C4)OCC5=CC=CC=C5)CCCCN)CC6=CNC7=CC=CC=C76)C8=CC=CC=C8)OC(=O)NCCN.C([C@@H](C(=O)O)N)C(=O)O.C([C@@H](C(=O)O)N)C(=O)O,70788982.0,NEEFMPSSNFRRNC-HQUONIRXSA-N,True,NCCCC[C@@H]1NC(=O)[C@@H](Cc2c[nH]c3ccccc23)NC(=O)[C@H](c2ccccc2)NC(=O)[C@@H]2C[C@@H](OC(=O)NCCN)CN2C(=O)[C@H](Cc2ccccc2)NC(=O)[C@H](Cc2ccc(OCc3ccccc3)cc2)NC1=O,VMZMNAABQBOLAK-DBILLSOUSA-N,O=C1CNC(=O)C(Cc2c[nH]c3ccccc23)NC(=O)C(c2ccccc2)NC(=O)C2CCCN2C(=O)C(Cc2ccccc2)NC(=O)C(Cc2ccc(OCc3ccccc3)cc2)N1,3.0,0.8105263157894737,0.0,1047.2269999999999,77.0,58.0,0.0,281.2,3.3685000000000107,9.0,11.0,17.0,8.0,0.3275862068965517,False,mw_above_1000,,other,False,,,PubChem_name_property
LT03730,Patiromer sorbitex calcium,0,No match,vNo-DILI-concern,New,,,,,,,,,,,,no,0.0,patiromer sorbitex calcium,,,,,False,,,,,,,,,,,,,,,,,,False,missing_structure,,other,False,,,
LT03731,Patisiran sodium,0,No match,vNo-DILI-concern,New,,,,,,,,,,,,no,0.0,patisiran sodium,,,,,False,,,,,,,,,,,,,,,,,,False,missing_structure,,other,False,,,
LT00672,Pazopanib hydrochloride,8,Box warning,vMost-DILI-concern,Unchanged,Pazopanib,Cc1ccc(Nc2nccc(N(C)c3ccc4c(C)n(C)nc4c3)n2)cc1S(N)(=O)=O,CHEMBL477772,635702-64-6,437.53,3.14,0.0,C,DILI (likely),DILI,"Hepatitis, CYP, Encephalopathy, Immune-mediated, Hypersensitivity",most,1.0,pazopanib hydrochloride,DILImap_metadata,Cc1ccc(Nc2nccc(N(C)c3ccc4c(C)n(C)nc4c3)n2)cc1S(N)(=O)=O,,,True,Cc1ccc(Nc2nccc(N(C)c3ccc4c(C)n(C)nc4c3)n2)cc1S(N)(=O)=O,CUIHSIWYWATEQL-UHFFFAOYSA-N,c1ccc(Nc2nccc(Nc3ccc4c[nH]nc4c3)n2)cc1,1.0,1.0,0.0,437.52900000000017,31.0,21.0,0.0,119.03,3.1390400000000005,2.0,7.0,5.0,4.0,0.19047619047619047,True,,Most-DILI-Concern,most,False,,,
LT00941,Pegademase bovine,0,No match,vNo-DILI-concern,Unchanged,Pegademase bovine,,CHEMBL1201514,,,,0.0,,No DILI,No DILI,,no,0.0,pegademase bovine,,,,,False,,,,,,,,,,,,,,,,,,False,missing_structure,No-DILI-Concern,no,False,,,
LT01322,Pegaspargase,3,Adverse reactions,vLess-DILI-concern,Unchanged,Pegaspargase,,CHEMBL2108546,,,,0.0,A,DILI (likely),DILI,,less,,pegaspargase,,,,,False,,,,,,,,,,,,,,,,,,False,missing_structure,Less-DILI-Concern,less,False,,,
LT03732,Pegcetacoplan,0,No match,vNo-DILI-concern,New,,,,,,,,,,,,no,0.0,pegcetacoplan,,,,,False,,,,,,,,,,,,,,,,,,False,missing_structure,,other,False,,,
LT01380,Pegfilgrastim,0,No match,vNo-DILI-concern,Unchanged,Pegfilgrastim,,CHEMBL1201568,,,,0.0,E,No DILI,No DILI,,no,0.0,pegfilgrastim,,,,,False,,,,,,,,,,,,,,,,,,False,missing_structure,No-DILI-Concern,no,False,,,
LT01376,Peginterferon alfa-2a,7,Warnings & precautions,Ambiguous-DILI-concern,Unchanged,Peginterferon alfa-2a,,CHEMBL1201560,,,,0.0,,,,,ambiguous,,peginterferon alfa 2a,,,,,False,,,,,,,,,,,,,,,,,,False,missing_structure,Ambiguous DILI-concern,ambiguous,False,,,
LT01367,Peginterferon alfa-2b,4,Warnings & precautions,vMost-DILI-concern,Unchanged,Peginterferon alfa-2b,,CHEMBL1201561,,,,0.0,,DILI (likely),DILI,,most,1.0,peginterferon alfa 2b,,,,,False,,,,,,,,,,,,,,,,,,False,missing_structure,Most-DILI-Concern,most,False,,,
LT01069,Pegvisomant,3,Warnings & precautions,Ambiguous-DILI-concern,Unchanged,Pegvisomant,,CHEMBL1201515,,,,0.0,,,,,ambiguous,,pegvisomant,,,,,False,,,,,,,,,,,,,,,,,,False,missing_structure,Ambiguous DILI-concern,ambiguous,False,,,
LT01157,Pemetrexed disodium,3,Adverse reactions,Ambiguous-DILI-concern,Unchanged,Pemetrexed,Nc1nc2[nH]cc(CCc3ccc(C(=O)N[C@@H](CCC(=O)O)C(=O)O)cc3)c2c(=O)[nH]1,CHEMBL225072,137281-23-3,427.42,0.67,0.0,E*,No DILI,No DILI,,ambiguous,,pemetrexed disodium,DILImap_metadata,Nc1nc2[nH]cc(CCc3ccc(C(=O)N[C@@H](CCC(=O)O)C(=O)O)cc3)c2c(=O)[nH]1,,,True,Nc1nc2[nH]cc(CCc3ccc(C(=O)N[C@@H](CCC(=O)O)C(=O)O)cc3)c2c(=O)[nH]1,WBXPDJSOTKVWSJ-ZDUSSCGKSA-N,O=c1[nH]cnc2[nH]cc(CCc3ccccc3)c12,1.0,1.0,0.0,427.41700000000014,31.0,20.0,0.0,191.26,0.6664000000000003,6.0,6.0,9.0,3.0,0.25,True,,Ambiguous DILI-concern,ambiguous,False,,,
LT03733,Pemigatinib,3,Adverse reactions,Ambiguous-DILI-concern,New,,,,,,,,,,,,ambiguous,,pemigatinib,,CCN1C2=C3C=C(NC3=NC=C2CN(C1=O)C4=C(C(=CC(=C4F)OC)OC)F)CN5CCOCC5,86705695.0,HCDMJFOHIXMBOV-UHFFFAOYSA-N,True,CCN1C(=O)N(c2c(F)c(OC)cc(OC)c2F)Cc2cnc3[nH]c(CN4CCOCC4)cc3c21,HCDMJFOHIXMBOV-UHFFFAOYSA-N,O=C1Nc2c(cnc3[nH]c(CN4CCOCC4)cc23)CN1c1ccccc1,1.0,1.0,0.0,487.5070000000003,35.0,24.0,0.0,83.16000000000001,3.657000000000002,1.0,6.0,6.0,5.0,0.4166666666666667,True,,,other,False,,,PubChem_name_property
LT00246,Pemoline,8,Withdrawn,vMost-DILI-concern,Unchanged,Pemoline,NC1=NC(=O)C(c2ccccc2)O1,CHEMBL1177,,176.18,0.6,0.0,,DILI (withdrawn),DILI,,most,1.0,pemoline,DILImap_metadata,NC1=NC(=O)C(c2ccccc2)O1,,,True,NC1=NC(=O)C(c2ccccc2)O1,NRNCYVBFPDDJNE-UHFFFAOYSA-N,O=C1N=COC1c1ccccc1,1.0,1.0,0.0,176.17499999999998,13.0,9.0,0.0,64.67999999999999,0.5992000000000001,1.0,3.0,1.0,2.0,0.1111111111111111,True,,Most-DILI-Concern,most,False,14.205,,
LT01644,Penbutolol sulfate,0,No match,vNo-DILI-concern,Unchanged,Penbutolol,CC(C)(C)NC[C@H](O)COc1ccccc1C1CCCC1,CHEMBL1290,38363-32-5,291.44,3.47,0.0,E,No DILI,No DILI,,no,0.0,penbutolol sulfate,DILImap_metadata,CC(C)(C)NC[C@H](O)COc1ccccc1C1CCCC1,,,True,CC(C)(C)NC[C@H](O)COc1ccccc1C1CCCC1,KQXKVJAGOJTNJS-HNNXBMFYSA-N,c1ccc(C2CCCC2)cc1,1.0,1.0,0.0,291.4350000000001,21.0,18.0,0.0,41.489999999999995,3.472000000000002,2.0,3.0,6.0,2.0,0.6666666666666666,True,,No-DILI-Concern,no,False,,,
LT00488,Penicillamine,2,Warnings & precautions,vLess-DILI-concern,Unchanged,Penicillamine,CC(C)(S)[C@@H](N)C(=O)O,CHEMBL1430,52-67-5,149.21,0.11,0.0,B,DILI (likely),DILI,"Hepatitis, Cholestasis/Biliary, Cirrhosis, Immune-mediated, Hypersensitivity",less,,penicillamine,DILImap_metadata,CC(C)(S)[C@@H](N)C(=O)O,,,True,CC(C)(S)[C@@H](N)C(=O)O,VVNCNSJFMMFHPL-VKHMYHEASA-N,,1.0,1.0,0.0,149.215,9.0,5.0,0.0,63.32000000000001,0.10669999999999985,3.0,3.0,2.0,0.0,0.8,True,,Less-DILI-Concern,less,False,39.17171341255,,
LT01646,Penicillin g benzathine,3,Adverse reactions,vLess-DILI-concern,Unchanged,Penicillin g,CC1(C)S[C@@H]2[C@H](NC(=O)Cc3ccccc3)C(=O)N2[C@H]1C(=O)O,CHEMBL29,69-57-8,334.4,0.86,0.0,,,,,less,,penicillin g benzathine,DILImap_metadata,CC1(C)S[C@@H]2[C@H](NC(=O)Cc3ccccc3)C(=O)N2[C@H]1C(=O)O,,,True,CC1(C)S[C@@H]2[C@H](NC(=O)Cc3ccccc3)C(=O)N2[C@H]1C(=O)O,JGSARLDLIJGVTE-MBNYWOFBSA-N,O=C(Cc1ccccc1)NC1C(=O)N2CCSC12,1.0,1.0,0.0,334.39700000000005,23.0,16.0,0.0,86.71000000000001,0.8607999999999998,2.0,4.0,4.0,3.0,0.4375,True,,Less-DILI-Concern,less,False,,,
LT01648,Penicillin v potassium,0,No match,vNo-DILI-concern,Unchanged,Penicillin v,CC1(C)S[C@@H]2[C@H](NC(=O)COc3ccccc3)C(=O)N2[C@H]1C(=O)O,CHEMBL615,132-98-9,350.4,0.7,0.0,,No DILI,No DILI,,no,0.0,penicillin v potassium,DILImap_metadata,CC1(C)S[C@@H]2[C@H](NC(=O)COc3ccccc3)C(=O)N2[C@H]1C(=O)O,,,True,CC1(C)S[C@@H]2[C@H](NC(=O)COc3ccccc3)C(=O)N2[C@H]1C(=O)O,BPLBGHOLXOTWMN-MBNYWOFBSA-N,O=C(COc1ccccc1)NC1C(=O)N2CCSC12,1.0,1.0,0.0,350.3960000000001,24.0,16.0,0.0,95.94000000000001,0.6970999999999998,2.0,5.0,5.0,3.0,0.4375,True,,No-DILI-Concern,no,False,,,
LT00869,Pentagastrin,0,No match,vNo-DILI-concern,Unchanged,Pentagastrin,CSCC[C@H](NC(=O)[C@H](Cc1c[nH]c2ccccc12)NC(=O)CCNC(=O)OC(C)(C)C)C(=O)N[C@@H](CC(=O)O)C(=O)N[C@@H](Cc1ccccc1)C(N)=O,CHEMBL1328,,767.91,1.52,0.0,,No DILI,No DILI,,no,0.0,pentagastrin,DILImap_metadata,CSCC[C@H](NC(=O)[C@H](Cc1c[nH]c2ccccc12)NC(=O)CCNC(=O)OC(C)(C)C)C(=O)N[C@@H](CC(=O)O)C(=O)N[C@@H](Cc1ccccc1)C(N)=O,,,True,CSCC[C@H](NC(=O)[C@H](Cc1c[nH]c2ccccc12)NC(=O)CCNC(=O)OC(C)(C)C)C(=O)N[C@@H](CC(=O)O)C(=O)N[C@@H](Cc1ccccc1)C(N)=O,NEYNJQRKHLUJRU-DZUOILHNSA-N,O=C(CCc1c[nH]c2ccccc12)NCC(=O)NCC(=O)NCCc1ccccc1,1.0,1.0,0.0,767.9060000000002,54.0,37.0,0.0,250.91,1.5202000000000044,8.0,9.0,20.0,3.0,0.43243243243243246,True,,No-DILI-Concern,no,False,,,
LT00129,Pentamidine isethionate,3,Warnings & precautions,vLess-DILI-concern,Unchanged,Pentamidine,N=C(N)c1ccc(OCCCCCOc2ccc(C(=N)N)cc2)cc1,CHEMBL55,140-64-7,340.43,2.88,0.0,D,DILI (few cases),,"Necrosis, Hypersensitivity",less,,pentamidine isethionate,DILImap_metadata,N=C(N)c1ccc(OCCCCCOc2ccc(C(=N)N)cc2)cc1,,,True,N=C(N)c1ccc(OCCCCCOc2ccc(C(=N)N)cc2)cc1,XDRYMKDFEDOLFX-UHFFFAOYSA-N,c1ccc(OCCCCCOc2ccccc2)cc1,1.0,1.0,0.0,340.42699999999996,25.0,19.0,0.0,118.2,2.8828400000000007,4.0,4.0,10.0,2.0,0.2631578947368421,True,,Less-DILI-Concern,less,False,,,
LT01650,Pentazocine lactate,0,No match,vNo-DILI-concern,Unchanged,Pentazocine,CC(C)=CCN1CCC2(C)c3cc(O)ccc3CC1C2C,CHEMBL100116,,285.43,3.88,0.0,E,No DILI,No DILI,,no,0.0,pentazocine lactate,DILImap_metadata,CC(C)=CCN1CCC2(C)c3cc(O)ccc3CC1C2C,,,True,CC(C)=CCN1CCC2(C)c3cc(O)ccc3CC1C2C,VOKSWYLNZZRQPF-UHFFFAOYSA-N,c1ccc2c(c1)CC1CC2CCN1,1.0,1.0,0.0,285.43100000000004,21.0,19.0,0.0,23.47,3.8826000000000027,1.0,2.0,2.0,3.0,0.5789473684210527,True,,No-DILI-Concern,no,False,,,
LT00879,Pentetate calcium trisodium yb-169,0,No match,vNo-DILI-concern,Unchanged,Pentetic acid,O=C(O)CN(CCN(CC(=O)O)CC(=O)O)CCN(CC(=O)O)CC(=O)O,CHEMBL780,,393.35,-2.68,0.0,,No DILI,No DILI,,no,0.0,pentetate calcium trisodium yb 169,DILImap_metadata,O=C(O)CN(CCN(CC(=O)O)CC(=O)O)CCN(CC(=O)O)CC(=O)O,,,True,O=C(O)CN(CCN(CC(=O)O)CC(=O)O)CCN(CC(=O)O)CC(=O)O,QPCDCPDFJACHGM-UHFFFAOYSA-N,,1.0,1.0,0.0,393.3490000000002,27.0,14.0,0.0,196.21999999999997,-2.6845999999999934,5.0,8.0,16.0,0.0,0.6428571428571429,True,,No-DILI-Concern,no,False,,,
LT00130,Pentobarbital sodium,3,Warnings & precautions,Ambiguous-DILI-concern,Unchanged,Pentobarbital,CCCC(C)C1(CC)C(=O)NC(=O)NC1=O,CHEMBL448,,226.28,1.18,0.0,E,No DILI,No DILI,,ambiguous,,pentobarbital sodium,DILImap_metadata,CCCC(C)C1(CC)C(=O)NC(=O)NC1=O,,,True,CCCC(C)C1(CC)C(=O)NC(=O)NC1=O,WEXRUCMBJFQVBZ-UHFFFAOYSA-N,O=C1CC(=O)NC(=O)N1,1.0,1.0,0.0,226.276,16.0,11.0,0.0,75.27000000000001,1.1849999999999998,2.0,3.0,4.0,1.0,0.7272727272727273,True,,Ambiguous DILI-concern,ambiguous,False,,,
LT00956,Pentosan polysulfate sodium,3,Adverse reactions,Ambiguous-DILI-concern,Unchanged,Pentosan polysulfate,,,,,,,,,,,ambiguous,,pentosan polysulfate sodium,,,,,False,,,,,,,,,,,,,,,,,,False,missing_structure,Ambiguous DILI-concern,ambiguous,False,,,
LT01651,Pentostatin,3,Box warning,vMost-DILI-concern,Unchanged,Pentostatin,OC[C@H]1O[C@@H](n2cnc3c2N=CNC[C@H]3O)C[C@@H]1O,CHEMBL1580,53910-25-1,268.27,-1.18,0.0,D,DILI (likely),DILI,"Hepatitis, Cholestasis/Biliary, Immune-mediated, Hypersensitivity",most,1.0,pentostatin,DILImap_metadata,OC[C@H]1O[C@@H](n2cnc3c2N=CNC[C@H]3O)C[C@@H]1O,,,True,OC[C@H]1O[C@@H](n2cnc3c2N=CNC[C@H]3O)C[C@@H]1O,FPVKHBSQESCIEP-JQCXWYLXSA-N,C1=Nc2c(ncn2C2CCCO2)CCN1,1.0,1.0,0.0,268.273,19.0,11.0,0.0,112.13000000000001,-1.1798000000000006,4.0,7.0,2.0,3.0,0.6363636363636364,True,,Most-DILI-Concern,most,False,,,
LT01652,Pentoxifylline,5,Adverse reactions,Ambiguous-DILI-concern,Unchanged,Pentoxifylline,CC(=O)CCCCn1c(=O)c2c(ncn2C)n(C)c1=O,CHEMBL628,6493-05-06 00:00:00,278.31,0.19,0.0,D,DILI (few cases),,"Hepatitis, Necrosis, CYP, Cholestasis/Biliary, Steatosis, Cirrhosis, Immune-mediated, Hypersensitivity",ambiguous,,pentoxifylline,DILImap_metadata,CC(=O)CCCCn1c(=O)c2c(ncn2C)n(C)c1=O,,,True,CC(=O)CCCCn1c(=O)c2c(ncn2C)n(C)c1=O,BYPFEZZEUUWMEJ-UHFFFAOYSA-N,O=c1[nH]c(=O)c2[nH]cnc2[nH]1,1.0,1.0,0.0,278.31200000000007,20.0,13.0,0.0,78.89,0.19300000000000006,0.0,4.0,5.0,2.0,0.5384615384615384,True,,Ambiguous DILI-concern,ambiguous,False,,,
LT03734,Peramivir,3,Adverse reactions,Ambiguous-DILI-concern,New,,,,,,,,,,,,ambiguous,,peramivir,,CCC(CC)[C@H](NC(C)=O)[C@@H]1[C@H](O)[C@@H](C(=O)O)C[C@H]1NC(=N)N,,,True,CCC(CC)[C@H](NC(C)=O)[C@@H]1[C@H](O)[C@@H](C(=O)O)C[C@H]1NC(=N)N,XRQDFNLINLXZLB-CKIKVBCHSA-N,C1CCCC1,1.0,1.0,0.0,328.413,23.0,15.0,0.0,148.53000000000003,-0.1394299999999976,6.0,4.0,7.0,1.0,0.8,True,,,other,False,,DILImap_metadata_offline,
LT02446,Perampanel,0,No match,vNo-DILI-concern,New,,,,,,,,,,,,no,0.0,perampanel,,C1=CC=C(C=C1)N2C=C(C=C(C2=O)C3=CC=CC=C3C#N)C4=CC=CC=N4,9924495.0,PRMWGUBFXWROHD-UHFFFAOYSA-N,True,N#Cc1ccccc1-c1cc(-c2ccccn2)cn(-c2ccccc2)c1=O,PRMWGUBFXWROHD-UHFFFAOYSA-N,O=c1c(-c2ccccc2)cc(-c2ccccn2)cn1-c1ccccc1,1.0,1.0,0.0,349.39300000000003,27.0,23.0,0.0,58.68,4.438180000000004,0.0,3.0,3.0,4.0,0.0,True,,,other,False,,,PubChem_name_property
LT01065,Perflutren,0,No match,vNo-DILI-concern,Unchanged,Perflutren,FC(F)(F)C(F)(F)C(F)(F)F,CHEMBL1663,,188.02,2.75,0.0,,No DILI,No DILI,,no,0.0,perflutren,DILImap_metadata,FC(F)(F)C(F)(F)C(F)(F)F,,,True,FC(F)(F)C(F)(F)C(F)(F)F,QYSGYZVSCZSLHT-UHFFFAOYSA-N,,1.0,1.0,0.0,188.017,11.0,3.0,0.0,0.0,2.7462999999999997,0.0,0.0,0.0,0.0,1.0,True,,No-DILI-Concern,no,False,,,
LT00216,Pergolide mesylate,3,Adverse reactions,Ambiguous-DILI-concern,Unchanged,Pergolide,CCCN1C[C@H](CSC)C[C@@H]2c3cccc4[nH]cc(c34)C[C@H]21,CHEMBL531,66104-23-2,314.5,4.27,0.0,E,No DILI,No DILI,,ambiguous,,pergolide mesylate,DILImap_metadata,CCCN1C[C@H](CSC)C[C@@H]2c3cccc4[nH]cc(c34)C[C@H]21,,,True,CCCN1C[C@H](CSC)C[C@@H]2c3cccc4[nH]cc(c34)C[C@H]21,YEHCICAEULNIGD-MZMPZRCHSA-N,c1cc2c3c(c[nH]c3c1)CC1NCCCC21,1.0,1.0,0.0,314.4980000000001,22.0,19.0,0.0,19.03,4.271100000000003,1.0,2.0,4.0,4.0,0.5789473684210527,True,,Ambiguous DILI-concern,ambiguous,False,,,
LT00131,Perhexiline,8,Withdrawn,vMost-DILI-concern,Unchanged,Perhexiline,C1CCC(C(CC2CCCCN2)C2CCCCC2)CC1,CHEMBL75880,,277.5,5.3,0.0,,DILI (withdrawn),DILI,,most,1.0,perhexiline,DILImap_metadata,C1CCC(C(CC2CCCCN2)C2CCCCC2)CC1,,,True,C1CCC(C(CC2CCCCN2)C2CCCCC2)CC1,CYXKNKQEMFBLER-UHFFFAOYSA-N,C1CCC(C(CC2CCCCN2)C2CCCCC2)CC1,1.0,1.0,0.0,277.496,20.0,19.0,0.0,12.03,5.295400000000005,1.0,1.0,4.0,3.0,1.0,True,,Most-DILI-Concern,most,False,0.404,,
LT00955,Perindopril erbumine,3,Adverse reactions,Ambiguous-DILI-concern,Unchanged,Perindopril,CCC[C@H](N[C@@H](C)C(=O)N1[C@H](C(=O)O)C[C@@H]2CCCC[C@@H]21)C(=O)OCC,CHEMBL1581,107133-36-8,368.47,1.94,1.0,E*,No DILI,No DILI,,ambiguous,,perindopril erbumine,DILImap_metadata,CCC[C@H](N[C@@H](C)C(=O)N1[C@H](C(=O)O)C[C@@H]2CCCC[C@@H]21)C(=O)OCC,,,True,CCC[C@H](N[C@@H](C)C(=O)N1[C@H](C(=O)O)C[C@@H]2CCCC[C@@H]21)C(=O)OCC,IPVQLZZIHOAWMC-QXKUPLGCSA-N,C1CCC2NCCC2C1,1.0,1.0,0.0,368.47400000000016,26.0,19.0,0.0,95.94000000000001,1.940599999999999,2.0,5.0,8.0,2.0,0.8421052631578947,True,,Ambiguous DILI-concern,ambiguous,False,,,
LT01655,Perphenazine,3,Warnings & precautions,vLess-DILI-concern,Unchanged,Perphenazine,OCCN1CCN(CCCN2c3ccccc3Sc3ccc(Cl)cc32)CC1,CHEMBL567,58-39-9,403.98,3.94,0.0,D,DILI (few cases),,"Cholestasis/Biliary, Immune-mediated, Hypersensitivity",less,,perphenazine,DILImap_metadata,OCCN1CCN(CCCN2c3ccccc3Sc3ccc(Cl)cc32)CC1,,,True,OCCN1CCN(CCCN2c3ccccc3Sc3ccc(Cl)cc32)CC1,RGCVKNLCSQQDEP-UHFFFAOYSA-N,c1ccc2c(c1)Sc1ccccc1N2CCCN1CCNCC1,1.0,1.0,0.0,403.9790000000002,27.0,21.0,0.0,29.950000000000003,3.942700000000003,1.0,5.0,6.0,4.0,0.42857142857142855,True,,Less-DILI-Concern,less,False,0.0059408881627803,,
LT03735,Pexidartinib hydrochloride,8,Box warning,vMost-DILI-concern,New,,,,,,,,,,,,most,1.0,pexidartinib hydrochloride,,C1=CC(=NC=C1CC2=CNC3=C2C=C(C=N3)Cl)NCC4=CN=C(C=C4)C(F)(F)F.Cl,73053710.0,CJLUYLRKLUYCEK-UHFFFAOYSA-N,True,FC(F)(F)c1ccc(CNc2ccc(Cc3c[nH]c4ncc(Cl)cc34)cn2)cn1,JGWRKYUXBBNENE-UHFFFAOYSA-N,c1cncc(CNc2ccc(Cc3c[nH]c4ncccc34)cn2)c1,2.0,0.9666666666666667,0.0,417.82200000000006,29.0,20.0,0.0,66.49000000000001,5.2280000000000015,2.0,4.0,5.0,4.0,0.15,True,,,other,False,,,PubChem_name_property
LT00826,Phendimetrazine tartrate,0,No match,vNo-DILI-concern,Unchanged,Phendimetrazine,C[C@H]1[C@H](c2ccccc2)OCCN1C,CHEMBL1615439,,191.27,2.08,0.0,,No DILI,No DILI,,no,0.0,phendimetrazine tartrate,DILImap_metadata,C[C@H]1[C@H](c2ccccc2)OCCN1C,,,True,C[C@H]1[C@H](c2ccccc2)OCCN1C,MFOCDFTXLCYLKU-CMPLNLGQSA-N,c1ccc(C2CNCCO2)cc1,1.0,1.0,0.0,191.27399999999994,14.0,12.0,0.0,12.47,2.0782,0.0,2.0,1.0,2.0,0.5,True,,No-DILI-Concern,no,False,,,
LT01657,Phenelzine sulfate,3,Adverse reactions,vLess-DILI-concern,Unchanged,Phenelzine,NNCCc1ccccc1,CHEMBL1089,156-51-4,136.2,0.69,0.0,C,DILI (few cases),,"Hepatitis, Cholestasis/Biliary, Immune-mediated, Hypersensitivity",less,,phenelzine sulfate,DILImap_metadata,NNCCc1ccccc1,,,True,NNCCc1ccccc1,RMUCZJUITONUFY-UHFFFAOYSA-N,c1ccccc1,1.0,1.0,0.0,136.19799999999998,10.0,8.0,0.0,38.05,0.6923999999999992,2.0,2.0,3.0,1.0,0.25,True,,Less-DILI-Concern,less,False,,,
LT00030,Phenobarbital sodium,3,Warnings & precautions,vLess-DILI-concern,Unchanged,Phenobarbital,CCC1(c2ccccc2)C(=O)NC(=O)NC1=O,CHEMBL40,,232.24,0.7,0.0,B,DILI (likely),DILI,"Hepatitis, Cholestasis/Biliary, Immune-mediated, Hypersensitivity Syndrome",less,,phenobarbital sodium,DILImap_metadata,CCC1(c2ccccc2)C(=O)NC(=O)NC1=O,,,True,CCC1(c2ccccc2)C(=O)NC(=O)NC1=O,DDBREPKUVSBGFI-UHFFFAOYSA-N,O=C1NC(=O)C(c2ccccc2)C(=O)N1,1.0,1.0,0.0,232.23899999999995,17.0,12.0,0.0,75.27000000000001,0.7004,2.0,3.0,2.0,2.0,0.25,True,,Less-DILI-Concern,less,False,,,
LT02082,Phenoxybenzamine hydrochloride,0,No match,vNo-DILI-concern,Unchanged,Phenoxybenzamine,CC(COc1ccccc1)N(CCCl)Cc1ccccc1,CHEMBL753,63-92-3,303.83,4.19,0.0,,No DILI,No DILI,,no,0.0,phenoxybenzamine hydrochloride,DILImap_metadata,CC(COc1ccccc1)N(CCCl)Cc1ccccc1,,,True,CC(COc1ccccc1)N(CCCl)Cc1ccccc1,QZVCTJOXCFMACW-UHFFFAOYSA-N,c1ccc(CNCCOc2ccccc2)cc1,1.0,1.0,0.0,303.83299999999997,21.0,18.0,0.0,12.47,4.194900000000003,0.0,2.0,8.0,2.0,0.3333333333333333,True,,No-DILI-Concern,no,False,,,
LT00703,Phenoxypropazine,8,Withdrawn,vMost-DILI-concern,Unchanged,Phenoxypropazine,CC(COc1ccccc1)NN,CHEMBL1909286,,166.22,0.92,0.0,,DILI (withdrawn),DILI,,most,1.0,phenoxypropazine,DILImap_metadata,CC(COc1ccccc1)NN,,,True,CC(COc1ccccc1)NN,QNEXFJFTGQBXBJ-UHFFFAOYSA-N,c1ccccc1,1.0,1.0,0.0,166.224,12.0,9.0,0.0,47.28,0.9172000000000002,2.0,3.0,4.0,1.0,0.3333333333333333,True,,Most-DILI-Concern,most,False,,,
LT00805,Phentermine resin complex,0,No match,vLess-DILI-concern,Unchanged,Phentermine,CC(C)(N)Cc1ccccc1,CHEMBL1574,,149.24,1.97,0.0,E,No DILI (unlikely),,,less,,phentermine resin complex,DILImap_metadata,CC(C)(N)Cc1ccccc1,,,True,CC(C)(N)Cc1ccccc1,DHHVAGZRUROJKS-UHFFFAOYSA-N,c1ccccc1,1.0,1.0,0.0,149.237,11.0,10.0,0.0,26.02,1.9664,1.0,1.0,2.0,1.0,0.4,True,,Less-DILI-Concern,less,False,,,
LT00433,Phentolamine mesylate,0,No match,vNo-DILI-concern,Unchanged,Phentolamine,Cc1ccc(N(CC2=NCCN2)c2cccc(O)c2)cc1,CHEMBL597,65-28-1,281.36,2.84,0.0,,No DILI,No DILI,,no,0.0,phentolamine mesylate,DILImap_metadata,Cc1ccc(N(CC2=NCCN2)c2cccc(O)c2)cc1,,,True,Cc1ccc(N(CC2=NCCN2)c2cccc(O)c2)cc1,MRBDMNSDAVCSSF-UHFFFAOYSA-N,c1ccc(N(CC2=NCCN2)c2ccccc2)cc1,1.0,1.0,0.0,281.35900000000004,21.0,17.0,0.0,47.86,2.840420000000001,2.0,4.0,4.0,3.0,0.23529411764705882,True,,No-DILI-Concern,no,False,,,
LT00032,Phenytoin,8,Warnings & precautions,vMost-DILI-concern,Unchanged,Phenytoin,O=C1NC(=O)C(c2ccccc2)(c2ccccc2)N1,CHEMBL16,630-93-3,252.27,1.77,0.0,A,DILI (known),DILI,"CYP, Cholestasis/Biliary, Immune-mediated, Hypersensitivity Syndrome",most,1.0,phenytoin,DILImap_metadata,O=C1NC(=O)C(c2ccccc2)(c2ccccc2)N1,,,True,O=C1NC(=O)C(c2ccccc2)(c2ccccc2)N1,CXOFVDLJLONNDW-UHFFFAOYSA-N,O=C1NC(=O)C(c2ccccc2)(c2ccccc2)N1,1.0,1.0,0.0,252.27300000000002,19.0,15.0,0.0,58.2,1.7696,2.0,2.0,2.0,3.0,0.06666666666666667,True,,Most-DILI-Concern,most,True,18.9168438577714,,
LT00133,Physostigmine salicylate,0,No match,vNo-DILI-concern,Unchanged,Physostigmine,CNC(=O)Oc1ccc2c(c1)[C@]1(C)CCN(C)[C@@H]1N2C,CHEMBL94,,275.35,1.77,0.0,,No DILI,No DILI,,no,0.0,physostigmine salicylate,DILImap_metadata,CNC(=O)Oc1ccc2c(c1)[C@]1(C)CCN(C)[C@@H]1N2C,,,True,CNC(=O)Oc1ccc2c(c1)[C@]1(C)CCN(C)[C@@H]1N2C,PIJVFDBKTWXHHD-HIFRSBDPSA-N,c1ccc2c(c1)NC1NCCC21,1.0,1.0,0.0,275.352,20.0,15.0,0.0,44.81,1.7739,1.0,4.0,1.0,3.0,0.5333333333333333,True,,No-DILI-Concern,no,False,,,
LT00780,Phytonadione,0,No match,vNo-DILI-concern,Unchanged,Phytonadione,CC1=C(C/C=C(\C)CCC[C@H](C)CCC[C@H](C)CCCC(C)C)C(=O)c2ccccc2C1=O,CHEMBL1550,84-80-0,450.71,9.16,0.0,,No DILI,No DILI,,no,0.0,phytonadione,DILImap_metadata,CC1=C(C/C=C(\C)CCC[C@H](C)CCC[C@H](C)CCCC(C)C)C(=O)c2ccccc2C1=O,,,True,CC1=C(C/C=C(\C)CCC[C@H](C)CCC[C@H](C)CCCC(C)C)C(=O)c2ccccc2C1=O,MBWXNTAXLNYFJB-NKFFZRIASA-N,O=C1C=CC(=O)c2ccccc21,1.0,1.0,0.0,450.7070000000002,33.0,31.0,0.0,34.14,9.1576,0.0,2.0,14.0,2.0,0.6129032258064516,True,,No-DILI-Concern,no,False,,,
LT03915,Piflufolastat f-18,0,No match,vNo-DILI-concern,New,,,,,,,,,,,,no,0.0,piflufolastat f 18,,C1=CC(=NC=C1C(=O)NCCCC[C@@H](C(=O)O)NC(=O)N[C@@H](CCC(=O)O)C(=O)O)[18F],52950901.0,OLWVRJUNLXQDSP-MVBOSPHXSA-N,True,O=C(O)CC[C@H](NC(=O)N[C@@H](CCCCNC(=O)c1ccc([18F])nc1)C(=O)O)C(=O)O,OLWVRJUNLXQDSP-MVBOSPHXSA-N,c1ccncc1,1.0,1.0,0.0,441.4029380000002,31.0,18.0,0.0,195.01999999999998,0.19120000000000192,6.0,6.0,13.0,1.0,0.4444444444444444,True,,,other,False,,,PubChem_name_property
LT01671,Pilocarpine,3,Adverse reactions,Ambiguous-DILI-concern,Unchanged,Pilocarpine,CC[C@@H]1C(=O)OC[C@@H]1Cc1cncn1C,CHEMBL550,54-71-7,208.26,1.16,0.0,E,No DILI,No DILI,,ambiguous,,pilocarpine,DILImap_metadata,CC[C@@H]1C(=O)OC[C@@H]1Cc1cncn1C,,,True,CC[C@@H]1C(=O)OC[C@@H]1Cc1cncn1C,QCHFTSOMWOSFHM-WPRPVWTQSA-N,O=C1CC(Cc2cnc[nH]2)CO1,1.0,1.0,0.0,208.261,15.0,11.0,0.0,44.12,1.1618000000000002,0.0,3.0,3.0,2.0,0.6363636363636364,True,,Ambiguous DILI-concern,ambiguous,False,,,
LT03736,Pimavanserin tartrate,0,No match,vNo-DILI-concern,New,,,,,,,,,,,,no,0.0,pimavanserin tartrate,,CC(C)COC1=CC=C(C=C1)CNC(=O)N(CC2=CC=C(C=C2)F)C3CCN(CC3)C.CC(C)COC1=CC=C(C=C1)CNC(=O)N(CC2=CC=C(C=C2)F)C3CCN(CC3)C.[C@@H]([C@H](C(=O)O)O)(C(=O)O)O,11672491.0,RGSULKHNAKTFIZ-CEAXSRTFSA-N,True,CC(C)COc1ccc(CNC(=O)N(Cc2ccc(F)cc2)C2CCN(C)CC2)cc1,RKEWSXXUOLRFBX-UHFFFAOYSA-N,O=C(NCc1ccccc1)N(Cc1ccccc1)C1CCNCC1,3.0,0.4305555555555556,0.0,427.5640000000002,31.0,25.0,0.0,44.81,4.6665000000000045,1.0,3.0,8.0,3.0,0.48,True,,,other,False,,,PubChem_name_property
LT01672,Pimozide,0,No match,vNo-DILI-concern,Unchanged,Pimozide,O=c1[nH]c2ccccc2n1C1CCN(CCCC(c2ccc(F)cc2)c2ccc(F)cc2)CC1,CHEMBL1423,2062-78-4,461.56,5.86,0.0,E,No DILI,No DILI,,no,0.0,pimozide,DILImap_metadata,O=c1[nH]c2ccccc2n1C1CCN(CCCC(c2ccc(F)cc2)c2ccc(F)cc2)CC1,,,True,O=c1[nH]c2ccccc2n1C1CCN(CCCC(c2ccc(F)cc2)c2ccc(F)cc2)CC1,YVUQSNJEYSNKRX-UHFFFAOYSA-N,O=c1[nH]c2ccccc2n1C1CCN(CCCC(c2ccccc2)c2ccccc2)CC1,1.0,1.0,0.0,461.5560000000001,34.0,28.0,0.0,41.03,5.8570000000000055,1.0,2.0,7.0,5.0,0.32142857142857145,True,,No-DILI-Concern,no,False,0.015,,
LT01673,Pindolol,0,No match,vNo-DILI-concern,Unchanged,Pindolol,CC(C)NCC(O)COc1cccc2[nH]ccc12,CHEMBL500,13523-86-9,248.33,1.91,0.0,E,No DILI,No DILI,,no,0.0,pindolol,DILImap_metadata,CC(C)NCC(O)COc1cccc2[nH]ccc12,,,True,CC(C)NCC(O)COc1cccc2[nH]ccc12,JZQKKSLKJUAGIC-UHFFFAOYSA-N,c1ccc2[nH]ccc2c1,1.0,1.0,0.0,248.32600000000002,18.0,14.0,0.0,57.279999999999994,1.9055999999999995,3.0,3.0,6.0,2.0,0.42857142857142855,True,,No-DILI-Concern,no,False,,,
LT00134,Pioglitazone hydrochloride,3,Warnings & precautions,vLess-DILI-concern,Unchanged,Pioglitazone,CCc1ccc(CCOc2ccc(CC3SC(=O)NC3=O)cc2)nc1,CHEMBL595,112529-15-4,356.45,3.16,0.0,C,DILI (few cases),,"Cholestasis/Biliary, Hypersensitivity",less,,pioglitazone hydrochloride,DILImap_metadata,CCc1ccc(CCOc2ccc(CC3SC(=O)NC3=O)cc2)nc1,,,True,CCc1ccc(CCOc2ccc(CC3SC(=O)NC3=O)cc2)nc1,HYAFETHFCAUJAY-UHFFFAOYSA-N,O=C1NC(=O)C(Cc2ccc(OCCc3ccccn3)cc2)S1,1.0,1.0,0.0,356.44700000000006,25.0,19.0,0.0,68.28999999999999,3.159600000000001,1.0,5.0,7.0,3.0,0.3157894736842105,True,,Less-DILI-Concern,less,False,,,
LT00697,Pipamazine,8,Withdrawn,vMost-DILI-concern,Unchanged,Pipamazine,NC(=O)C1CCN(CCCN2c3ccccc3Sc3ccc(Cl)cc32)CC1,CHEMBL1909072,,401.96,4.53,0.0,,DILI (withdrawn),DILI,,most,1.0,pipamazine,DILImap_metadata,NC(=O)C1CCN(CCCN2c3ccccc3Sc3ccc(Cl)cc32)CC1,,,True,NC(=O)C1CCN(CCCN2c3ccccc3Sc3ccc(Cl)cc32)CC1,OSJJYEUEJRVVOD-UHFFFAOYSA-N,c1ccc2c(c1)Sc1ccccc1N2CCCN1CCCCC1,1.0,1.0,0.0,401.96300000000025,27.0,21.0,0.0,49.57000000000001,4.530100000000004,1.0,4.0,5.0,4.0,0.38095238095238093,True,,Most-DILI-Concern,most,False,,,
LT01675,Piperacillin sodium,3,Warnings & precautions,Ambiguous-DILI-concern,Unchanged,Piperacillin,CCN1CCN(C(=O)N[C@@H](C(=O)N[C@@H]2C(=O)N3[C@@H]2SC(C)(C)[C@@H]3C(=O)O)c2ccccc2)C(=O)C1=O,CHEMBL702,59703-84-3,517.56,-0.24,0.0,D,DILI (few cases),,"Hepatitis, Cholestasis/Biliary, Hypersensitivity, idiosyncratic cases",ambiguous,,piperacillin sodium,DILImap_metadata,CCN1CCN(C(=O)N[C@@H](C(=O)N[C@@H]2C(=O)N3[C@@H]2SC(C)(C)[C@@H]3C(=O)O)c2ccccc2)C(=O)C1=O,,,True,CCN1CCN(C(=O)N[C@@H](C(=O)N[C@@H]2C(=O)N3[C@@H]2SC(C)(C)[C@@H]3C(=O)O)c2ccccc2)C(=O)C1=O,IVBHGBMCVLDMKU-GXNBUGAJSA-N,O=C1NCCN(C(=O)NC(C(=O)NC2C(=O)N3CCSC23)c2ccccc2)C1=O,1.0,1.0,0.0,517.5640000000003,36.0,23.0,0.0,156.43,-0.24029999999999685,3.0,7.0,6.0,4.0,0.4782608695652174,True,,Ambiguous DILI-concern,ambiguous,False,,,
LT03550,Pirfenidone,8,Warnings & precautions,vMost-DILI-concern,New,,,,,,,,,,,,most,1.0,pirfenidone,,CC1=CN(C(=O)C=C1)C2=CC=CC=C2,40632.0,ISWRGOKTTBVCFA-UHFFFAOYSA-N,True,Cc1ccc(=O)n(-c2ccccc2)c1,ISWRGOKTTBVCFA-UHFFFAOYSA-N,O=c1ccccn1-c1ccccc1,1.0,1.0,0.0,185.226,14.0,12.0,0.0,22.0,2.1459200000000003,0.0,1.0,1.0,2.0,0.08333333333333333,True,,,other,False,,,PubChem_name_property
LT01679,Piroxicam,3,Warnings & precautions,vLess-DILI-concern,Unchanged,Piroxicam,CN1C(C(=O)Nc2ccccn2)=C(O)c2ccccc2S1(=O)=O,CHEMBL527,36322-90-4,331.35,1.58,0.0,B,DILI (likely),DILI,"Hepatitis, Cholestasis/Biliary, Hypersensitivity",less,,piroxicam,DILImap_metadata,CN1C(C(=O)Nc2ccccn2)=C(O)c2ccccc2S1(=O)=O,,,True,CN1C(C(=O)Nc2ccccn2)=C(O)c2ccccc2S1(=O)=O,QYSPLQLAKJAUJT-UHFFFAOYSA-N,O=C(Nc1ccccn1)C1=Cc2ccccc2S(=O)(=O)N1,1.0,1.0,0.0,331.35300000000007,23.0,15.0,0.0,99.6,1.5809999999999997,2.0,5.0,2.0,3.0,0.06666666666666667,True,,Less-DILI-Concern,less,False,6.035,,
LT01680,Pirprofen,8,Withdrawn,vMost-DILI-concern,Unchanged,Pirprofen,CC(C(=O)O)c1ccc(N2CC=CC2)c(Cl)c1,CHEMBL188952,,251.71,2.9,0.0,,DILI (withdrawn),DILI,,most,1.0,pirprofen,DILImap_metadata,CC(C(=O)O)c1ccc(N2CC=CC2)c(Cl)c1,,,True,CC(C(=O)O)c1ccc(N2CC=CC2)c(Cl)c1,PIDSZXPFGCURGN-UHFFFAOYSA-N,C1=CCN(c2ccccc2)C1,1.0,1.0,0.0,251.71299999999997,17.0,13.0,0.0,40.54,2.904300000000001,1.0,2.0,3.0,2.0,0.3076923076923077,True,,Most-DILI-Concern,most,False,,,
LT00668,Pitavastatin calcium,3,Warnings & precautions,Ambiguous-DILI-concern,Unchanged,Pitavastatin,O=C(O)C[C@H](O)C[C@H](O)/C=C/c1c(C2CC2)nc2ccccc2c1-c1ccc(F)cc1,CHEMBL1201753,147526-32-7,421.47,4.52,0.0,D,DILI (few cases),,"Hepatitis, CYP, Cholestasis/Biliary, Immune-mediated, idiosyncratic",ambiguous,,pitavastatin calcium,DILImap_metadata,O=C(O)C[C@H](O)C[C@H](O)/C=C/c1c(C2CC2)nc2ccccc2c1-c1ccc(F)cc1,,,True,O=C(O)C[C@H](O)C[C@H](O)/C=C/c1c(C2CC2)nc2ccccc2c1-c1ccc(F)cc1,VGYFMXBACGZSIL-MCBHFWOFSA-N,c1ccc(-c2cc(C3CC3)nc3ccccc23)cc1,1.0,1.0,0.0,421.4680000000001,31.0,25.0,0.0,90.65,4.518100000000003,3.0,4.0,8.0,4.0,0.28,True,,Ambiguous DILI-concern,ambiguous,False,,,
LT03737,Pitolisant hydrochloride,0,No match,vNo-DILI-concern,New,,,,,,,,,,,,no,0.0,pitolisant hydrochloride,,C1CCN(CC1)CCCOCCCC2=CC=C(C=C2)Cl.Cl,11551689.0,XLFKECRRMPOAQS-UHFFFAOYSA-N,True,Clc1ccc(CCCOCCCN2CCCCC2)cc1,NNACHAUCXXVJSP-UHFFFAOYSA-N,c1ccc(CCCOCCCN2CCCCC2)cc1,2.0,0.9523809523809523,0.0,295.8539999999999,20.0,17.0,0.0,12.47,4.165200000000004,0.0,2.0,8.0,2.0,0.6470588235294118,True,,,other,False,,,PubChem_name_property
LT03738,Plazomicin sulfate,3,Adverse reactions,Ambiguous-DILI-concern,New,,,,,,,,,,,,ambiguous,,plazomicin sulfate,,C[C@@]1(CO[C@@H]([C@@H]([C@H]1NC)O)O[C@H]2[C@@H](C[C@@H]([C@H]([C@@H]2O)O[C@@H]3[C@@H](CC=C(O3)CNCCO)N)N)NC(=O)[C@H](CCN)O)O.OS(=O)(=O)O,71515458.0,SFTBRKHJMASSAP-BGJNVEJLSA-N,True,CN[C@@H]1[C@@H](O)[C@@H](O[C@@H]2[C@@H](O)[C@H](O[C@H]3OC(CNCCO)=CC[C@H]3N)[C@@H](N)C[C@H]2NC(=O)[C@@H](O)CCN)OC[C@]1(C)O,IYDYFVUFSPQPPV-PEXOCOHZSA-N,C1=COC(OC2CCCC(OC3CCCCO3)C2)CC1,2.0,0.8913043478260869,0.0,592.6910000000003,41.0,25.0,0.0,269.29,-5.361100000000008,11.0,15.0,13.0,3.0,0.88,True,,,other,False,,,PubChem_name_property
LT03739,Plecanatide,3,Adverse reactions,Ambiguous-DILI-concern,New,,,,,,,,,,,,ambiguous,,plecanatide,,C[C@H]1C(=O)N[C@H]2CSSC[C@@H](C(=O)N[C@H](C(=O)N[C@H](C(=O)N[C@@H](CSSC[C@H](NC(=O)CNC(=O)[C@@H](NC2=O)[C@@H](C)O)C(=O)N[C@@H](CC(C)C)C(=O)O)C(=O)N[C@H](C(=O)N[C@H](C(=O)N[C@H](C(=O)N1)C(C)C)CC(=O)N)C(C)C)CC(C)C)CCC(=O)O)NC(=O)[C@H](CCC(=O)O)NC(=O)[C@H](CC(=O)O)NC(=O)[C@H](CC(=O)N)N,70693500.0,NSPHQWLKCGGCQR-DLJDZFDSSA-N,True,CC(C)C[C@H](NC(=O)[C@@H]1CSSC[C@@H]2NC(=O)[C@H](CC(C)C)NC(=O)[C@H](CCC(=O)O)NC(=O)[C@@H](NC(=O)[C@H](CCC(=O)O)NC(=O)[C@H](CC(=O)O)NC(=O)[C@@H](N)CC(N)=O)CSSC[C@H](NC(=O)[C@H](C)NC(=O)[C@H](C(C)C)NC(=O)[C@H](CC(N)=O)NC(=O)[C@H](C(C)C)NC2=O)C(=O)N[C@@H]([C@@H](C)O)C(=O)NCC(=O)N1)C(=O)O,NSPHQWLKCGGCQR-DLJDZFDSSA-N,O=C1CCSSCC2NC(=O)CNC(=O)CNC(=O)CNC(=O)CNC(=O)C(CSSCCNC(=O)CNC(=O)CNC2=O)NC(=O)CNC(=O)CN1,1.0,1.0,0.0,1681.9150000000004,113.0,65.0,0.0,718.13,-8.148299999999962,23.0,27.0,28.0,3.0,0.676923076923077,False,mw_above_1000;heavy_atoms_above_80,,other,False,,,PubChem_name_property
LT02340,Plerixafor,0,No match,vNo-DILI-concern,Unchanged,Plerixafor,c1cc(CN2CCCNCCNCCCNCC2)ccc1CN1CCCNCCNCCCNCC1,CHEMBL18442,155148-31-5,502.8,0.42,0.0,E,No DILI,No DILI,,no,0.0,plerixafor,DILImap_metadata,c1cc(CN2CCCNCCNCCCNCC2)ccc1CN1CCCNCCNCCCNCC1,,,True,c1cc(CN2CCCNCCNCCCNCC2)ccc1CN1CCCNCCNCCCNCC1,YIQPUIGJQJDJOS-UHFFFAOYSA-N,c1cc(CN2CCCNCCNCCCNCC2)ccc1CN1CCCNCCNCCCNCC1,1.0,1.0,0.0,502.7960000000004,36.0,28.0,0.0,78.66,0.41580000000000644,6.0,8.0,4.0,3.0,0.7857142857142857,True,,No-DILI-Concern,no,False,,,
LT00486,Polidocanol,0,No match,vNo-DILI-concern,New,,,,,,,,,,,,no,0.0,polidocanol,,CCCCCCCCCCCCOCCOCCOCCOCCOCCOCCOCCOCCOCCO,656641.0,ONJQDTZCDSESIW-UHFFFAOYSA-N,True,CCCCCCCCCCCCOCCOCCOCCOCCOCCOCCOCCOCCOCCO,ONJQDTZCDSESIW-UHFFFAOYSA-N,,1.0,1.0,0.0,582.8160000000005,40.0,30.0,0.0,103.30000000000003,4.049000000000006,1.0,10.0,37.0,0.0,1.0,True,,,other,False,,,PubChem_name_property
LT00995,Polyethylene glycol 3350,0,No match,vNo-DILI-concern,Unchanged,Polyethylene glycol 3350,,CHEMBL1201478,,,,0.0,,No DILI,No DILI,,no,0.0,polyethylene glycol 3350,,,,,False,,,,,,,,,,,,,,,,,,False,missing_structure,No-DILI-Concern,no,False,,,
LT01291,Polymyxin b sulfate,0,No match,vNo-DILI-concern,Unchanged,Polymyxin b sulfate,,,,,,,,No DILI,No DILI,,no,0.0,polymyxin b sulfate,,,,,False,,,,,,,,,,,,,,,,,,False,missing_structure,No-DILI-Concern,no,False,,,
LT01688,Polythiazide,2,Adverse reactions,Ambiguous-DILI-concern,Unchanged,Polythiazide,CN1C(CSCC(F)(F)F)Nc2cc(Cl)c(S(N)(=O)=O)cc2S1(=O)=O,CHEMBL1587,,439.89,1.66,0.0,D,DILI (few cases),,,ambiguous,,polythiazide,DILImap_metadata,CN1C(CSCC(F)(F)F)Nc2cc(Cl)c(S(N)(=O)=O)cc2S1(=O)=O,,,True,CN1C(CSCC(F)(F)F)Nc2cc(Cl)c(S(N)(=O)=O)cc2S1(=O)=O,CYLWJCABXYDINA-UHFFFAOYSA-N,O=S1(=O)NCNc2ccccc21,1.0,1.0,0.0,439.8900000000002,25.0,11.0,0.0,109.57,1.655,2.0,6.0,4.0,2.0,0.45454545454545453,True,,Ambiguous DILI-concern,ambiguous,False,,,
LT02883,Pomalidomide,8,Warnings & precautions,vMost-DILI-concern,New,,,,,,,,,,,,most,1.0,pomalidomide,,C1CC(=O)NC(=O)C1N2C(=O)C3=C(C2=O)C(=CC=C3)N,134780.0,UVSMNLNDYGZFPF-UHFFFAOYSA-N,True,Nc1cccc2c1C(=O)N(C1CCC(=O)NC1=O)C2=O,UVSMNLNDYGZFPF-UHFFFAOYSA-N,O=C1CCC(N2C(=O)c3ccccc3C2=O)C(=O)N1,1.0,1.0,0.0,273.248,20.0,13.0,0.0,109.57000000000001,-0.33000000000000046,2.0,5.0,1.0,3.0,0.23076923076923078,True,,,other,False,,,PubChem_name_property
LT02434,Ponatinib hydrochloride,8,Warnings & precautions,Ambiguous-DILI-concern,New,,,,,,,,,,,,ambiguous,,ponatinib hydrochloride,,CC1=C(C=C(C=C1)C(=O)NC2=CC(=C(C=C2)CN3CCN(CC3)C)C(F)(F)F)C#CC4=CN=C5N4N=CC=C5.Cl,46908927.0,BWTNNZPNKQIADY-UHFFFAOYSA-N,True,Cc1ccc(C(=O)Nc2ccc(CN3CCN(C)CC3)c(C(F)(F)F)c2)cc1C#Cc1cnc2cccnn12,PHXJVRSECIGDHY-UHFFFAOYSA-N,O=C(Nc1ccc(CN2CCNCC2)cc1)c1cccc(C#Cc2cnc3cccnn23)c1,2.0,0.975,0.0,532.5700000000003,39.0,29.0,0.0,65.77000000000001,4.456020000000003,1.0,5.0,4.0,5.0,0.27586206896551724,True,,,other,False,,,PubChem_name_property
LT03740,Ponesimod,3,Adverse reactions,Ambiguous-DILI-concern,New,,,,,,,,,,,,ambiguous,,ponesimod,,CCCN=C1N(C(=O)/C(=C/C2=CC(=C(C=C2)OC[C@@H](CO)O)Cl)/S1)C3=CC=CC=C3C,11363176.0,LPAUOXUZGSBGDU-ULCCENQXSA-N,True,CCCN=C1S/C(=C\c2ccc(OC[C@H](O)CO)c(Cl)c2)C(=O)N1c1ccccc1C,LPAUOXUZGSBGDU-ULCCENQXSA-N,N=C1SC(=Cc2ccccc2)C(=O)N1c1ccccc1,1.0,1.0,0.0,460.9830000000001,31.0,23.0,0.0,82.36000000000001,4.267320000000004,2.0,6.0,8.0,3.0,0.30434782608695654,True,,,other,False,,,PubChem_name_property
LT00972,Porfimer sodium,0,No match,vNo-DILI-concern,Unchanged,Porfimer,,,,,,,,No DILI,No DILI,,no,0.0,porfimer sodium,,,,,False,,,,,,,,,,,,,,,,,,False,missing_structure,No-DILI-Concern,no,False,,,
LT01254,Posaconazole,8,Warnings & precautions,vMost-DILI-concern,Revised,Posaconazole,CC[C@@H]([C@H](C)O)n1ncn(-c2ccc(N3CCN(c4ccc(OC[C@@H]5CO[C@@](Cn6cncn6)(c6ccc(F)cc6F)C5)cc4)CC3)cc2)c1=O,CHEMBL1397,171228-49-2,700.79,4.57,0.0,E*,No DILI,No DILI,,most,1.0,posaconazole,DILImap_metadata,CC[C@@H]([C@H](C)O)n1ncn(-c2ccc(N3CCN(c4ccc(OC[C@@H]5CO[C@@](Cn6cncn6)(c6ccc(F)cc6F)C5)cc4)CC3)cc2)c1=O,,,True,CC[C@@H]([C@H](C)O)n1ncn(-c2ccc(N3CCN(c4ccc(OC[C@@H]5CO[C@@](Cn6cncn6)(c6ccc(F)cc6F)C5)cc4)CC3)cc2)c1=O,RAGOYPUPXAKGKH-XAKZXMRKSA-N,O=c1[nH]ncn1-c1ccc(N2CCN(c3ccc(OCC4COC(Cn5cncn5)(c5ccccc5)C4)cc3)CC2)cc1,1.0,1.0,0.0,700.7910000000002,51.0,37.0,0.0,115.69999999999999,4.573200000000004,1.0,9.0,12.0,7.0,0.40540540540540543,True,,Ambiguous DILI-concern,ambiguous,False,,,
LT00673,Pralatrexate,3,Warnings & precautions,Ambiguous-DILI-concern,Unchanged,Pralatrexate,C#CCC(Cc1cnc2nc(N)nc(N)c2n1)c1ccc(C(=O)N[C@@H](CCC(=O)O)C(=O)O)cc1,CHEMBL1201746,146464-95-1,477.48,0.98,0.0,E*,No DILI,No DILI,,ambiguous,,pralatrexate,DILImap_metadata,C#CCC(Cc1cnc2nc(N)nc(N)c2n1)c1ccc(C(=O)N[C@@H](CCC(=O)O)C(=O)O)cc1,,,True,C#CCC(Cc1cnc2nc(N)nc(N)c2n1)c1ccc(C(=O)N[C@@H](CCC(=O)O)C(=O)O)cc1,OGSBUKJUDHAQEA-WMCAAGNKSA-N,c1ccc(CCc2cnc3ncncc3n2)cc1,1.0,1.0,0.0,477.4810000000002,35.0,23.0,0.0,207.29999999999995,0.9816000000000005,5.0,9.0,10.0,3.0,0.2608695652173913,True,,Ambiguous DILI-concern,ambiguous,False,,,
LT00610,Pralidoxime chloride,3,Adverse reactions,Ambiguous-DILI-concern,Unchanged,Pralidoxime,C[n+]1ccccc1C=NO,CHEMBL1420,94-63-3,137.16,0.32,0.0,,,,,ambiguous,,pralidoxime chloride,DILImap_metadata,C[n+]1ccccc1C=NO,,,True,C[n+]1ccccc1C=NO,JBKPUQTUERUYQE-UHFFFAOYSA-O,c1cc[nH+]cc1,1.0,1.0,1.0,137.162,10.0,7.0,0.0,36.47,0.3191999999999999,1.0,2.0,1.0,1.0,0.14285714285714285,True,,Ambiguous DILI-concern,ambiguous,False,,,
LT00698,Pralnacasan,8,Discontinued,vMost-DILI-concern,Unchanged,Pralnacasan,CCO[C@@H]1OC(=O)C[C@@H]1NC(=O)[C@@H]1CCCN2C(=O)CC[C@H](NC(=O)c3nccc4ccccc34)C(=O)N12,CHEMBL437526,,523.55,0.66,1.0,,DILI (likely),DILI,,most,1.0,pralnacasan,DILImap_metadata,CCO[C@@H]1OC(=O)C[C@@H]1NC(=O)[C@@H]1CCCN2C(=O)CC[C@H](NC(=O)c3nccc4ccccc34)C(=O)N12,,,True,CCO[C@@H]1OC(=O)C[C@@H]1NC(=O)[C@@H]1CCCN2C(=O)CC[C@H](NC(=O)c3nccc4ccccc34)C(=O)N12,CXAGHAZMQSCAKJ-WAHHBDPQSA-N,O=C1CC(NC(=O)C2CCCN3C(=O)CCC(NC(=O)c4nccc5ccccc45)C(=O)N23)CO1,1.0,1.0,0.0,523.5460000000003,38.0,26.0,0.0,147.24,0.6559000000000019,2.0,8.0,6.0,5.0,0.46153846153846156,True,,Most-DILI-Concern,most,False,,,
LT03741,Pralsetinib,3,Warnings & precautions,Ambiguous-DILI-concern,New,,,,,,,,,,,,ambiguous,,pralsetinib,,CC1=CC(=NN1)NC2=NC(=NC(=C2)C)C3CCC(CC3)(C(=O)N[C@@H](C)C4=CN=C(C=C4)N5C=C(C=N5)F)OC,129073603.0,GBLBJPZSROAGMF-SIYOEGHHSA-N,True,COC1(C(=O)N[C@@H](C)c2ccc(-n3cc(F)cn3)nc2)CCC(c2nc(C)cc(Nc3cc(C)[nH]n3)n2)CC1,GBLBJPZSROAGMF-SIYOEGHHSA-N,O=C(NCc1ccc(-n2cccn2)nc1)C1CCC(c2nccc(Nc3cc[nH]n3)n2)CC1,1.0,1.0,0.0,533.6120000000002,39.0,27.0,0.0,135.53,4.200140000000003,3.0,8.0,8.0,5.0,0.4074074074074074,True,,,other,False,,,PubChem_name_property
LT00991,Pramipexole dihydrochloride,2,Adverse reactions,Ambiguous-DILI-concern,Unchanged,Pramipexole,CCCN[C@H]1CCc2nc(N)sc2C1,CHEMBL301265,191217-81-9,211.33,1.58,0.0,E,No DILI,No DILI,,ambiguous,,pramipexole dihydrochloride,DILImap_metadata,CCCN[C@H]1CCc2nc(N)sc2C1,,,True,CCCN[C@H]1CCc2nc(N)sc2C1,FASDKYOPVNHBLU-ZETCQYMHSA-N,c1nc2c(s1)CCCC2,1.0,1.0,0.0,211.33399999999997,14.0,10.0,0.0,50.94,1.5822,2.0,4.0,3.0,2.0,0.7,True,,Ambiguous DILI-concern,ambiguous,False,,,
LT00492,Pramlintide acetate,0,No match,vNo-DILI-concern,Unchanged,Pramlintide,CC[C@H](C)[C@H](NC(=O)[C@@H]1CCCN1C(=O)CNC(=O)[C@H](Cc1ccccc1)NC(=O)[C@H](CC(N)=O)NC(=O)[C@H](CC(N)=O)NC(=O)[C@H](CO)NC(=O)[C@H](CO)NC(=O)[C@H](Cc1c[nH]cn1)NC(=O)[C@@H](NC(=O)[C@H](CC(C)C)NC(=O)[C@H](Cc1ccccc1)NC(=O)[C@H](CC(N)=O)NC(=O)[C@H](C)NC(=O)[C@H](CC(C)C)NC(=O)[C@H](CCCNC(=N)N)NC(=O)[C@H](CCC(N)=O)NC(=O)[C@@H](NC(=O)[C@H](C)NC(=O)[C@@H]1CSSC[C@H](NC(=O)[C@@H](N)CCCCN)C(=O)N[C@@H](CC(N)=O)C(=O)N[C@@H]([C@@H](C)O)C(=O)N[C@@H](C)C(=O)N[C@@H]([C@@H](C)O)C(=O)N1)[C@@H](C)O)C(C)C)C(=O)N[C@@H](CC(C)C)C(=O)N1CCC[C@H]1C(=O)N1CCC[C@H]1C(=O)N[C@H](C(=O)N[C@@H](CC(N)=O)C(=O)N[C@H](C(=O)NCC(=O)N[C@@H](CO)C(=O)N[C@@H](CC(N)=O)C(=O)N[C@H](C(=O)N[C@@H](Cc1ccc(O)cc1)C(N)=O)[C@@H](C)O)C(C)C)[C@@H](C)O,CHEMBL2103758,,3949.45,,0.0,E,No DILI,No DILI,,no,0.0,pramlintide acetate,DILImap_metadata,CC[C@H](C)[C@H](NC(=O)[C@@H]1CCCN1C(=O)CNC(=O)[C@H](Cc1ccccc1)NC(=O)[C@H](CC(N)=O)NC(=O)[C@H](CC(N)=O)NC(=O)[C@H](CO)NC(=O)[C@H](CO)NC(=O)[C@H](Cc1c[nH]cn1)NC(=O)[C@@H](NC(=O)[C@H](CC(C)C)NC(=O)[C@H](Cc1ccccc1)NC(=O)[C@H](CC(N)=O)NC(=O)[C@H](C)NC(=O)[C@H](CC(C)C)NC(=O)[C@H](CCCNC(=N)N)NC(=O)[C@H](CCC(N)=O)NC(=O)[C@@H](NC(=O)[C@H](C)NC(=O)[C@@H]1CSSC[C@H](NC(=O)[C@@H](N)CCCCN)C(=O)N[C@@H](CC(N)=O)C(=O)N[C@@H]([C@@H](C)O)C(=O)N[C@@H](C)C(=O)N[C@@H]([C@@H](C)O)C(=O)N1)[C@@H](C)O)C(C)C)C(=O)N[C@@H](CC(C)C)C(=O)N1CCC[C@H]1C(=O)N1CCC[C@H]1C(=O)N[C@H](C(=O)N[C@@H](CC(N)=O)C(=O)N[C@H](C(=O)NCC(=O)N[C@@H](CO)C(=O)N[C@@H](CC(N)=O)C(=O)N[C@H](C(=O)N[C@@H](Cc1ccc(O)cc1)C(N)=O)[C@@H](C)O)C(C)C)[C@@H](C)O,,,True,CC[C@H](C)[C@H](NC(=O)[C@@H]1CCCN1C(=O)CNC(=O)[C@H](Cc1ccccc1)NC(=O)[C@H](CC(N)=O)NC(=O)[C@H](CC(N)=O)NC(=O)[C@H](CO)NC(=O)[C@H](CO)NC(=O)[C@H](Cc1c[nH]cn1)NC(=O)[C@@H](NC(=O)[C@H](CC(C)C)NC(=O)[C@H](Cc1ccccc1)NC(=O)[C@H](CC(N)=O)NC(=O)[C@H](C)NC(=O)[C@H](CC(C)C)NC(=O)[C@H](CCCNC(=N)N)NC(=O)[C@H](CCC(N)=O)NC(=O)[C@@H](NC(=O)[C@H](C)NC(=O)[C@@H]1CSSC[C@H](NC(=O)[C@@H](N)CCCCN)C(=O)N[C@@H](CC(N)=O)C(=O)N[C@@H]([C@@H](C)O)C(=O)N[C@@H](C)C(=O)N[C@@H]([C@@H](C)O)C(=O)N1)[C@@H](C)O)C(C)C)C(=O)N[C@@H](CC(C)C)C(=O)N1CCC[C@H]1C(=O)N1CCC[C@H]1C(=O)N[C@H](C(=O)N[C@@H](CC(N)=O)C(=O)N[C@H](C(=O)NCC(=O)N[C@@H](CO)C(=O)N[C@@H](CC(N)=O)C(=O)N[C@H](C(=O)N[C@@H](Cc1ccc(O)cc1)C(N)=O)[C@@H](C)O)C(C)C)[C@@H](C)O,TZIRZGBAFTZREM-MKAGXXMWSA-N,O=C1CCSSCC(C(=O)NCC(=O)NCC(=O)NCC(=O)NCC(=O)NCC(=O)NCC(=O)NCC(=O)NC(Cc2ccccc2)C(=O)NCC(=O)NCC(=O)NC(Cc2c[nH]cn2)C(=O)NCC(=O)NCC(=O)NCC(=O)NCC(=O)NC(Cc2ccccc2)C(=O)NCC(=O)N2CCCC2C(=O)NCC(=O)NCC(=O)N2CCCC2C(=O)N2CCCC2C(=O)NCC(=O)NCC(=O)NCC(=O)NCC(=O)NCC(=O)NCC(=O)NCC(=O)NCCc2ccccc2)NC(=O)CNC(=O)CNC(=O)CNC(=O)CN1,1.0,1.0,0.0,3949.454999999985,277.0,171.0,0.0,1690.639999999999,-23.82513000000039,56.0,59.0,109.0,8.0,0.6140350877192983,False,mw_above_1000;heavy_atoms_above_80;structure_too_large,No-DILI-Concern,no,False,,,
LT00665,Prasugrel hydrochloride,0,No match,vLess-DILI-concern,Unchanged,Prasugrel hydrochloride,,,389574-19-0,,,,,,,,less,,prasugrel hydrochloride,,CC(=O)OC1=CC2=C(S1)CCN(C2)C(C3=CC=CC=C3F)C(=O)C4CC4.Cl,10158453.0,JALHGCPDPSNJNY-UHFFFAOYSA-N,True,CC(=O)Oc1cc2c(s1)CCN(C(C(=O)C1CC1)c1ccccc1F)C2,DTGLZDAWLRGWQN-UHFFFAOYSA-N,O=C(C1CC1)C(c1ccccc1)N1CCc2sccc2C1,2.0,0.9629629629629629,0.0,373.4490000000001,26.0,20.0,0.0,46.61,3.8910000000000036,0.0,5.0,5.0,4.0,0.4,True,,Less-DILI-Concern,less,False,,,PubChem_name_property
LT00186,Pravastatin sodium,3,Warnings & precautions,vLess-DILI-concern,Unchanged,Pravastatin,CC[C@H](C)C(=O)O[C@H]1C[C@H](O)C=C2C=C[C@H](C)[C@H](CC[C@@H](O)C[C@@H](O)CC(=O)O)[C@H]21,CHEMBL1144,81131-70-6,424.53,2.44,0.0,B,DILI (likely),DILI,"Cholestasis/Biliary, Immune-mediated",less,,pravastatin sodium,DILImap_metadata,CC[C@H](C)C(=O)O[C@H]1C[C@H](O)C=C2C=C[C@H](C)[C@H](CC[C@@H](O)C[C@@H](O)CC(=O)O)[C@H]21,,,True,CC[C@H](C)C(=O)O[C@H]1C[C@H](O)C=C2C=C[C@H](C)[C@H](CC[C@@H](O)C[C@@H](O)CC(=O)O)[C@H]21,TUZYXOIXSAXUGO-PZAWKZKUSA-N,C1=CC2=CCCCC2CC1,1.0,1.0,0.0,424.5340000000002,30.0,23.0,0.0,124.29,2.4404000000000003,4.0,6.0,10.0,2.0,0.7391304347826086,True,,Less-DILI-Concern,less,False,,,
LT00225,Praziquantel,3,Warnings & precautions,Ambiguous-DILI-concern,Unchanged,Praziquantel,O=C(C1CCCCC1)N1CC(=O)N2CCc3ccccc3C2C1,CHEMBL976,55268-74-1,312.41,2.53,0.0,D,DILI (few cases),,"CYP, Hypersensitivity",ambiguous,,praziquantel,DILImap_metadata,O=C(C1CCCCC1)N1CC(=O)N2CCc3ccccc3C2C1,,,True,O=C(C1CCCCC1)N1CC(=O)N2CCc3ccccc3C2C1,FSVJFNAIGNNGKK-UHFFFAOYSA-N,O=C(C1CCCCC1)N1CC(=O)N2CCc3ccccc3C2C1,1.0,1.0,0.0,312.41300000000007,23.0,19.0,0.0,40.620000000000005,2.5349000000000004,0.0,2.0,1.0,4.0,0.5789473684210527,True,,Ambiguous DILI-concern,ambiguous,False,,,
LT00435,Prazosin hydrochloride,3,Adverse reactions,Ambiguous-DILI-concern,Unchanged,Prazosin,COc1cc2nc(N3CCN(C(=O)c4ccco4)CC3)nc(N)c2cc1OC,CHEMBL2,19216-56-9,383.41,1.78,0.0,E*,No DILI,No DILI,,ambiguous,,prazosin hydrochloride,DILImap_metadata,COc1cc2nc(N3CCN(C(=O)c4ccco4)CC3)nc(N)c2cc1OC,,,True,COc1cc2nc(N3CCN(C(=O)c4ccco4)CC3)nc(N)c2cc1OC,IENZQIKPVFGBNW-UHFFFAOYSA-N,O=C(c1ccco1)N1CCN(c2ncc3ccccc3n2)CC1,1.0,1.0,0.0,383.40800000000024,28.0,19.0,0.0,106.95,1.7845999999999997,1.0,8.0,4.0,4.0,0.3157894736842105,True,,Ambiguous DILI-concern,ambiguous,False,,,
LT00612,Prednisolone,3,Adverse reactions,vLess-DILI-concern,Unchanged,Prednisolone,C[C@]12C=CC(=O)C=C1CC[C@@H]1[C@@H]2[C@@H](O)C[C@@]2(C)[C@H]1CC[C@]2(O)C(=O)CO,CHEMBL131,50-24-8,360.45,1.56,0.0,E,No DILI (unlikely),,,less,,prednisolone,DILImap_metadata,C[C@]12C=CC(=O)C=C1CC[C@@H]1[C@@H]2[C@@H](O)C[C@@]2(C)[C@H]1CC[C@]2(O)C(=O)CO,,,True,C[C@]12C=CC(=O)C=C1CC[C@@H]1[C@@H]2[C@@H](O)C[C@@]2(C)[C@H]1CC[C@]2(O)C(=O)CO,OIGNJSKKLXVSLS-VWUMJDOOSA-N,O=C1C=CC2C(=C1)CCC1C3CCCC3CCC21,1.0,1.0,0.0,360.4500000000002,26.0,21.0,0.0,94.83,1.5575999999999999,3.0,5.0,2.0,4.0,0.7142857142857143,True,,Less-DILI-Concern,less,False,2.02247191011235,,
LT00180,Prednisone,3,Adverse reactions,vLess-DILI-concern,Unchanged,Prednisone,C[C@]12C=CC(=O)C=C1CC[C@@H]1[C@@H]2C(=O)C[C@@]2(C)[C@H]1CC[C@]2(O)C(=O)CO,CHEMBL635,53-03-2,358.43,1.77,1.0,E,No DILI (unlikely),,,less,,prednisone,DILImap_metadata,C[C@]12C=CC(=O)C=C1CC[C@@H]1[C@@H]2C(=O)C[C@@]2(C)[C@H]1CC[C@]2(O)C(=O)CO,,,True,C[C@]12C=CC(=O)C=C1CC[C@@H]1[C@@H]2C(=O)C[C@@]2(C)[C@H]1CC[C@]2(O)C(=O)CO,XOFYZVNMUHMLCC-ZPOLXVRWSA-N,O=C1C=CC2C(=C1)CCC1C3CCCC3CC(=O)C21,1.0,1.0,0.0,358.43400000000014,26.0,21.0,0.0,91.67,1.7658,2.0,5.0,2.0,4.0,0.6666666666666666,True,,Less-DILI-Concern,less,False,0.069,,
LT01154,Pregabalin,0,No match,vLess-DILI-concern,Unchanged,Pregabalin,CC(C)C[C@H](CN)CC(=O)O,CHEMBL1059,,159.23,1.08,0.0,C,DILI (few cases),,"Cholestasis/Biliary, Hypersensitivity, idiosyncratic",less,,pregabalin,DILImap_metadata,CC(C)C[C@H](CN)CC(=O)O,,,True,CC(C)C[C@H](CN)CC(=O)O,AYXYPKUFHZROOJ-ZETCQYMHSA-N,,1.0,1.0,0.0,159.229,11.0,8.0,0.0,63.32000000000001,1.0821,2.0,2.0,5.0,0.0,0.875,True,,Less-DILI-Concern,less,False,,,
LT03742,Pretomanid,4,Adverse reactions,Ambiguous-DILI-concern,New,,,,,,,,,,,,ambiguous,,pretomanid,,C1[C@@H](COC2=NC(=CN21)[N+](=O)[O-])OCC3=CC=C(C=C3)OC(F)(F)F,456199.0,ZLHZLMOSPGACSZ-NSHDSACASA-N,True,O=[N+]([O-])c1cn2c(n1)OC[C@@H](OCc1ccc(OC(F)(F)F)cc1)C2,ZLHZLMOSPGACSZ-NSHDSACASA-N,c1ccc(COC2COc3nccn3C2)cc1,1.0,1.0,0.0,359.26,25.0,14.0,0.0,88.65,2.667700000000001,0.0,6.0,5.0,3.0,0.35714285714285715,True,,,other,False,,,PubChem_name_property
LT00613,Primaquine phosphate,0,No match,vNo-DILI-concern,Unchanged,Primaquine,COc1cc(NC(C)CCCN)c2ncccc2c1,CHEMBL506,63-45-6,259.35,2.78,0.0,E,No DILI,No DILI,,no,0.0,primaquine phosphate,DILImap_metadata,COc1cc(NC(C)CCCN)c2ncccc2c1,,,True,COc1cc(NC(C)CCCN)c2ncccc2c1,INDBQLZJXZLFIT-UHFFFAOYSA-N,c1ccc2ncccc2c1,1.0,1.0,0.0,259.35299999999995,19.0,15.0,0.0,60.17,2.782700000000001,2.0,4.0,6.0,2.0,0.4,True,,No-DILI-Concern,no,False,,,
LT00261,Primidone,0,No match,vNo-DILI-concern,Unchanged,Primidone,CCC1(c2ccccc2)C(=O)NCNC1=O,CHEMBL856,125-33-7,218.26,0.54,0.0,E*,No DILI,No DILI,,no,0.0,primidone,DILImap_metadata,CCC1(c2ccccc2)C(=O)NCNC1=O,,,True,CCC1(c2ccccc2)C(=O)NCNC1=O,DQMZLTXERSFNPB-UHFFFAOYSA-N,O=C1NCNC(=O)C1c1ccccc1,1.0,1.0,0.0,218.25599999999994,16.0,12.0,0.0,58.2,0.5378999999999999,2.0,2.0,2.0,2.0,0.3333333333333333,True,,No-DILI-Concern,no,False,,,
LT01698,Probenecid,6,Adverse reactions,Ambiguous-DILI-concern,Unchanged,Probenecid,CCCN(CCC)S(=O)(=O)c1ccc(C(=O)O)cc1,CHEMBL897,57-66-9,285.37,2.2,0.0,D,DILI (few cases),,Hypersensitivity,ambiguous,,probenecid,DILImap_metadata,CCCN(CCC)S(=O)(=O)c1ccc(C(=O)O)cc1,,,True,CCCN(CCC)S(=O)(=O)c1ccc(C(=O)O)cc1,DBABZHXKTCFAPX-UHFFFAOYSA-N,c1ccccc1,1.0,1.0,0.0,285.36499999999995,19.0,13.0,0.0,74.68,2.1955,1.0,3.0,7.0,1.0,0.46153846153846156,True,,Ambiguous DILI-concern,ambiguous,False,,,
LT01699,Procainamide hydrochloride,4,Adverse reactions,vLess-DILI-concern,Unchanged,Procainamide,CCN(CC)CCNC(=O)c1ccc(N)cc1,CHEMBL640,614-39-1,235.33,1.34,0.0,C,DILI (few cases),,"Hepatitis, Cholestasis/Biliary, Immune-mediated, Hypersensitivity",less,,procainamide hydrochloride,DILImap_metadata,CCN(CC)CCNC(=O)c1ccc(N)cc1,,,True,CCN(CC)CCNC(=O)c1ccc(N)cc1,REQCZEXYDRLIBE-UHFFFAOYSA-N,c1ccccc1,1.0,1.0,0.0,235.33100000000002,17.0,13.0,0.0,58.36,1.3403999999999996,2.0,3.0,6.0,1.0,0.46153846153846156,True,,Less-DILI-Concern,less,False,,,
LT00614,Procarbazine hydrochloride,3,Warnings & precautions,vLess-DILI-concern,Unchanged,Procarbazine,CNNCc1ccc(C(=O)NC(C)C)cc1,CHEMBL1321,366-70-1,221.3,1.05,1.0,D,DILI (few cases),,"Necrosis, Hypersensitivity, idiosyncratic cases",less,,procarbazine hydrochloride,DILImap_metadata,CNNCc1ccc(C(=O)NC(C)C)cc1,,,True,CNNCc1ccc(C(=O)NC(C)C)cc1,CPTBDICYNRMXFX-UHFFFAOYSA-N,c1ccccc1,1.0,1.0,0.0,221.304,16.0,12.0,0.0,53.16,1.0487999999999995,3.0,3.0,5.0,1.0,0.4166666666666667,True,,Less-DILI-Concern,less,False,,,
LT00437,Prochlorperazine maleate,2,Adverse reactions,vLess-DILI-concern,Unchanged,Prochlorperazine,CN1CCN(CCCN2c3ccccc3Sc3ccc(Cl)cc32)CC1,CHEMBL728,84-02-6,373.95,4.58,0.0,B,DILI (likely),DILI,"Hepatitis, Cholestasis/Biliary, Immune-mediated, Hypersensitivity",less,,prochlorperazine maleate,DILImap_metadata,CN1CCN(CCCN2c3ccccc3Sc3ccc(Cl)cc32)CC1,,,True,CN1CCN(CCCN2c3ccccc3Sc3ccc(Cl)cc32)CC1,WIKYUJGCLQQFNW-UHFFFAOYSA-N,c1ccc2c(c1)Sc1ccccc1N2CCCN1CCNCC1,1.0,1.0,0.0,373.95300000000015,25.0,20.0,0.0,9.72,4.580200000000004,0.0,4.0,4.0,4.0,0.4,True,,Less-DILI-Concern,less,False,,,
LT02219,Procyclidine hydrochloride,0,No match,vNo-DILI-concern,Unchanged,Procyclidine,OC(CCN1CCCC1)(c1ccccc1)C1CCCCC1,CHEMBL86715,1508-76-5,287.45,3.94,0.0,,No DILI,No DILI,,no,0.0,procyclidine hydrochloride,DILImap_metadata,OC(CCN1CCCC1)(c1ccccc1)C1CCCCC1,,,True,OC(CCN1CCCC1)(c1ccccc1)C1CCCCC1,WYDUSKDSKCASEF-UHFFFAOYSA-N,c1ccc(C(CCN2CCCC2)C2CCCCC2)cc1,1.0,1.0,0.0,287.4470000000001,21.0,19.0,0.0,23.47,3.940400000000003,1.0,2.0,5.0,3.0,0.6842105263157895,True,,No-DILI-Concern,no,False,,,
LT00192,Progesterone,2,Adverse reactions,vLess-DILI-concern,Unchanged,Progesterone,CC(=O)[C@H]1CC[C@H]2[C@@H]3CCC4=CC(=O)CC[C@]4(C)[C@H]3CC[C@]12C,CHEMBL103,57-83-0,314.47,4.72,0.0,A,DILI (likely),DILI,,less,,progesterone,DILImap_metadata,CC(=O)[C@H]1CC[C@H]2[C@@H]3CCC4=CC(=O)CC[C@]4(C)[C@H]3CC[C@]12C,,,True,CC(=O)[C@H]1CC[C@H]2[C@@H]3CCC4=CC(=O)CC[C@]4(C)[C@H]3CC[C@]12C,RJKFOVLPORLFTN-LEKSSAKUSA-N,O=C1C=C2CCC3C4CCCC4CCC3C2CC1,1.0,1.0,0.0,314.46900000000005,23.0,21.0,0.0,34.14,4.723500000000005,0.0,2.0,1.0,4.0,0.8095238095238095,True,,Less-DILI-Concern,less,False,0.19268,,
LT00205,Promethazine hydrochloride,5,Adverse reactions,vLess-DILI-concern,Unchanged,Promethazine,CC(CN1c2ccccc2Sc2ccccc21)N(C)C,CHEMBL643,58-33-3,284.43,4.24,0.0,E,No DILI (unlikely),,,less,,promethazine hydrochloride,DILImap_metadata,CC(CN1c2ccccc2Sc2ccccc21)N(C)C,,,True,CC(CN1c2ccccc2Sc2ccccc21)N(C)C,PWWVAXIEGOYWEE-UHFFFAOYSA-N,c1ccc2c(c1)Nc1ccccc1S2,1.0,1.0,0.0,284.428,20.0,17.0,0.0,6.48,4.239400000000003,0.0,3.0,3.0,3.0,0.29411764705882354,True,,Less-DILI-Concern,less,False,,,
LT01705,Propafenone hydrochloride,3,Adverse reactions,vLess-DILI-concern,Unchanged,Propafenone,CCCNCC(O)COc1ccccc1C(=O)CCc1ccccc1,CHEMBL631,34183-22-7,341.45,3.24,0.0,B,DILI (likely),DILI,"Hepatitis, CYP, Cholestasis/Biliary, Immune-mediated, Hypersensitivity",less,,propafenone hydrochloride,DILImap_metadata,CCCNCC(O)COc1ccccc1C(=O)CCc1ccccc1,,,True,CCCNCC(O)COc1ccccc1C(=O)CCc1ccccc1,JWHAUXFOSRPERK-UHFFFAOYSA-N,O=C(CCc1ccccc1)c1ccccc1,1.0,1.0,0.0,341.4510000000001,25.0,21.0,0.0,58.559999999999995,3.2414000000000023,2.0,4.0,11.0,2.0,0.38095238095238093,True,,Less-DILI-Concern,less,False,,,
LT00753,Propantheline bromide,0,No match,vNo-DILI-concern,Unchanged,Propantheline,CC(C)[N+](C)(CCOC(=O)C1c2ccccc2Oc2ccccc21)C(C)C,CHEMBL1180725,50-34-0,368.5,4.73,0.0,E*,No DILI,No DILI,,no,0.0,propantheline bromide,DILImap_metadata,CC(C)[N+](C)(CCOC(=O)C1c2ccccc2Oc2ccccc21)C(C)C,,,True,CC(C)[N+](C)(CCOC(=O)C1c2ccccc2Oc2ccccc21)C(C)C,VVWYOYDLCMFIEM-UHFFFAOYSA-N,c1ccc2c(c1)Cc1ccccc1O2,1.0,1.0,1.0,368.4970000000001,27.0,23.0,0.0,35.53,4.730800000000005,0.0,3.0,6.0,3.0,0.43478260869565216,True,,No-DILI-Concern,no,False,,,
LT01708,Propofol,3,Adverse reactions,vLess-DILI-concern,Unchanged,Propofol,CC(C)c1cccc(C(C)C)c1O,CHEMBL526,,178.27,3.64,0.0,A [HD],DILI (likely),DILI,"Hepatitis, Mitochondrial dysfunction, CYP, Steatosis, Cirrhosis, Lactic acidosis, Encephalopathy, Immune-mediated, Hypersensitivity",less,,propofol,DILImap_metadata,CC(C)c1cccc(C(C)C)c1O,,,True,CC(C)c1cccc(C(C)C)c1O,OLBCVFGFOZPWHH-UHFFFAOYSA-N,c1ccccc1,1.0,1.0,0.0,178.27499999999995,13.0,12.0,0.0,20.23,3.6390000000000025,1.0,1.0,2.0,1.0,0.5,True,,Less-DILI-Concern,less,False,,,
LT00083,Propoxyphene hydrochloride,3,Adverse reactions,vLess-DILI-concern,Unchanged,Propoxyphene,CCC(=O)O[C@](Cc1ccccc1)(c1ccccc1)[C@H](C)CN(C)C,CHEMBL1213351,,339.48,4.28,0.0,,,,,less,,propoxyphene hydrochloride,DILImap_metadata,CCC(=O)O[C@](Cc1ccccc1)(c1ccccc1)[C@H](C)CN(C)C,,,True,CCC(=O)O[C@](Cc1ccccc1)(c1ccccc1)[C@H](C)CN(C)C,XLMALTXPSGQGBX-GCJKJVERSA-N,c1ccc(CCc2ccccc2)cc1,1.0,1.0,0.0,339.47900000000016,25.0,22.0,0.0,29.54,4.275500000000004,0.0,3.0,8.0,2.0,0.4090909090909091,True,,Less-DILI-Concern,less,False,,,
LT01706,Propranolol hydrochloride,3,Warnings & precautions,Ambiguous-DILI-concern,Unchanged,Propranolol,CC(C)NCC(O)COc1cccc2ccccc12,CHEMBL27,318-98-9,259.35,2.58,0.0,E,No DILI,No DILI,,ambiguous,,propranolol hydrochloride,DILImap_metadata,CC(C)NCC(O)COc1cccc2ccccc12,,,True,CC(C)NCC(O)COc1cccc2ccccc12,AQHHHDLHHXJYJD-UHFFFAOYSA-N,c1ccc2ccccc2c1,1.0,1.0,0.0,259.34900000000005,19.0,16.0,0.0,41.489999999999995,2.5775000000000006,2.0,3.0,6.0,2.0,0.375,True,,Ambiguous DILI-concern,ambiguous,False,,,
LT00136,Propylthiouracil,8,Box warning,vMost-DILI-concern,Unchanged,Propylthiouracil,CCCc1cc(=O)[nH]c(=S)[nH]1,CHEMBL1518,51-52-5,170.24,1.38,0.0,A,DILI (known),DILI,"Hepatitis, Cholestasis/Biliary, Immune-mediated",most,1.0,propylthiouracil,DILImap_metadata,CCCc1cc(=O)[nH]c(=S)[nH]1,,,True,CCCc1cc(=O)[nH]c(=S)[nH]1,KNAHARQHSZJURB-UHFFFAOYSA-N,O=c1cc[nH]c(=S)[nH]1,1.0,1.0,0.0,170.237,11.0,7.0,0.0,48.65,1.38499,2.0,2.0,2.0,1.0,0.42857142857142855,True,,Most-DILI-Concern,most,False,13.65,,
LT00728,Protamine sulfate,0,No match,vNo-DILI-concern,Unchanged,Protamine sulfate,,CHEMBL1201651,,,,0.0,,No DILI,No DILI,,no,0.0,protamine sulfate,,,,,False,,,,,,,,,,,,,,,,,,False,missing_structure,No-DILI-Concern,no,False,,,
LT00349,Protirelin,0,No match,vNo-DILI-concern,Unchanged,Protirelin,NC(=O)[C@@H]1CCCN1C(=O)[C@H](Cc1c[nH]cn1)NC(=O)[C@@H]1CCC(=O)N1,CHEMBL1472,,362.39,-1.81,0.0,,No DILI,No DILI,,no,0.0,protirelin,DILImap_metadata,NC(=O)[C@@H]1CCCN1C(=O)[C@H](Cc1c[nH]cn1)NC(=O)[C@@H]1CCC(=O)N1,,,True,NC(=O)[C@@H]1CCCN1C(=O)[C@H](Cc1c[nH]cn1)NC(=O)[C@@H]1CCC(=O)N1,XNSAINXGIQZQOO-SRVKXCTJSA-N,O=C1CCC(C(=O)NC(Cc2c[nH]cn2)C(=O)N2CCCC2)N1,1.0,1.0,0.0,362.3900000000002,26.0,16.0,0.0,150.28,-1.808099999999996,4.0,5.0,6.0,3.0,0.5625,True,,No-DILI-Concern,no,False,,,
LT00848,Protriptyline hydrochloride,0,No match,vNo-DILI-concern,Unchanged,Protriptyline,CNCCCC1c2ccccc2C=Cc2ccccc21,CHEMBL668,1225-55-4,263.38,4.3,0.0,E*,No DILI,No DILI,,no,0.0,protriptyline hydrochloride,DILImap_metadata,CNCCCC1c2ccccc2C=Cc2ccccc21,,,True,CNCCCC1c2ccccc2C=Cc2ccccc21,BWPIARFWQZKAIA-UHFFFAOYSA-N,C1=Cc2ccccc2Cc2ccccc21,1.0,1.0,0.0,263.384,20.0,19.0,0.0,12.03,4.301900000000003,1.0,1.0,4.0,3.0,0.2631578947368421,True,,No-DILI-Concern,no,False,,,
LT03197,Prucalopride succinate,0,No match,vNo-DILI-concern,New,,,,,,,,,,,,no,0.0,prucalopride succinate,,COCCCN1CCC(CC1)NC(=O)C2=CC(=C(C3=C2OCC3)N)Cl.C(CC(=O)O)C(=O)O,9870009.0,QZRSNVSQLGRAID-UHFFFAOYSA-N,True,COCCCN1CCC(NC(=O)c2cc(Cl)c(N)c3c2OCC3)CC1,ZPMNHBXQOOVQJL-UHFFFAOYSA-N,O=C(NC1CCNCC1)c1cccc2c1OCC2,2.0,0.7575757575757576,0.0,367.8770000000002,25.0,18.0,0.0,76.82,2.0878,2.0,5.0,6.0,3.0,0.6111111111111112,True,,,other,False,,,PubChem_name_property
LT00137,Pseudoephedrine hydrochloride,0,No match,vNo-DILI-concern,Unchanged,Pseudoephedrine,CN[C@@H](C)[C@@H](O)c1ccccc1,CHEMBL1590,,165.24,1.33,0.0,,No DILI,No DILI,,no,0.0,pseudoephedrine hydrochloride,DILImap_metadata,CN[C@@H](C)[C@@H](O)c1ccccc1,,,True,CN[C@@H](C)[C@@H](O)c1ccccc1,KWGRBVOPPLSCSI-WCBMZHEXSA-N,c1ccccc1,1.0,1.0,0.0,165.236,12.0,10.0,0.0,32.26,1.3278999999999999,2.0,2.0,3.0,1.0,0.4,True,,No-DILI-Concern,no,False,,,
LT01713,Pyrantel pamoate,0,No match,vNo-DILI-concern,Unchanged,Pyrantel,CN1CCCN=C1/C=C/c1cccs1,CHEMBL1626223,22204-24-6,206.31,2.5,0.0,E,No DILI,No DILI,,no,0.0,pyrantel pamoate,DILImap_metadata,CN1CCCN=C1/C=C/c1cccs1,,,True,CN1CCCN=C1/C=C/c1cccs1,YSAUAVHXTIETRK-AATRIKPKSA-N,C(=Cc1cccs1)C1=NCCCN1,1.0,1.0,0.0,206.31400000000002,14.0,11.0,0.0,15.6,2.4953000000000003,0.0,3.0,2.0,2.0,0.36363636363636365,True,,No-DILI-Concern,no,False,,,
LT00166,Pyrazinamide,3,Warnings & precautions,vLess-DILI-concern,Unchanged,Pyrazinamide,NC(=O)c1cnccn1,CHEMBL614,98-96-4,123.11,-0.42,1.0,A,DILI (likely),DILI,"Hepatitis, Necrosis, Cholestasis/Biliary, Hypersensitivity",less,,pyrazinamide,DILImap_metadata,NC(=O)c1cnccn1,,,True,NC(=O)c1cnccn1,IPEHBUMCGVEMRF-UHFFFAOYSA-N,c1cnccn1,1.0,1.0,0.0,123.11499999999998,9.0,5.0,0.0,68.87,-0.4245000000000001,1.0,3.0,1.0,1.0,0.0,True,,Less-DILI-Concern,less,False,,,
LT02081,Pyridostigmine bromide,0,No match,vLess-DILI-concern,Revised,Pyridostigmine,CN(C)C(=O)Oc1ccc[n+](C)c1,CHEMBL1115,101-26-8,181.22,0.57,0.0,,No DILI,No DILI,,less,,pyridostigmine bromide,DILImap_metadata,CN(C)C(=O)Oc1ccc[n+](C)c1,,,True,CN(C)C(=O)Oc1ccc[n+](C)c1,RVOLLAQWKVFTGE-UHFFFAOYSA-N,c1cc[nH+]cc1,1.0,1.0,1.0,181.21499999999997,13.0,9.0,0.0,33.42,0.5714999999999999,0.0,2.0,1.0,1.0,0.3333333333333333,True,,No-DILI-Concern,no,False,,,
LT01980,Pyridoxine hydrochloride,0,No match,vNo-DILI-concern,Unchanged,Pyridoxine,Cc1ncc(CO)c(CO)c1O,CHEMBL1364,58-56-0,169.18,0.08,0.0,E,No DILI,No DILI,,no,0.0,pyridoxine hydrochloride,DILImap_metadata,Cc1ncc(CO)c(CO)c1O,,,True,Cc1ncc(CO)c(CO)c1O,LXNHXLLTXMVWPM-UHFFFAOYSA-N,c1ccncc1,1.0,1.0,0.0,169.18,12.0,8.0,0.0,73.58000000000001,0.08021999999999985,3.0,4.0,2.0,1.0,0.375,True,,No-DILI-Concern,no,False,,,
LT01716,Pyrimethamine,3,Warnings & precautions,vLess-DILI-concern,Unchanged,Pyrimethamine,CCc1nc(N)nc(N)c1-c1ccc(Cl)cc1,CHEMBL36,58-14-0,248.72,2.52,0.0,C,DILI (few cases),,"Cholestasis/Biliary, hypersensitivity (manual annotation)",less,,pyrimethamine,DILImap_metadata,CCc1nc(N)nc(N)c1-c1ccc(Cl)cc1,,,True,CCc1nc(N)nc(N)c1-c1ccc(Cl)cc1,WKSAUQYGYAYLPV-UHFFFAOYSA-N,c1ccc(-c2cncnc2)cc1,1.0,1.0,0.0,248.71700000000004,17.0,12.0,0.0,77.82,2.5238000000000005,2.0,4.0,2.0,2.0,0.16666666666666666,True,,Less-DILI-Concern,less,False,6.03087809585075,,
LT01721,Quazepam,0,No match,vNo-DILI-concern,Unchanged,Quazepam,Fc1ccccc1C1=NCC(=S)N(CC(F)(F)F)c2ccc(Cl)cc21,CHEMBL1200472,,386.8,5.03,0.0,E,No DILI,No DILI,,no,0.0,quazepam,DILImap_metadata,Fc1ccccc1C1=NCC(=S)N(CC(F)(F)F)c2ccc(Cl)cc21,,,True,Fc1ccccc1C1=NCC(=S)N(CC(F)(F)F)c2ccc(Cl)cc21,IKMPWMZBZSAONZ-UHFFFAOYSA-N,S=C1CN=C(c2ccccc2)c2ccccc2N1,1.0,1.0,0.0,386.8010000000001,25.0,17.0,0.0,15.6,5.026200000000003,0.0,2.0,2.0,3.0,0.17647058823529413,True,,No-DILI-Concern,no,False,,,
LT00267,Quetiapine fumarate,3,Warnings & precautions,vLess-DILI-concern,Unchanged,Quetiapine,OCCOCCN1CCN(C2=Nc3ccccc3Sc3ccccc32)CC1,CHEMBL716,111974-72-2,383.52,2.86,0.0,B,DILI (likely),DILI,"CYP, Cholestasis/Biliary, Steatosis, Immune-mediated, Hypersensitivity",less,,quetiapine fumarate,DILImap_metadata,OCCOCCN1CCN(C2=Nc3ccccc3Sc3ccccc32)CC1,,,True,OCCOCCN1CCN(C2=Nc3ccccc3Sc3ccccc32)CC1,URKOMYMAXPYINW-UHFFFAOYSA-N,c1ccc2c(c1)N=C(N1CCNCC1)c1ccccc1S2,1.0,1.0,0.0,383.51700000000017,27.0,21.0,0.0,48.300000000000004,2.8560000000000016,1.0,6.0,5.0,4.0,0.38095238095238093,True,,Less-DILI-Concern,less,False,,,
LT01723,Quinapril hydrochloride,3,Adverse reactions,vLess-DILI-concern,Unchanged,Quinapril,CCOC(=O)[C@H](CCc1ccccc1)N[C@@H](C)C(=O)N1Cc2ccccc2C[C@H]1C(=O)O,CHEMBL1592,82586-55-8,438.52,2.57,1.0,E*,No DILI (unlikely),,,less,,quinapril hydrochloride,DILImap_metadata,CCOC(=O)[C@H](CCc1ccccc1)N[C@@H](C)C(=O)N1Cc2ccccc2C[C@H]1C(=O)O,,,True,CCOC(=O)[C@H](CCc1ccccc1)N[C@@H](C)C(=O)N1Cc2ccccc2C[C@H]1C(=O)O,JSDRRTOADPPCHY-HSQYWUDLSA-N,O=C(CNCCCc1ccccc1)N1CCc2ccccc2C1,1.0,1.0,0.0,438.5240000000003,32.0,25.0,0.0,95.94000000000001,2.5671,2.0,5.0,9.0,3.0,0.4,True,,Less-DILI-Concern,less,False,,,
LT01725,Quinidine gluconate,3,Adverse reactions,vLess-DILI-concern,Unchanged,Quinidine,C=C[C@H]1CN2CC[C@H]1C[C@@H]2[C@@H](O)c1ccnc2ccc(OC)cc12,CHEMBL1294,6591-63-5,324.42,3.17,0.0,A,DILI (likely),DILI,"Cholestasis/Biliary, Hypersensitivity",less,,quinidine gluconate,DILImap_metadata,C=C[C@H]1CN2CC[C@H]1C[C@@H]2[C@@H](O)c1ccnc2ccc(OC)cc12,,,True,C=C[C@H]1CN2CC[C@H]1C[C@@H]2[C@@H](O)c1ccnc2ccc(OC)cc12,LOUPRKONTZGTKE-LHHVKLHASA-N,c1ccc2c(CC3CC4CCN3CC4)ccnc2c1,1.0,1.0,0.0,324.4240000000001,24.0,20.0,0.0,45.59,3.1732000000000014,1.0,4.0,4.0,5.0,0.45,True,,Less-DILI-Concern,less,False,,,
LT01923,Quinine sulfate,3,Warnings & precautions,vLess-DILI-concern,Unchanged,Quinine,C=C[C@H]1CN2CC[C@H]1C[C@H]2[C@H](O)c1ccnc2ccc(OC)cc12,CHEMBL170,6119-47-7,324.42,3.17,0.0,B,DILI (likely),DILI,"Hepatitis, Cholestasis/Biliary, Hypersensitivity",less,,quinine sulfate,DILImap_metadata,C=C[C@H]1CN2CC[C@H]1C[C@H]2[C@H](O)c1ccnc2ccc(OC)cc12,,,True,C=C[C@H]1CN2CC[C@H]1C[C@H]2[C@H](O)c1ccnc2ccc(OC)cc12,LOUPRKONTZGTKE-WZBLMQSHSA-N,c1ccc2c(CC3CC4CCN3CC4)ccnc2c1,1.0,1.0,0.0,324.4240000000001,24.0,20.0,0.0,45.59,3.1732000000000014,1.0,4.0,4.0,5.0,0.45,True,,Less-DILI-Concern,less,False,,,
LT00264,Rabeprazole sodium,3,Adverse reactions,vLess-DILI-concern,Unchanged,Rabeprazole,COCCCOc1ccnc(C[S+]([O-])c2nc3ccccc3[nH]2)c1C,CHEMBL1219,117976-90-6,359.45,2.99,0.0,D,DILI (few cases),,"CYP, Hypersensitivity",less,,rabeprazole sodium,DILImap_metadata,COCCCOc1ccnc(C[S+]([O-])c2nc3ccccc3[nH]2)c1C,,,True,COCCCOc1ccnc(C[S+]([O-])c2nc3ccccc3[nH]2)c1C,YREYEVIYCVEVJK-UHFFFAOYSA-N,c1ccc(C[SH+]c2nc3ccccc3[nH]2)nc1,1.0,1.0,0.0,359.451,25.0,18.0,0.0,83.09,2.989420000000001,1.0,5.0,8.0,3.0,0.3333333333333333,True,,Less-DILI-Concern,less,False,,,
LT03913,Radium ra-223 dichloride,0,No match,vNo-DILI-concern,New,,,,,,,,,,,,no,0.0,radium ra 223 dichloride,,,,,False,,,,,,,,,,,,,,,,,,False,missing_structure,,other,False,,,
LT00183,Raloxifene hydrochloride,0,No match,vLess-DILI-concern,Revised,Raloxifene,O=C(c1ccc(OCCN2CCCCC2)cc1)c1c(-c2ccc(O)cc2)sc2cc(O)ccc12,CHEMBL81,82640-04-8,473.59,6.08,0.0,C,No DILI,No DILI,,less,,raloxifene hydrochloride,DILImap_metadata,O=C(c1ccc(OCCN2CCCCC2)cc1)c1c(-c2ccc(O)cc2)sc2cc(O)ccc12,,,True,O=C(c1ccc(OCCN2CCCCC2)cc1)c1c(-c2ccc(O)cc2)sc2cc(O)ccc12,GZUITABIAKMVPG-UHFFFAOYSA-N,O=C(c1ccc(OCCN2CCCCC2)cc1)c1c(-c2ccccc2)sc2ccccc12,1.0,1.0,0.0,473.5940000000001,34.0,28.0,0.0,70.0,6.075200000000007,2.0,6.0,7.0,5.0,0.25,True,,No-DILI-Concern,no,False,,,
LT00642,Raltegravir potassium,7,Warnings & precautions,vMost-DILI-concern,Unchanged,Raltegravir,Cc1nnc(C(=O)NC(C)(C)c2nc(C(=O)NCc3ccc(F)cc3)c(O)c(=O)n2C)o1,CHEMBL254316,518048-05-0,444.42,0.91,0.0,D,DILI (likely),DILI,"Hepatitis, CYP, Hypersensitivity",most,1.0,raltegravir potassium,DILImap_metadata,Cc1nnc(C(=O)NC(C)(C)c2nc(C(=O)NCc3ccc(F)cc3)c(O)c(=O)n2C)o1,,,True,Cc1nnc(C(=O)NC(C)(C)c2nc(C(=O)NCc3ccc(F)cc3)c(O)c(=O)n2C)o1,CZFFBEXEKNGXKS-UHFFFAOYSA-N,O=C(NCc1ccccc1)c1cc(=O)[nH]c(CNC(=O)c2nnco2)n1,1.0,1.0,0.0,444.4230000000002,32.0,20.0,0.0,152.24,0.9115199999999997,3.0,8.0,6.0,3.0,0.3,True,,Most-DILI-Concern,most,False,,,
LT01217,Ramelteon,0,No match,vNo-DILI-concern,Unchanged,Ramelteon,CCC(=O)NCC[C@@H]1CCc2ccc3c(c21)CCO3,CHEMBL1218,196597-26-9,259.35,2.57,0.0,D,No DILI,No DILI,,no,0.0,ramelteon,DILImap_metadata,CCC(=O)NCC[C@@H]1CCc2ccc3c(c21)CCO3,,,True,CCC(=O)NCC[C@@H]1CCc2ccc3c(c21)CCO3,YLXDSYKOBKBWJQ-LBPRGKRZSA-N,c1cc2c(c3c1CCC3)CCO2,1.0,1.0,0.0,259.34899999999993,19.0,16.0,0.0,38.33,2.5676000000000005,1.0,2.0,4.0,3.0,0.5625,True,,No-DILI-Concern,no,False,0.0447272026219394,,
LT01726,Ramipril,7,Adverse reactions,vLess-DILI-concern,Unchanged,Ramipril,CCOC(=O)[C@H](CCc1ccccc1)N[C@@H](C)C(=O)N1[C@H](C(=O)O)C[C@@H]2CCC[C@@H]21,CHEMBL1168,87333-19-5,416.52,2.38,1.0,C,DILI (few cases),,"Cholestasis/Biliary, Immune-mediated, Hypersensitivity, idiosyncratic",less,,ramipril,DILImap_metadata,CCOC(=O)[C@H](CCc1ccccc1)N[C@@H](C)C(=O)N1[C@H](C(=O)O)C[C@@H]2CCC[C@@H]21,,,True,CCOC(=O)[C@H](CCc1ccccc1)N[C@@H](C)C(=O)N1[C@H](C(=O)O)C[C@@H]2CCC[C@@H]21,HDACQVRGBOVJII-JBDAPHQKSA-N,O=C(CNCCCc1ccccc1)N1CCC2CCCC21,1.0,1.0,0.0,416.5180000000003,30.0,23.0,0.0,95.94000000000001,2.3831999999999995,2.0,5.0,9.0,3.0,0.6086956521739131,True,,Less-DILI-Concern,less,False,0.100595409584173,,
LT00138,Ranitidine hydrochloride,5,Adverse reactions,vLess-DILI-concern,Unchanged,Ranitidine,CNC(=C[N+](=O)[O-])NCCSCc1ccc(CN(C)C)o1,CHEMBL1790041,66357-59-3,314.41,1.46,0.0,B,DILI (likely),DILI,"Necrosis, CYP, Cholestasis/Biliary, Immune-mediated, Hypersensitivity",less,,ranitidine hydrochloride,DILImap_metadata,CNC(=C[N+](=O)[O-])NCCSCc1ccc(CN(C)C)o1,,,True,CNC(=C[N+](=O)[O-])NCCSCc1ccc(CN(C)C)o1,VMXUWOKSQNHOCA-UHFFFAOYSA-N,c1ccoc1,1.0,1.0,0.0,314.411,21.0,13.0,0.0,83.58,1.4589999999999999,2.0,7.0,10.0,1.0,0.5384615384615384,True,,Less-DILI-Concern,less,False,,,
LT01192,Ranolazine,0,No match,vNo-DILI-concern,Unchanged,Ranolazine,COc1ccccc1OCC(O)CN1CCN(CC(=O)Nc2c(C)cccc2C)CC1,CHEMBL1404,95635-56-6,427.55,2.31,0.0,D,No DILI,No DILI,,no,0.0,ranolazine,DILImap_metadata,COc1ccccc1OCC(O)CN1CCN(CC(=O)Nc2c(C)cccc2C)CC1,,,True,COc1ccccc1OCC(O)CN1CCN(CC(=O)Nc2c(C)cccc2C)CC1,XKLMZUWKNUAPSZ-UHFFFAOYSA-N,O=C(CN1CCN(CCCOc2ccccc2)CC1)Nc1ccccc1,1.0,1.0,0.0,427.5450000000002,31.0,24.0,0.0,74.27,2.30804,2.0,6.0,9.0,3.0,0.4583333333333333,True,,No-DILI-Concern,no,False,6.64058004911706,,
LT01204,Rasagiline mesylate,3,Adverse reactions,Ambiguous-DILI-concern,Unchanged,Rasagiline,C#CCN[C@@H]1CCc2ccccc21,CHEMBL887,161735-79-1,171.24,1.9,0.0,E*,No DILI,No DILI,,ambiguous,,rasagiline mesylate,DILImap_metadata,C#CCN[C@@H]1CCc2ccccc21,,,True,C#CCN[C@@H]1CCc2ccccc21,RUOKEQAAGRXIBM-GFCCVEGCSA-N,c1ccc2c(c1)CCC2,1.0,1.0,0.0,171.243,13.0,12.0,0.0,12.03,1.8967,1.0,1.0,2.0,2.0,0.3333333333333333,True,,Ambiguous DILI-concern,ambiguous,False,,,
LT01363,Rasburicase,0,No match,vNo-DILI-concern,Unchanged,Rasburicase,,CHEMBL1201594,,,,0.0,D,No DILI,No DILI,,no,0.0,rasburicase,,,,,False,,,,,,,,,,,,,,,,,,False,missing_structure,No-DILI-Concern,no,False,,,
LT00646,Regadenoson,0,No match,vNo-DILI-concern,Unchanged,Regadenoson,,,313348-27-5,,,,,No DILI,No DILI,,no,0.0,regadenoson,,CNC(=O)C1=CN(N=C1)C2=NC(=C3C(=N2)N(C=N3)[C@H]4[C@@H]([C@@H]([C@H](O4)CO)O)O)N,219024.0,LZPZPHGJDAGEJZ-AKAIJSEGSA-N,True,CNC(=O)c1cnn(-c2nc(N)c3ncn([C@@H]4O[C@H](CO)[C@@H](O)[C@H]4O)c3n2)c1,LZPZPHGJDAGEJZ-AKAIJSEGSA-N,c1cnn(-c2ncc3ncn(C4CCCO4)c3n2)c1,1.0,1.0,0.0,390.3600000000001,28.0,15.0,0.0,186.46,-2.434699999999998,5.0,10.0,4.0,4.0,0.4,True,,No-DILI-Concern,no,False,,,PubChem_name_property
LT02433,Regorafenib,8,Box warning,vMost-DILI-concern,New,,,,,,,,,,,,most,1.0,regorafenib,,CNC(=O)C1=NC=CC(=C1)OC2=CC(=C(C=C2)NC(=O)NC3=CC(=C(C=C3)Cl)C(F)(F)F)F,11167602.0,FNHKPVJBJVTLMP-UHFFFAOYSA-N,True,CNC(=O)c1cc(Oc2ccc(NC(=O)Nc3ccc(Cl)c(C(F)(F)F)c3)c(F)c2)ccn1,FNHKPVJBJVTLMP-UHFFFAOYSA-N,O=C(Nc1ccccc1)Nc1ccc(Oc2ccncc2)cc1,1.0,1.0,0.0,482.8210000000001,33.0,21.0,0.0,92.35,5.688800000000001,3.0,4.0,5.0,3.0,0.09523809523809523,True,,,other,False,,,PubChem_name_property
LT03743,Relugolix,3,Adverse reactions,Ambiguous-DILI-concern,New,,,,,,,,,,,,ambiguous,,relugolix,,CN(C)CC1=C(SC2=C1C(=O)N(C(=O)N2CC3=C(C=CC=C3F)F)C4=NN=C(C=C4)OC)C5=CC=C(C=C5)NC(=O)NOC,10348973.0,AOMXMOCNKJTRQP-UHFFFAOYSA-N,True,CONC(=O)Nc1ccc(-c2sc3c(c2CN(C)C)c(=O)n(-c2ccc(OC)nn2)c(=O)n3Cc2c(F)cccc2F)cc1,AOMXMOCNKJTRQP-UHFFFAOYSA-N,O=c1c2cc(-c3ccccc3)sc2n(Cc2ccccc2)c(=O)n1-c1cccnn1,1.0,1.0,0.0,623.6420000000002,44.0,29.0,0.0,132.61,3.7505000000000015,2.0,9.0,9.0,5.0,0.20689655172413793,True,,,other,False,,,PubChem_name_property
LT03819,Remdesivir,3,Warnings & precautions,vLess-DILI-concern,New,,,,,,,,,,,,less,,remdesivir,,CCC(CC)COC(=O)[C@H](C)N[P@](=O)(OC[C@@H]1[C@H]([C@H]([C@](O1)(C#N)C2=CC=C3N2N=CN=C3N)O)O)OC4=CC=CC=C4,121304016.0,RWWYLEGWBNMMLJ-YSOARWBDSA-N,True,CCC(CC)COC(=O)[C@H](C)N[P@](=O)(OC[C@H]1O[C@@](C#N)(c2ccc3c(N)ncnn23)[C@H](O)[C@@H]1O)Oc1ccccc1,RWWYLEGWBNMMLJ-YSOARWBDSA-N,O=[PH](OCC1CCC(c2ccc3cncnn23)O1)Oc1ccccc1,1.0,1.0,0.0,602.5850000000002,42.0,27.0,0.0,203.54999999999998,2.3121800000000006,4.0,12.0,13.0,4.0,0.48148148148148145,True,,,other,False,,,PubChem_name_property
LT00987,Remifentanil hydrochloride,3,Adverse reactions,vLess-DILI-concern,Unchanged,Remifentanil,CCC(=O)N(c1ccccc1)C1(C(=O)OC)CCN(CCC(=O)OC)CC1,CHEMBL1005,,376.45,2.0,0.0,E,No DILI (unlikely),,,less,,remifentanil hydrochloride,DILImap_metadata,CCC(=O)N(c1ccccc1)C1(C(=O)OC)CCN(CCC(=O)OC)CC1,,,True,CCC(=O)N(c1ccccc1)C1(C(=O)OC)CCN(CCC(=O)OC)CC1,ZTVQQQVZCWLTDF-UHFFFAOYSA-N,c1ccc(NC2CCNCC2)cc1,1.0,1.0,0.0,376.4530000000002,27.0,20.0,0.0,76.15,2.0002999999999997,0.0,6.0,7.0,2.0,0.55,True,,Less-DILI-Concern,less,False,,,
LT03744,Remimazolam besylate,0,No match,vNo-DILI-concern,New,,,,,,,,,,,,no,0.0,remimazolam besylate,,CC1=CN=C2N1C3=C(C=C(C=C3)Br)C(=N[C@H]2CCC(=O)OC)C4=CC=CC=N4.C1=CC=C(C=C1)S(=O)(=O)O,23658607.0,QMTKNJZIWGTNTE-LMOVPXPDSA-N,True,COC(=O)CC[C@@H]1N=C(c2ccccn2)c2cc(Br)ccc2-n2c(C)cnc21,CYHWMBVXXDIZNZ-KRWDZBQOSA-N,c1ccc(C2=NCc3nccn3-c3ccccc32)nc1,2.0,0.7368421052631579,0.0,439.3130000000002,28.0,21.0,0.0,69.37,4.183520000000003,0.0,5.0,4.0,4.0,0.23809523809523808,True,,,other,False,,,PubChem_name_property
LT01002,Repaglinide,5,Adverse reactions,vLess-DILI-concern,Unchanged,Repaglinide,CCOc1cc(CC(=O)N[C@@H](CC(C)C)c2ccccc2N2CCCCC2)ccc1C(=O)O,CHEMBL1272,135062-02-1,452.6,5.22,0.0,D,DILI (few cases),,"CYP, Cholestasis/Biliary, Immune-mediated, Hypersensitivity",less,,repaglinide,DILImap_metadata,CCOc1cc(CC(=O)N[C@@H](CC(C)C)c2ccccc2N2CCCCC2)ccc1C(=O)O,,,True,CCOc1cc(CC(=O)N[C@@H](CC(C)C)c2ccccc2N2CCCCC2)ccc1C(=O)O,FAEKWTJYAYMJKF-QHCPKHFHSA-N,O=C(Cc1ccccc1)NCc1ccccc1N1CCCCC1,1.0,1.0,0.0,452.5950000000003,33.0,27.0,0.0,78.87,5.219900000000005,2.0,4.0,10.0,3.0,0.48148148148148145,True,,Less-DILI-Concern,less,False,0.129473031374281,,
LT01729,Reserpine,0,No match,vNo-DILI-concern,Unchanged,Reserpine,COC(=O)[C@H]1[C@H]2C[C@@H]3c4[nH]c5cc(OC)ccc5c4CCN3C[C@H]2C[C@@H](OC(=O)c2cc(OC)c(OC)c(OC)c2)[C@@H]1OC,CHEMBL772,50-55-5,608.69,4.17,0.0,E,No DILI,No DILI,,no,0.0,reserpine,DILImap_metadata,COC(=O)[C@H]1[C@H]2C[C@@H]3c4[nH]c5cc(OC)ccc5c4CCN3C[C@H]2C[C@@H](OC(=O)c2cc(OC)c(OC)c(OC)c2)[C@@H]1OC,,,True,COC(=O)[C@H]1[C@H]2C[C@@H]3c4[nH]c5cc(OC)ccc5c4CCN3C[C@H]2C[C@@H](OC(=O)c2cc(OC)c(OC)c(OC)c2)[C@@H]1OC,QEVHRUUCFGRFIF-MDEJGZGSSA-N,O=C(OC1CCC2CC3c4[nH]c5ccccc5c4CCN3CC2C1)c1ccccc1,1.0,1.0,0.0,608.6880000000004,44.0,33.0,0.0,117.78000000000003,4.171100000000004,1.0,10.0,8.0,6.0,0.5151515151515151,True,,No-DILI-Concern,no,False,0.001,,
LT01351,Reteplase,0,No match,vNo-DILI-concern,Unchanged,Reteplase,,CHEMBL2107885,,,,0.0,,No DILI,No DILI,,no,0.0,reteplase,,,,,False,,,,,,,,,,,,,,,,,,False,missing_structure,No-DILI-Concern,no,False,,,
LT01730,Ribavirin,7,Adverse reactions,vLess-DILI-concern,Revised,Ribavirin,NC(=O)c1ncn([C@@H]2O[C@H](CO)[C@@H](O)[C@H]2O)n1,CHEMBL1643,36791-04-5,244.21,-3.01,1.0,E*,No DILI,No DILI,,less,,ribavirin,DILImap_metadata,NC(=O)c1ncn([C@@H]2O[C@H](CO)[C@@H](O)[C@H]2O)n1,,,True,NC(=O)c1ncn([C@@H]2O[C@H](CO)[C@@H](O)[C@H]2O)n1,IWUCXVSUMQZMFG-AFCXAGJDSA-N,c1ncn(C2CCCO2)n1,1.0,1.0,0.0,244.20700000000002,17.0,8.0,0.0,143.72000000000003,-3.0114999999999994,4.0,7.0,3.0,2.0,0.625,True,,Ambiguous DILI-concern,ambiguous,False,,,
LT03606,Ribociclib succinate,4,Warnings & precautions,vMost-DILI-concern,New,,,,,,,,,,,,most,1.0,ribociclib succinate,,CN(C)C(=O)C1=CC2=CN=C(N=C2N1C3CCCC3)NC4=NC=C(C=C4)N5CCNCC5.C(CC(=O)O)C(=O)O,57334219.0,NHANOMFABJQAAH-UHFFFAOYSA-N,True,CN(C)C(=O)c1cc2cnc(Nc3ccc(N4CCNCC4)cn3)nc2n1C1CCCC1,RHXHGRAEPCAFML-UHFFFAOYSA-N,c1cc(Nc2ncc3ccn(C4CCCC4)c3n2)ncc1N1CCNCC1,2.0,0.8,0.0,434.5480000000002,32.0,23.0,0.0,91.21,2.7964,2.0,7.0,5.0,5.0,0.4782608695652174,True,,,other,False,,,PubChem_name_property
LT01479,Riboflavin 5'-phosphate,0,No match,vNo-DILI-concern,Unchanged,Riboflavin,Cc1cc2nc3c(=O)[nH]c(=O)nc-3n(C[C@H](O)[C@H](O)[C@H](O)CO)c2cc1C,CHEMBL1534,752-56-7,376.37,-1.72,0.0,,No DILI,No DILI,,no,0.0,riboflavin 5 phosphate,DILImap_metadata,Cc1cc2nc3c(=O)[nH]c(=O)nc-3n(C[C@H](O)[C@H](O)[C@H](O)CO)c2cc1C,,,True,Cc1cc2nc3c(=O)[nH]c(=O)nc-3n(C[C@H](O)[C@H](O)[C@H](O)CO)c2cc1C,AUNGANRZJHBGPY-SCRDCRAPSA-N,O=c1nc2[nH]c3ccccc3nc-2c(=O)[nH]1,1.0,1.0,0.0,376.36900000000014,27.0,17.0,0.0,161.56,-1.7235599999999989,5.0,8.0,5.0,3.0,0.4117647058823529,True,,No-DILI-Concern,no,False,,,
LT00139,Rifabutin,5,Adverse reactions,vLess-DILI-concern,Unchanged,Rifabutin,CO[C@H]1/C=C/O[C@@]2(C)Oc3c(C)c(O)c4c(c3C2=O)C2=NC3(CCN(CC(C)C)CC3)NC2=C(NC(=O)/C(C)=C\C=C\[C@H](C)[C@H](O)[C@@H](C)[C@@H](O)[C@@H](C)[C@H](OC(C)=O)[C@@H]1C)C4=O,CHEMBL444633,72559-06-9,847.02,4.62,0.0,D,DILI (few cases),,"CYP, Cholestasis/Biliary, Hypersensitivity, likely idiosyncratic",less,,rifabutin,DILImap_metadata,CO[C@H]1/C=C/O[C@@]2(C)Oc3c(C)c(O)c4c(c3C2=O)C2=NC3(CCN(CC(C)C)CC3)NC2=C(NC(=O)/C(C)=C\C=C\[C@H](C)[C@H](O)[C@@H](C)[C@@H](O)[C@@H](C)[C@H](OC(C)=O)[C@@H]1C)C4=O,,,True,CO[C@H]1/C=C/O[C@@]2(C)Oc3c(C)c(O)c4c(c3C2=O)C2=NC3(CCN(CC(C)C)CC3)NC2=C(NC(=O)/C(C)=C\C=C\[C@H](C)[C@H](O)[C@@H](C)[C@@H](O)[C@@H](C)[C@H](OC(C)=O)[C@@H]1C)C4=O,ATEBXHFBFRCZMA-VXTBVIBXSA-N,O=C1C=CC=CCCCCCCCCC=COC2Oc3ccc4c(c3C2=O)C2=NC3(CCNCC3)NC2=C(N1)C4=O,1.0,1.0,0.0,847.0190000000003,61.0,46.0,0.0,205.54999999999995,4.615720000000003,5.0,14.0,4.0,6.0,0.5869565217391305,True,,Less-DILI-Concern,less,False,,,
LT00034,Rifampin,8,Warnings & precautions,vMost-DILI-concern,Unchanged,Rifampin,CO[C@H]1/C=C/O[C@@]2(C)Oc3c(C)c(O)c4c(O)c(c(/C=N/N5CCN(C)CC5)c(O)c4c3C2=O)NC(=O)/C(C)=C\C=C\[C@H](C)[C@H](O)[C@@H](C)[C@@H](O)[C@@H](C)[C@H](OC(C)=O)[C@@H]1C,CHEMBL374478,13292-46-1,822.95,4.34,0.0,A,DILI (known),DILI,"CYP, Cholestasis/Biliary, Cirrhosis",most,1.0,rifampin,DILImap_metadata,CO[C@H]1/C=C/O[C@@]2(C)Oc3c(C)c(O)c4c(O)c(c(/C=N/N5CCN(C)CC5)c(O)c4c3C2=O)NC(=O)/C(C)=C\C=C\[C@H](C)[C@H](O)[C@@H](C)[C@@H](O)[C@@H](C)[C@H](OC(C)=O)[C@@H]1C,,,True,CO[C@H]1/C=C/O[C@@]2(C)Oc3c(C)c(O)c4c(O)c(c(/C=N/N5CCN(C)CC5)c(O)c4c3C2=O)NC(=O)/C(C)=C\C=C\[C@H](C)[C@H](O)[C@@H](C)[C@@H](O)[C@@H](C)[C@H](OC(C)=O)[C@@H]1C,JQXXHWHPUNPDRT-WLSIYKJHSA-N,O=C1C=CC=CCCCCCCCCC=COC2Oc3ccc4cc(c(C=NN5CCNCC5)cc4c3C2=O)N1,1.0,1.0,0.0,822.9530000000003,59.0,43.0,0.0,220.14999999999995,4.335420000000004,6.0,15.0,4.0,6.0,0.5348837209302325,True,,Most-DILI-Concern,most,False,12.4807032626526,,
LT03745,Rifamycin sodium,0,No match,vNo-DILI-concern,New,,,,,,,,,,,,no,0.0,rifamycin sodium,,C[C@H]1/C=C/C=C(\C(=O)NC2=CC(=C3C(=C2O)C(=C(C4=C3C(=O)[C@](O4)(O/C=C/[C@@H]([C@H]([C@H]([C@@H]([C@@H]([C@@H]([C@H]1O)C)O)C)OC(=O)C)C)OC)C)C)O)[O-])/C.[Na+],23702994.0,YVOFSHPIJOYKSH-NLYBMVFSSA-M,True,CO[C@H]1/C=C/O[C@@]2(C)Oc3c(C)c(O)c4c(O)c(cc(O)c4c3C2=O)NC(=O)/C(C)=C\C=C\[C@H](C)[C@H](O)[C@@H](C)[C@@H](O)[C@@H](C)[C@H](OC(C)=O)[C@@H]1C,HJYYPODYNSCCOU-ODRIEIDWSA-N,O=C1C=CC=CCCCCCCCCC=COC2Oc3ccc4cc(ccc4c3C2=O)N1,2.0,0.9803921568627451,0.0,697.7780000000001,50.0,37.0,0.0,201.30999999999997,4.754120000000007,6.0,12.0,2.0,5.0,0.4864864864864865,True,,,other,False,,,PubChem_name_property
LT01057,Rifapentine,4,Warnings & precautions,Ambiguous-DILI-concern,Unchanged,Rifapentine,CO[C@H]1/C=C/O[C@@]2(C)Oc3c(C)c(O)c4c(O)c(c(/C=N/N5CCN(C6CCCC6)CC5)c(O)c4c3C2=O)NC(=O)/C(C)=C\C=C\[C@H](C)[C@H](O)[C@@H](C)[C@@H](O)[C@@H](C)[C@H](OC(C)=O)[C@@H]1C,CHEMBL1660,61379-65-5,877.04,5.65,0.0,E*,No DILI,No DILI,,ambiguous,,rifapentine,DILImap_metadata,CO[C@H]1/C=C/O[C@@]2(C)Oc3c(C)c(O)c4c(O)c(c(/C=N/N5CCN(C6CCCC6)CC5)c(O)c4c3C2=O)NC(=O)/C(C)=C\C=C\[C@H](C)[C@H](O)[C@@H](C)[C@@H](O)[C@@H](C)[C@H](OC(C)=O)[C@@H]1C,,,True,CO[C@H]1/C=C/O[C@@]2(C)Oc3c(C)c(O)c4c(O)c(c(/C=N/N5CCN(C6CCCC6)CC5)c(O)c4c3C2=O)NC(=O)/C(C)=C\C=C\[C@H](C)[C@H](O)[C@@H](C)[C@@H](O)[C@@H](C)[C@H](OC(C)=O)[C@@H]1C,WDZCUPBHRAEYDL-GZAUEHORSA-N,O=C1C=CC=CCCCCCCCCC=COC2Oc3ccc4cc(c(C=NN5CCN(C6CCCC6)CC5)cc4c3C2=O)N1,1.0,1.0,0.0,877.0450000000004,63.0,47.0,0.0,220.14999999999995,5.6482200000000065,6.0,15.0,5.0,7.0,0.574468085106383,True,,Ambiguous DILI-concern,ambiguous,False,,,
LT01128,Rifaximin,7,Adverse reactions,Ambiguous-DILI-concern,Unchanged,Rifaximin,CO[C@H]1/C=C/O[C@@]2(C)Oc3c(C)c(O)c4c(O)c(c5c(nc6cc(C)ccn65)c4c3C2=O)NC(=O)/C(C)=C\C=C\[C@H](C)[C@H](O)[C@@H](C)[C@@H](O)[C@@H](C)[C@H](OC(C)=O)[C@@H]1C,CHEMBL1617,80621-81-4,785.89,6.16,0.0,E,No DILI,No DILI,,ambiguous,,rifaximin,DILImap_metadata,CO[C@H]1/C=C/O[C@@]2(C)Oc3c(C)c(O)c4c(O)c(c5c(nc6cc(C)ccn65)c4c3C2=O)NC(=O)/C(C)=C\C=C\[C@H](C)[C@H](O)[C@@H](C)[C@@H](O)[C@@H](C)[C@H](OC(C)=O)[C@@H]1C,,,True,CO[C@H]1/C=C/O[C@@]2(C)Oc3c(C)c(O)c4c(O)c(c5c(nc6cc(C)ccn65)c4c3C2=O)NC(=O)/C(C)=C\C=C\[C@H](C)[C@H](O)[C@@H](C)[C@@H](O)[C@@H](C)[C@H](OC(C)=O)[C@@H]1C,NZCRJKRKKOLAOJ-XRCRFVBUSA-N,O=C1C=CC=CCCCCCCCCC=COC2Oc3ccc4cc(c5c(nc6ccccn65)c4c3C2=O)N1,1.0,1.0,0.0,785.8910000000003,57.0,43.0,0.0,198.37999999999997,6.157840000000009,5.0,12.0,2.0,6.0,0.4418604651162791,True,,Ambiguous DILI-concern,ambiguous,False,,,
LT01415,Rilonacept,0,No match,vNo-DILI-concern,Unchanged,Rilonacept,,CHEMBL1201830,,,,0.0,E,No DILI,No DILI,,no,0.0,rilonacept,,,,,False,,,,,,,,,,,,,,,,,,False,missing_structure,No-DILI-Concern,no,False,,,
LT02352,Rilpivirine hydrochloride,3,Warnings & precautions,vLess-DILI-concern,New,,,,,,,,,,,,less,,rilpivirine hydrochloride,,Cc1cc(/C=C/C#N)cc(C)c1Nc1ccnc(Nc2ccc(C#N)cc2)n1,,,True,Cc1cc(/C=C/C#N)cc(C)c1Nc1ccnc(Nc2ccc(C#N)cc2)n1,YIBOMRUWOWDFLG-ONEGZZNKSA-N,c1ccc(Nc2ccnc(Nc3ccccc3)n2)cc1,1.0,1.0,0.0,366.4280000000001,28.0,22.0,0.0,97.42,4.989100000000003,2.0,6.0,5.0,3.0,0.09090909090909091,True,,,other,False,,DILImap_metadata_offline,
LT01731,Riluzole,8,Warnings & precautions,vMost-DILI-concern,Unchanged,Riluzole,Nc1nc2ccc(OC(F)(F)F)cc2s1,CHEMBL744,1744-22-5,234.2,2.78,0.0,C,DILI (likely),DILI,"CYP, Immune-mediated, Hypersensitivity",most,1.0,riluzole,DILImap_metadata,Nc1nc2ccc(OC(F)(F)F)cc2s1,,,True,Nc1nc2ccc(OC(F)(F)F)cc2s1,FTALBRSUTCGOEG-UHFFFAOYSA-N,c1ccc2scnc2c1,1.0,1.0,0.0,234.20199999999994,15.0,8.0,0.0,48.14,2.7771,1.0,4.0,1.0,2.0,0.125,True,,Most-DILI-Concern,most,False,1.41,,
LT00937,Rimantadine hydrochloride,0,No match,vNo-DILI-concern,Unchanged,Rimantadine,CC(N)C12CC3CC(CC(C3)C1)C2,CHEMBL959,13392-28-4,179.31,2.55,0.0,E,No DILI,No DILI,,no,0.0,rimantadine hydrochloride,DILImap_metadata,CC(N)C12CC3CC(CC(C3)C1)C2,,,True,CC(N)C12CC3CC(CC(C3)C1)C2,UBCHPRBFMUDMNC-UHFFFAOYSA-N,C1C2CC3CC1CC(C2)C3,1.0,1.0,0.0,179.30699999999996,13.0,12.0,0.0,26.02,2.5500000000000007,1.0,1.0,1.0,4.0,1.0,True,,No-DILI-Concern,no,False,,,
LT03746,Rimegepant sulfate,0,No match,vNo-DILI-concern,New,,,,,,,,,,,,no,0.0,rimegepant sulfate,,C1C[C@H](C2=C(C=CC=N2)[C@H]([C@@H]1C3=C(C(=CC=C3)F)F)N)OC(=O)N4CCC(CC4)N5C6=C(NC5=O)N=CC=C6.C1C[C@H](C2=C(C=CC=N2)[C@H]([C@@H]1C3=C(C(=CC=C3)F)F)N)OC(=O)N4CCC(CC4)N5C6=C(NC5=O)N=CC=C6.O.O.O.OS(=O)(=O)O,71586738.0,SOGUOEZRYKUOHR-CQZKMDJHSA-N,True,N[C@@H]1c2cccnc2[C@H](OC(=O)N2CCC(n3c(=O)[nH]c4ncccc43)CC2)CC[C@H]1c1cccc(F)c1F,KRNAOFGYEFKHPB-ANJVHQHFSA-N,O=C(OC1CCC(c2ccccc2)Cc2cccnc21)N1CCC(n2c(=O)[nH]c3ncccc32)CC1,6.0,0.45348837209302323,0.0,534.5670000000005,39.0,28.0,0.0,119.12999999999998,4.490000000000003,2.0,6.0,3.0,6.0,0.35714285714285715,True,,,other,False,,,PubChem_name_property
LT02894,Riociguat,0,No match,vNo-DILI-concern,New,,,,,,,,,,,,no,0.0,riociguat,,CN(C1=C(N=C(N=C1N)C2=NN(C3=C2C=CC=N3)CC4=CC=CC=C4F)N)C(=O)OC,11304743.0,WXXSNCNJFUAIDG-UHFFFAOYSA-N,True,COC(=O)N(C)c1c(N)nc(-c2nn(Cc3ccccc3F)c3ncccc23)nc1N,WXXSNCNJFUAIDG-UHFFFAOYSA-N,c1ccc(Cn2nc(-c3ncccn3)c3cccnc32)cc1,1.0,1.0,0.0,422.4240000000002,31.0,20.0,0.0,138.07,2.4427000000000003,2.0,8.0,4.0,4.0,0.15,True,,,other,False,,,PubChem_name_property
LT03747,Ripretinib,4,Adverse reactions,Ambiguous-DILI-concern,New,,,,,,,,,,,,ambiguous,,ripretinib,,CCN1C2=CC(=NC=C2C=C(C1=O)C3=CC(=C(C=C3Br)F)NC(=O)NC4=CC=CC=C4)NC,71584930.0,CEFJVGZHQAGLHS-UHFFFAOYSA-N,True,CCn1c(=O)c(-c2cc(NC(=O)Nc3ccccc3)c(F)cc2Br)cc2cnc(NC)cc21,CEFJVGZHQAGLHS-UHFFFAOYSA-N,O=C(Nc1ccccc1)Nc1cccc(-c2cc3cnccc3[nH]c2=O)c1,1.0,1.0,0.0,510.3670000000001,33.0,24.0,0.0,88.05,5.670700000000004,3.0,4.0,5.0,4.0,0.125,True,,,other,False,,,PubChem_name_property
LT03748,Risdiplam,0,No match,vNo-DILI-concern,New,,,,,,,,,,,,no,0.0,risdiplam,,CC1=CC(=NN2C1=NC(=C2)C)C3=CC(=O)N4C=C(C=CC4=N3)N5CCNC6(C5)CC6,118513932.0,ASKZRYGFUPSJPN-UHFFFAOYSA-N,True,Cc1cn2nc(-c3cc(=O)n4cc(N5CCNC6(CC6)C5)ccc4n3)cc(C)c2n1,ASKZRYGFUPSJPN-UHFFFAOYSA-N,O=c1cc(-c2ccc3nccn3n2)nc2ccc(N3CCNC4(CC4)C3)cn12,1.0,1.0,0.0,401.4740000000003,30.0,22.0,0.0,79.83,1.9632399999999994,1.0,6.0,2.0,6.0,0.36363636363636365,True,,,other,False,,,PubChem_name_property
LT01020,Risedronate sodium,3,Adverse reactions,Ambiguous-DILI-concern,Unchanged,Risedronate,O=P(O)(O)C(O)(Cc1cccnc1)P(=O)(O)O,CHEMBL923,115436-72-1,283.11,-0.37,0.0,D,DILI (few cases),,,ambiguous,,risedronate sodium,DILImap_metadata,O=P(O)(O)C(O)(Cc1cccnc1)P(=O)(O)O,,,True,O=P(O)(O)C(O)(Cc1cccnc1)P(=O)(O)O,IIDJRNMFWXDHID-UHFFFAOYSA-N,c1ccncc1,1.0,1.0,0.0,283.113,17.0,7.0,0.0,148.18,-0.3744000000000002,5.0,4.0,4.0,1.0,0.2857142857142857,True,,Ambiguous DILI-concern,ambiguous,False,,,
LT01735,Risperidone,3,Adverse reactions,vLess-DILI-concern,Unchanged,Risperidone,Cc1nc2n(c(=O)c1CCN1CCC(c3noc4cc(F)ccc34)CC1)CCCC2,CHEMBL85,106266-06-2,410.49,3.59,0.0,C,DILI (few cases),,"Hepatitis, CYP, Cholestasis/Biliary, Steatosis, Immune-mediated, Hypersensitivity",less,,risperidone,DILImap_metadata,Cc1nc2n(c(=O)c1CCN1CCC(c3noc4cc(F)ccc34)CC1)CCCC2,,,True,Cc1nc2n(c(=O)c1CCN1CCC(c3noc4cc(F)ccc34)CC1)CCCC2,RAPZEAPATHNIPO-UHFFFAOYSA-N,O=c1c(CCN2CCC(c3noc4ccccc34)CC2)cnc2n1CCCC2,1.0,1.0,0.0,410.4930000000003,30.0,23.0,0.0,64.16,3.5904200000000026,0.0,5.0,4.0,5.0,0.5217391304347826,True,,Less-DILI-Concern,less,False,,,
LT01737,Ritonavir,8,Warnings & precautions,vMost-DILI-concern,Unchanged,Ritonavir,CC(C)c1nc(CN(C)C(=O)N[C@H](C(=O)N[C@@H](Cc2ccccc2)C[C@H](O)[C@H](Cc2ccccc2)NC(=O)OCc2cncs2)C(C)C)cs1,CHEMBL163,155213-67-5,720.96,5.91,0.0,C,DILI (likely),DILI,"Hepatitis, CYP, Cholestasis/Biliary, Steatosis, Lactic acidosis, Immune-mediated, Hypersensitivity",most,1.0,ritonavir,DILImap_metadata,CC(C)c1nc(CN(C)C(=O)N[C@H](C(=O)N[C@@H](Cc2ccccc2)C[C@H](O)[C@H](Cc2ccccc2)NC(=O)OCc2cncs2)C(C)C)cs1,,,True,CC(C)c1nc(CN(C)C(=O)N[C@H](C(=O)N[C@@H](Cc2ccccc2)C[C@H](O)[C@H](Cc2ccccc2)NC(=O)OCc2cncs2)C(C)C)cs1,NCDNCNXCDXHOMX-XGKFQTDJSA-N,O=C(CNC(=O)NCc1cscn1)NC(CCC(Cc1ccccc1)NC(=O)OCc1cncs1)Cc1ccccc1,1.0,1.0,0.0,720.9620000000001,50.0,37.0,0.0,145.77999999999997,5.905200000000005,4.0,9.0,17.0,4.0,0.43243243243243246,True,,Most-DILI-Concern,most,False,15.26,,
LT02390,Rivaroxaban,5,Adverse reactions,vLess-DILI-concern,New,,,,,,,,,,,,less,,rivaroxaban,,O=C(NC[C@H]1CN(c2ccc(N3CCOCC3=O)cc2)C(=O)O1)c1ccc(Cl)s1,,,True,O=C(NC[C@H]1CN(c2ccc(N3CCOCC3=O)cc2)C(=O)O1)c1ccc(Cl)s1,KGFYHTZWPPHNLQ-AWEZNQCLSA-N,O=C(NCC1CN(c2ccc(N3CCOCC3=O)cc2)C(=O)O1)c1cccs1,1.0,1.0,0.0,435.8890000000001,29.0,19.0,0.0,88.18,2.5199000000000007,1.0,6.0,5.0,4.0,0.3157894736842105,True,,,other,False,,DILImap_metadata_offline,
LT01016,Rivastigmine tartrate,3,Adverse reactions,vLess-DILI-concern,Unchanged,Rivastigmine,CCN(C)C(=O)Oc1cccc([C@H](C)N(C)C)c1,CHEMBL636,129101-54-8,250.34,2.76,0.0,D,DILI (few cases),,"Immune-mediated, Hypersensitivity",less,,rivastigmine tartrate,DILImap_metadata,CCN(C)C(=O)Oc1cccc([C@H](C)N(C)C)c1,,,True,CCN(C)C(=O)Oc1cccc([C@H](C)N(C)C)c1,XSVMFMHYUFZWBK-NSHDSACASA-N,c1ccccc1,1.0,1.0,0.0,250.34199999999998,18.0,14.0,0.0,32.78,2.7597000000000014,0.0,3.0,4.0,1.0,0.5,True,,Less-DILI-Concern,less,False,,,
LT01026,Rizatriptan benzoate,0,No match,vLess-DILI-concern,Revised,Rizatriptan,CN(C)CCc1c[nH]c2ccc(Cn3cncn3)cc12,CHEMBL905,145202-66-0,269.35,1.91,0.0,E*,No DILI,No DILI,,less,,rizatriptan benzoate,DILImap_metadata,CN(C)CCc1c[nH]c2ccc(Cn3cncn3)cc12,,,True,CN(C)CCc1c[nH]c2ccc(Cn3cncn3)cc12,ULFRLSNUDGIQQP-UHFFFAOYSA-N,c1ncn(Cc2ccc3[nH]ccc3c2)n1,1.0,1.0,0.0,269.35200000000003,20.0,15.0,0.0,49.74,1.9118000000000002,1.0,3.0,5.0,3.0,0.3333333333333333,True,,No-DILI-Concern,no,False,,,
LT00957,Rocuronium bromide,0,No match,vNo-DILI-concern,Unchanged,Rocuronium,C=CC[N+]1([C@H]2C[C@H]3[C@@H]4CC[C@H]5C[C@H](O)[C@@H](N6CCOCC6)C[C@]5(C)[C@H]4CC[C@]3(C)[C@H]2OC(C)=O)CCCC1,CHEMBL1201244,119302-91-9,529.79,4.41,0.0,,No DILI,No DILI,,no,0.0,rocuronium bromide,DILImap_metadata,C=CC[N+]1([C@H]2C[C@H]3[C@@H]4CC[C@H]5C[C@H](O)[C@@H](N6CCOCC6)C[C@]5(C)[C@H]4CC[C@]3(C)[C@H]2OC(C)=O)CCCC1,,,True,C=CC[N+]1([C@H]2C[C@H]3[C@@H]4CC[C@H]5C[C@H](O)[C@@H](N6CCOCC6)C[C@]5(C)[C@H]4CC[C@]3(C)[C@H]2OC(C)=O)CCCC1,YXRDKMPIGHSVRX-OOJCLDBCSA-N,C1CC[NH+](C2CC3CCC4C5CC(N6CCOCC6)CCC5CCC4C3C2)C1,1.0,1.0,1.0,529.7860000000004,38.0,32.0,0.0,59.00000000000001,4.407500000000003,1.0,5.0,5.0,6.0,0.90625,True,,No-DILI-Concern,no,False,,,
LT00619,Roflumilast,0,No match,vNo-DILI-concern,New,,,,,,,,,,,,no,0.0,roflumilast,,C1CC1COC2=C(C=CC(=C2)C(=O)NC3=C(C=NC=C3Cl)Cl)OC(F)F,449193.0,MNDBXUUTURYVHR-UHFFFAOYSA-N,True,O=C(Nc1c(Cl)cncc1Cl)c1ccc(OC(F)F)c(OCC2CC2)c1,MNDBXUUTURYVHR-UHFFFAOYSA-N,O=C(Nc1ccncc1)c1cccc(OCC2CC2)c1,1.0,1.0,0.0,403.212,26.0,17.0,0.0,60.45,5.030900000000003,1.0,4.0,7.0,3.0,0.29411764705882354,True,,,other,False,,,PubChem_name_property
LT03749,Rolapitant hydrochloride,0,No match,vNo-DILI-concern,New,,,,,,,,,,,,no,0.0,rolapitant hydrochloride,,C[C@H](C1=CC(=CC(=C1)C(F)(F)F)C(F)(F)F)OC[C@]2(CC[C@]3(CCC(=O)N3)CN2)C4=CC=CC=C4.O.Cl,16203739.0,GZQWMYVDLCUBQX-WVZIYJGPSA-N,True,C[C@@H](OC[C@@]1(c2ccccc2)CC[C@]2(CCC(=O)N2)CN1)c1cc(C(F)(F)F)cc(C(F)(F)F)c1,FIVSJYGQAIEMOC-ZGNKEGEESA-N,O=C1CCC2(CCC(COCc3ccccc3)(c3ccccc3)NC2)N1,3.0,0.9459459459459459,0.0,500.4830000000003,35.0,25.0,0.0,50.36,5.729500000000005,2.0,3.0,5.0,4.0,0.48,True,,,other,False,,,PubChem_name_property
LT00669,Romidepsin,0,No match,vNo-DILI-concern,Unchanged,Romidepsin,C/C=C1\NC(=O)[C@H]2CSSCC/C=C/[C@H](CC(=O)N[C@H](C(C)C)C(=O)N2)OC(=O)[C@H](C(C)C)NC1=O,CHEMBL343448,128517-07-7,540.71,1.43,1.0,C,No DILI,No DILI,,no,0.0,romidepsin,DILImap_metadata,C/C=C1\NC(=O)[C@H]2CSSCC/C=C/[C@H](CC(=O)N[C@H](C(C)C)C(=O)N2)OC(=O)[C@H](C(C)C)NC1=O,,,True,C/C=C1\NC(=O)[C@H]2CSSCC/C=C/[C@H](CC(=O)N[C@H](C(C)C)C(=O)N2)OC(=O)[C@H](C(C)C)NC1=O,OHRURASPPZQGQM-GCCNXGTGSA-N,C=C1NC(=O)C2CSSCCC=CC(CC(=O)NCC(=O)N2)OC(=O)CNC1=O,1.0,1.0,0.0,540.7080000000002,36.0,24.0,0.0,142.70000000000002,1.4296000000000009,4.0,8.0,2.0,2.0,0.625,True,,No-DILI-Concern,no,False,,,
LT01417,Romiplostim,0,No match,vNo-DILI-concern,Unchanged,Romiplostim,,CHEMBL1201832,,,,0.0,E,No DILI,No DILI,,no,0.0,romiplostim,,,,,False,,,,,,,,,,,,,,,,,,False,missing_structure,No-DILI-Concern,no,False,,,
LT00990,Ropinirole hydrochloride,4,Adverse reactions,vLess-DILI-concern,Unchanged,Ropinirole,CCCN(CCC)CCc1cccc2c1CC(=O)N2,CHEMBL589,91374-20-8,260.38,2.85,0.0,D,DILI (few cases),,"CYP, Immune-mediated, Hypersensitivity",less,,ropinirole hydrochloride,DILImap_metadata,CCCN(CCC)CCc1cccc2c1CC(=O)N2,,,True,CCCN(CCC)CCc1cccc2c1CC(=O)N2,UHSKFQJFRQCDBE-UHFFFAOYSA-N,O=C1Cc2ccccc2N1,1.0,1.0,0.0,260.3809999999999,19.0,16.0,0.0,32.34,2.845700000000001,1.0,2.0,7.0,2.0,0.5625,True,,Less-DILI-Concern,less,False,,,
LT00140,Rosiglitazone maleate,3,Warnings & precautions,vLess-DILI-concern,Unchanged,Rosiglitazone,CN(CCOc1ccc(CC2SC(=O)NC2=O)cc1)c1ccccn1,CHEMBL121,302543-62-0,357.44,2.49,0.0,C,DILI (few cases),,"Cholestasis/Biliary, Hypersensitivity",less,,rosiglitazone maleate,DILImap_metadata,CN(CCOc1ccc(CC2SC(=O)NC2=O)cc1)c1ccccn1,,,True,CN(CCOc1ccc(CC2SC(=O)NC2=O)cc1)c1ccccn1,YASAKCUCGLMORW-UHFFFAOYSA-N,O=C1NC(=O)C(Cc2ccc(OCCNc3ccccn3)cc2)S1,1.0,1.0,0.0,357.435,25.0,18.0,0.0,71.53,2.490900000000001,1.0,6.0,7.0,3.0,0.2777777777777778,True,,Less-DILI-Concern,less,False,,,
LT01928,Rosuvastatin calcium,3,Warnings & precautions,vLess-DILI-concern,Unchanged,Rosuvastatin,CC(C)c1nc(N(C)S(C)(=O)=O)nc(-c2ccc(F)cc2)c1/C=C/[C@@H](O)C[C@@H](O)CC(=O)O,CHEMBL1496,147098-20-2,481.55,2.4,0.0,A,DILI (likely),DILI,"Hepatitis, CYP, Cholestasis/Biliary, Immune-mediated",less,,rosuvastatin calcium,DILImap_metadata,CC(C)c1nc(N(C)S(C)(=O)=O)nc(-c2ccc(F)cc2)c1/C=C/[C@@H](O)C[C@@H](O)CC(=O)O,,,True,CC(C)c1nc(N(C)S(C)(=O)=O)nc(-c2ccc(F)cc2)c1/C=C/[C@@H](O)C[C@@H](O)CC(=O)O,BPRHUIZQVSMCRT-VEUZHWNKSA-N,c1ccc(-c2ccncn2)cc1,1.0,1.0,0.0,481.5460000000002,33.0,22.0,0.0,140.92,2.4017,3.0,7.0,10.0,2.0,0.4090909090909091,True,,Less-DILI-Concern,less,False,,,
LT00928,Rubidium chloride rb-82,0,No match,vNo-DILI-concern,Unchanged,Rubidium chloride rb-82,,,,,,,,No DILI,No DILI,,no,0.0,rubidium chloride rb 82,,[Cl-].[82Rb+],71357.0,FGDZQCVHDSGLHJ-RYDPDVNUSA-M,True,[82Rb+],NCCSSGKUIKYAJD-OIOBTWANSA-N,,2.0,0.5,1.0,81.9182086,1.0,0.0,1.0,0.0,-2.996,0.0,0.0,0.0,0.0,0.0,False,no_carbon;metal_containing,No-DILI-Concern,no,False,,,PubChem_name_property
LT03750,Rucaparib camsylate,3,Adverse reactions,Ambiguous-DILI-concern,New,,,,,,,,,,,,ambiguous,,rucaparib camsylate,,CC1([C@@H]2CC[C@]1(C(=O)C2)CS(=O)(=O)O)C.CNCC1=CC=C(C=C1)C2=C3CCNC(=O)C4=C3C(=CC(=C4)F)N2,121490161.0,INBJJAFXHQQSRW-STOWLHSFSA-N,True,CNCc1ccc(-c2[nH]c3cc(F)cc4c3c2CCNC4=O)cc1,HMABYWSNWIZPAG-UHFFFAOYSA-N,O=C1NCCc2c(-c3ccccc3)[nH]c3cccc1c23,2.0,0.6153846153846154,0.0,323.3709999999999,24.0,19.0,0.0,56.919999999999995,2.9793000000000003,3.0,2.0,3.0,4.0,0.21052631578947367,True,,,other,False,,,PubChem_name_property
LT00564,Rufinamide,3,Warnings & precautions,Ambiguous-DILI-concern,Unchanged,Rufinamide,NC(=O)c1cn(Cc2c(F)cccc2F)nn1,CHEMBL1201754,106308-44-5,238.2,0.7,0.0,E*,No DILI,No DILI,,ambiguous,,rufinamide,DILImap_metadata,NC(=O)c1cn(Cc2c(F)cccc2F)nn1,,,True,NC(=O)c1cn(Cc2c(F)cccc2F)nn1,POGQSBRIGCQNEG-UHFFFAOYSA-N,c1ccc(Cn2ccnn2)cc1,1.0,1.0,0.0,238.197,17.0,10.0,0.0,73.80000000000001,0.7035000000000001,1.0,3.0,3.0,2.0,0.1,True,,Ambiguous DILI-concern,ambiguous,False,,,
LT02441,Ruxolitinib phosphate,3,Adverse reactions,Ambiguous-DILI-concern,New,,,,,,,,,,,,ambiguous,,ruxolitinib phosphate,,C1CCC(C1)[C@@H](CC#N)N2C=C(C=N2)C3=C4C=CNC4=NC=N3.OP(=O)(O)O,25127112.0,JFMWPOCYMYGEDM-XFULWGLBSA-N,True,N#CC[C@H](C1CCCC1)n1cc(-c2ncnc3[nH]ccc23)cn1,HFNKQEVNSGCOJV-OAHLLOKOSA-N,c1nc(-c2cnn(CC3CCCC3)c2)c2cc[nH]c2n1,2.0,0.8214285714285714,0.0,306.37300000000005,23.0,17.0,0.0,83.17999999999999,3.466380000000002,1.0,4.0,4.0,4.0,0.4117647058823529,True,,,other,False,,,PubChem_name_property
LT00463,Sacrosidase,3,Adverse reactions,Ambiguous-DILI-concern,Unchanged,Sacrosidase,,CHEMBL1201487,,,,0.0,,,,,ambiguous,,sacrosidase,,,,,False,,,,,,,,,,,,,,,,,,False,missing_structure,Ambiguous DILI-concern,ambiguous,False,,,
LT03752,Safinamide mesylate,0,No match,vNo-DILI-concern,New,,,,,,,,,,,,no,0.0,safinamide mesylate,,C[C@@H](C(=O)N)NCC1=CC=C(C=C1)OCC2=CC(=CC=C2)F.CS(=O)(=O)O,3038502.0,YKOCHIUQOBQIAC-YDALLXLXSA-N,True,C[C@H](NCc1ccc(OCc2cccc(F)c2)cc1)C(N)=O,NEMGRZFTLSKBAP-LBPRGKRZSA-N,c1ccc(COc2ccccc2)cc1,2.0,0.8148148148148148,0.0,302.349,22.0,17.0,0.0,64.35000000000001,2.3681,2.0,3.0,7.0,2.0,0.23529411764705882,True,,,other,False,,,PubChem_name_property
LT01684,Salsalate,3,Warnings & precautions,vLess-DILI-concern,Unchanged,Salsalate,O=C(Oc1ccccc1C(=O)O)c1ccccc1O,CHEMBL154111,552-94-3,258.23,2.31,1.0,,DILI (likely),DILI,,less,,salsalate,DILImap_metadata,O=C(Oc1ccccc1C(=O)O)c1ccccc1O,,,True,O=C(Oc1ccccc1C(=O)O)c1ccccc1O,WVYADZUPLLSGPU-UHFFFAOYSA-N,O=C(Oc1ccccc1)c1ccccc1,1.0,1.0,0.0,258.229,19.0,14.0,0.0,83.83000000000001,2.309600000000001,2.0,4.0,3.0,2.0,0.0,True,,Less-DILI-Concern,less,False,116.175502459048,,
LT01262,Sapropterin dihydrochloride,0,No match,vNo-DILI-concern,Unchanged,Tetrahydrobiopterin,C[C@H](O)[C@H](O)[C@H]1CNc2nc(N)[nH]c(=O)c2N1,CHEMBL1201774,69056-38-8,241.25,-1.7,0.0,,No DILI,No DILI,,no,0.0,sapropterin dihydrochloride,DILImap_metadata,C[C@H](O)[C@H](O)[C@H]1CNc2nc(N)[nH]c(=O)c2N1,,,True,C[C@H](O)[C@H](O)[C@H]1CNc2nc(N)[nH]c(=O)c2N1,FNKQXYHWGSIFBK-RPDRRWSUSA-N,O=c1[nH]cnc2c1NCCN2,1.0,1.0,0.0,241.251,17.0,9.0,0.0,136.29,-1.7002000000000006,6.0,7.0,2.0,2.0,0.5555555555555556,True,,No-DILI-Concern,no,False,,,
LT01746,Saquinavir mesylate,3,Warnings & precautions,vLess-DILI-concern,Unchanged,Saquinavir,CC(C)(C)NC(=O)[C@@H]1C[C@@H]2CCCC[C@@H]2CN1C[C@@H](O)[C@H](Cc1ccccc1)NC(=O)[C@H](CC(N)=O)NC(=O)c1ccc2ccccc2n1,CHEMBL114,127779-20-8,670.86,3.09,0.0,D,DILI (few cases),,"Hepatitis, Necrosis, CYP, Cholestasis/Biliary, Steatosis, Lactic acidosis, Immune-mediated, Hypersensitivity",less,,saquinavir mesylate,DILImap_metadata,CC(C)(C)NC(=O)[C@@H]1C[C@@H]2CCCC[C@@H]2CN1C[C@@H](O)[C@H](Cc1ccccc1)NC(=O)[C@H](CC(N)=O)NC(=O)c1ccc2ccccc2n1,,,True,CC(C)(C)NC(=O)[C@@H]1C[C@@H]2CCCC[C@@H]2CN1C[C@@H](O)[C@H](Cc1ccccc1)NC(=O)[C@H](CC(N)=O)NC(=O)c1ccc2ccccc2n1,QWAXKHKRTORLEM-UGJKXSETSA-N,O=C(CNC(=O)c1ccc2ccccc2n1)NC(CCN1CCC2CCCCC2C1)Cc1ccccc1,1.0,1.0,0.0,670.855,49.0,38.0,0.0,166.75,3.092400000000003,5.0,7.0,12.0,5.0,0.5,True,,Less-DILI-Concern,less,False,,,
LT03753,Sarecycline hydrochloride,0,No match,vNo-DILI-concern,New,,,,,,,,,,,,no,0.0,sarecycline hydrochloride,,CN(C)[C@H]1[C@@H]2C[C@@H]3CC4=C(C=CC(=C4C(=C3C(=O)[C@@]2(C(=C(C1=O)C(=O)N)O)O)O)O)CN(C)OC.Cl,71296095.0,JGPBDCKZLBSHOI-FIPJBXKNSA-N,True,CON(C)Cc1ccc(O)c2c1C[C@H]1C[C@H]3[C@H](N(C)C)C(=O)C(C(N)=O)=C(O)[C@@]3(O)C(=O)C1=C2O,AYUMVPHUMFKFPJ-SBAJWEJLSA-N,O=C1C=CC2C(=O)C3=Cc4ccccc4CC3CC2C1,2.0,0.9722222222222222,0.0,487.50900000000024,35.0,24.0,0.0,173.85999999999999,-0.04279999999999795,5.0,10.0,5.0,4.0,0.4583333333333333,True,,,other,False,,,PubChem_name_property
LT01321,Sargramostim,0,No match,vNo-DILI-concern,Unchanged,Sargramostim,,CHEMBL1201670,,,,0.0,E,No DILI,No DILI,,no,0.0,sargramostim,,,,,False,,,,,,,,,,,,,,,,,,False,missing_structure,No-DILI-Concern,no,False,,,
LT00667,Saxagliptin hydrochloride,0,No match,vLess-DILI-concern,Revised,Saxagliptin,N#C[C@@H]1C[C@@H]2C[C@@H]2N1C(=O)[C@@H](N)C12CC3CC(CC(O)(C3)C1)C2,CHEMBL385517,361442-04-8,315.42,1.16,0.0,E*,No DILI,No DILI,,less,,saxagliptin hydrochloride,DILImap_metadata,N#C[C@@H]1C[C@@H]2C[C@@H]2N1C(=O)[C@@H](N)C12CC3CC(CC(O)(C3)C1)C2,,,True,N#C[C@@H]1C[C@@H]2C[C@@H]2N1C(=O)[C@@H](N)C12CC3CC(CC(O)(C3)C1)C2,QGJUIPDUBHWZPV-SGTAVMJGSA-N,O=C(CC12CC3CC(CC(C3)C1)C2)N1CCC2CC21,1.0,1.0,0.0,315.4170000000001,23.0,18.0,0.0,90.35000000000001,1.157979999999999,2.0,4.0,2.0,6.0,0.8888888888888888,True,,No-DILI-Concern,no,False,,,
LT01974,Scopolamine,0,No match,vNo-DILI-concern,Unchanged,Scopolamine,CN1[C@@H]2C[C@@H](OC(=O)[C@H](CO)c3ccccc3)C[C@H]1[C@@H]1O[C@@H]12,CHEMBL569713,114-49-8,303.36,0.92,0.0,E,No DILI,No DILI,,no,0.0,scopolamine,DILImap_metadata,CN1[C@@H]2C[C@@H](OC(=O)[C@H](CO)c3ccccc3)C[C@H]1[C@@H]1O[C@@H]12,,,True,CN1[C@@H]2C[C@@H](OC(=O)[C@H](CO)c3ccccc3)C[C@H]1[C@@H]1O[C@@H]12,STECJAGHUSJQJN-FWXGHANASA-N,O=C(Cc1ccccc1)OC1CC2NC(C1)C1OC21,1.0,1.0,0.0,303.358,22.0,17.0,0.0,62.3,0.9180999999999995,1.0,5.0,4.0,4.0,0.5882352941176471,True,,No-DILI-Concern,no,False,,,
LT03143,Secnidazole,7,Adverse reactions,Ambiguous-DILI-concern,New,,,,,,,,,,,,ambiguous,,secnidazole,,CC1=NC=C(N1CC(C)O)[N+](=O)[O-],71815.0,KPQZUUQMTUIKBP-UHFFFAOYSA-N,True,Cc1ncc([N+](=O)[O-])n1CC(C)O,KPQZUUQMTUIKBP-UHFFFAOYSA-N,c1c[nH]cn1,1.0,1.0,0.0,185.183,13.0,7.0,0.0,81.19,0.4805199999999999,1.0,4.0,3.0,1.0,0.5714285714285714,True,,,other,False,,,PubChem_name_property
LT00624,Secobarbital sodium,3,Warnings & precautions,Ambiguous-DILI-concern,Unchanged,Secobarbital,C=CCC1(C(C)CCC)C(=O)NC(=O)NC1=O,CHEMBL447,,238.29,1.35,0.0,E,No DILI,No DILI,,ambiguous,,secobarbital sodium,DILImap_metadata,C=CCC1(C(C)CCC)C(=O)NC(=O)NC1=O,,,True,C=CCC1(C(C)CCC)C(=O)NC(=O)NC1=O,KQPKPCNLIDLUMF-UHFFFAOYSA-N,O=C1CC(=O)NC(=O)N1,1.0,1.0,0.0,238.28699999999998,17.0,12.0,0.0,75.27000000000001,1.3510999999999997,2.0,3.0,5.0,1.0,0.5833333333333334,True,,Ambiguous DILI-concern,ambiguous,False,,,
LT00355,Secretin synthetic human,0,No match,vNo-DILI-concern,Unchanged,Secretin,CC(C)C[C@H](NC(=O)CNC(=O)[C@H](CCC(N)=O)NC(=O)[C@H](CC(C)C)NC(=O)[C@H](CC(C)C)NC(=O)[C@H](CCCNC(=N)N)NC(=O)[C@H](CCC(N)=O)NC(=O)[C@H](CC(C)C)NC(=O)[C@H](CCCNC(=N)N)NC(=O)[C@H](C)NC(=O)CNC(=O)[C@H](CCC(=O)O)NC(=O)[C@H](CCCNC(=N)N)NC(=O)[C@H](CC(C)C)NC(=O)[C@H](CCCNC(=N)N)NC(=O)[C@H](CO)NC(=O)[C@H](CC(C)C)NC(=O)[C@H](CCC(=O)O)NC(=O)[C@H](CO)NC(=O)[C@@H](NC(=O)[C@H](Cc1ccccc1)NC(=O)[C@@H](NC(=O)CNC(=O)[C@H](CC(=O)O)NC(=O)[C@H](CO)NC(=O)[C@@H](N)Cc1cnc[nH]1)[C@@H](C)O)[C@@H](C)O)C(=O)N[C@H](C(N)=O)C(C)C,CHEMBL3039582,,3039.46,,0.0,,No DILI,No DILI,,no,0.0,secretin synthetic human,DILImap_metadata,CC(C)C[C@H](NC(=O)CNC(=O)[C@H](CCC(N)=O)NC(=O)[C@H](CC(C)C)NC(=O)[C@H](CC(C)C)NC(=O)[C@H](CCCNC(=N)N)NC(=O)[C@H](CCC(N)=O)NC(=O)[C@H](CC(C)C)NC(=O)[C@H](CCCNC(=N)N)NC(=O)[C@H](C)NC(=O)CNC(=O)[C@H](CCC(=O)O)NC(=O)[C@H](CCCNC(=N)N)NC(=O)[C@H](CC(C)C)NC(=O)[C@H](CCCNC(=N)N)NC(=O)[C@H](CO)NC(=O)[C@H](CC(C)C)NC(=O)[C@H](CCC(=O)O)NC(=O)[C@H](CO)NC(=O)[C@@H](NC(=O)[C@H](Cc1ccccc1)NC(=O)[C@@H](NC(=O)CNC(=O)[C@H](CC(=O)O)NC(=O)[C@H](CO)NC(=O)[C@@H](N)Cc1cnc[nH]1)[C@@H](C)O)[C@@H](C)O)C(=O)N[C@H](C(N)=O)C(C)C,,,True,CC(C)C[C@H](NC(=O)CNC(=O)[C@H](CCC(N)=O)NC(=O)[C@H](CC(C)C)NC(=O)[C@H](CC(C)C)NC(=O)[C@H](CCCNC(=N)N)NC(=O)[C@H](CCC(N)=O)NC(=O)[C@H](CC(C)C)NC(=O)[C@H](CCCNC(=N)N)NC(=O)[C@H](C)NC(=O)CNC(=O)[C@H](CCC(=O)O)NC(=O)[C@H](CCCNC(=N)N)NC(=O)[C@H](CC(C)C)NC(=O)[C@H](CCCNC(=N)N)NC(=O)[C@H](CO)NC(=O)[C@H](CC(C)C)NC(=O)[C@H](CCC(=O)O)NC(=O)[C@H](CO)NC(=O)[C@@H](NC(=O)[C@H](Cc1ccccc1)NC(=O)[C@@H](NC(=O)CNC(=O)[C@H](CC(=O)O)NC(=O)[C@H](CO)NC(=O)[C@@H](N)Cc1cnc[nH]1)[C@@H](C)O)[C@@H](C)O)C(=O)N[C@H](C(N)=O)C(C)C,OWMZNFCDEHGFEP-NFBCVYDUSA-N,O=C(CCc1cnc[nH]1)NCC(=O)NCC(=O)NCC(=O)NCC(=O)NCCc1ccccc1,1.0,1.0,0.0,3039.457999999991,214.0,130.0,0.0,1401.2199999999996,-17.01412000000013,51.0,43.0,105.0,2.0,0.6538461538461539,False,mw_above_1000;heavy_atoms_above_80;structure_too_large,No-DILI-Concern,no,False,,,
LT01749,Selegiline hydrochloride,0,No match,vNo-DILI-concern,Unchanged,Selegiline,C#CCN(C)[C@H](C)Cc1ccccc1,CHEMBL972,,187.29,2.18,0.0,E*,No DILI,No DILI,,no,0.0,selegiline hydrochloride,DILImap_metadata,C#CCN(C)[C@H](C)Cc1ccccc1,,,True,C#CCN(C)[C@H](C)Cc1ccccc1,MEZLKOACVSPNER-GFCCVEGCSA-N,c1ccccc1,1.0,1.0,0.0,187.286,14.0,13.0,0.0,3.24,2.1826,0.0,1.0,4.0,1.0,0.38461538461538464,True,,No-DILI-Concern,no,False,,,
LT03754,Selenious acid,3,Warnings & precautions,Ambiguous-DILI-concern,New,,,,,,,,,,,,ambiguous,,selenious acid,,O[Se](=O)O,1091.0,MCAHWIHFGHIESP-UHFFFAOYSA-N,True,O=[Se](O)O,MCAHWIHFGHIESP-UHFFFAOYSA-N,,1.0,1.0,0.0,128.97299999999998,4.0,0.0,0.0,57.53,-1.6136000000000001,2.0,1.0,0.0,0.0,0.0,False,no_carbon,,other,False,,,PubChem_name_property
LT03755,Selexipag,0,No match,vNo-DILI-concern,New,,,,,,,,,,,,no,0.0,selexipag,,CC(C)N(CCCCOCC(=O)NS(=O)(=O)C)C1=CN=C(C(=N1)C2=CC=CC=C2)C3=CC=CC=C3,9913767.0,QXWZQTURMXZVHJ-UHFFFAOYSA-N,True,CC(C)N(CCCCOCC(=O)NS(C)(=O)=O)c1cnc(-c2ccccc2)c(-c2ccccc2)n1,QXWZQTURMXZVHJ-UHFFFAOYSA-N,c1ccc(-c2nccnc2-c2ccccc2)cc1,1.0,1.0,0.0,496.6330000000002,35.0,26.0,0.0,101.49000000000001,3.8980000000000032,1.0,7.0,12.0,3.0,0.34615384615384615,True,,,other,False,,,PubChem_name_property
LT03756,Selinexor,4,Adverse reactions,Ambiguous-DILI-concern,New,,,,,,,,,,,,ambiguous,,selinexor,,C1=CN=C(C=N1)NNC(=O)/C=C\N2C=NC(=N2)C3=CC(=CC(=C3)C(F)(F)F)C(F)(F)F,71481097.0,DEVSOMFAQLZNKR-RJRFIUFISA-N,True,O=C(/C=C\n1cnc(-c2cc(C(F)(F)F)cc(C(F)(F)F)c2)n1)NNc1cnccn1,DEVSOMFAQLZNKR-RJRFIUFISA-N,O=C(C=Cn1cnc(-c2ccccc2)n1)NNc1cnccn1,1.0,1.0,0.0,443.31100000000004,31.0,17.0,0.0,97.62,3.386700000000001,2.0,6.0,5.0,3.0,0.11764705882352941,True,,,other,False,,,PubChem_name_property
LT03757,Selpercatinib,3,Warnings & precautions,Ambiguous-DILI-concern,New,,,,,,,,,,,,ambiguous,,selpercatinib,,CC(C)(COC1=CN2C(=C(C=N2)C#N)C(=C1)C3=CN=C(C=C3)N4CC5CC(C4)N5CC6=CN=C(C=C6)OC)O,134436906.0,XIIOFHFUYBLOLW-UHFFFAOYSA-N,True,COc1ccc(CN2C3CC2CN(c2ccc(-c4cc(OCC(C)(C)O)cn5ncc(C#N)c45)cn2)C3)cn1,XIIOFHFUYBLOLW-UHFFFAOYSA-N,c1cncc(CN2C3CC2CN(c2ccc(-c4cccn5nccc45)cn2)C3)c1,1.0,1.0,0.0,525.6130000000004,39.0,29.0,0.0,112.04,3.284380000000002,1.0,9.0,8.0,7.0,0.3793103448275862,True,,,other,False,,,PubChem_name_property
LT03758,Selumetinib sulfate,3,Adverse reactions,Ambiguous-DILI-concern,New,,,,,,,,,,,,ambiguous,,selumetinib sulfate,,CN1C=NC2=C1C=C(C(=C2F)NC3=C(C=C(C=C3)Br)Cl)C(=O)NOCCO.OS(=O)(=O)O,16214875.0,GRKFGZYYYYISDX-UHFFFAOYSA-N,True,Cn1cnc2c(F)c(Nc3ccc(Br)cc3Cl)c(C(=O)NOCCO)cc21,CYOHGALHFOKKQC-UHFFFAOYSA-N,c1ccc(Nc2ccc3[nH]cnc3c2)cc1,2.0,0.84375,0.0,457.6870000000001,27.0,17.0,0.0,88.41000000000001,3.525600000000001,3.0,5.0,6.0,3.0,0.17647058823529413,True,,,other,False,,,PubChem_name_property
LT03759,Semaglutide,0,No match,vLess-DILI-concern,New,,,,,,,,,,,,less,,semaglutide,,CC[C@H](C)[C@@H](C(=O)N[C@@H](C)C(=O)N[C@@H](CC1=CNC2=CC=CC=C21)C(=O)N[C@@H](CC(C)C)C(=O)N[C@@H](C(C)C)C(=O)N[C@@H](CCCNC(=N)N)C(=O)NCC(=O)N[C@@H](CCCNC(=N)N)C(=O)NCC(=O)O)NC(=O)[C@H](CC3=CC=CC=C3)NC(=O)[C@H](CCC(=O)O)NC(=O)[C@H](CCCCNC(=O)COCCOCCNC(=O)COCCOCCNC(=O)CC[C@H](C(=O)O)NC(=O)CCCCCCCCCCCCCCCCC(=O)O)NC(=O)[C@H](C)NC(=O)[C@H](C)NC(=O)[C@H](CCC(=O)N)NC(=O)CNC(=O)[C@H](CCC(=O)O)NC(=O)[C@H](CC(C)C)NC(=O)[C@H](CC4=CC=C(C=C4)O)NC(=O)[C@H](CO)NC(=O)[C@H](CO)NC(=O)[C@H](C(C)C)NC(=O)[C@H](CC(=O)O)NC(=O)[C@H](CO)NC(=O)[C@H]([C@@H](C)O)NC(=O)[C@H](CC5=CC=CC=C5)NC(=O)[C@H]([C@@H](C)O)NC(=O)CNC(=O)[C@H](CCC(=O)O)NC(=O)C(C)(C)NC(=O)[C@H](CC6=CN=CN6)N,56843331.0,DLSWIYLPEUIQAV-CCUURXOWSA-N,True,CC[C@H](C)[C@H](NC(=O)[C@H](Cc1ccccc1)NC(=O)[C@H](CCC(=O)O)NC(=O)[C@H](CCCCNC(=O)COCCOCCNC(=O)COCCOCCNC(=O)CC[C@@H](NC(=O)CCCCCCCCCCCCCCCCC(=O)O)C(=O)O)NC(=O)[C@H](C)NC(=O)[C@H](C)NC(=O)[C@H](CCC(N)=O)NC(=O)CNC(=O)[C@H](CCC(=O)O)NC(=O)[C@H](CC(C)C)NC(=O)[C@H](Cc1ccc(O)cc1)NC(=O)[C@H](CO)NC(=O)[C@H](CO)NC(=O)[C@@H](NC(=O)[C@H](CC(=O)O)NC(=O)[C@H](CO)NC(=O)[C@@H](NC(=O)[C@H](Cc1ccccc1)NC(=O)[C@@H](NC(=O)CNC(=O)[C@H](CCC(=O)O)NC(=O)C(C)(C)NC(=O)[C@@H](N)Cc1cnc[nH]1)[C@@H](C)O)[C@@H](C)O)C(C)C)C(=O)N[C@@H](C)C(=O)N[C@@H](Cc1c[nH]c2ccccc12)C(=O)N[C@@H](CC(C)C)C(=O)N[C@H](C(=O)N[C@@H](CCCNC(=N)N)C(=O)NCC(=O)N[C@@H](CCCNC(=N)N)C(=O)NCC(=O)O)C(C)C,DLSWIYLPEUIQAV-CCUURXOWSA-N,O=C(CCc1cnc[nH]1)NCC(=O)NCC(=O)NCC(=O)NCC(=O)NC(Cc1ccccc1)C(=O)NCC(=O)NCC(=O)NCC(=O)NCC(=O)NCC(=O)NCC(=O)NC(Cc1ccccc1)C(=O)NCC(=O)NCC(=O)NCC(=O)NCC(=O)NCC(=O)NCC(=O)NCC(=O)NCC(=O)NC(Cc1ccccc1)C(=O)NCC(=O)NCC(=O)NCCc1c[nH]c2ccccc12,1.0,1.0,0.0,4113.640999999981,291.0,187.0,0.0,1646.1799999999994,-11.627860000000188,57.0,56.0,149.0,6.0,0.6096256684491979,False,mw_above_1000;heavy_atoms_above_80;structure_too_large,,other,False,,,PubChem_name_property
LT00625,Sertraline hydrochloride,3,Adverse reactions,vLess-DILI-concern,Unchanged,Sertraline,CN[C@H]1CC[C@@H](c2ccc(Cl)c(Cl)c2)c2ccccc21,CHEMBL809,79559-97-0,306.24,5.18,0.0,B,DILI (likely),DILI,"CYP, Cholestasis/Biliary, Immune-mediated, Hypersensitivity",less,,sertraline hydrochloride,DILImap_metadata,CN[C@H]1CC[C@@H](c2ccc(Cl)c(Cl)c2)c2ccccc21,,,True,CN[C@H]1CC[C@@H](c2ccc(Cl)c(Cl)c2)c2ccccc21,VGKDLMBJGBXTGI-SJCJKPOMSA-N,c1ccc(C2CCCc3ccccc32)cc1,1.0,1.0,0.0,306.236,20.0,17.0,0.0,12.03,5.179600000000004,1.0,1.0,2.0,3.0,0.29411764705882354,True,,Less-DILI-Concern,less,False,,,
LT03760,Setmelanotide acetate,0,No match,vNo-DILI-concern,New,,,,,,,,,,,,no,0.0,setmelanotide acetate,,C[C@@H]1C(=O)N[C@H](C(=O)N[C@@H](C(=O)N[C@H](C(=O)N[C@H](C(=O)N[C@@H](CSSC[C@@H](C(=O)N1)NC(=O)[C@H](CCCN=C(N)N)NC(=O)C)C(=O)N)CC2=CNC3=CC=CC=C32)CCCN=C(N)N)CC4=CC=CC=C4)CC5=CN=CN5.CC(=O)O.CC(=O)O.CC(=O)O,155491122.0,PILXXDANZBQUJH-AKVBKPKISA-N,True,CC(=O)N[C@@H](CCCN=C(N)N)C(=O)N[C@H]1CSSC[C@@H](C(N)=O)NC(=O)[C@H](Cc2c[nH]c3ccccc23)NC(=O)[C@H](CCCN=C(N)N)NC(=O)[C@@H](Cc2ccccc2)NC(=O)[C@H](Cc2cnc[nH]2)NC(=O)[C@@H](C)NC1=O,HDHDTKMUACZDAA-PHNIDTBTSA-N,O=C1CCSSCCNC(=O)C(Cc2c[nH]c3ccccc23)NC(=O)CNC(=O)C(Cc2ccccc2)NC(=O)C(Cc2cnc[nH]2)NC(=O)CN1,4.0,0.8666666666666667,0.0,1117.3339999999992,78.0,49.0,0.0,449.15999999999997,-3.1754000000000193,15.0,14.0,18.0,5.0,0.42857142857142855,False,mw_above_1000,,other,False,,,PubChem_name_property
LT01039,Sevelamer hydrochloride,0,No match,vNo-DILI-concern,Unchanged,Sevelamer,C=CCN.ClCC1CO1,CHEMBL1201798,,149.62,,0.0,,No DILI,No DILI,,no,0.0,sevelamer hydrochloride,DILImap_metadata,C=CCN.ClCC1CO1,,,True,C=CCN,VVJKKWFAADXIJK-UHFFFAOYSA-N,,2.0,0.4444444444444444,0.0,57.09599999999999,4.0,3.0,0.0,26.02,0.1311000000000001,1.0,1.0,1.0,0.0,0.3333333333333333,True,,No-DILI-Concern,no,False,,,
LT00988,Sibutramine hydrochloride,4,Adverse reactions,vLess-DILI-concern,Unchanged,Sibutramine,CC(C)CC(N(C)C)C1(c2ccc(Cl)cc2)CCC1,CHEMBL1419,,279.86,4.74,0.0,D,DILI (few cases),,"Hepatitis, CYP, Cholestasis/Biliary, Steatosis, Fibrosis, Immune-mediated, Hypersensitivity",less,,sibutramine hydrochloride,DILImap_metadata,CC(C)CC(N(C)C)C1(c2ccc(Cl)cc2)CCC1,,,True,CC(C)CC(N(C)C)C1(c2ccc(Cl)cc2)CCC1,UNAANXDKBXWMLN-UHFFFAOYSA-N,c1ccc(C2CCC2)cc1,1.0,1.0,0.0,279.8550000000001,19.0,17.0,0.0,3.24,4.738000000000005,0.0,1.0,5.0,2.0,0.6470588235294118,True,,Less-DILI-Concern,less,False,,,
LT01033,Sildenafil citrate,3,Adverse reactions,vLess-DILI-concern,Unchanged,Sildenafil,CCCc1nn(C)c2c(=O)[nH]c(-c3cc(S(=O)(=O)N4CCN(C)CC4)ccc3OCC)nc12,CHEMBL192,171599-83-0,474.59,1.61,0.0,C,DILI (few cases),,"Hepatitis, CYP, Cholestasis/Biliary, Immune-mediated, Hypersensitivity, idiosyncratic",less,,sildenafil citrate,DILImap_metadata,CCCc1nn(C)c2c(=O)[nH]c(-c3cc(S(=O)(=O)N4CCN(C)CC4)ccc3OCC)nc12,,,True,CCCc1nn(C)c2c(=O)[nH]c(-c3cc(S(=O)(=O)N4CCN(C)CC4)ccc3OCC)nc12,BNRNXUUZRGQAQC-UHFFFAOYSA-N,O=c1[nH]c(-c2cccc(S(=O)(=O)N3CCNCC3)c2)nc2cn[nH]c12,1.0,1.0,0.0,474.5870000000004,33.0,22.0,0.0,113.41999999999999,1.6109,1.0,7.0,7.0,4.0,0.5,True,,Less-DILI-Concern,less,False,,,
LT00656,Silodosin,3,Adverse reactions,Ambiguous-DILI-concern,Unchanged,Silodosin,C[C@H](Cc1cc2c(c(C(N)=O)c1)N(CCCO)CC2)NCCOc1ccccc1OCC(F)(F)F,CHEMBL24778,160970-54-7,495.54,3.07,0.0,E*,No DILI,No DILI,,ambiguous,,silodosin,DILImap_metadata,C[C@H](Cc1cc2c(c(C(N)=O)c1)N(CCCO)CC2)NCCOc1ccccc1OCC(F)(F)F,,,True,C[C@H](Cc1cc2c(c(C(N)=O)c1)N(CCCO)CC2)NCCOc1ccccc1OCC(F)(F)F,PNCPYILNMDWPEY-QGZVFWFLSA-N,c1ccc(OCCNCCc2ccc3c(c2)CCN3)cc1,1.0,1.0,0.0,495.5420000000002,35.0,25.0,0.0,97.05000000000001,3.0711000000000013,3.0,6.0,13.0,3.0,0.48,True,,Ambiguous DILI-concern,ambiguous,False,,,
LT02171,Simethicone-cellulose,0,No match,vNo-DILI-concern,Unchanged,Simethicone,,CHEMBL4297192,,,,0.0,,No DILI,No DILI,,no,0.0,simethicone cellulose,,,,,False,,,,,,,,,,,,,,,,,,False,missing_structure,No-DILI-Concern,no,False,,,
LT00142,Simvastatin,3,Warnings & precautions,vLess-DILI-concern,Unchanged,Simvastatin,CCC(C)(C)C(=O)O[C@H]1C[C@@H](C)C=C2C=C[C@H](C)[C@H](CC[C@@H]3C[C@@H](O)CC(=O)O3)[C@H]21,CHEMBL1064,79902-63-9,418.57,4.59,1.0,A,DILI (likely),DILI,"Hepatitis, CYP, Cholestasis/Biliary, Immune-mediated, Hypersensitivity",less,,simvastatin,DILImap_metadata,CCC(C)(C)C(=O)O[C@H]1C[C@@H](C)C=C2C=C[C@H](C)[C@H](CC[C@@H]3C[C@@H](O)CC(=O)O3)[C@H]21,,,True,CCC(C)(C)C(=O)O[C@H]1C[C@@H](C)C=C2C=C[C@H](C)[C@H](CC[C@@H]3C[C@@H](O)CC(=O)O3)[C@H]21,RYMZZMVNJRMUDD-HGQWONQESA-N,O=C1CCCC(CCC2CC=CC3=CCCCC32)O1,1.0,1.0,0.0,418.57400000000024,30.0,25.0,0.0,72.83,4.585600000000005,1.0,5.0,6.0,3.0,0.76,True,,Less-DILI-Concern,less,False,0.023890867,,
LT00350,Sincalide,0,No match,vNo-DILI-concern,Unchanged,Sincalide,CSCC[C@H](NC(=O)[C@H](Cc1ccc(OS(=O)(=O)O)cc1)NC(=O)[C@@H](N)CC(=O)O)C(=O)NCC(=O)N[C@@H](Cc1c[nH]c2ccccc12)C(=O)N[C@@H](CCSC)C(=O)N[C@@H](CC(=O)O)C(=O)N[C@@H](Cc1ccccc1)C(N)=O,CHEMBL1121,,1143.29,,0.0,,No DILI,No DILI,,no,0.0,sincalide,DILImap_metadata,CSCC[C@H](NC(=O)[C@H](Cc1ccc(OS(=O)(=O)O)cc1)NC(=O)[C@@H](N)CC(=O)O)C(=O)NCC(=O)N[C@@H](Cc1c[nH]c2ccccc12)C(=O)N[C@@H](CCSC)C(=O)N[C@@H](CC(=O)O)C(=O)N[C@@H](Cc1ccccc1)C(N)=O,,,True,CSCC[C@H](NC(=O)[C@H](Cc1ccc(OS(=O)(=O)O)cc1)NC(=O)[C@@H](N)CC(=O)O)C(=O)NCC(=O)N[C@@H](Cc1c[nH]c2ccccc12)C(=O)N[C@@H](CCSC)C(=O)N[C@@H](CC(=O)O)C(=O)N[C@@H](Cc1ccccc1)C(N)=O,IZTQOLKUZKXIRV-YRVFCXMDSA-N,O=C(CCc1ccccc1)NCC(=O)NCC(=O)NC(Cc1c[nH]c2ccccc12)C(=O)NCC(=O)NCC(=O)NCCc1ccccc1,1.0,1.0,0.0,1143.29,78.0,49.0,0.0,426.7999999999999,-1.3294000000000055,13.0,16.0,33.0,4.0,0.3877551020408163,False,mw_above_1000,No-DILI-Concern,no,False,,,
LT03761,Siponimod,3,Warnings & precautions,Ambiguous-DILI-concern,New,,,,,,,,,,,,ambiguous,,siponimod,,CCC1=C(C=CC(=C1)/C(=N/OCC2=CC(=C(C=C2)C3CCCCC3)C(F)(F)F)/C)CN4CC(C4)C(=O)O,44599207.0,KIHYPELVXPAIDH-HNSNBQBZSA-N,True,CCc1cc(/C(C)=N/OCc2ccc(C3CCCCC3)c(C(F)(F)F)c2)ccc1CN1CC(C(=O)O)C1,KIHYPELVXPAIDH-HNSNBQBZSA-N,C(=NOCc1ccc(C2CCCCC2)cc1)c1ccc(CN2CCC2)cc1,1.0,1.0,0.0,516.6040000000004,37.0,29.0,0.0,62.129999999999995,6.772700000000007,1.0,4.0,9.0,4.0,0.5172413793103449,True,,,other,False,,,PubChem_name_property
LT00443,Sirolimus,8,Adverse reactions,vLess-DILI-concern,Unchanged,Sirolimus,CO[C@H]1C[C@@H]2CC[C@@H](C)[C@@](O)(O2)C(=O)C(=O)N2CCCC[C@H]2C(=O)O[C@H]([C@H](C)C[C@@H]2CC[C@@H](O)[C@H](OC)C2)CC(=O)[C@H](C)/C=C(\C)[C@@H](O)[C@@H](OC)C(=O)[C@H](C)C[C@H](C)/C=C/C=C/C=C/1C,CHEMBL413,53123-88-9,914.19,6.18,0.0,C,DILI (few cases),,"Hepatitis, CYP, Cholestasis/Biliary, Immune-mediated, Hypersensitivity",less,,sirolimus,DILImap_metadata,CO[C@H]1C[C@@H]2CC[C@@H](C)[C@@](O)(O2)C(=O)C(=O)N2CCCC[C@H]2C(=O)O[C@H]([C@H](C)C[C@@H]2CC[C@@H](O)[C@H](OC)C2)CC(=O)[C@H](C)/C=C(\C)[C@@H](O)[C@@H](OC)C(=O)[C@H](C)C[C@H](C)/C=C/C=C/C=C/1C,,,True,CO[C@H]1C[C@@H]2CC[C@@H](C)[C@@](O)(O2)C(=O)C(=O)N2CCCC[C@H]2C(=O)O[C@H]([C@H](C)C[C@@H]2CC[C@@H](O)[C@H](OC)C2)CC(=O)[C@H](C)/C=C(\C)[C@@H](O)[C@@H](OC)C(=O)[C@H](C)C[C@H](C)/C=C/C=C/C=C/1C,QFJCIRLUMZQUOT-HPLJOQBZSA-N,O=C1CCC=CCC(=O)CC(CCC2CCCCC2)OC(=O)C2CCCCN2C(=O)C(=O)C2CCCC(CCC=CC=CC=CCCC1)O2,1.0,1.0,0.0,914.187,65.0,51.0,0.0,195.42999999999995,6.180600000000006,3.0,13.0,6.0,4.0,0.7450980392156863,True,,Less-DILI-Concern,less,False,,,
LT01251,Sitagliptin phosphate,4,Adverse reactions,vLess-DILI-concern,Unchanged,Sitagliptin,N[C@@H](CC(=O)N1CCn2c(nnc2C(F)(F)F)C1)Cc1cc(F)c(F)cc1F,CHEMBL1422,654671-77-9,407.32,2.02,0.0,D,DILI (few cases),,"Hepatitis, CYP, Immune-mediated, Hypersensitivity",less,,sitagliptin phosphate,DILImap_metadata,N[C@@H](CC(=O)N1CCn2c(nnc2C(F)(F)F)C1)Cc1cc(F)c(F)cc1F,,,True,N[C@@H](CC(=O)N1CCn2c(nnc2C(F)(F)F)C1)Cc1cc(F)c(F)cc1F,MFFMDFFZMYYVKS-SECBINFHSA-N,O=C(CCCc1ccccc1)N1CCn2cnnc2C1,1.0,1.0,0.0,407.31800000000015,28.0,16.0,0.0,77.04,2.0164999999999997,1.0,4.0,4.0,3.0,0.4375,True,,Less-DILI-Concern,less,False,,,
LT02449,Sitaxsentan,8,Withdrawn,vMost-DILI-concern,Unchanged,Sitaxsentan,Cc1cc2c(cc1CC(=O)c1sccc1S(=O)(=O)Nc1onc(C)c1Cl)OCO2,CHEMBL282724,,454.91,3.96,0.0,,DILI (withdrawn),DILI,idiosyncratic (manual annotation),most,1.0,sitaxsentan,DILImap_metadata,Cc1cc2c(cc1CC(=O)c1sccc1S(=O)(=O)Nc1onc(C)c1Cl)OCO2,,,True,Cc1cc2c(cc1CC(=O)c1sccc1S(=O)(=O)Nc1onc(C)c1Cl)OCO2,PHWXUGHIIBDVKD-UHFFFAOYSA-N,O=C(Cc1ccc2c(c1)OCO2)c1sccc1S(=O)(=O)Nc1ccno1,1.0,1.0,0.0,454.91300000000024,29.0,18.0,0.0,107.73,3.9612400000000028,1.0,8.0,6.0,4.0,0.2222222222222222,True,,Most-DILI-Concern,most,False,28.5888546933391,,
LT02337,Sodium bicarbonate,0,No match,vNo-DILI-concern,Unchanged,Sodium bicarbonate,O=C([O-])O.[Na+],CHEMBL1353,,84.01,,0.0,,No DILI,No DILI,,no,0.0,sodium bicarbonate,DILImap_metadata,O=C([O-])O.[Na+],,,True,O=C(O)O,BVKZGUZCCUSVTD-UHFFFAOYSA-N,,2.0,0.8,0.0,62.02400000000001,4.0,1.0,0.0,57.53,0.2224,2.0,1.0,0.0,0.0,0.0,True,,No-DILI-Concern,no,False,,,
LT03914,Sodium fluoride f-18,0,No match,vNo-DILI-concern,New,,,,,,,,,,,,no,0.0,sodium fluoride f 18,,[18F-].[Na+],23690531.0,PUZPDOWCWNUUKD-ULWFUOSBSA-M,True,[Na+],FKNQFGJONOIPTF-UHFFFAOYSA-N,,2.0,0.5,1.0,22.99,1.0,0.0,1.0,0.0,-2.996,0.0,0.0,0.0,0.0,0.0,False,no_carbon;metal_containing;mw_below_40,,other,False,,,PubChem_name_property
LT00330,Sodium lactate,0,No match,vNo-DILI-concern,Unchanged,Sodium lactate,CC(O)C(=O)[O-].[Na+],CHEMBL1357,,112.06,,0.0,,No DILI,No DILI,,no,0.0,sodium lactate,DILImap_metadata,CC(O)C(=O)[O-].[Na+],,,True,CC(O)C(=O)O,JVTAAEKCZFNVCJ-UHFFFAOYSA-N,,2.0,0.8571428571428571,0.0,90.07799999999999,6.0,3.0,0.0,57.53,-0.5482,2.0,2.0,1.0,0.0,0.6666666666666666,True,,No-DILI-Concern,no,False,,,
LT00880,Sodium nitroprusside,0,No match,vNo-DILI-concern,Unchanged,Nitroprusside,,CHEMBL2097081,,215.94,,0.0,E,No DILI,No DILI,,no,0.0,sodium nitroprusside,,[C-]#N.[C-]#N.[C-]#N.[C-]#N.[C-]#N.[N-]=O.O.O.[Na+].[Na+].[Fe+4],11953895.0,XRKMNJXYOFSTBE-UHFFFAOYSA-N,True,O,XLYOFNOQVPJJNP-UHFFFAOYSA-N,,11.0,0.058823529411764705,0.0,18.015,1.0,0.0,0.0,31.5,-0.8247,0.0,0.0,0.0,0.0,0.0,False,no_carbon;mw_below_40,No-DILI-Concern,no,False,,,PubChem_name_property
LT00480,Sodium oxybate,0,No match,vNo-DILI-concern,Unchanged,Gamma hydroxybutyric acid,,,202402-01-5,,,,,No DILI,No DILI,,no,0.0,sodium oxybate,,COCCCC(=O)NCC1=CC=C(C=C1)C(F)(F)F,10221200.0,QLZOWJNFLXSDSH-UHFFFAOYSA-N,True,COCCCC(=O)NCc1ccc(C(F)(F)F)cc1,QLZOWJNFLXSDSH-UHFFFAOYSA-N,c1ccccc1,1.0,1.0,0.0,275.27,19.0,13.0,0.0,38.33,2.7482000000000006,1.0,2.0,6.0,1.0,0.46153846153846156,True,,No-DILI-Concern,no,False,,,PubChem_name_property
LT02343,Sodium phenylbutyrate,4,Adverse reactions,Ambiguous-DILI-concern,Unchanged,4-phenylbutyric acid,,,1821-12-1,,,,,,,,ambiguous,,sodium phenylbutyrate,,C1=CC=C(C=C1)CCCC(=O)O,4775.0,OBKXEAXTFZPCHS-UHFFFAOYSA-N,True,O=C(O)CCCc1ccccc1,OBKXEAXTFZPCHS-UHFFFAOYSA-N,c1ccccc1,1.0,1.0,0.0,164.20399999999998,12.0,10.0,0.0,37.3,2.0939,1.0,1.0,4.0,1.0,0.3,True,,Ambiguous DILI-concern,ambiguous,False,,,PubChem_name_property
LT00801,Sodium polystyrene sulfonate,0,No match,vNo-DILI-concern,Unchanged,Sodium polystyrene sulfonate,,CHEMBL1201484,,,,0.0,,No DILI,No DILI,,no,0.0,sodium polystyrene sulfonate,,,,,False,,,,,,,,,,,,,,,,,,False,missing_structure,No-DILI-Concern,no,False,,,
LT00439,Sodium thiosulfate,0,No match,vNo-DILI-concern,Unchanged,Sodium thiosulfate,,,,,,,,No DILI,No DILI,,no,0.0,sodium thiosulfate,,[O-]S(=O)(=S)[O-].[Na+].[Na+],24477.0,AKHNMLFCWUSKQB-UHFFFAOYSA-L,True,O=S(O)(O)=S,DHCDFWKWKRSZHF-UHFFFAOYSA-N,,3.0,0.7142857142857143,0.0,114.14699999999998,5.0,0.0,0.0,57.53,-0.3213,2.0,2.0,0.0,0.0,0.0,False,no_carbon,No-DILI-Concern,no,False,,,PubChem_name_property
LT03762,Sodium zirconium cyclosilicate,0,No match,vNo-DILI-concern,New,,,,,,,,,,,,no,0.0,sodium zirconium cyclosilicate,,[O-][Si]1(O[Si](O[Si](O1)([O-])[O-])([O-])[O-])[O-].[Na+].[Na+].[Zr+4],155804812.0,QMLIRKACNOVYNW-UHFFFAOYSA-N,True,O[Si]1(O)O[Si](O)(O)O[Si](O)(O)O1,WWKQZIMLZGFMEC-UHFFFAOYSA-N,O1[SiH2]O[SiH2]O[SiH2]1,4.0,0.8,0.0,234.297,12.0,0.0,0.0,149.07,-4.689599999999999,6.0,9.0,0.0,1.0,0.0,False,no_carbon,,other,False,,,PubChem_name_property
LT02901,Sofosbuvir,0,No match,vNo-DILI-concern,New,,,,,,,,,,,,no,0.0,sofosbuvir,,C[C@@H](C(=O)OC(C)C)N[P@](=O)(OC[C@@H]1[C@H]([C@@]([C@@H](O1)N2C=CC(=O)NC2=O)(C)F)O)OC3=CC=CC=C3,45375808.0,TTZHDVOVKQGIBA-IQWMDFIBSA-N,True,CC(C)OC(=O)[C@H](C)N[P@](=O)(OC[C@H]1O[C@@H](n2ccc(=O)[nH]c2=O)[C@](C)(F)[C@@H]1O)Oc1ccccc1,TTZHDVOVKQGIBA-IQWMDFIBSA-N,O=c1ccn(C2CCC(CO[PH](=O)Oc3ccccc3)O2)c(=O)[nH]1,1.0,1.0,0.0,529.4580000000002,36.0,22.0,0.0,158.17999999999995,1.6564999999999994,3.0,9.0,10.0,3.0,0.5,True,,,other,False,,,PubChem_name_property
LT01191,Solifenacin succinate,3,Adverse reactions,vLess-DILI-concern,Revised,Solifenacin,O=C(O[C@H]1CN2CCC1CC2)N1CCc2ccccc2[C@@H]1c1ccccc1,CHEMBL1734,242478-37-1,362.47,3.86,0.0,E,No DILI,No DILI,,less,,solifenacin succinate,DILImap_metadata,O=C(O[C@H]1CN2CCC1CC2)N1CCc2ccccc2[C@@H]1c1ccccc1,,,True,O=C(O[C@H]1CN2CCC1CC2)N1CCc2ccccc2[C@@H]1c1ccccc1,FBOUYBDGKBSUES-VXKWHMMOSA-N,O=C(OC1CN2CCC1CC2)N1CCc2ccccc2C1c1ccccc1,1.0,1.0,0.0,362.47300000000007,27.0,23.0,0.0,32.78,3.864900000000003,0.0,3.0,2.0,6.0,0.43478260869565216,True,,Ambiguous DILI-concern,ambiguous,False,,,
LT03763,Solriamfetol hydrochloride,0,No match,vNo-DILI-concern,New,,,,,,,,,,,,no,0.0,solriamfetol hydrochloride,,C1=CC=C(C=C1)C[C@H](COC(=O)N)N.Cl,67583702.0,KAOVAAHCFNYXNJ-SBSPUUFOSA-N,True,NC(=O)OC[C@H](N)Cc1ccccc1,UCTRAOBQFUDCSR-SECBINFHSA-N,c1ccccc1,2.0,0.9333333333333333,0.0,194.23399999999995,14.0,10.0,0.0,78.34,0.6517000000000002,2.0,3.0,4.0,1.0,0.3,True,,,other,False,,,PubChem_name_property
LT00888,Somatropin,0,No match,vNo-DILI-concern,Unchanged,Somatropin recombinant,,CHEMBL1201621,,,,0.0,,No DILI,No DILI,,no,0.0,somatropin,,,,,False,,,,,,,,,,,,,,,,,,False,missing_structure,No-DILI-Concern,no,False,,,
LT03764,Sonidegib phosphate,3,Adverse reactions,Ambiguous-DILI-concern,New,,,,,,,,,,,,ambiguous,,sonidegib phosphate,,C[C@@H]1CN(C[C@@H](O1)C)C2=NC=C(C=C2)NC(=O)C3=CC=CC(=C3C)C4=CC=C(C=C4)OC(F)(F)F.OP(=O)(O)O.OP(=O)(O)O,45138699.0,RWIVSVMMGFFZIJ-VWDRLOGHSA-N,True,Cc1c(C(=O)Nc2ccc(N3C[C@@H](C)O[C@@H](C)C3)nc2)cccc1-c1ccc(OC(F)(F)F)cc1,VZZJRYRQSPEMTK-CALCHBBNSA-N,O=C(Nc1ccc(N2CCOCC2)nc1)c1cccc(-c2ccccc2)c1,3.0,0.7777777777777778,0.0,485.50600000000014,35.0,26.0,0.0,63.69,5.821520000000004,1.0,5.0,5.0,4.0,0.3076923076923077,True,,,other,False,,,PubChem_name_property
LT01241,Sorafenib tosylate,8,Warnings & precautions,vMost-DILI-concern,Unchanged,Sorafenib,CNC(=O)c1cc(Oc2ccc(NC(=O)Nc3ccc(Cl)c(C(F)(F)F)c3)cc2)ccn1,CHEMBL1336,475207-59-1,464.83,5.55,0.0,B,DILI (likely),DILI,"CYP, Cirrhosis, Immune-mediated, Hypersensitivity",most,1.0,sorafenib tosylate,DILImap_metadata,CNC(=O)c1cc(Oc2ccc(NC(=O)Nc3ccc(Cl)c(C(F)(F)F)c3)cc2)ccn1,,,True,CNC(=O)c1cc(Oc2ccc(NC(=O)Nc3ccc(Cl)c(C(F)(F)F)c3)cc2)ccn1,MLDQJTXFUGDVEO-UHFFFAOYSA-N,O=C(Nc1ccccc1)Nc1ccc(Oc2ccncc2)cc1,1.0,1.0,0.0,464.83100000000013,32.0,21.0,0.0,92.35000000000001,5.549700000000003,3.0,4.0,5.0,3.0,0.09523809523809523,True,,Most-DILI-Concern,most,False,,,
LT02010,Sorbitol,0,No match,vNo-DILI-concern,Unchanged,Sorbitol,OC[C@@H](O)[C@@H](O)[C@H](O)[C@@H](O)CO,CHEMBL1682,50-70-4,182.17,-3.59,0.0,,No DILI,No DILI,,no,0.0,sorbitol,DILImap_metadata,OC[C@@H](O)[C@@H](O)[C@H](O)[C@@H](O)CO,,,True,OC[C@@H](O)[C@@H](O)[C@H](O)[C@@H](O)CO,FBPFZTCFMRRESA-JGWLITMVSA-N,,1.0,1.0,0.0,182.172,12.0,6.0,0.0,121.38000000000001,-3.5854000000000004,6.0,6.0,5.0,0.0,1.0,True,,No-DILI-Concern,no,False,,,
LT00627,Sotalol hydrochloride,3,Adverse reactions,Ambiguous-DILI-concern,Unchanged,Sotalol,CC(C)NCC(O)c1ccc(NS(C)(=O)=O)cc1,CHEMBL471,959-24-0,272.37,1.09,0.0,E,No DILI,No DILI,,ambiguous,,sotalol hydrochloride,DILImap_metadata,CC(C)NCC(O)c1ccc(NS(C)(=O)=O)cc1,,,True,CC(C)NCC(O)c1ccc(NS(C)(=O)=O)cc1,ZBMZVLHSJCTVON-UHFFFAOYSA-N,c1ccccc1,1.0,1.0,0.0,272.37,18.0,12.0,0.0,78.43,1.0895000000000001,3.0,4.0,6.0,1.0,0.5,True,,Ambiguous DILI-concern,ambiguous,False,,,
LT03765,Sotorasib,3,Warnings & precautions,Ambiguous-DILI-concern,New,,,,,,,,,,,,ambiguous,,sotorasib,,C[C@H]1CN(CCN1C2=NC(=O)N(C3=NC(=C(C=C32)F)C4=C(C=CC=C4F)O)C5=C(C=CN=C5C(C)C)C)C(=O)C=C,137278711.0,NXQKSXLFSAEQCZ-SFHVURJKSA-N,True,C=CC(=O)N1CCN(c2nc(=O)n(-c3c(C)ccnc3C(C)C)c3nc(-c4c(O)cccc4F)c(F)cc23)[C@@H](C)C1,NXQKSXLFSAEQCZ-SFHVURJKSA-N,O=c1nc(N2CCNCC2)c2ccc(-c3ccccc3)nc2n1-c1cccnc1,1.0,1.0,0.0,560.6050000000002,41.0,30.0,0.0,104.44999999999999,4.4814200000000035,1.0,7.0,5.0,5.0,0.3,True,,,other,False,,,PubChem_name_property
LT01757,Spectinomycin hydrochloride,3,Adverse reactions,Ambiguous-DILI-concern,Unchanged,Spectinomycin,CN[C@@H]1[C@H](O)[C@H](NC)[C@H]2O[C@@]3(O)C(=O)C[C@@H](C)O[C@H]3O[C@@H]2[C@H]1O,CHEMBL1167,21736-83-4,332.35,-2.93,0.0,,,,,ambiguous,,spectinomycin hydrochloride,DILImap_metadata,CN[C@@H]1[C@H](O)[C@H](NC)[C@H]2O[C@@]3(O)C(=O)C[C@@H](C)O[C@H]3O[C@@H]2[C@H]1O,,,True,CN[C@@H]1[C@H](O)[C@H](NC)[C@H]2O[C@@]3(O)C(=O)C[C@@H](C)O[C@H]3O[C@@H]2[C@H]1O,UNFWWIHTNXNPBV-WXKVUWSESA-N,O=C1CCOC2OC3CCCCC3OC12,1.0,1.0,0.0,332.353,23.0,14.0,0.0,129.51,-2.9255999999999953,5.0,9.0,2.0,3.0,0.9285714285714286,True,,Ambiguous DILI-concern,ambiguous,False,,,
LT00143,Spironolactone,2,Adverse reactions,vLess-DILI-concern,Unchanged,Spironolactone,CC(=O)S[C@@H]1CC2=CC(=O)CC[C@]2(C)[C@H]2CC[C@@]3(C)[C@@H](CC[C@@]34CCC(=O)O4)[C@H]12,CHEMBL1393,52-01-7,416.58,4.85,0.0,D,DILI (few cases),,"Cirrhosis, Immune-mediated, Hypersensitivity",less,,spironolactone,DILImap_metadata,CC(=O)S[C@@H]1CC2=CC(=O)CC[C@]2(C)[C@H]2CC[C@@]3(C)[C@@H](CC[C@@]34CCC(=O)O4)[C@H]12,,,True,CC(=O)S[C@@H]1CC2=CC(=O)CC[C@]2(C)[C@H]2CC[C@@]3(C)[C@@H](CC[C@@]34CCC(=O)O4)[C@H]12,LXMSZDCAJNLERA-ZHYRCANASA-N,O=C1C=C2CCC3C(CCC4C3CCC43CCC(=O)O3)C2CC1,1.0,1.0,0.0,416.58300000000025,29.0,24.0,0.0,60.44,4.852300000000005,0.0,5.0,1.0,5.0,0.7916666666666666,True,,Less-DILI-Concern,less,False,,,
LT00144,Stavudine,8,Box warning,vMost-DILI-concern,Unchanged,Stavudine,Cc1cn([C@H]2C=C[C@@H](CO)O2)c(=O)[nH]c1=O,CHEMBL991,3056-17-5,224.22,-0.71,1.0,A,DILI (known),DILI,"Hepatitis, Mitochondrial dysfunction, Cholestasis/Biliary, Steatosis, Fibrosis, Cirrhosis, Lactic acidosis",most,1.0,stavudine,DILImap_metadata,Cc1cn([C@H]2C=C[C@@H](CO)O2)c(=O)[nH]c1=O,,,True,Cc1cn([C@H]2C=C[C@@H](CO)O2)c(=O)[nH]c1=O,XNKLLVCARDGLGL-JGVFFNPUSA-N,O=c1ccn(C2C=CCO2)c(=O)[nH]1,1.0,1.0,0.0,224.21599999999998,16.0,10.0,0.0,84.32,-0.7090799999999999,2.0,4.0,2.0,2.0,0.4,True,,Most-DILI-Concern,most,False,3.462912515,,
LT01294,Sterile water,0,No match,vNo-DILI-concern,Unchanged,Sterile water,O,CHEMBL1098659,,18.02,-0.82,0.0,,No DILI,No DILI,,no,0.0,sterile water,DILImap_metadata,O,,,True,O,XLYOFNOQVPJJNP-UHFFFAOYSA-N,,1.0,1.0,0.0,18.015,1.0,0.0,0.0,31.5,-0.8247,0.0,0.0,0.0,0.0,0.0,False,no_carbon;mw_below_40,No-DILI-Concern,no,False,,,
LT02728,Stiripentol,0,No match,vNo-DILI-concern,New,,,,,,,,,,,,no,0.0,stiripentol,,CC(C)(C)C(/C=C/C1=CC2=C(C=C1)OCO2)O,5311454.0,IBLNKMRFIPWSOY-FNORWQNLSA-N,True,CC(C)(C)C(O)/C=C/c1ccc2c(c1)OCO2,IBLNKMRFIPWSOY-FNORWQNLSA-N,c1ccc2c(c1)OCO2,1.0,1.0,0.0,234.29499999999996,17.0,14.0,0.0,38.69,2.835500000000002,1.0,3.0,2.0,2.0,0.42857142857142855,True,,,other,False,,,PubChem_name_property
LT00145,Streptomycin sulfate,0,No match,vNo-DILI-concern,Unchanged,Streptomycin,CN[C@@H]1[C@H](O[C@H]2[C@H](O[C@H]3[C@H](O)[C@@H](O)[C@H](N=C(N)N)[C@@H](O)[C@@H]3N=C(N)N)O[C@@H](C)[C@]2(O)C=O)O[C@@H](CO)[C@H](O)[C@H]1O,CHEMBL372795,3810-74-0,581.58,-8.16,0.0,E*,No DILI,No DILI,,no,0.0,streptomycin sulfate,DILImap_metadata,CN[C@@H]1[C@H](O[C@H]2[C@H](O[C@H]3[C@H](O)[C@@H](O)[C@H](N=C(N)N)[C@@H](O)[C@@H]3N=C(N)N)O[C@@H](C)[C@]2(O)C=O)O[C@@H](CO)[C@H](O)[C@H]1O,,,True,CN[C@@H]1[C@H](O[C@H]2[C@H](O[C@H]3[C@H](O)[C@@H](O)[C@H](N=C(N)N)[C@@H](O)[C@@H]3N=C(N)N)O[C@@H](C)[C@]2(O)C=O)O[C@@H](CO)[C@H](O)[C@H]1O,UCSJYZPVAKXKNQ-HZYVHMACSA-N,C1CCC(OC2OCCC2OC2CCCCO2)CC1,1.0,1.0,0.0,581.5800000000005,40.0,21.0,0.0,336.43000000000006,-8.161100000000008,12.0,15.0,9.0,3.0,0.8571428571428571,True,,No-DILI-Concern,no,False,,,
LT00628,Streptozocin,3,Warnings & precautions,Ambiguous-DILI-concern,Unchanged,Streptozocin,CN(N=O)C(=O)N[C@H]1C(O)O[C@H](CO)[C@@H](O)[C@@H]1O,CHEMBL1651906,18883-66-4,265.22,-2.89,0.0,D,DILI (few cases),,Hepatitis,ambiguous,,streptozocin,DILImap_metadata,CN(N=O)C(=O)N[C@H]1C(O)O[C@H](CO)[C@@H](O)[C@@H]1O,,,True,CN(N=O)C(=O)N[C@H]1C(O)O[C@H](CO)[C@@H](O)[C@@H]1O,ZSJLQEPLLKMAKR-YDEIVXIUSA-N,C1CCOCC1,1.0,1.0,0.0,265.222,18.0,8.0,0.0,151.92,-2.8909,5.0,8.0,3.0,1.0,0.875,True,,Ambiguous DILI-concern,ambiguous,False,,,
LT01766,Succimer,2,Warnings & precautions,vLess-DILI-concern,Unchanged,Succimer,O=C(O)[C@@H](S)[C@@H](S)C(=O)O,CHEMBL1201073,304-55-2,182.22,-0.25,0.0,E,No DILI (unlikely),,,less,,succimer,DILImap_metadata,O=C(O)[C@@H](S)[C@@H](S)C(=O)O,,,True,O=C(O)[C@@H](S)[C@@H](S)C(=O)O,ACTRVOBWPAIOHC-XIXRPRMCSA-N,,1.0,1.0,0.0,182.222,10.0,4.0,0.0,74.6,-0.2476000000000001,4.0,4.0,3.0,0.0,0.5,True,,Less-DILI-Concern,less,False,,,
LT00749,Succinylcholine chloride,0,No match,vNo-DILI-concern,Unchanged,Succinylcholine,C[N+](C)(C)CCOC(=O)CCC(=O)OCC[N+](C)(C)C,CHEMBL703,6101-15-1,290.4,0.27,0.0,,No DILI,No DILI,,no,0.0,succinylcholine chloride,DILImap_metadata,C[N+](C)(C)CCOC(=O)CCC(=O)OCC[N+](C)(C)C,,,True,C[N+](C)(C)CCOC(=O)CCC(=O)OCC[N+](C)(C)C,AXOIZCJOOAYSMI-UHFFFAOYSA-N,,1.0,1.0,2.0,290.404,20.0,14.0,0.0,52.60000000000001,0.2654000000000025,0.0,4.0,9.0,0.0,0.8571428571428571,True,,No-DILI-Concern,no,False,,,
LT00358,Sucralfate,0,No match,vNo-DILI-concern,Unchanged,Sucralfate,O=S(=O)(OC[C@H]1O[C@@H](O[C@]2(COS(=O)(=O)O[Al](O)O)O[C@H](OS(=O)(=O)O[Al](O)O)[C@@H](OS(=O)(=O)O[Al](O)O)[C@@H]2OS(=O)(=O)O[Al](O)O)[C@H](OS(=O)(=O)O[Al](O)O)[C@@H](OS(=O)(=O)O[Al](O)O)[C@@H]1OS(=O)(=O)O[Al](O)O)O[Al](O)O.O[Al](O)O.O[Al](O)O.O[Al](O)O.O[Al](O)O.O[Al](O)O.O[Al](O)O.O[Al](O)O.O[Al](O)O,CHEMBL2367706,,2072.71,,0.0,,No DILI,No DILI,,no,0.0,sucralfate,DILImap_metadata,O=S(=O)(OC[C@H]1O[C@@H](O[C@]2(COS(=O)(=O)O[Al](O)O)O[C@H](OS(=O)(=O)O[Al](O)O)[C@@H](OS(=O)(=O)O[Al](O)O)[C@@H]2OS(=O)(=O)O[Al](O)O)[C@H](OS(=O)(=O)O[Al](O)O)[C@@H](OS(=O)(=O)O[Al](O)O)[C@@H]1OS(=O)(=O)O[Al](O)O)O[Al](O)O.O[Al](O)O.O[Al](O)O.O[Al](O)O.O[Al](O)O.O[Al](O)O.O[Al](O)O.O[Al](O)O.O[Al](O)O,,,True,O=S(=O)(O)OC[C@H]1O[C@@H](O[C@]2(COS(=O)(=O)O)O[C@H](OS(=O)(=O)O)[C@@H](OS(=O)(=O)O)[C@@H]2OS(=O)(=O)O)[C@H](OS(=O)(=O)O)[C@@H](OS(=O)(=O)O)[C@@H]1OS(=O)(=O)O,DOSTXGNEHLRCCN-GQRKCPRYSA-N,C1CCC(OC2CCCO2)OC1,9.0,0.4909090909090909,0.0,968.7820000000008,54.0,11.0,0.0,536.49,-6.821300000000004,8.0,27.0,20.0,2.0,1.0,True,,No-DILI-Concern,no,False,,,
LT00920,Sufentanil citrate,0,No match,vNo-DILI-concern,Unchanged,Sufentanil,CCC(=O)N(c1ccccc1)C1(COC)CCN(CCc2cccs2)CC1,CHEMBL658,,386.56,4.21,0.0,E,No DILI,No DILI,,no,0.0,sufentanil citrate,DILImap_metadata,CCC(=O)N(c1ccccc1)C1(COC)CCN(CCc2cccs2)CC1,,,True,CCC(=O)N(c1ccccc1)C1(COC)CCN(CCc2cccs2)CC1,GGCSSNBKKAUURC-UHFFFAOYSA-N,c1ccc(NC2CCN(CCc3cccs3)CC2)cc1,1.0,1.0,0.0,386.56100000000015,27.0,22.0,0.0,32.78,4.214800000000004,0.0,4.0,8.0,3.0,0.5,True,,No-DILI-Concern,no,False,,,
LT03224,Sugammadex sodium,0,No match,vNo-DILI-concern,New,,,,,,,,,,,,no,0.0,sugammadex sodium,,C(CSC[C@@H]1[C@@H]2[C@@H]([C@H]([C@H](O1)O[C@@H]3[C@H](O[C@@H]([C@@H]([C@H]3O)O)O[C@@H]4[C@H](O[C@@H]([C@@H]([C@H]4O)O)O[C@@H]5[C@H](O[C@@H]([C@@H]([C@H]5O)O)O[C@@H]6[C@H](O[C@@H]([C@@H]([C@H]6O)O)O[C@@H]7[C@H](O[C@@H]([C@@H]([C@H]7O)O)O[C@@H]8[C@H](O[C@@H]([C@@H]([C@H]8O)O)O[C@@H]9[C@H](O[C@H](O2)[C@@H]([C@H]9O)O)CSCCC(=O)[O-])CSCCC(=O)[O-])CSCCC(=O)[O-])CSCCC(=O)[O-])CSCCC(=O)[O-])CSCCC(=O)[O-])CSCCC(=O)[O-])O)O)C(=O)[O-].[Na+].[Na+].[Na+].[Na+].[Na+].[Na+].[Na+].[Na+],6918584.0,KMGKABOMYQLLDJ-VKHHSAQNSA-F,True,O=C(O)CCSC[C@H]1O[C@@H]2O[C@H]3[C@H](O)[C@@H](O)[C@@H](O[C@H]4[C@H](O)[C@@H](O)[C@@H](O[C@H]5[C@H](O)[C@@H](O)[C@@H](O[C@H]6[C@H](O)[C@@H](O)[C@@H](O[C@H]7[C@H](O)[C@@H](O)[C@@H](O[C@H]8[C@H](O)[C@@H](O)[C@@H](O[C@H]9[C@H](O)[C@@H](O)[C@@H](O[C@H]1[C@H](O)[C@H]2O)O[C@@H]9CSCCC(=O)O)O[C@@H]8CSCCC(=O)O)O[C@@H]7CSCCC(=O)O)O[C@@H]6CSCCC(=O)O)O[C@@H]5CSCCC(=O)O)O[C@@H]4CSCCC(=O)O)O[C@@H]3CSCCC(=O)O,WHRODDIHRRDWEW-VTHZAVIASA-N,C1CC2OCC1OC1CCC(CO1)OC1CCC(CO1)OC1CCC(CO1)OC1CCC(CO1)OC1CCC(CO1)OC1CCC(CO1)OC1CCC(CO1)O2,9.0,0.9411764705882353,0.0,2002.1760000000027,128.0,72.0,0.0,769.7600000000006,-7.681600000000054,24.0,48.0,40.0,30.0,0.8888888888888888,False,mw_above_1000;heavy_atoms_above_80,,other,False,,,PubChem_name_property
LT01816,suloctidil,8,Withdrawn,vMost-DILI-concern,Unchanged,Sulcotidil,,,,,,,,DILI (withdrawn),DILI,,most,1.0,suloctidil,,CCCCCCCCNC(C)C(O)c1ccc(SC(C)C)cc1,,,True,CCCCCCCCNC(C)C(O)c1ccc(SC(C)C)cc1,BFCDFTHTSVTWOG-UHFFFAOYSA-N,c1ccccc1,1.0,1.0,0.0,337.5730000000001,23.0,20.0,0.0,32.26,5.559100000000006,2.0,3.0,12.0,1.0,0.7,True,,Most-DILI-Concern,most,False,,DILImap_metadata_offline,
LT00699,Sulfacarbamide,8,Withdrawn,vMost-DILI-concern,Unchanged,Sulfacarbamide,NC(=O)NS(=O)(=O)c1ccc(N)cc1,CHEMBL139877,,215.23,-0.37,0.0,,DILI (withdrawn),DILI,,most,1.0,sulfacarbamide,DILImap_metadata,NC(=O)NS(=O)(=O)c1ccc(N)cc1,,,True,NC(=O)NS(=O)(=O)c1ccc(N)cc1,WVAKABMNNSMCDK-UHFFFAOYSA-N,c1ccccc1,1.0,1.0,0.0,215.234,14.0,7.0,0.0,115.27999999999999,-0.3742000000000003,3.0,4.0,2.0,1.0,0.0,True,,Most-DILI-Concern,most,False,232.309622264554,,
LT00146,Sulfadiazine,3,Adverse reactions,vLess-DILI-concern,Unchanged,Sulfadiazine,Nc1ccc(S(=O)(=O)Nc2ncccn2)cc1,CHEMBL439,68-35-9,250.28,0.86,0.0,A,DILI (likely),DILI,"Cholestasis/Biliary, Hypersensitivity",less,,sulfadiazine,DILImap_metadata,Nc1ccc(S(=O)(=O)Nc2ncccn2)cc1,,,True,Nc1ccc(S(=O)(=O)Nc2ncccn2)cc1,SEEPANYCNGTZFQ-UHFFFAOYSA-N,O=S(=O)(Nc1ncccn1)c1ccccc1,1.0,1.0,0.0,250.28300000000004,17.0,10.0,0.0,97.97,0.8596000000000001,2.0,5.0,3.0,2.0,0.0,True,,Less-DILI-Concern,less,False,223.54503675883,,
LT01933,Sulfamethizole,0,No match,vLess-DILI-concern,Unchanged,Sulfamethizole,Cc1nnc(NS(=O)(=O)c2ccc(N)cc2)s1,CHEMBL1191,144-82-1,270.34,1.23,0.0,A,DILI (likely),DILI,,less,,sulfamethizole,DILImap_metadata,Cc1nnc(NS(=O)(=O)c2ccc(N)cc2)s1,,,True,Cc1nnc(NS(=O)(=O)c2ccc(N)cc2)s1,VACCAVUAMIDAGB-UHFFFAOYSA-N,O=S(=O)(Nc1nncs1)c1ccccc1,1.0,1.0,0.0,270.339,17.0,9.0,0.0,97.97,1.2295199999999997,2.0,6.0,3.0,2.0,0.1111111111111111,True,,Less-DILI-Concern,less,False,,,
LT00147,Sulfasalazine,5,Warnings & precautions,vMost-DILI-concern,Unchanged,Sulfasalazine,O=C(O)c1cc(/N=N/c2ccc(S(=O)(=O)Nc3ccccn3)cc2)ccc1O,CHEMBL421,599-79-1,398.4,3.7,1.0,A,DILI (known),DILI,"Hepatitis, Cholestasis/Biliary, Hypersensitivity",most,1.0,sulfasalazine,DILImap_metadata,O=C(O)c1cc(/N=N/c2ccc(S(=O)(=O)Nc3ccccn3)cc2)ccc1O,,,True,O=C(O)c1cc(/N=N/c2ccc(S(=O)(=O)Nc3ccccn3)cc2)ccc1O,NCEXYHBECQHGNR-QZQOTICOSA-N,O=S(=O)(Nc1ccccn1)c1ccc(N=Nc2ccccc2)cc1,1.0,1.0,0.0,398.4000000000001,28.0,18.0,0.0,141.31,3.7016000000000013,3.0,7.0,6.0,3.0,0.0,True,,Most-DILI-Concern,most,True,29.495,,
LT00632,Sulfathiazole,8,Withdrawn,vMost-DILI-concern,Unchanged,Sulfathiazole,Nc1ccc(S(=O)(=O)Nc2nccs2)cc1,CHEMBL437,72-14-0,255.32,1.53,0.0,,DILI (withdrawn),DILI,,most,1.0,sulfathiazole,DILImap_metadata,Nc1ccc(S(=O)(=O)Nc2nccs2)cc1,,,True,Nc1ccc(S(=O)(=O)Nc2nccs2)cc1,JNMRHUJNCSQMMB-UHFFFAOYSA-N,O=S(=O)(Nc1nccs1)c1ccccc1,1.0,1.0,0.0,255.32400000000004,16.0,9.0,0.0,85.08,1.5261,2.0,5.0,3.0,2.0,0.0,True,,Most-DILI-Concern,most,True,97.9163402788657,,
LT00148,Sulindac,8,Warnings & precautions,vMost-DILI-concern,Unchanged,Sulindac,CC1=C(CC(=O)O)c2cc(F)ccc2/C1=C\c1ccc([S+](C)[O-])cc1,CHEMBL15770,38194-50-2,356.42,4.37,1.0,A,DILI (known),DILI,"Hepatitis, Necrosis, Cholestasis/Biliary, Immune-mediated, Hypersensitivity",most,1.0,sulindac,DILImap_metadata,CC1=C(CC(=O)O)c2cc(F)ccc2/C1=C\c1ccc([S+](C)[O-])cc1,,,True,CC1=C(CC(=O)O)c2cc(F)ccc2/C1=C\c1ccc([S+](C)[O-])cc1,MLKXDPUZXIRXEP-MFOYZWKCSA-N,C1=Cc2ccccc2C1=Cc1ccccc1,1.0,1.0,0.0,356.41800000000006,25.0,20.0,0.0,60.36,4.365500000000003,1.0,2.0,4.0,3.0,0.15,True,,Most-DILI-Concern,most,False,31.98563452,,
LT01779,Sumatriptan succinate,3,Adverse reactions,Ambiguous-DILI-concern,Unchanged,Sumatriptan,CNS(=O)(=O)Cc1ccc2[nH]cc(CCN(C)C)c2c1,CHEMBL128,103628-48-4,295.41,1.32,0.0,E,No DILI,No DILI,,ambiguous,,sumatriptan succinate,DILImap_metadata,CNS(=O)(=O)Cc1ccc2[nH]cc(CCN(C)C)c2c1,,,True,CNS(=O)(=O)Cc1ccc2[nH]cc(CCN(C)C)c2c1,KQKPFRSPSRPDEB-UHFFFAOYSA-N,c1ccc2[nH]ccc2c1,1.0,1.0,0.0,295.408,20.0,14.0,0.0,65.2,1.3211999999999997,2.0,3.0,6.0,2.0,0.42857142857142855,True,,Ambiguous DILI-concern,ambiguous,False,,,
LT00565,Sunitinib malate,8,Box warning,vMost-DILI-concern,Unchanged,Sunitinib,CCN(CC)CCNC(=O)c1c(C)[nH]c(/C=C2\C(=O)Nc3ccc(F)cc32)c1C,CHEMBL535,341031-54-7,398.48,3.33,0.0,B,DILI (likely),DILI,"Necrosis, CYP, Encephalopathy, Immune-mediated, Hypersensitivity",most,1.0,sunitinib malate,DILImap_metadata,CCN(CC)CCNC(=O)c1c(C)[nH]c(/C=C2\C(=O)Nc3ccc(F)cc32)c1C,,,True,CCN(CC)CCNC(=O)c1c(C)[nH]c(/C=C2\C(=O)Nc3ccc(F)cc32)c1C,WINHZLLDWRZWRT-ATVHPVEESA-N,O=C1Nc2ccccc2C1=Cc1ccc[nH]1,1.0,1.0,0.0,398.48200000000014,29.0,22.0,0.0,77.23,3.3349400000000013,3.0,3.0,7.0,3.0,0.36363636363636365,True,,Most-DILI-Concern,most,False,,,
LT03766,Suvorexant,0,No match,vNo-DILI-concern,New,,,,,,,,,,,,no,0.0,suvorexant,,C[C@@H]1CCN(CCN1C(=O)C2=C(C=CC(=C2)C)N3N=CC=N3)C4=NC5=C(O4)C=CC(=C5)Cl,24965990.0,JYTNQNCOQXFQPK-MRXNPFEDSA-N,True,Cc1ccc(-n2nccn2)c(C(=O)N2CCN(c3nc4cc(Cl)ccc4o3)CC[C@H]2C)c1,JYTNQNCOQXFQPK-MRXNPFEDSA-N,O=C(c1ccccc1-n1nccn1)N1CCCN(c2nc3ccccc3o2)CC1,1.0,1.0,0.0,450.9300000000002,32.0,23.0,0.0,80.29,4.111320000000004,0.0,6.0,3.0,5.0,0.30434782608695654,True,,,other,False,,,PubChem_name_property
LT00448,Tacrolimus,5,Adverse reactions,vLess-DILI-concern,Unchanged,Tacrolimus,C=CC[C@@H]1/C=C(\C)C[C@H](C)C[C@H](OC)[C@H]2O[C@@](O)(C(=O)C(=O)N3CCCC[C@H]3C(=O)O[C@H](/C(C)=C/[C@@H]3CC[C@@H](O)[C@H](OC)C3)[C@H](C)[C@@H](O)CC1=O)[C@H](C)C[C@@H]2OC,CHEMBL269732,104987-11-3,804.03,4.64,0.0,C,DILI (few cases),,"Hepatitis, CYP, Cholestasis/Biliary, Immune-mediated",less,,tacrolimus,DILImap_metadata,C=CC[C@@H]1/C=C(\C)C[C@H](C)C[C@H](OC)[C@H]2O[C@@](O)(C(=O)C(=O)N3CCCC[C@H]3C(=O)O[C@H](/C(C)=C/[C@@H]3CC[C@@H](O)[C@H](OC)C3)[C@H](C)[C@@H](O)CC1=O)[C@H](C)C[C@@H]2OC,,,True,C=CC[C@@H]1/C=C(\C)C[C@H](C)C[C@H](OC)[C@H]2O[C@@](O)(C(=O)C(=O)N3CCCC[C@H]3C(=O)O[C@H](/C(C)=C/[C@@H]3CC[C@@H](O)[C@H](OC)C3)[C@H](C)[C@@H](O)CC1=O)[C@H](C)C[C@@H]2OC,QJJXYPPXXYFBGM-LFZNUXCKSA-N,O=C1CC=CCCCCC2CCCC(O2)C(=O)C(=O)N2CCCCC2C(=O)OC(C=CC2CCCCC2)CCC1,1.0,1.0,0.0,804.0310000000001,57.0,44.0,0.0,178.35999999999996,4.639000000000004,3.0,12.0,7.0,4.0,0.7727272727272727,True,,Less-DILI-Concern,less,False,,,
LT01129,Tadalafil,3,Adverse reactions,vLess-DILI-concern,Revised,Tadalafil,CN1CC(=O)N2[C@H](c3ccc4c(c3)OCO4)c3[nH]c4ccccc4c3C[C@@H]2C1=O,CHEMBL779,171596-29-5,389.41,2.21,0.0,D,DILI (few cases),,"Hepatitis, CYP, Cholestasis/Biliary, Immune-mediated, Hypersensitivity",less,,tadalafil,DILImap_metadata,CN1CC(=O)N2[C@H](c3ccc4c(c3)OCO4)c3[nH]c4ccccc4c3C[C@@H]2C1=O,,,True,CN1CC(=O)N2[C@H](c3ccc4c(c3)OCO4)c3[nH]c4ccccc4c3C[C@@H]2C1=O,WOXKDUGGOYFFRN-IIBYNOLFSA-N,O=C1NCC(=O)N2C1Cc1c([nH]c3ccccc13)C2c1ccc2c(c1)OCO2,1.0,1.0,0.0,389.4110000000002,29.0,22.0,0.0,74.87,2.2112999999999996,1.0,4.0,1.0,6.0,0.2727272727272727,True,,Ambiguous DILI-concern,ambiguous,False,,,
LT03576,Tafamidis meglumine,0,No match,vNo-DILI-concern,New,,,,,,,,,,,,no,0.0,tafamidis meglumine,,CNC[C@@H]([C@H]([C@@H]([C@@H](CO)O)O)O)O.C1=CC2=C(C=C1C(=O)O)OC(=N2)C3=CC(=CC(=C3)Cl)Cl,24970412.0,DQJDBUPLRMRBAB-WZTVWXICSA-N,True,CNC[C@H](O)[C@@H](O)[C@H](O)[C@H](O)CO,MBBZMMPHUWSWHV-BDVNFPICSA-N,,2.0,0.3939393939393939,0.0,195.215,13.0,7.0,0.0,113.18,-3.3582999999999976,6.0,6.0,6.0,0.0,1.0,True,,,other,False,,,PubChem_name_property
LT03898,Tafenoquine succinate,5,Adverse reactions,Ambiguous-DILI-concern,New,,,,,,,,,,,,ambiguous,,tafenoquine succinate,,CC1=CC(=NC2=C1C(=C(C=C2NC(C)CCCN)OC)OC3=CC=CC(=C3)C(F)(F)F)OC.C(CC(=O)O)C(=O)O,163761.0,CQBKFGJRAOXYIP-UHFFFAOYSA-N,True,COc1cc(C)c2c(Oc3cccc(C(F)(F)F)c3)c(OC)cc(NC(C)CCCN)c2n1,LBHLFPGPEGDCJG-UHFFFAOYSA-N,c1ccc(Oc2cccc3ncccc23)cc1,2.0,0.8048780487804879,0.0,463.5000000000001,33.0,24.0,0.0,78.63000000000001,5.910820000000005,2.0,6.0,9.0,3.0,0.375,True,,,other,False,,,PubChem_name_property
LT03768,Talazoparib tosylate,3,Adverse reactions,Ambiguous-DILI-concern,New,,,,,,,,,,,,ambiguous,,talazoparib tosylate,,CC1=CC=C(C=C1)S(=O)(=O)O.CN1C(=NC=N1)[C@@H]2[C@H](NC3=CC(=CC4=C3C2=NNC4=O)F)C5=CC=C(C=C5)F,135565654.0,QUQKKHBYEFLEHK-QNBGGDODSA-N,True,Cn1ncnc1[C@H]1c2n[nH]c(=O)c3cc(F)cc(c23)N[C@@H]1c1ccc(F)cc1,HWGQMRYQVZSGDQ-HZPDHXFCSA-N,O=c1[nH]nc2c3c(cccc13)NC(c1ccccc1)C2c1ncn[nH]1,2.0,0.717948717948718,0.0,380.35800000000006,28.0,19.0,0.0,88.49000000000001,2.6285000000000007,2.0,5.0,2.0,5.0,0.15789473684210525,True,,,other,False,,,PubChem_name_property
LT00152,Tamoxifen citrate,8,Warnings & precautions,vMost-DILI-concern,Unchanged,Tamoxifen,CC/C(=C(\c1ccccc1)c1ccc(OCCN(C)C)cc1)c1ccccc1,CHEMBL83,10540-29-1,371.52,6.0,1.0,B,DILI (likely),DILI,"Hepatitis, Cholestasis/Biliary, Steatosis, Fibrosis, Cirrhosis, Immune-mediated, Hypersensitivity",most,1.0,tamoxifen citrate,DILImap_metadata,CC/C(=C(\c1ccccc1)c1ccc(OCCN(C)C)cc1)c1ccccc1,,,True,CC/C(=C(\c1ccccc1)c1ccc(OCCN(C)C)cc1)c1ccccc1,NKANXQFJJICGDU-QPLCGJKRSA-N,C(=C(c1ccccc1)c1ccccc1)c1ccccc1,1.0,1.0,0.0,371.524,28.0,26.0,0.0,12.47,5.9961000000000055,0.0,2.0,8.0,3.0,0.23076923076923078,True,,Most-DILI-Concern,most,False,,,
LT00982,Tamsulosin hydrochloride,0,No match,vLess-DILI-concern,Unchanged,Tamsulosin,CCOc1ccccc1OCCN[C@H](C)Cc1ccc(OC)c(S(N)(=O)=O)c1,CHEMBL836,106463-17-6,408.52,2.34,0.0,D,DILI (few cases),,"CYP, Cholestasis/Biliary, Hypersensitivity",less,,tamsulosin hydrochloride,DILImap_metadata,CCOc1ccccc1OCCN[C@H](C)Cc1ccc(OC)c(S(N)(=O)=O)c1,,,True,CCOc1ccccc1OCCN[C@H](C)Cc1ccc(OC)c(S(N)(=O)=O)c1,DRHKJLXJIQTDTD-OAHLLOKOSA-N,c1ccc(CCNCCOc2ccccc2)cc1,1.0,1.0,0.0,408.5200000000001,28.0,20.0,0.0,99.88,2.3409000000000004,2.0,6.0,11.0,2.0,0.4,True,,Less-DILI-Concern,less,False,,,
LT00664,Tapentadol hydrochloride,0,No match,vNo-DILI-concern,Unchanged,Tapentadol,CC[C@@H](c1cccc(O)c1)[C@@H](C)CN(C)C,CHEMBL1201776,,221.34,3.08,0.0,,No DILI,No DILI,,no,0.0,tapentadol hydrochloride,DILImap_metadata,CC[C@@H](c1cccc(O)c1)[C@@H](C)CN(C)C,,,True,CC[C@@H](c1cccc(O)c1)[C@@H](C)CN(C)C,KWTWDQCKEHXFFR-SMDDNHRTSA-N,c1ccccc1,1.0,1.0,0.0,221.34399999999997,16.0,14.0,0.0,23.47,3.0835000000000017,1.0,2.0,5.0,1.0,0.5714285714285714,True,,No-DILI-Concern,no,False,,,
LT02884,Tasimelteon,3,Adverse reactions,Ambiguous-DILI-concern,New,,,,,,,,,,,,ambiguous,,tasimelteon,,CCC(=O)NC[C@@H]1C[C@H]1C2=C3CCOC3=CC=C2,10220503.0,PTOIAAWZLUQTIO-GXFFZTMASA-N,True,CCC(=O)NC[C@@H]1C[C@H]1c1cccc2c1CCO2,PTOIAAWZLUQTIO-GXFFZTMASA-N,c1cc2c(c(C3CC3)c1)CCO2,1.0,1.0,0.0,245.32199999999995,18.0,15.0,0.0,38.33,2.2512,1.0,2.0,4.0,3.0,0.5333333333333333,True,,,other,False,,,PubChem_name_property
LT00687,Tasosartan,8,Discontinued,vMost-DILI-concern,Unchanged,Tasosartan,Cc1nc(C)c2c(n1)N(Cc1ccc(-c3ccccc3-c3nnn[nH]3)cc1)C(=O)CC2,CHEMBL432162,,411.47,3.42,0.0,,DILI (likely),DILI,,most,1.0,tasosartan,DILImap_metadata,Cc1nc(C)c2c(n1)N(Cc1ccc(-c3ccccc3-c3nnn[nH]3)cc1)C(=O)CC2,,,True,Cc1nc(C)c2c(n1)N(Cc1ccc(-c3ccccc3-c3nnn[nH]3)cc1)C(=O)CC2,ADXGNEYLLLSOAR-UHFFFAOYSA-N,O=C1CCc2cncnc2N1Cc1ccc(-c2ccccc2-c2nnn[nH]2)cc1,1.0,1.0,0.0,411.46900000000016,31.0,23.0,0.0,100.54999999999998,3.4199400000000013,1.0,6.0,4.0,5.0,0.21739130434782608,True,,Most-DILI-Concern,most,False,,,
LT03769,Tazemetostat hydrobromide,3,Adverse reactions,Ambiguous-DILI-concern,New,,,,,,,,,,,,ambiguous,,tazemetostat hydrobromide,,CCN(C1CCOCC1)C2=CC(=CC(=C2C)C(=O)NCC3=C(C=C(NC3=O)C)C)C4=CC=C(C=C4)CN5CCOCC5.Br,71761627.0,UQRICAQPWZSJNF-UHFFFAOYSA-N,True,CCN(c1cc(-c2ccc(CN3CCOCC3)cc2)cc(C(=O)NCc2c(C)cc(C)[nH]c2=O)c1C)C1CCOCC1,NSQSAUGJQHDYNO-UHFFFAOYSA-N,O=C(NCc1ccc[nH]c1=O)c1cc(NC2CCOCC2)cc(-c2ccc(CN3CCOCC3)cc2)c1,2.0,0.9767441860465116,0.0,572.75,42.0,34.0,0.0,86.9,4.734660000000004,2.0,6.0,9.0,5.0,0.47058823529411764,True,,,other,False,,,PubChem_name_property
LT02329,Technetium tc-99m exametazime kit,0,No match,vNo-DILI-concern,Unchanged,Exametazime,C/C(=N\O)C(C)NCC(C)(C)CNC(C)/C(C)=N/O,CHEMBL2218892,,272.39,1.67,0.0,,No DILI,No DILI,,no,0.0,technetium tc 99m exametazime kit,DILImap_metadata,C/C(=N\O)C(C)NCC(C)(C)CNC(C)/C(C)=N/O,,,True,C/C(=N\O)C(C)NCC(C)(C)CNC(C)/C(C)=N/O,BPNZYADGDZPRTK-MAEUFBSDSA-N,,1.0,1.0,0.0,272.393,19.0,13.0,0.0,89.24000000000001,1.668999999999999,4.0,6.0,8.0,0.0,0.8461538461538461,True,,No-DILI-Concern,no,False,,,
LT03770,Tecovirimat,0,No match,vNo-DILI-concern,New,,,,,,,,,,,,no,0.0,tecovirimat,,C1[C@@H]2[C@H]1[C@@H]3C=C[C@H]2[C@@H]4[C@H]3C(=O)N(C4=O)NC(=O)C5=CC=C(C=C5)C(F)(F)F,16124688.0,CSKDFZIMJXRJGH-VWLPUNTISA-N,True,O=C(NN1C(=O)[C@@H]2[C@@H]3C=C[C@@H]([C@H]4C[C@@H]34)[C@@H]2C1=O)c1ccc(C(F)(F)F)cc1,CSKDFZIMJXRJGH-VWLPUNTISA-N,O=C(NN1C(=O)C2C3C=CC(C4CC34)C2C1=O)c1ccccc1,1.0,1.0,0.0,376.334,27.0,19.0,0.0,66.48,2.4033000000000007,1.0,3.0,2.0,6.0,0.42105263157894735,True,,,other,False,,,PubChem_name_property
LT03771,Tedizolid phosphate,3,Adverse reactions,Ambiguous-DILI-concern,New,,,,,,,,,,,,ambiguous,,tedizolid phosphate,,CN1N=C(N=N1)C2=NC=C(C=C2)C3=C(C=C(C=C3)N4C[C@@H](OC4=O)COP(=O)(O)O)F,11476460.0,QCGUSIANLFXSGE-GFCCVEGCSA-N,True,Cn1nnc(-c2ccc(-c3ccc(N4C[C@H](COP(=O)(O)O)OC4=O)cc3F)cn2)n1,QCGUSIANLFXSGE-GFCCVEGCSA-N,O=C1OCCN1c1ccc(-c2ccc(-c3nn[nH]n3)nc2)cc1,1.0,1.0,0.0,450.3230000000002,31.0,17.0,0.0,152.79,1.5126999999999997,2.0,8.0,6.0,4.0,0.23529411764705882,True,,,other,False,,,PubChem_name_property
LT00485,Tegaserod maleate,3,Adverse reactions,Ambiguous-DILI-concern,Unchanged,Tegaserod,CCCCCNC(=N)N/N=C/c1c[nH]c2ccc(OC)cc12,CHEMBL76370,189188-57-6,301.39,2.81,0.0,E,No DILI,No DILI,,ambiguous,,tegaserod maleate,DILImap_metadata,CCCCCNC(=N)N/N=C/c1c[nH]c2ccc(OC)cc12,,,True,CCCCCNC(=N)N/N=C/c1c[nH]c2ccc(OC)cc12,IKBKZGMPCYNSLU-RGVLZGJSSA-N,c1ccc2[nH]ccc2c1,1.0,1.0,0.0,301.3940000000001,22.0,16.0,0.0,85.29,2.8145700000000007,4.0,3.0,7.0,2.0,0.375,True,,Ambiguous DILI-concern,ambiguous,False,,,
LT00577,Telbivudine,2,Warnings & precautions,Ambiguous-DILI-concern,Unchanged,Telbivudine,Cc1cn([C@@H]2C[C@@H](O)[C@H](CO)O2)c(=O)[nH]c1=O,CHEMBL374731,3424-98-4,242.23,-1.51,1.0,E,No DILI,No DILI,,ambiguous,,telbivudine,DILImap_metadata,Cc1cn([C@@H]2C[C@@H](O)[C@H](CO)O2)c(=O)[nH]c1=O,,,True,Cc1cn([C@@H]2C[C@@H](O)[C@H](CO)O2)c(=O)[nH]c1=O,IQFYYKKMVGJFEH-CSMHCCOUSA-N,O=c1ccn(C2CCCO2)c(=O)[nH]1,1.0,1.0,0.0,242.23099999999997,17.0,10.0,0.0,104.54999999999998,-1.5142799999999992,3.0,5.0,2.0,2.0,0.6,True,,Ambiguous DILI-concern,ambiguous,False,,,
LT01944,Telithromycin,8,Warnings & precautions,vMost-DILI-concern,Unchanged,Telithromycin,CC[C@H]1OC(=O)[C@H](C)C(=O)[C@H](C)[C@@H](O[C@@H]2O[C@H](C)C[C@H](N(C)C)[C@H]2O)[C@](C)(OC)C[C@@H](C)C(=O)[C@H](C)[C@H]2N(CCCCn3cnc(-c4cccnc4)c3)C(=O)O[C@]12C,CHEMBL1136,,812.02,4.93,0.0,A,DILI (known),DILI,"Encephalopathy, Hypersensitivity",most,1.0,telithromycin,DILImap_metadata,CC[C@H]1OC(=O)[C@H](C)C(=O)[C@H](C)[C@@H](O[C@@H]2O[C@H](C)C[C@H](N(C)C)[C@H]2O)[C@](C)(OC)C[C@@H](C)C(=O)[C@H](C)[C@H]2N(CCCCn3cnc(-c4cccnc4)c3)C(=O)O[C@]12C,,,True,CC[C@H]1OC(=O)[C@H](C)C(=O)[C@H](C)[C@@H](O[C@@H]2O[C@H](C)C[C@H](N(C)C)[C@H]2O)[C@](C)(OC)C[C@@H](C)C(=O)[C@H](C)[C@H]2N(CCCCn3cnc(-c4cccnc4)c3)C(=O)O[C@]12C,LJVAJPDWBABPEJ-PNUFFHFMSA-N,O=C1CC(=O)OCC2OC(=O)N(CCCCn3cnc(-c4cccnc4)c3)C2CC(=O)CCCC(OC2CCCCO2)C1,1.0,1.0,0.0,812.0179999999997,58.0,43.0,0.0,171.85,4.929200000000005,1.0,13.0,11.0,5.0,0.7209302325581395,True,,Most-DILI-Concern,most,False,1.90992192310534,,
LT02063,Telmisartan,3,Adverse reactions,vLess-DILI-concern,Unchanged,Telmisartan,CCCc1nc2c(C)cc(-c3nc4ccccc4n3C)cc2n1Cc1ccc(-c2ccccc2C(=O)O)cc1,CHEMBL1017,144701-48-4,514.63,7.26,0.0,E*,No DILI (unlikely),,,less,,telmisartan,DILImap_metadata,CCCc1nc2c(C)cc(-c3nc4ccccc4n3C)cc2n1Cc1ccc(-c2ccccc2C(=O)O)cc1,,,True,CCCc1nc2c(C)cc(-c3nc4ccccc4n3C)cc2n1Cc1ccc(-c2ccccc2C(=O)O)cc1,RMMXLENWKUUMAY-UHFFFAOYSA-N,c1ccc(-c2ccc(Cn3cnc4ccc(-c5nc6ccccc6[nH]5)cc43)cc2)cc1,1.0,1.0,0.0,514.6290000000004,39.0,33.0,0.0,72.94,7.2644200000000065,1.0,3.0,7.0,6.0,0.18181818181818182,True,,Less-DILI-Concern,less,False,,,
LT03772,Telotristat etiprate,3,Adverse reactions,Ambiguous-DILI-concern,New,,,,,,,,,,,,ambiguous,,telotristat etiprate,,CCOC(=O)[C@H](CC1=CC=C(C=C1)C2=CC(=NC(=N2)N)O[C@H](C3=C(C=C(C=C3)Cl)N4C=CC(=N4)C)C(F)(F)F)N.C1=CC=C(C=C1)C(=O)NCC(=O)O,25253377.0,XSFPZBUIBYMVEA-CELUQASASA-N,True,CCOC(=O)[C@@H](N)Cc1ccc(-c2cc(O[C@H](c3ccc(Cl)cc3-n3ccc(C)n3)C(F)(F)F)nc(N)n2)cc1,MDSQOJYHHZBZKA-GBXCKJPGSA-N,c1ccc(-c2cc(OCc3ccccc3-n3cccn3)ncn2)cc1,2.0,0.7547169811320755,0.0,574.9910000000002,40.0,27.0,0.0,131.17,4.988620000000003,2.0,8.0,9.0,4.0,0.25925925925925924,True,,,other,False,,,PubChem_name_property
LT01785,Temazepam,3,Warnings & precautions,Ambiguous-DILI-concern,Unchanged,Temazepam,CN1C(=O)C(O)N=C(c2ccccc2)c2cc(Cl)ccc21,CHEMBL967,,300.75,2.47,0.0,E,No DILI,No DILI,,ambiguous,,temazepam,DILImap_metadata,CN1C(=O)C(O)N=C(c2ccccc2)c2cc(Cl)ccc21,,,True,CN1C(=O)C(O)N=C(c2ccccc2)c2cc(Cl)ccc21,SEQDDYPDSLOBDC-UHFFFAOYSA-N,O=C1CN=C(c2ccccc2)c2ccccc2N1,1.0,1.0,0.0,300.74500000000006,21.0,16.0,0.0,52.900000000000006,2.4722,1.0,3.0,1.0,3.0,0.125,True,,Ambiguous DILI-concern,ambiguous,False,,,
LT00153,Temozolomide,4,Adverse reactions,vLess-DILI-concern,Unchanged,Temozolomide,Cn1nnc2c(C(N)=O)ncn2c1=O,CHEMBL810,85622-93-1,194.15,-2.08,1.0,B,DILI (likely),DILI,"Hepatitis, Necrosis, CYP, Cholestasis/Biliary, Hypersensitivity",less,,temozolomide,DILImap_metadata,Cn1nnc2c(C(N)=O)ncn2c1=O,,,True,Cn1nnc2c(C(N)=O)ncn2c1=O,BPEGJWRSRHCHSN-UHFFFAOYSA-N,O=c1[nH]nnc2cncn12,1.0,1.0,0.0,194.154,14.0,6.0,0.0,108.17000000000002,-2.078099999999999,1.0,5.0,1.0,2.0,0.16666666666666666,True,,Less-DILI-Concern,less,False,32.7049626577388,,
LT01261,Temsirolimus,0,No match,vNo-DILI-concern,Unchanged,Temsirolimus,CO[C@H]1C[C@@H]2CC[C@@H](C)[C@@](O)(O2)C(=O)C(=O)N2CCCC[C@H]2C(=O)O[C@H]([C@H](C)C[C@@H]2CC[C@@H](OC(=O)C(C)(CO)CO)[C@H](OC)C2)CC(=O)[C@H](C)/C=C(\C)[C@@H](O)[C@@H](OC)C(=O)[C@H](C)C[C@H](C)/C=C/C=C/C=C/1C,CHEMBL1201182,162635-04-3,1030.3,,0.0,E*,No DILI,No DILI,,no,0.0,temsirolimus,DILImap_metadata,CO[C@H]1C[C@@H]2CC[C@@H](C)[C@@](O)(O2)C(=O)C(=O)N2CCCC[C@H]2C(=O)O[C@H]([C@H](C)C[C@@H]2CC[C@@H](OC(=O)C(C)(CO)CO)[C@H](OC)C2)CC(=O)[C@H](C)/C=C(\C)[C@@H](O)[C@@H](OC)C(=O)[C@H](C)C[C@H](C)/C=C/C=C/C=C/1C,,,True,CO[C@H]1C[C@@H]2CC[C@@H](C)[C@@](O)(O2)C(=O)C(=O)N2CCCC[C@H]2C(=O)O[C@H]([C@H](C)C[C@@H]2CC[C@@H](OC(=O)C(C)(CO)CO)[C@H](OC)C2)CC(=O)[C@H](C)/C=C(\C)[C@@H](O)[C@@H](OC)C(=O)[C@H](C)C[C@H](C)/C=C/C=C/C=C/1C,CBPNZQVSJQDFBE-FUXHJELOSA-N,O=C1CCC=CCC(=O)CC(CCC2CCCCC2)OC(=O)C2CCCCN2C(=O)C(=O)C2CCCC(CCC=CC=CC=CCCC1)O2,1.0,1.0,0.0,1030.3029999999999,73.0,56.0,0.0,241.95999999999992,5.722400000000009,4.0,16.0,10.0,4.0,0.75,False,mw_above_1000,No-DILI-Concern,no,False,,,
LT03773,Tenapanor hydrochloride,0,No match,vNo-DILI-concern,New,,,,,,,,,,,,no,0.0,tenapanor hydrochloride,,CN1C[C@H](C2=C(C1)C(=CC(=C2)Cl)Cl)C3=CC(=CC=C3)S(=O)(=O)NCCOCCOCCNC(=O)NCCCCNC(=O)NCCOCCOCCNS(=O)(=O)C4=CC=CC(=C4)[C@@H]5CN(CC6=C5C=C(C=C6Cl)Cl)C.Cl.Cl,78131177.0,VFRAXTZDILCRKY-OWRGXFNZSA-N,True,CN1Cc2c(Cl)cc(Cl)cc2[C@H](c2cccc(S(=O)(=O)NCCOCCOCCNC(=O)NCCCCNC(=O)NCCOCCOCCNS(=O)(=O)c3cccc([C@@H]4CN(C)Cc5c(Cl)cc(Cl)cc54)c3)c2)C1,DNHPDWGIXIMXSA-CXNSMIOJSA-N,O=C(NCCCCNC(=O)NCCOCCOCCNS(=O)(=O)c1cccc(C2CNCc3ccccc32)c1)NCCOCCOCCNS(=O)(=O)c1cccc(C2CNCc3ccccc32)c1,3.0,0.9736842105263158,0.0,1145.0699999999993,74.0,50.0,0.0,217.99999999999997,6.156600000000009,6.0,12.0,29.0,6.0,0.48,False,mw_above_1000,,other,False,,,PubChem_name_property
LT01360,Tenecteplase,0,No match,vNo-DILI-concern,Unchanged,Tenecteplase,,CHEMBL2108791,,,,0.0,,No DILI,No DILI,,no,0.0,tenecteplase,,,,,False,,,,,,,,,,,,,,,,,,False,missing_structure,No-DILI-Concern,no,False,,,
LT01786,Teniposide,3,Warnings & precautions,vLess-DILI-concern,Unchanged,Teniposide,COc1cc([C@@H]2c3cc4c(cc3[C@@H](O[C@@H]3O[C@@H]5CO[C@@H](c6cccs6)O[C@H]5[C@H](O)[C@H]3O)[C@H]3COC(=O)[C@H]23)OCO4)cc(OC)c1O,CHEMBL452231,29767-20-2,656.66,2.75,0.0,E*,No DILI (unlikely),,,less,,teniposide,DILImap_metadata,COc1cc([C@@H]2c3cc4c(cc3[C@@H](O[C@@H]3O[C@@H]5CO[C@@H](c6cccs6)O[C@H]5[C@H](O)[C@H]3O)[C@H]3COC(=O)[C@H]23)OCO4)cc(OC)c1O,,,True,COc1cc([C@@H]2c3cc4c(cc3[C@@H](O[C@@H]3O[C@@H]5CO[C@@H](c6cccs6)O[C@H]5[C@H](O)[C@H]3O)[C@H]3COC(=O)[C@H]23)OCO4)cc(OC)c1O,NRUKOCRGYNPUPR-QBPJDGROSA-N,O=C1OCC2C(OC3CCC4OC(c5cccs5)OCC4O3)c3cc4c(cc3C(c3ccccc3)C12)OCO4,1.0,1.0,0.0,656.6620000000001,46.0,32.0,0.0,160.83,2.752900000000001,3.0,14.0,6.0,8.0,0.46875,True,,Less-DILI-Concern,less,False,,,
LT02224,Tenofovir disoproxil fumarate,3,Warnings & precautions,vLess-DILI-concern,Unchanged,Tenofovir,C[C@H](Cn1cnc2c(N)ncnc21)OCP(=O)(O)O,CHEMBL483,202138-50-9,287.22,-0.05,1.0,C,DILI (few cases),,"Hepatitis, Mitochondrial dysfunction, CYP, Steatosis, Lactic acidosis",less,,tenofovir disoproxil fumarate,DILImap_metadata,C[C@H](Cn1cnc2c(N)ncnc21)OCP(=O)(O)O,,,True,C[C@H](Cn1cnc2c(N)ncnc21)OCP(=O)(O)O,SGOIRFVFHAKUTI-ZCFIWIBFSA-N,c1ncc2nc[nH]c2n1,1.0,1.0,0.0,287.21599999999995,19.0,9.0,0.0,136.38000000000002,-0.051200000000000134,3.0,6.0,5.0,2.0,0.4444444444444444,True,,Less-DILI-Concern,less,False,,,
LT03775,Tepotinib hydrochloride,7,Warnings & precautions,Ambiguous-DILI-concern,New,,,,,,,,,,,,ambiguous,,tepotinib hydrochloride,,CN1CCC(CC1)COC2=CN=C(N=C2)C3=CC=CC(=C3)CN4C(=O)C=CC(=N4)C5=CC=CC(=C5)C#N.O.Cl,46700774.0,KZVOMLRKFJUTLK-UHFFFAOYSA-N,True,CN1CCC(COc2cnc(-c3cccc(Cn4nc(-c5cccc(C#N)c5)ccc4=O)c3)nc2)CC1,AHYMHWXQRWRBKT-UHFFFAOYSA-N,O=c1ccc(-c2ccccc2)nn1Cc1cccc(-c2ncc(OCC3CCNCC3)cn2)c1,3.0,0.9487179487179487,0.0,492.58300000000025,37.0,29.0,0.0,96.93,4.007880000000003,0.0,7.0,7.0,5.0,0.27586206896551724,True,,,other,False,,,PubChem_name_property
LT01787,Terazosin hydrochloride,0,No match,vNo-DILI-concern,Unchanged,Terazosin,COc1cc2nc(N3CCN(C(=O)C4CCCO4)CC3)nc(N)c2cc1OC,CHEMBL611,70024-40-7,387.44,1.06,0.0,E,No DILI,No DILI,,no,0.0,terazosin hydrochloride,DILImap_metadata,COc1cc2nc(N3CCN(C(=O)C4CCCO4)CC3)nc(N)c2cc1OC,,,True,COc1cc2nc(N3CCN(C(=O)C4CCCO4)CC3)nc(N)c2cc1OC,VCKUSRYTPJJLNI-UHFFFAOYSA-N,O=C(C1CCCO1)N1CCN(c2ncc3ccccc3n2)CC1,1.0,1.0,0.0,387.44000000000017,28.0,19.0,0.0,103.04,1.0567999999999995,1.0,8.0,4.0,4.0,0.5263157894736842,True,,No-DILI-Concern,no,False,,,
LT00634,Terbinafine hydrochloride,8,Warnings & precautions,vMost-DILI-concern,Unchanged,Terbinafine,CN(C/C=C/C#CC(C)(C)C)Cc1cccc2ccccc12,CHEMBL822,91161-71-6,291.44,4.88,0.0,B,DILI (likely),DILI,"Cholestasis/Biliary, Immune-mediated, Hypersensitivity",most,1.0,terbinafine hydrochloride,DILImap_metadata,CN(C/C=C/C#CC(C)(C)C)Cc1cccc2ccccc12,,,True,CN(C/C=C/C#CC(C)(C)C)Cc1cccc2ccccc12,DOMXUEMWDBAQBQ-WEVVVXLNSA-N,c1ccc2ccccc2c1,1.0,1.0,0.0,291.438,22.0,21.0,0.0,3.24,4.877300000000004,0.0,1.0,4.0,2.0,0.3333333333333333,True,,Most-DILI-Concern,most,False,,,
LT00877,Terbutaline sulfate,3,Adverse reactions,vLess-DILI-concern,Unchanged,Terbutaline,CC(C)(C)NCC(O)c1cc(O)cc(O)c1,CHEMBL1760,23031-32-5,225.29,1.52,0.0,C,DILI (few cases),,,less,,terbutaline sulfate,DILImap_metadata,CC(C)(C)NCC(O)c1cc(O)cc(O)c1,,,True,CC(C)(C)NCC(O)c1cc(O)cc(O)c1,XWTYSIMOBUGWOL-UHFFFAOYSA-N,c1ccccc1,1.0,1.0,0.0,225.288,16.0,12.0,0.0,72.72,1.5192999999999997,4.0,4.0,3.0,1.0,0.5,True,,Less-DILI-Concern,less,False,,,
LT02397,Teriflunomide,8,Box warning,vMost-DILI-concern,New,,,,,,,,,,,,most,1.0,teriflunomide,,C/C(=C(\C#N)/C(=O)NC1=CC=C(C=C1)C(F)(F)F)/O,54684141.0,UTNUDOFZCWSZMS-YFHOEESVSA-N,True,C/C(O)=C(\C#N)C(=O)Nc1ccc(C(F)(F)F)cc1,UTNUDOFZCWSZMS-YFHOEESVSA-N,c1ccccc1,1.0,1.0,0.0,270.21,19.0,12.0,0.0,73.12,2.999480000000001,2.0,3.0,2.0,1.0,0.16666666666666666,True,,,other,False,,,PubChem_name_property
LT00932,Teriparatide acetate,0,No match,vLess-DILI-concern,Revised,Teriparatide,CC[C@H](C)[C@H](NC(=O)[C@H](CCC(=O)O)NC(=O)[C@H](CO)NC(=O)[C@@H](NC(=O)[C@@H](N)CO)C(C)C)C(=O)N[C@@H](CCC(N)=O)C(=O)N[C@@H](CC(C)C)C(=O)N[C@@H](CCSC)C(=O)N[C@@H](Cc1cnc[nH]1)C(=O)N[C@@H](CC(N)=O)C(=O)N[C@@H](CC(C)C)C(=O)NCC(=O)N[C@@H](CCCCN)C(=O)N[C@@H](Cc1cnc[nH]1)C(=O)N[C@@H](CC(C)C)C(=O)N[C@@H](CC(N)=O)C(=O)N[C@@H](CO)C(=O)N[C@@H](CCSC)C(=O)N[C@@H](CCC(=O)O)C(=O)N[C@@H](CCCNC(=N)N)C(=O)N[C@H](C(=O)N[C@@H](CCC(=O)O)C(=O)N[C@@H](Cc1c[nH]c2ccccc12)C(=O)N[C@@H](CC(C)C)C(=O)N[C@@H](CCCNC(=N)N)C(=O)N[C@@H](CCCCN)C(=O)N[C@@H](CCCCN)C(=O)N[C@@H](CC(C)C)C(=O)N[C@@H](CCC(N)=O)C(=O)N[C@@H](CC(=O)O)C(=O)N[C@H](C(=O)N[C@@H](Cc1cnc[nH]1)C(=O)N[C@@H](CC(N)=O)C(=O)N[C@@H](Cc1ccccc1)C(=O)O)C(C)C)C(C)C,CHEMBL525610,52232-67-4,4117.79,,0.0,E,No DILI,No DILI,,less,,teriparatide acetate,DILImap_metadata,CC[C@H](C)[C@H](NC(=O)[C@H](CCC(=O)O)NC(=O)[C@H](CO)NC(=O)[C@@H](NC(=O)[C@@H](N)CO)C(C)C)C(=O)N[C@@H](CCC(N)=O)C(=O)N[C@@H](CC(C)C)C(=O)N[C@@H](CCSC)C(=O)N[C@@H](Cc1cnc[nH]1)C(=O)N[C@@H](CC(N)=O)C(=O)N[C@@H](CC(C)C)C(=O)NCC(=O)N[C@@H](CCCCN)C(=O)N[C@@H](Cc1cnc[nH]1)C(=O)N[C@@H](CC(C)C)C(=O)N[C@@H](CC(N)=O)C(=O)N[C@@H](CO)C(=O)N[C@@H](CCSC)C(=O)N[C@@H](CCC(=O)O)C(=O)N[C@@H](CCCNC(=N)N)C(=O)N[C@H](C(=O)N[C@@H](CCC(=O)O)C(=O)N[C@@H](Cc1c[nH]c2ccccc12)C(=O)N[C@@H](CC(C)C)C(=O)N[C@@H](CCCNC(=N)N)C(=O)N[C@@H](CCCCN)C(=O)N[C@@H](CCCCN)C(=O)N[C@@H](CC(C)C)C(=O)N[C@@H](CCC(N)=O)C(=O)N[C@@H](CC(=O)O)C(=O)N[C@H](C(=O)N[C@@H](Cc1cnc[nH]1)C(=O)N[C@@H](CC(N)=O)C(=O)N[C@@H](Cc1ccccc1)C(=O)O)C(C)C)C(C)C,,,True,CC[C@H](C)[C@H](NC(=O)[C@H](CCC(=O)O)NC(=O)[C@H](CO)NC(=O)[C@@H](NC(=O)[C@@H](N)CO)C(C)C)C(=O)N[C@@H](CCC(N)=O)C(=O)N[C@@H](CC(C)C)C(=O)N[C@@H](CCSC)C(=O)N[C@@H](Cc1cnc[nH]1)C(=O)N[C@@H](CC(N)=O)C(=O)N[C@@H](CC(C)C)C(=O)NCC(=O)N[C@@H](CCCCN)C(=O)N[C@@H](Cc1cnc[nH]1)C(=O)N[C@@H](CC(C)C)C(=O)N[C@@H](CC(N)=O)C(=O)N[C@@H](CO)C(=O)N[C@@H](CCSC)C(=O)N[C@@H](CCC(=O)O)C(=O)N[C@@H](CCCNC(=N)N)C(=O)N[C@H](C(=O)N[C@@H](CCC(=O)O)C(=O)N[C@@H](Cc1c[nH]c2ccccc12)C(=O)N[C@@H](CC(C)C)C(=O)N[C@@H](CCCNC(=N)N)C(=O)N[C@@H](CCCCN)C(=O)N[C@@H](CCCCN)C(=O)N[C@@H](CC(C)C)C(=O)N[C@@H](CCC(N)=O)C(=O)N[C@@H](CC(=O)O)C(=O)N[C@H](C(=O)N[C@@H](Cc1cnc[nH]1)C(=O)N[C@@H](CC(N)=O)C(=O)N[C@@H](Cc1ccccc1)C(=O)O)C(C)C)C(C)C,OGBMKVWORPGQRR-UMXFMPSGSA-N,O=C(CCc1cnc[nH]1)NCC(=O)NCC(=O)NCC(=O)NCC(=O)NC(Cc1cnc[nH]1)C(=O)NCC(=O)NCC(=O)NCC(=O)NCC(=O)NCC(=O)NCC(=O)NCC(=O)NCC(=O)NC(Cc1c[nH]c2ccccc12)C(=O)NCC(=O)NCC(=O)NCC(=O)NCC(=O)NCC(=O)NCC(=O)NCC(=O)NCC(=O)NC(Cc1cnc[nH]1)C(=O)NCC(=O)NCCc1ccccc1,1.0,1.0,0.0,4117.786999999987,289.0,181.0,0.0,1752.6499999999985,-15.2402600000003,60.0,57.0,144.0,6.0,0.6243093922651933,False,mw_above_1000;heavy_atoms_above_80;structure_too_large,No-DILI-Concern,no,False,,,
LT00223,Testosterone enanthate,8,Warnings & precautions,vMost-DILI-concern,Unchanged,Testosterone,C[C@]12CC[C@H]3[C@@H](CCC4=CC(=O)CC[C@@]43C)[C@@H]1CC[C@@H]2O,CHEMBL386630,,288.43,3.88,0.0,E,DILI (likely),DILI,,most,1.0,testosterone enanthate,DILImap_metadata,C[C@]12CC[C@H]3[C@@H](CCC4=CC(=O)CC[C@@]43C)[C@@H]1CC[C@@H]2O,,,True,C[C@]12CC[C@H]3[C@@H](CCC4=CC(=O)CC[C@@]43C)[C@@H]1CC[C@@H]2O,MUMGGOZAMZWBJJ-DYKIIFRCSA-N,O=C1C=C2CCC3C4CCCC4CCC3C2CC1,1.0,1.0,0.0,288.431,21.0,19.0,0.0,37.3,3.879200000000003,1.0,2.0,0.0,4.0,0.8421052631578947,True,,Most-DILI-Concern,most,False,,,
LT01858,Tetrabamate,8,Withdrawn,vMost-DILI-concern,Unchanged,Tetrabamate,,,,,,,,DILI (withdrawn),DILI,,most,1.0,tetrabamate,,CCCCCOC(CN1C(=O)C(C(=O)N(C1=O)CC(COCCCC)OC(=O)N)(CC)C2=CC=CC=C2)OC(=O)N.CCCCOCC(CN1C(=O)C(C(=O)NC1=O)(CC)C2=CC=CC=C2)OC(=O)N.CCC1(C(=O)NC(=O)NC1=O)C2=CC=CC=C2,57394584.0,YADPKIAGCVAODE-UHFFFAOYSA-N,True,CCCCCOC(CN1C(=O)N(CC(COCCCC)OC(N)=O)C(=O)C(CC)(c2ccccc2)C1=O)OC(N)=O,DXCDTAQKDOXTKV-UHFFFAOYSA-N,O=C1NC(=O)C(c2ccccc2)C(=O)N1,3.0,0.47126436781609193,0.0,578.6630000000004,41.0,28.0,0.0,180.79000000000002,3.0340000000000007,2.0,9.0,18.0,2.0,0.6071428571428571,True,,Most-DILI-Concern,most,False,,,PubChem_name_property
LT01239,Tetrabenazine,3,Adverse reactions,Ambiguous-DILI-concern,Unchanged,Tetrabenazine,COc1cc2c(cc1OC)C1CC(=O)C(CC(C)C)CN1CC2,CHEMBL117785,58-46-8,317.43,3.24,0.0,E,No DILI,No DILI,,ambiguous,,tetrabenazine,DILImap_metadata,COc1cc2c(cc1OC)C1CC(=O)C(CC(C)C)CN1CC2,,,True,COc1cc2c(cc1OC)C1CC(=O)C(CC(C)C)CN1CC2,MKJIEFSOBYUXJB-UHFFFAOYSA-N,O=C1CCN2CCc3ccccc3C2C1,1.0,1.0,0.0,317.4290000000001,23.0,19.0,0.0,38.77,3.238100000000002,0.0,4.0,4.0,3.0,0.631578947368421,True,,Ambiguous DILI-concern,ambiguous,False,,,
LT00036,Tetracycline phosphate complex,2,Warnings & precautions,vLess-DILI-concern,Unchanged,Tetracycline,CN(C)[C@@H]1C(O)=C(C(N)=O)C(=O)[C@@]2(O)C(O)=C3C(=O)c4c(O)cccc4[C@@](C)(O)[C@H]3C[C@@H]12,CHEMBL1440,64-75-5,444.44,-0.21,0.0,A [HD],DILI (likely),DILI,,less,,tetracycline phosphate complex,DILImap_metadata,CN(C)[C@@H]1C(O)=C(C(N)=O)C(=O)[C@@]2(O)C(O)=C3C(=O)c4c(O)cccc4[C@@](C)(O)[C@H]3C[C@@H]12,,,True,CN(C)[C@@H]1C(O)=C(C(N)=O)C(=O)[C@@]2(O)C(O)=C3C(=O)c4c(O)cccc4[C@@](C)(O)[C@H]3C[C@@H]12,OFVLGDICTFRJMM-WESIUVDSSA-N,O=C1C2=CC3C(=O)C=CCC3CC2Cc2ccccc21,1.0,1.0,0.0,444.44000000000017,32.0,22.0,0.0,181.61999999999998,-0.21439999999999837,6.0,9.0,2.0,4.0,0.4090909090909091,True,,Less-DILI-Concern,less,False,,,
LT00450,Thalidomide,4,Adverse reactions,vLess-DILI-concern,Unchanged,Thalidomide,O=C1CCC(N2C(=O)c3ccccc3C2=O)C(=O)N1,CHEMBL468,50-35-1,258.23,0.09,0.0,B,DILI (likely),DILI,"Hepatitis, Necrosis, Cholestasis/Biliary, Steatosis, Immune-mediated, Hypersensitivity",less,,thalidomide,DILImap_metadata,O=C1CCC(N2C(=O)c3ccccc3C2=O)C(=O)N1,,,True,O=C1CCC(N2C(=O)c3ccccc3C2=O)C(=O)N1,UEJJHQNACJXSKW-UHFFFAOYSA-N,O=C1CCC(N2C(=O)c3ccccc3C2=O)C(=O)N1,1.0,1.0,0.0,258.23299999999995,19.0,13.0,0.0,83.55000000000001,0.08779999999999993,1.0,4.0,1.0,3.0,0.23076923076923078,True,,Less-DILI-Concern,less,False,9.33251674863493,,
LT00154,Theophylline sodium glycinate,0,No match,vNo-DILI-concern,Unchanged,Theophylline,Cn1c(=O)c2[nH]cnc2n(C)c1=O,CHEMBL190,652-37-9,180.17,-1.04,0.0,E,No DILI,No DILI,,no,0.0,theophylline sodium glycinate,DILImap_metadata,Cn1c(=O)c2[nH]cnc2n(C)c1=O,,,True,Cn1c(=O)c2[nH]cnc2n(C)c1=O,ZFXYFBGIUFBOJW-UHFFFAOYSA-N,O=c1[nH]c(=O)c2[nH]cnc2[nH]1,1.0,1.0,0.0,180.16699999999997,13.0,7.0,0.0,72.68,-1.0397000000000005,1.0,3.0,0.0,2.0,0.2857142857142857,True,,No-DILI-Concern,no,False,,,
LT00635,Thiabendazole,7,Warnings & precautions,vMost-DILI-concern,Unchanged,Thiabendazole,c1ccc2[nH]c(-c3cscn3)nc2c1,CHEMBL625,148-79-8,201.25,2.69,0.0,B,DILI (likely),DILI,"Cholestasis/Biliary, Immune-mediated, Hypersensitivity",most,1.0,thiabendazole,DILImap_metadata,c1ccc2[nH]c(-c3cscn3)nc2c1,,,True,c1ccc2[nH]c(-c3cscn3)nc2c1,WJCNZQLZVWNLKY-UHFFFAOYSA-N,c1ccc2[nH]c(-c3cscn3)nc2c1,1.0,1.0,0.0,201.254,14.0,10.0,0.0,41.57,2.6864,1.0,3.0,1.0,3.0,0.0,True,,Most-DILI-Concern,most,True,24.8447204968944,,
LT01981,Thiamine hydrochloride,0,No match,vNo-DILI-concern,Unchanged,Thiamine,Cc1ncc(C[n+]2csc(CCO)c2C)c(N)n1,CHEMBL1547,804-30-8,265.36,0.61,0.0,E,No DILI,No DILI,,no,0.0,thiamine hydrochloride,DILImap_metadata,Cc1ncc(C[n+]2csc(CCO)c2C)c(N)n1,,,True,Cc1ncc(C[n+]2csc(CCO)c2C)c(N)n1,JZRWCGZRTZMZEH-UHFFFAOYSA-N,c1ncc(C[n+]2ccsc2)cn1,1.0,1.0,1.0,265.36199999999997,18.0,12.0,0.0,75.91,0.60774,2.0,5.0,4.0,2.0,0.4166666666666667,True,,No-DILI-Concern,no,False,,,
LT00452,Thioguanine,2,Warnings & precautions,vLess-DILI-concern,Unchanged,Thioguanine,Nc1nc2[nH]cnc2c(=S)[nH]1,CHEMBL727,154-42-7,167.2,0.6,1.0,A,DILI (likely),DILI,"Hepatitis, Necrosis, Cholestasis/Biliary, Sinusoidal, Cirrhosis, Immune-mediated",less,,thioguanine,DILImap_metadata,Nc1nc2[nH]cnc2c(=S)[nH]1,,,True,Nc1nc2[nH]cnc2c(=S)[nH]1,WYWHKKSPHMUBEB-UHFFFAOYSA-N,S=c1[nH]cnc2[nH]cnc12,1.0,1.0,0.0,167.197,11.0,5.0,0.0,83.38,0.59769,3.0,4.0,0.0,2.0,0.0,True,,Less-DILI-Concern,less,False,,,
LT00451,Thioridazine hydrochloride,5,Adverse reactions,vLess-DILI-concern,Unchanged,Thioridazine,CSc1ccc2c(c1)N(CCC1CCCCN1C)c1ccccc1S2,CHEMBL479,130-61-0,370.59,5.89,0.0,B,DILI (likely),DILI,"Cholestasis/Biliary, Immune-mediated, Hypersensitivity",less,,thioridazine hydrochloride,DILImap_metadata,CSc1ccc2c(c1)N(CCC1CCCCN1C)c1ccccc1S2,,,True,CSc1ccc2c(c1)N(CCC1CCCCN1C)c1ccccc1S2,KLBQZWRITKRQQV-UHFFFAOYSA-N,c1ccc2c(c1)Sc1ccccc1N2CCC1CCCCN1,1.0,1.0,0.0,370.587,25.0,21.0,0.0,6.48,5.885600000000005,0.0,4.0,4.0,4.0,0.42857142857142855,True,,Less-DILI-Concern,less,False,,,
LT01804,Thiotepa,3,Warnings & precautions,vLess-DILI-concern,Unchanged,Thiotepa,S=P(N1CC1)(N1CC1)N1CC1,CHEMBL671,52-24-4,189.22,0.16,0.0,D,DILI (few cases),,"Necrosis, Sinusoidal, Immune-mediated, Hypersensitivity, idiosyncratic",less,,thiotepa,DILImap_metadata,S=P(N1CC1)(N1CC1)N1CC1,,,True,S=P(N1CC1)(N1CC1)N1CC1,FOCVUCIESVLUNU-UHFFFAOYSA-N,S=P(N1CC1)(N1CC1)N1CC1,1.0,1.0,0.0,189.22399999999996,11.0,6.0,0.0,9.03,0.15770000000000017,0.0,1.0,3.0,3.0,1.0,True,,Less-DILI-Concern,less,False,,,
LT01805,Thiothixene,2,Warnings & precautions,Ambiguous-DILI-concern,Unchanged,Thiothixene,CN1CCN(CC/C=C2/c3ccccc3Sc3ccc(S(=O)(=O)N(C)C)cc32)CC1,CHEMBL1201,3313-26-6,443.64,3.47,0.0,,,,,ambiguous,,thiothixene,DILImap_metadata,CN1CCN(CC/C=C2/c3ccccc3Sc3ccc(S(=O)(=O)N(C)C)cc32)CC1,,,True,CN1CCN(CC/C=C2/c3ccccc3Sc3ccc(S(=O)(=O)N(C)C)cc32)CC1,GFBKORZTTCHDGY-UWVJOHFNSA-N,C(CCN1CCNCC1)=C1c2ccccc2Sc2ccccc21,1.0,1.0,0.0,443.63800000000026,30.0,23.0,0.0,43.86000000000001,3.4707000000000026,0.0,5.0,5.0,4.0,0.391304347826087,True,,Ambiguous DILI-concern,ambiguous,False,,,
LT00751,Thyrotropin alfa,0,No match,vNo-DILI-concern,Unchanged,Thyrotropin alfa,,CHEMBL1201533,,,,0.0,,No DILI,No DILI,,no,0.0,thyrotropin alfa,,,,,False,,,,,,,,,,,,,,,,,,False,missing_structure,No-DILI-Concern,no,False,,,
LT00989,Tiagabine hydrochloride,3,Adverse reactions,Ambiguous-DILI-concern,Unchanged,Tiagabine,Cc1ccsc1C(=CCCN1CCC[C@@H](C(=O)O)C1)c1sccc1C,CHEMBL1027,145821-59-6,375.56,5.04,0.0,E,No DILI,No DILI,,ambiguous,,tiagabine hydrochloride,DILImap_metadata,Cc1ccsc1C(=CCCN1CCC[C@@H](C(=O)O)C1)c1sccc1C,,,True,Cc1ccsc1C(=CCCN1CCC[C@@H](C(=O)O)C1)c1sccc1C,PBJUNZJWGZTSKL-MRXNPFEDSA-N,C(CCN1CCCCC1)=C(c1cccs1)c1cccs1,1.0,1.0,0.0,375.5590000000001,25.0,20.0,0.0,40.540000000000006,5.044840000000004,1.0,4.0,6.0,3.0,0.45,True,,Ambiguous DILI-concern,ambiguous,False,,,
LT02413,Ticagrelor,0,No match,vNo-DILI-concern,New,,,,,,,,,,,,no,0.0,ticagrelor,,CCCSC1=NC(=C2C(=N1)N(N=N2)[C@@H]3C[C@@H]([C@H]([C@H]3O)O)OCCO)N[C@@H]4C[C@H]4C5=CC(=C(C=C5)F)F,9871419.0,OEKWJQXRCDYSHL-FNOIDJSQSA-N,True,CCCSc1nc(N[C@@H]2C[C@H]2c2ccc(F)c(F)c2)c2nnn([C@@H]3C[C@H](OCCO)[C@@H](O)[C@H]3O)c2n1,OEKWJQXRCDYSHL-FNOIDJSQSA-N,c1ccc(C2CC2Nc2ncnc3c2nnn3C2CCCC2)cc1,1.0,1.0,0.0,522.5780000000003,36.0,23.0,0.0,138.44,2.0136999999999996,4.0,10.0,10.0,5.0,0.5652173913043478,True,,,other,False,,,PubChem_name_property
LT00227,Ticlopidine hydrochloride,4,Warnings & precautions,vMost-DILI-concern,Unchanged,Ticlopidine,Clc1ccccc1CN1CCc2sccc2C1,CHEMBL833,55142-85-3,263.79,3.96,1.0,A,DILI (known),DILI,"Hepatitis, CYP, Cholestasis/Biliary, Immune-mediated, Hypersensitivity",most,1.0,ticlopidine hydrochloride,DILImap_metadata,Clc1ccccc1CN1CCc2sccc2C1,,,True,Clc1ccccc1CN1CCc2sccc2C1,PHWBOXQYWZNQIN-UHFFFAOYSA-N,c1ccc(CN2CCc3sccc3C2)cc1,1.0,1.0,0.0,263.793,17.0,14.0,0.0,3.24,3.959800000000002,0.0,2.0,2.0,3.0,0.2857142857142857,True,,Most-DILI-Concern,most,False,,,
LT00636,Ticrynafen,8,Withdrawn,vMost-DILI-concern,Unchanged,Ticrynafen,O=C(O)COc1ccc(C(=O)c2cccs2)c(Cl)c1Cl,CHEMBL267744,,331.18,3.75,0.0,,DILI (withdrawn),DILI,"Hepatitis, Cirrhosis, Hypersensitivity (manual annotation)",most,1.0,ticrynafen,DILImap_metadata,O=C(O)COc1ccc(C(=O)c2cccs2)c(Cl)c1Cl,,,True,O=C(O)COc1ccc(C(=O)c2cccs2)c(Cl)c1Cl,AGHANLSBXUWXTB-UHFFFAOYSA-N,O=C(c1ccccc1)c1cccs1,1.0,1.0,0.0,331.17600000000004,20.0,13.0,0.0,63.6,3.7493000000000016,1.0,4.0,5.0,2.0,0.07692307692307693,True,,Most-DILI-Concern,most,False,33.2,,
LT01222,Tigecycline,8,Warnings & precautions,vMost-DILI-concern,Revised,Tigecycline,CN(C)c1cc(NC(=O)CNC(C)(C)C)c(O)c2c1C[C@H]1C[C@H]3[C@H](N(C)C)C(O)=C(C(N)=O)C(=O)[C@@]3(O)C(O)=C1C2=O,CHEMBL376140,220620-09-7,585.66,0.51,0.0,E*,No DILI,No DILI,,most,1.0,tigecycline,DILImap_metadata,CN(C)c1cc(NC(=O)CNC(C)(C)C)c(O)c2c1C[C@H]1C[C@H]3[C@H](N(C)C)C(O)=C(C(N)=O)C(=O)[C@@]3(O)C(O)=C1C2=O,,,True,CN(C)c1cc(NC(=O)CNC(C)(C)C)c(O)c2c1C[C@H]1C[C@H]3[C@H](N(C)C)C(O)=C(C(N)=O)C(=O)[C@@]3(O)C(O)=C1C2=O,FPZLLRFZJZRHSY-HJYUBDRYSA-N,O=C1C2=CC3C(=O)C=CCC3CC2Cc2ccccc21,1.0,1.0,0.0,585.6580000000004,42.0,29.0,0.0,205.75999999999996,0.5132000000000028,7.0,11.0,6.0,4.0,0.5172413793103449,True,,Ambiguous DILI-concern,ambiguous,False,,,
LT00691,Tilbroquinol,8,Withdrawn,vMost-DILI-concern,Unchanged,Tilbroquinol,Cc1cc(Br)c(O)c2ncccc12,CHEMBL1788385,,238.08,3.01,0.0,,DILI (withdrawn),DILI,,most,1.0,tilbroquinol,DILImap_metadata,Cc1cc(Br)c(O)c2ncccc12,,,True,Cc1cc(Br)c(O)c2ncccc12,JMOVFFLYGIQXMM-UHFFFAOYSA-N,c1ccc2ncccc2c1,1.0,1.0,0.0,238.08400000000003,13.0,10.0,0.0,33.120000000000005,3.0113200000000004,1.0,2.0,0.0,2.0,0.1,True,,Most-DILI-Concern,most,True,10.5006720430107,,
LT00998,Tiludronate disodium,0,No match,vNo-DILI-concern,Unchanged,Tiludronate,O=P(O)(O)C(Sc1ccc(Cl)cc1)P(=O)(O)O,CHEMBL1350,,318.61,2.07,0.0,,No DILI,No DILI,,no,0.0,tiludronate disodium,DILImap_metadata,O=P(O)(O)C(Sc1ccc(Cl)cc1)P(=O)(O)O,,,True,O=P(O)(O)C(Sc1ccc(Cl)cc1)P(=O)(O)O,DKJJVAGXPKPDRL-UHFFFAOYSA-N,c1ccccc1,1.0,1.0,0.0,318.61100000000005,17.0,7.0,0.0,115.06,2.0711000000000013,4.0,3.0,4.0,1.0,0.14285714285714285,True,,No-DILI-Concern,no,False,,,
LT01815,Timolol maleate,5,Adverse reactions,Ambiguous-DILI-concern,Unchanged,Timolol,CC(C)(C)NC[C@H](O)COc1nsnc1N1CCOCC1,CHEMBL499,26921-17-5,316.43,0.5,0.0,E,No DILI,No DILI,,ambiguous,,timolol maleate,DILImap_metadata,CC(C)(C)NC[C@H](O)COc1nsnc1N1CCOCC1,,,True,CC(C)(C)NC[C@H](O)COc1nsnc1N1CCOCC1,BLJRIMJGRPQVNF-JTQLQIEISA-N,c1nsnc1N1CCOCC1,1.0,1.0,0.0,316.4270000000002,21.0,13.0,0.0,79.74,0.5024999999999997,2.0,8.0,6.0,2.0,0.8461538461538461,True,,Ambiguous DILI-concern,ambiguous,False,,,
LT00637,Tinidazole,3,Adverse reactions,vLess-DILI-concern,Unchanged,Tinidazole,CCS(=O)(=O)CCn1c([N+](=O)[O-])cnc1C,CHEMBL1220,19387-91-8,247.28,0.53,1.0,E*,No DILI (unlikely),,,less,,tinidazole,DILImap_metadata,CCS(=O)(=O)CCn1c([N+](=O)[O-])cnc1C,,,True,CCS(=O)(=O)CCn1c([N+](=O)[O-])cnc1C,HJLSLZFTEKNLFI-UHFFFAOYSA-N,c1c[nH]cn1,1.0,1.0,0.0,247.27599999999998,16.0,8.0,0.0,95.1,0.5344200000000001,0.0,5.0,5.0,1.0,0.625,True,,Less-DILI-Concern,less,False,,,
LT00973,Tinzaparin sodium,3,Adverse reactions,Ambiguous-DILI-concern,Unchanged,Tinzaparin,,CHEMBL1201414,,,,0.0,E,No DILI,No DILI,,ambiguous,,tinzaparin sodium,,,,,False,,,,,,,,,,,,,,,,,,False,missing_structure,Ambiguous DILI-concern,ambiguous,False,,,
LT01818,Tiopronin,3,Warnings & precautions,Ambiguous-DILI-concern,Unchanged,Tiopronin,CC(S)C(=O)NCC(=O)O,CHEMBL1314,1953-02-02 00:00:00,163.2,-0.49,0.0,,,,,ambiguous,,tiopronin,DILImap_metadata,CC(S)C(=O)NCC(=O)O,,,True,CC(S)C(=O)NCC(=O)O,YTGJWQPHMWSCST-UHFFFAOYSA-N,,1.0,1.0,0.0,163.198,10.0,5.0,0.0,66.4,-0.49450000000000044,3.0,3.0,3.0,0.0,0.6,True,,Ambiguous DILI-concern,ambiguous,False,22.059499371917,,
LT01220,Tipranavir,8,Box warning,vMost-DILI-concern,Unchanged,Tipranavir,CCC[C@@]1(CCc2ccccc2)CC(O)=C([C@H](CC)c2cccc(NS(=O)(=O)c3ccc(C(F)(F)F)cn3)c2)C(=O)O1,CHEMBL222559,,602.68,7.33,0.0,E*,DILI (likely),DILI,"Hepatitis, CYP, Cholestasis/Biliary, Steatosis, Lactic acidosis, Immune-mediated, Hypersensitivity",most,1.0,tipranavir,DILImap_metadata,CCC[C@@]1(CCc2ccccc2)CC(O)=C([C@H](CC)c2cccc(NS(=O)(=O)c3ccc(C(F)(F)F)cn3)c2)C(=O)O1,,,True,CCC[C@@]1(CCc2ccccc2)CC(O)=C([C@H](CC)c2cccc(NS(=O)(=O)c3ccc(C(F)(F)F)cn3)c2)C(=O)O1,SUJUHGSWHZTSEU-FYBSXPHGSA-N,O=C1OC(CCc2ccccc2)CC=C1Cc1cccc(NS(=O)(=O)c2ccccn2)c1,1.0,1.0,0.0,602.6750000000001,42.0,31.0,0.0,105.59000000000002,7.325500000000007,2.0,6.0,11.0,4.0,0.3548387096774194,True,,Most-DILI-Concern,most,False,,,
LT01037,Tirofiban hydrochloride,0,No match,vNo-DILI-concern,Unchanged,Tirofiban,CCCCS(=O)(=O)N[C@@H](Cc1ccc(OCCCCC2CCNCC2)cc1)C(=O)O,CHEMBL916,150915-40-5,440.61,2.95,0.0,,No DILI,No DILI,,no,0.0,tirofiban hydrochloride,DILImap_metadata,CCCCS(=O)(=O)N[C@@H](Cc1ccc(OCCCCC2CCNCC2)cc1)C(=O)O,,,True,CCCCS(=O)(=O)N[C@@H](Cc1ccc(OCCCCC2CCNCC2)cc1)C(=O)O,COKMIXFXJJXBQG-NRFANRHFSA-N,c1ccc(OCCCCC2CCNCC2)cc1,1.0,1.0,0.0,440.6060000000003,30.0,22.0,0.0,104.73,2.9505,3.0,5.0,14.0,2.0,0.6818181818181818,True,,No-DILI-Concern,no,False,,,
LT03776,Tivozanib hydrochloride,4,Adverse reactions,Ambiguous-DILI-concern,New,,,,,,,,,,,,ambiguous,,tivozanib hydrochloride,,CC1=CC(=NO1)NC(=O)NC2=C(C=C(C=C2)OC3=C4C=C(C(=CC4=NC=C3)OC)OC)Cl.O.Cl,11547978.0,RQXMKRRBJITKRN-UHFFFAOYSA-N,True,COc1cc2nccc(Oc3ccc(NC(=O)Nc4cc(C)on4)c(Cl)c3)c2cc1OC,SPMVMDHWKHCIDT-UHFFFAOYSA-N,O=C(Nc1ccc(Oc2ccnc3ccccc23)cc1)Nc1ccon1,3.0,0.9411764705882353,0.0,454.87000000000023,32.0,22.0,0.0,107.74000000000001,5.638120000000003,2.0,7.0,6.0,4.0,0.13636363636363635,True,,,other,False,,,PubChem_name_property
LT00155,Tizanidine hydrochloride,8,Warnings & precautions,vMost-DILI-concern,Unchanged,Tizanidine,Clc1ccc2nsnc2c1NC1=NCCN1,CHEMBL1079,64461-82-1,253.72,1.72,0.0,C,DILI (likely),DILI,"Cholestasis/Biliary, Immune-mediated, Hypersensitivity, likely idiosyncratic",most,1.0,tizanidine hydrochloride,DILImap_metadata,Clc1ccc2nsnc2c1NC1=NCCN1,,,True,Clc1ccc2nsnc2c1NC1=NCCN1,XFYDIVBRZNQMJC-UHFFFAOYSA-N,c1cc(NC2=NCCN2)c2nsnc2c1,1.0,1.0,0.0,253.718,16.0,9.0,0.0,62.2,1.7157999999999993,2.0,6.0,1.0,3.0,0.2222222222222222,True,,Most-DILI-Concern,most,False,,,
LT02392,Tofacitinib citrate,3,Warnings & precautions,Ambiguous-DILI-concern,New,,,,,,,,,,,,ambiguous,,tofacitinib citrate,,C[C@@H]1CCN(C[C@@H]1N(C)C2=NC=NC3=C2C=CN3)C(=O)CC#N.C(C(=O)O)C(CC(=O)O)(C(=O)O)O,10174505.0,SYIKUFDOYJFGBQ-YLAFAASESA-N,True,C[C@@H]1CCN(C(=O)CC#N)C[C@@H]1N(C)c1ncnc2[nH]ccc12,UJLAWZDWDVHWOW-YPMHNXCESA-N,c1nc(NC2CCCNC2)c2cc[nH]c2n1,2.0,0.6388888888888888,0.0,312.3770000000001,23.0,16.0,0.0,88.91,1.5447799999999998,1.0,5.0,3.0,3.0,0.5,True,,,other,False,,,PubChem_name_property
LT00266,Tolazamide,2,Adverse reactions,vLess-DILI-concern,Unchanged,Tolazamide,Cc1ccc(S(=O)(=O)NC(=O)NN2CCCCCC2)cc1,CHEMBL817,,311.41,1.77,0.0,D,DILI (few cases),,,less,,tolazamide,DILImap_metadata,Cc1ccc(S(=O)(=O)NC(=O)NN2CCCCCC2)cc1,,,True,Cc1ccc(S(=O)(=O)NC(=O)NN2CCCCCC2)cc1,OUDSBRTVNLOZBN-UHFFFAOYSA-N,O=C(NN1CCCCCC1)NS(=O)(=O)c1ccccc1,1.0,1.0,0.0,311.4070000000001,21.0,14.0,0.0,78.50999999999999,1.7739199999999995,2.0,4.0,3.0,2.0,0.5,True,,Less-DILI-Concern,less,False,,,
LT00453,Tolbutamide,2,Adverse reactions,Ambiguous-DILI-concern,Unchanged,Tolbutamide,CCCCNC(=O)NS(=O)(=O)c1ccc(C)cc1,CHEMBL782,64-77-7,270.35,1.78,0.0,E*,No DILI,No DILI,,ambiguous,,tolbutamide,DILImap_metadata,CCCCNC(=O)NS(=O)(=O)c1ccc(C)cc1,,,True,CCCCNC(=O)NS(=O)(=O)c1ccc(C)cc1,JLRGJRBPOGGCBT-UHFFFAOYSA-N,c1ccccc1,1.0,1.0,0.0,270.354,18.0,12.0,0.0,75.27000000000001,1.78302,2.0,3.0,5.0,1.0,0.4166666666666667,True,,Ambiguous DILI-concern,ambiguous,False,286.6525,,
LT00156,Tolcapone,8,Box warning,vMost-DILI-concern,Unchanged,Tolcapone,Cc1ccc(C(=O)c2cc(O)c(O)c([N+](=O)[O-])c2)cc1,CHEMBL1324,134308-13-7,273.24,2.55,0.0,C,DILI (withdrawn),DILI,"Hepatitis, Immune-mediated, Hypersensitivity",most,1.0,tolcapone,DILImap_metadata,Cc1ccc(C(=O)c2cc(O)c(O)c([N+](=O)[O-])c2)cc1,,,True,Cc1ccc(C(=O)c2cc(O)c(O)c([N+](=O)[O-])c2)cc1,MIQPIUSUKVNLNT-UHFFFAOYSA-N,O=C(c1ccccc1)c1ccccc1,1.0,1.0,0.0,273.24399999999997,20.0,14.0,0.0,100.67,2.545420000000002,2.0,5.0,3.0,2.0,0.07142857142857142,True,,Most-DILI-Concern,most,True,37.6935239192837,,
LT01820,Tolmetin sodium,3,Adverse reactions,vLess-DILI-concern,Unchanged,Tolmetin,Cc1ccc(C(=O)c2ccc(CC(=O)O)n2C)cc1,CHEMBL1020,26171-23-3,257.29,2.19,0.0,D,DILI (few cases),,"Hepatitis, Hypersensitivity",less,,tolmetin sodium,DILImap_metadata,Cc1ccc(C(=O)c2ccc(CC(=O)O)n2C)cc1,,,True,Cc1ccc(C(=O)c2ccc(CC(=O)O)n2C)cc1,UPSPUYADGBWSHF-UHFFFAOYSA-N,O=C(c1ccccc1)c1ccc[nH]1,1.0,1.0,0.0,257.289,19.0,15.0,0.0,59.300000000000004,2.1916200000000003,1.0,2.0,4.0,2.0,0.2,True,,Less-DILI-Concern,less,False,,,
LT01822,Tolrestat,8,Withdrawn,vMost-DILI-concern,Unchanged,Tolrestat,COc1ccc2c(C(=S)N(C)CC(=O)O)cccc2c1C(F)(F)F,CHEMBL436,,357.35,3.56,0.0,,DILI (withdrawn),DILI,,most,1.0,tolrestat,DILImap_metadata,COc1ccc2c(C(=S)N(C)CC(=O)O)cccc2c1C(F)(F)F,,,True,COc1ccc2c(C(=S)N(C)CC(=O)O)cccc2c1C(F)(F)F,LUBHDINQXIHVLS-UHFFFAOYSA-N,c1ccc2ccccc2c1,1.0,1.0,0.0,357.353,24.0,16.0,0.0,49.769999999999996,3.5591000000000026,1.0,3.0,4.0,2.0,0.25,True,,Most-DILI-Concern,most,False,46.5948873653281,,
LT01011,Tolterodine tartrate,0,No match,vLess-DILI-concern,Revised,Tolterodine,Cc1ccc(O)c([C@H](CCN(C(C)C)C(C)C)c2ccccc2)c1,CHEMBL1382,,325.5,5.34,0.0,E,No DILI,No DILI,,less,,tolterodine tartrate,DILImap_metadata,Cc1ccc(O)c([C@H](CCN(C(C)C)C(C)C)c2ccccc2)c1,,,True,Cc1ccc(O)c([C@H](CCN(C(C)C)C(C)C)c2ccccc2)c1,OOGJQPCLVADCPB-HXUWFJFHSA-N,c1ccc(Cc2ccccc2)cc1,1.0,1.0,0.0,325.496,24.0,22.0,0.0,23.47,5.341420000000006,1.0,2.0,7.0,2.0,0.45454545454545453,True,,No-DILI-Concern,no,False,,,
LT00661,Tolvaptan,8,Warnings & precautions,vMost-DILI-concern,Unchanged,Tolvaptan,Cc1ccccc1C(=O)Nc1ccc(C(=O)N2CCCC(O)c3cc(Cl)ccc32)c(C)c1,CHEMBL344159,150683-30-0,448.95,5.68,0.0,C,DILI (likely),DILI,"Hepatitis, CYP, Cholestasis/Biliary, Cirrhosis, Encephalopathy, Immune-mediated, Hypersensitivity",most,1.0,tolvaptan,DILImap_metadata,Cc1ccccc1C(=O)Nc1ccc(C(=O)N2CCCC(O)c3cc(Cl)ccc32)c(C)c1,,,True,Cc1ccccc1C(=O)Nc1ccc(C(=O)N2CCCC(O)c3cc(Cl)ccc32)c(C)c1,GYHCTFXIZSNGJT-UHFFFAOYSA-N,O=C(Nc1ccc(C(=O)N2CCCCc3ccccc32)cc1)c1ccccc1,1.0,1.0,0.0,448.9500000000001,32.0,26.0,0.0,69.64,5.683140000000005,2.0,3.0,3.0,4.0,0.23076923076923078,True,,Most-DILI-Concern,most,True,0.396,,
LT00455,Topiramate,3,Adverse reactions,vLess-DILI-concern,Unchanged,Topiramate,CC1(C)O[C@@H]2[C@@H](CO[C@@]3(COS(N)(=O)=O)OC(C)(C)O[C@@H]23)O1,CHEMBL220492,97240-79-4,339.37,-0.4,0.0,C,DILI (few cases),,"Mitochondrial dysfunction, CYP, Lactic acidosis, Hypersensitivity Syndrome",less,,topiramate,DILImap_metadata,CC1(C)O[C@@H]2[C@@H](CO[C@@]3(COS(N)(=O)=O)OC(C)(C)O[C@@H]23)O1,,,True,CC1(C)O[C@@H]2[C@@H](CO[C@@]3(COS(N)(=O)=O)OC(C)(C)O[C@@H]23)O1,KJADKKWYZYXHBB-XBWDGYHZSA-N,C1OC2COC3OCOC3C2O1,1.0,1.0,0.0,339.3660000000001,22.0,12.0,0.0,115.54,-0.3953999999999982,1.0,8.0,3.0,3.0,1.0,True,,Less-DILI-Concern,less,False,21.7865456581312,,
LT01824,Topotecan hydrochloride,0,No match,vNo-DILI-concern,Unchanged,Topotecan,CC[C@@]1(O)C(=O)OCc2c1cc1n(c2=O)Cc2cc3c(CN(C)C)c(O)ccc3nc2-1,CHEMBL84,119413-54-6,421.45,1.85,0.0,E*,No DILI,No DILI,,no,0.0,topotecan hydrochloride,DILImap_metadata,CC[C@@]1(O)C(=O)OCc2c1cc1n(c2=O)Cc2cc3c(CN(C)C)c(O)ccc3nc2-1,,,True,CC[C@@]1(O)C(=O)OCc2c1cc1n(c2=O)Cc2cc3c(CN(C)C)c(O)ccc3nc2-1,UCFGDBYHRUNTLO-QHCPKHFHSA-N,O=C1Cc2cc3n(c(=O)c2CO1)Cc1cc2ccccc2nc1-3,1.0,1.0,0.0,421.4530000000002,31.0,23.0,0.0,104.89,1.8468000000000002,2.0,7.0,3.0,5.0,0.34782608695652173,True,,No-DILI-Concern,no,False,,,
LT00158,Toremifene citrate,3,Warnings & precautions,Ambiguous-DILI-concern,Unchanged,Toremifene,CN(C)CCOc1ccc(/C(=C(/CCCl)c2ccccc2)c2ccccc2)cc1,CHEMBL1655,89778-27-8,405.97,6.22,1.0,D,DILI (few cases),,"Hepatitis, CYP, Steatosis, Cirrhosis",ambiguous,,toremifene citrate,DILImap_metadata,CN(C)CCOc1ccc(/C(=C(/CCCl)c2ccccc2)c2ccccc2)cc1,,,True,CN(C)CCOc1ccc(/C(=C(/CCCl)c2ccccc2)c2ccccc2)cc1,XFCLJVABOIYOMF-QPLCGJKRSA-N,C(=C(c1ccccc1)c1ccccc1)c1ccccc1,1.0,1.0,0.0,405.969,29.0,26.0,0.0,12.47,6.215000000000006,0.0,2.0,9.0,3.0,0.23076923076923078,True,,Ambiguous DILI-concern,ambiguous,False,,,
LT00639,Torsemide,2,Warnings & precautions,Ambiguous-DILI-concern,Unchanged,Torasemide,Cc1cccc(Nc2ccncc2S(=O)(=O)NC(=O)NC(C)C)c1,CHEMBL1148,,348.43,2.53,0.0,,,,,ambiguous,,torsemide,DILImap_metadata,Cc1cccc(Nc2ccncc2S(=O)(=O)NC(=O)NC(C)C)c1,,,True,Cc1cccc(Nc2ccncc2S(=O)(=O)NC(=O)NC(C)C)c1,NGBFQHCMQULJNZ-UHFFFAOYSA-N,c1ccc(Nc2ccncc2)cc1,1.0,1.0,0.0,348.4280000000001,24.0,16.0,0.0,100.19,2.5299199999999997,3.0,5.0,5.0,2.0,0.25,True,,Ambiguous DILI-concern,ambiguous,False,,,
LT03165,Trabectedin,7,Warnings & precautions,Ambiguous-DILI-concern,New,,,,,,,,,,,,ambiguous,,trabectedin,,COc1cc2c(cc1O)CCN[C@]21CS[C@@H]2c3c(OC(C)=O)c(C)c4c(c3[C@H](COC1=O)N1[C@@H]2[C@H]2c3c(cc(C)c(OC)c3O)C[C@@H]([C@@H]1O)N2C)OCO4,,,True,COc1cc2c(cc1O)CCN[C@]21CS[C@@H]2c3c(OC(C)=O)c(C)c4c(c3[C@H](COC1=O)N1[C@@H]2[C@H]2c3c(cc(C)c(OC)c3O)C[C@@H]([C@@H]1O)N2C)OCO4,PKVRCIRHQMSYJX-AIFWHQITSA-N,O=C1OCC2c3c(ccc4c3OCO4)C(SCC13NCCc1ccccc13)C1C3NC(Cc4ccccc43)CN21,1.0,1.0,0.0,761.8500000000001,54.0,39.0,0.0,168.72,3.413240000000002,4.0,15.0,3.0,10.0,0.48717948717948717,True,,,other,False,,DILImap_metadata_offline,
LT01827,Tramadol hydrochloride,7,Adverse reactions,vLess-DILI-concern,Revised,Tramadol,COc1cccc(C2(O)CCCCC2CN(C)C)c1,CHEMBL1237044,,263.38,2.63,0.0,E,No DILI,No DILI,,less,,tramadol hydrochloride,DILImap_metadata,COc1cccc(C2(O)CCCCC2CN(C)C)c1,,,True,COc1cccc(C2(O)CCCCC2CN(C)C)c1,TVYLLZQTGLZFBW-UHFFFAOYSA-N,c1ccc(C2CCCCC2)cc1,1.0,1.0,0.0,263.3809999999999,19.0,16.0,0.0,32.7,2.6346000000000007,1.0,3.0,4.0,2.0,0.625,True,,Ambiguous DILI-concern,ambiguous,False,,,
LT02903,Trametinib dimethyl sulfoxide,3,Adverse reactions,vLess-DILI-concern,New,,,,,,,,,,,,less,,trametinib dimethyl sulfoxide,,CC1=C2C(=C(N(C1=O)C)NC3=C(C=C(C=C3)I)F)C(=O)N(C(=O)N2C4=CC=CC(=C4)NC(=O)C)C5CC5.CS(=O)C,50992434.0,OQUFJVRYDFIQBW-UHFFFAOYSA-N,True,CC(=O)Nc1cccc(-n2c(=O)n(C3CC3)c(=O)c3c(Nc4ccc(I)cc4F)n(C)c(=O)c(C)c32)c1,LIRYPHYGHXZJBZ-UHFFFAOYSA-N,O=c1cc2c(c(Nc3ccccc3)[nH]1)c(=O)n(C1CC1)c(=O)n2-c1ccccc1,2.0,0.9024390243902439,0.0,615.403,37.0,26.0,0.0,107.13,3.940120000000002,2.0,5.0,5.0,5.0,0.23076923076923078,True,,,other,False,,,PubChem_name_property
LT01828,Trandolapril,4,Adverse reactions,vLess-DILI-concern,Unchanged,Trandolapril,CCOC(=O)[C@H](CCc1ccccc1)N[C@@H](C)C(=O)N1[C@H](C(=O)O)C[C@H]2CCCC[C@@H]21,CHEMBL1519,87679-37-6,430.55,2.77,1.0,E*,No DILI (unlikely),,,less,,trandolapril,DILImap_metadata,CCOC(=O)[C@H](CCc1ccccc1)N[C@@H](C)C(=O)N1[C@H](C(=O)O)C[C@H]2CCCC[C@@H]21,,,True,CCOC(=O)[C@H](CCc1ccccc1)N[C@@H](C)C(=O)N1[C@H](C(=O)O)C[C@H]2CCCC[C@@H]21,VXFJYXUZANRPDJ-WTNASJBWSA-N,O=C(CNCCCc1ccccc1)N1CCC2CCCCC21,1.0,1.0,0.0,430.54500000000036,31.0,24.0,0.0,95.94000000000001,2.7733000000000008,2.0,5.0,9.0,3.0,0.625,True,,Less-DILI-Concern,less,False,0.0030194835661122,,
LT00923,Tranexamic acid,0,No match,vNo-DILI-concern,Unchanged,Tranexamic acid,NC[C@H]1CC[C@H](C(=O)O)CC1,CHEMBL877,1197-18-8,157.21,0.84,0.0,,No DILI,No DILI,,no,0.0,tranexamic acid,DILImap_metadata,NC[C@H]1CC[C@H](C(=O)O)CC1,,,True,NC[C@H]1CC[C@H](C(=O)O)CC1,GYDJEQRTZSCIOI-LJGSYFOKSA-N,C1CCCCC1,1.0,1.0,0.0,157.21299999999997,11.0,8.0,0.0,63.32000000000001,0.8361000000000001,2.0,2.0,2.0,1.0,0.875,True,,No-DILI-Concern,no,False,,,
LT01829,Tranylcypromine sulfate,3,Adverse reactions,vLess-DILI-concern,Unchanged,Tranylcypromine,N[C@@H]1C[C@H]1c1ccccc1.N[C@H]1C[C@@H]1c1ccccc1,CHEMBL3989843,1986-47-6,266.39,,0.0,D,DILI (few cases),,"CYP, Cholestasis/Biliary, Immune-mediated, Hypersensitivity",less,,tranylcypromine sulfate,DILImap_metadata,N[C@@H]1C[C@H]1c1ccccc1.N[C@H]1C[C@@H]1c1ccccc1,,,True,N[C@@H]1C[C@H]1c1ccccc1,AELCINSCMGFISI-DTWKUNHWSA-N,c1ccc(C2CC2)cc1,2.0,0.5,0.0,133.194,10.0,9.0,0.0,26.02,1.5011999999999999,1.0,1.0,1.0,2.0,0.3333333333333333,True,,Less-DILI-Concern,less,False,,,
LT01352,Trastuzumab,0,No match,vLess-DILI-concern,Unchanged,Trastuzumab,,CHEMBL1201585,,,,0.0,D,DILI (few cases),,Hypersensitivity,less,,trastuzumab,,,,,False,,,,,,,,,,,,,,,,,,False,missing_structure,Less-DILI-Concern,less,False,,,
LT01830,Trazodone hydrochloride,5,Adverse reactions,vLess-DILI-concern,Unchanged,Trazodone,O=c1n(CCCN2CCN(c3cccc(Cl)c3)CC2)nc2ccccn12,CHEMBL621,19794-93-5,371.87,2.36,0.0,B,DILI (likely),DILI,"CYP, Cholestasis/Biliary, Immune-mediated, Hypersensitivity",less,,trazodone hydrochloride,DILImap_metadata,O=c1n(CCCN2CCN(c3cccc(Cl)c3)CC2)nc2ccccn12,,,True,O=c1n(CCCN2CCN(c3cccc(Cl)c3)CC2)nc2ccccn12,PHLBKPHSAVXXEF-UHFFFAOYSA-N,O=c1n(CCCN2CCN(c3ccccc3)CC2)nc2ccccn12,1.0,1.0,0.0,371.8720000000001,26.0,19.0,0.0,45.78,2.3617,0.0,4.0,5.0,4.0,0.3684210526315789,True,,Less-DILI-Concern,less,False,,,
LT00338,Tretinoin,3,Warnings & precautions,vLess-DILI-concern,Revised,Tretinoin,CC1=C(/C=C/C(C)=C/C=C/C(C)=C/C(=O)O)C(C)(C)CCC1,CHEMBL38,302-79-4,300.44,5.6,0.0,E,No DILI,No DILI,,less,,tretinoin,DILImap_metadata,CC1=C(/C=C/C(C)=C/C=C/C(C)=C/C(=O)O)C(C)(C)CCC1,,,True,CC1=C(/C=C/C(C)=C/C=C/C(C)=C/C(=O)O)C(C)(C)CCC1,SHGAZHPCJJPHSC-YCNIQYBTSA-N,C1=CCCCC1,1.0,1.0,0.0,300.44200000000006,22.0,20.0,0.0,37.3,5.602600000000005,1.0,1.0,5.0,1.0,0.45,True,,Ambiguous DILI-concern,ambiguous,False,,,
LT00700,Triacetyldiphenolisatin,8,Withdrawn,vMost-DILI-concern,Unchanged,Triacetyldiphenolisatin,CC(=O)Oc1ccc(C2(c3ccc(OC(C)=O)cc3)C(=O)N(C(C)=O)c3ccccc32)cc1,CHEMBL1909288,,443.46,3.76,0.0,,DILI (withdrawn),DILI,,most,1.0,triacetyldiphenolisatin,DILImap_metadata,CC(=O)Oc1ccc(C2(c3ccc(OC(C)=O)cc3)C(=O)N(C(C)=O)c3ccccc32)cc1,,,True,CC(=O)Oc1ccc(C2(c3ccc(OC(C)=O)cc3)C(=O)N(C(C)=O)c3ccccc32)cc1,JPGUEMQIAGJQSJ-UHFFFAOYSA-N,O=C1Nc2ccccc2C1(c1ccccc1)c1ccccc1,1.0,1.0,0.0,443.45500000000015,33.0,26.0,0.0,89.97999999999999,3.764700000000003,0.0,6.0,4.0,4.0,0.15384615384615385,True,,Most-DILI-Concern,most,False,,,
LT01833,Triamterene,5,Adverse reactions,vLess-DILI-concern,Unchanged,Triamterene,Nc1nc(N)c2nc(-c3ccccc3)c(N)nc2n1,CHEMBL585,396-01-0,253.27,0.83,0.0,D,DILI (few cases),,"Cirrhosis, Hypersensitivity, idiosyncratic cases",less,,triamterene,DILImap_metadata,Nc1nc(N)c2nc(-c3ccccc3)c(N)nc2n1,,,True,Nc1nc(N)c2nc(-c3ccccc3)c(N)nc2n1,FNYLWPVRPXGIIP-UHFFFAOYSA-N,c1ccc(-c2cnc3ncncc3n2)cc1,1.0,1.0,0.0,253.26900000000003,19.0,12.0,0.0,129.62,0.8334000000000001,3.0,7.0,1.0,3.0,0.0,True,,Less-DILI-Concern,less,False,,,
LT01834,Triazolam,4,Adverse reactions,Ambiguous-DILI-concern,Unchanged,Triazolam,Cc1nnc2n1-c1ccc(Cl)cc1C(c1ccccc1Cl)=NC2,CHEMBL646,,343.22,4.23,0.0,E*,No DILI,No DILI,,ambiguous,,triazolam,DILImap_metadata,Cc1nnc2n1-c1ccc(Cl)cc1C(c1ccccc1Cl)=NC2,,,True,Cc1nnc2n1-c1ccc(Cl)cc1C(c1ccccc1Cl)=NC2,JOFWLTCLBGQGBO-UHFFFAOYSA-N,c1ccc(C2=NCc3nncn3-c3ccccc32)cc1,1.0,1.0,0.0,343.21700000000004,23.0,17.0,0.0,43.07,4.233520000000002,0.0,3.0,1.0,4.0,0.11764705882352941,True,,Ambiguous DILI-concern,ambiguous,False,,,
LT03076,Triclabendazole,5,Adverse reactions,Ambiguous-DILI-concern,New,,,,,,,,,,,,ambiguous,,triclabendazole,,CSC1=NC2=CC(=C(C=C2N1)Cl)OC3=C(C(=CC=C3)Cl)Cl,50248.0,NQPDXQQQCQDHHW-UHFFFAOYSA-N,True,CSc1nc2cc(Oc3cccc(Cl)c3Cl)c(Cl)cc2[nH]1,NQPDXQQQCQDHHW-UHFFFAOYSA-N,c1ccc(Oc2ccc3[nH]cnc3c2)cc1,1.0,1.0,0.0,359.66499999999996,21.0,14.0,0.0,37.91,6.037300000000002,1.0,3.0,3.0,3.0,0.07142857142857142,True,,,other,False,,,PubChem_name_property
LT00375,Trientine hydrochloride,1,No match,vNo-DILI-concern,Unchanged,Trientine hydrochloride,,,,,,,,No DILI,No DILI,,no,0.0,trientine hydrochloride,,C(CNCCNCCN)N.Cl.Cl,71433.0,WYHIICXRPHEJKI-UHFFFAOYSA-N,True,NCCNCCNCCN,VILCJCGEZXAXTO-UHFFFAOYSA-N,,3.0,0.8333333333333334,0.0,146.238,10.0,6.0,0.0,76.1,-1.916999999999998,4.0,4.0,7.0,0.0,1.0,True,,No-DILI-Concern,no,False,7.07245847782442,,PubChem_name_property
LT00457,Trifluoperazine hydrochloride,2,Warnings & precautions,vLess-DILI-concern,Revised,Trifluoperazine,CN1CCN(CCCN2c3ccccc3Sc3ccc(C(F)(F)F)cc32)CC1,CHEMBL422,440-17-5,407.51,4.95,0.0,D,DILI (few cases),,"Cholestasis/Biliary, Immune-mediated, Hypersensitivity",less,,trifluoperazine hydrochloride,DILImap_metadata,CN1CCN(CCCN2c3ccccc3Sc3ccc(C(F)(F)F)cc32)CC1,,,True,CN1CCN(CCCN2c3ccccc3Sc3ccc(C(F)(F)F)cc32)CC1,ZEWQUBUPAILYHI-UHFFFAOYSA-N,c1ccc2c(c1)Sc1ccccc1N2CCCN1CCNCC1,1.0,1.0,0.0,407.50500000000017,28.0,21.0,0.0,9.72,4.945600000000005,0.0,4.0,4.0,4.0,0.42857142857142855,True,,Ambiguous DILI-concern,ambiguous,False,,,
LT03777,Triheptanoin,0,No match,vNo-DILI-concern,New,,,,,,,,,,,,no,0.0,triheptanoin,,CCCCCCC(=O)OCC(COC(=O)CCCCCC)OC(=O)CCCCCC,69286.0,PJHKBYALYHRYSK-UHFFFAOYSA-N,True,CCCCCCC(=O)OCC(COC(=O)CCCCCC)OC(=O)CCCCCC,PJHKBYALYHRYSK-UHFFFAOYSA-N,,1.0,1.0,0.0,428.61000000000035,30.0,24.0,0.0,78.9,5.895800000000007,0.0,6.0,20.0,0.0,0.875,True,,,other,False,,,PubChem_name_property
LT01839,Trihexyphenidyl hydrochloride,0,No match,vNo-DILI-concern,Unchanged,Trihexyphenidyl,OC(CCN1CCCCC1)(c1ccccc1)C1CCCCC1,CHEMBL1490,52-49-3,301.47,4.33,0.0,E*,No DILI,No DILI,,no,0.0,trihexyphenidyl hydrochloride,DILImap_metadata,OC(CCN1CCCCC1)(c1ccccc1)C1CCCCC1,,,True,OC(CCN1CCCCC1)(c1ccccc1)C1CCCCC1,HWHLPVGTWGOCJO-UHFFFAOYSA-N,c1ccc(C(CCN2CCCCC2)C2CCCCC2)cc1,1.0,1.0,0.0,301.47400000000016,22.0,20.0,0.0,23.47,4.330500000000004,1.0,2.0,5.0,3.0,0.7,True,,No-DILI-Concern,no,False,,,
LT03778,Trilaciclib dihydrochloride,3,Adverse reactions,Ambiguous-DILI-concern,New,,,,,,,,,,,,ambiguous,,trilaciclib dihydrochloride,,CN1CCN(CC1)C2=CN=C(C=C2)NC3=NC=C4C=C5C(=O)NCC6(N5C4=N3)CCCCC6.Cl.Cl,124081865.0,BRCYOXKEDFAUSA-UHFFFAOYSA-N,True,CN1CCN(c2ccc(Nc3ncc4cc5n(c4n3)C3(CCCCC3)CNC5=O)nc2)CC1,PDGKHKMBHVFCMG-UHFFFAOYSA-N,O=C1NCC2(CCCCC2)n2c1cc1cnc(Nc3ccc(N4CCNCC4)cn3)nc12,3.0,0.9428571428571428,0.0,446.55900000000037,33.0,24.0,0.0,91.21,2.7245,2.0,7.0,3.0,6.0,0.5,True,,,other,False,,,PubChem_name_property
LT01840,Trimethadione,5,Warnings & precautions,Ambiguous-DILI-concern,Unchanged,Trimethadione,CN1C(=O)OC(C)(C)C1=O,CHEMBL695,127-48-0,143.14,0.37,1.0,,,,,ambiguous,,trimethadione,DILImap_metadata,CN1C(=O)OC(C)(C)C1=O,,,True,CN1C(=O)OC(C)(C)C1=O,IRYJRGCIQBGHIV-UHFFFAOYSA-N,O=C1COC(=O)N1,1.0,1.0,0.0,143.142,10.0,6.0,0.0,46.61,0.37359999999999993,0.0,3.0,0.0,1.0,0.6666666666666666,True,,Ambiguous DILI-concern,ambiguous,False,,,
LT01841,Trimethobenzamide hydrochloride,5,Adverse reactions,Ambiguous-DILI-concern,Unchanged,Trimethobenzamide,COc1cc(C(=O)NCc2ccc(OCCN(C)C)cc2)cc(OC)c1OC,CHEMBL1201256,554-92-7,388.46,2.58,0.0,D,DILI (few cases),,"Hepatitis, Cholestasis/Biliary, Immune-mediated, Hypersensitivity",ambiguous,,trimethobenzamide hydrochloride,DILImap_metadata,COc1cc(C(=O)NCc2ccc(OCCN(C)C)cc2)cc(OC)c1OC,,,True,COc1cc(C(=O)NCc2ccc(OCCN(C)C)cc2)cc(OC)c1OC,FEZBIKUBAYAZIU-UHFFFAOYSA-N,O=C(NCc1ccccc1)c1ccccc1,1.0,1.0,0.0,388.46400000000017,28.0,21.0,0.0,69.26,2.5828000000000007,1.0,6.0,10.0,2.0,0.38095238095238093,True,,Ambiguous DILI-concern,ambiguous,False,,,
LT01842,Trimethoprim,4,Adverse reactions,vLess-DILI-concern,Unchanged,Trimethoprim,COc1cc(Cc2cnc(N)nc2N)cc(OC)c1OC,CHEMBL22,738-70-5,290.32,1.26,0.0,C,DILI (few cases),,"Cholestasis/Biliary, idiosyncratic (manual annotation)",less,,trimethoprim,DILImap_metadata,COc1cc(Cc2cnc(N)nc2N)cc(OC)c1OC,,,True,COc1cc(Cc2cnc(N)nc2N)cc(OC)c1OC,IEDVJHCEMCRBQM-UHFFFAOYSA-N,c1ccc(Cc2cncnc2)cc1,1.0,1.0,0.0,290.32300000000004,21.0,14.0,0.0,105.51,1.2575999999999998,2.0,7.0,5.0,2.0,0.2857142857142857,True,,Less-DILI-Concern,less,False,7.06172746787398,,
LT01843,Trimetrexate glucuronate,3,Warnings & precautions,Ambiguous-DILI-concern,Unchanged,Trimetrexate,COc1cc(NCc2ccc3nc(N)nc(N)c3c2C)cc(OC)c1OC,CHEMBL119,,369.43,2.74,0.0,E*,No DILI,No DILI,,ambiguous,,trimetrexate glucuronate,DILImap_metadata,COc1cc(NCc2ccc3nc(N)nc(N)c3c2C)cc(OC)c1OC,,,True,COc1cc(NCc2ccc3nc(N)nc(N)c3c2C)cc(OC)c1OC,NOYPYLRCIDNJJB-UHFFFAOYSA-N,c1ccc(NCc2ccc3ncncc3c2)cc1,1.0,1.0,0.0,369.4250000000001,27.0,19.0,0.0,117.54,2.740520000000001,3.0,8.0,6.0,3.0,0.2631578947368421,True,,Ambiguous DILI-concern,ambiguous,False,,,
LT01844,Trimipramine maleate,2,Adverse reactions,Ambiguous-DILI-concern,Unchanged,Trimipramine,CC(CN(C)C)CN1c2ccccc2CCc2ccccc21,CHEMBL644,521-78-8,294.44,4.12,0.0,D,DILI (few cases),,"Cholestasis/Biliary, Immune-mediated, Hypersensitivity",ambiguous,,trimipramine maleate,DILImap_metadata,CC(CN(C)C)CN1c2ccccc2CCc2ccccc21,,,True,CC(CN(C)C)CN1c2ccccc2CCc2ccccc21,ZSCDBOWYZJWBIY-UHFFFAOYSA-N,c1ccc2c(c1)CCc1ccccc1N2,1.0,1.0,0.0,294.442,22.0,20.0,0.0,6.48,4.121000000000003,0.0,2.0,4.0,3.0,0.4,True,,Ambiguous DILI-concern,ambiguous,False,,,
LT00798,Triprolidine hydrochloride,0,No match,vNo-DILI-concern,Unchanged,Triprolidine,Cc1ccc(/C(=C\CN2CCCC2)c2ccccn2)cc1,CHEMBL855,6138-79-0,278.4,3.92,0.0,,No DILI,No DILI,,no,0.0,triprolidine hydrochloride,DILImap_metadata,Cc1ccc(/C(=C\CN2CCCC2)c2ccccn2)cc1,,,True,Cc1ccc(/C(=C\CN2CCCC2)c2ccccn2)cc1,CBEQULMOCCWAQT-WOJGMQOQSA-N,C(CN1CCCC1)=C(c1ccccc1)c1ccccn1,1.0,1.0,0.0,278.399,21.0,19.0,0.0,16.130000000000003,3.917520000000003,0.0,2.0,4.0,3.0,0.3157894736842105,True,,No-DILI-Concern,no,False,,,
LT00460,Triptorelin pamoate,3,Adverse reactions,vLess-DILI-concern,Unchanged,Triptorelin pamoate,,,,,,,,,,,less,,triptorelin pamoate,,CC(C)C[C@@H](C(=O)N[C@@H](CCCN=C(N)N)C(=O)N1CCC[C@H]1C(=O)NCC(=O)N)NC(=O)[C@@H](CC2=CNC3=CC=CC=C32)NC(=O)[C@H](CC4=CC=C(C=C4)O)NC(=O)[C@H](CO)NC(=O)[C@H](CC5=CNC6=CC=CC=C65)NC(=O)[C@H](CC7=CN=CN7)NC(=O)[C@@H]8CCC(=O)N8.C1=CC=C2C(=C1)C=C(C(=C2CC3=C(C(=CC4=CC=CC=C43)C(=O)O)O)O)C(=O)O,25074469.0,ZBVJFYPGLGEMIN-OYLNGHKZSA-N,True,CC(C)C[C@H](NC(=O)[C@@H](Cc1c[nH]c2ccccc12)NC(=O)[C@H](Cc1ccc(O)cc1)NC(=O)[C@H](CO)NC(=O)[C@H](Cc1c[nH]c2ccccc12)NC(=O)[C@H](Cc1cnc[nH]1)NC(=O)[C@@H]1CCC(=O)N1)C(=O)N[C@@H](CCCN=C(N)N)C(=O)N1CCC[C@H]1C(=O)NCC(N)=O,VXKHXGOKWPXYNA-PGBVPBMZSA-N,O=C(CNC(=O)C(Cc1c[nH]c2ccccc12)NC(=O)C(Cc1ccccc1)NC(=O)CNC(=O)C(Cc1c[nH]c2ccccc12)NC(=O)C(Cc1cnc[nH]1)NC(=O)C1CCC(=O)N1)NCC(=O)N1CCCC1,2.0,0.7661290322580645,0.0,1311.4730000000006,95.0,64.0,0.0,490.4199999999999,-2.294800000000013,17.0,15.0,33.0,8.0,0.421875,False,mw_above_1000;heavy_atoms_above_80,Less-DILI-Concern,less,False,,,PubChem_name_property
LT00168,Troglitazone,8,Withdrawn,vMost-DILI-concern,Unchanged,Troglitazone,Cc1c(C)c2c(c(C)c1O)CCC(C)(COc1ccc(CC3SC(=O)NC3=O)cc1)O2,CHEMBL408,97322-87-7,441.55,4.37,0.0,A,DILI (withdrawn),DILI,"Hepatitis, Necrosis, CYP, Hypersensitivity",most,1.0,troglitazone,DILImap_metadata,Cc1c(C)c2c(c(C)c1O)CCC(C)(COc1ccc(CC3SC(=O)NC3=O)cc1)O2,,,True,Cc1c(C)c2c(c(C)c1O)CCC(C)(COc1ccc(CC3SC(=O)NC3=O)cc1)O2,GXPHKUHSUJUWKP-UHFFFAOYSA-N,O=C1NC(=O)C(Cc2ccc(OCC3CCc4ccccc4O3)cc2)S1,1.0,1.0,0.0,441.54900000000015,31.0,24.0,0.0,84.86,4.374260000000002,2.0,6.0,5.0,4.0,0.4166666666666667,True,,Most-DILI-Concern,most,False,6.387,,
LT00213,Tromethamine,6,Adverse reactions,Ambiguous-DILI-concern,Unchanged,Tromethamine,NC(CO)(CO)CO,CHEMBL1200391,,121.14,-2.34,0.0,,,,,ambiguous,,tromethamine,DILImap_metadata,NC(CO)(CO)CO,,,True,NC(CO)(CO)CO,LENZDBCJOHFCAS-UHFFFAOYSA-N,,1.0,1.0,0.0,121.136,8.0,4.0,0.0,86.71000000000001,-2.3391999999999995,4.0,4.0,3.0,0.0,1.0,True,,Ambiguous DILI-concern,ambiguous,False,,,
LT00516,Trospium chloride,0,No match,vNo-DILI-concern,Unchanged,Trospium,O=C(O[C@H]1C[C@H]2CC[C@@H](C1)[N+]21CCCC1)C(O)(c1ccccc1)c1ccccc1,CHEMBL1888176,10405-02-4,392.52,3.77,0.0,E,No DILI,No DILI,,no,0.0,trospium chloride,DILImap_metadata,O=C(O[C@H]1C[C@H]2CC[C@@H](C1)[N+]21CCCC1)C(O)(c1ccccc1)c1ccccc1,,,True,O=C(O[C@H]1C[C@H]2CC[C@@H](C1)[N+]21CCCC1)C(O)(c1ccccc1)c1ccccc1,OYYDSUSKLWTMMQ-JKHIJQBDSA-N,O=C(OC1CC2CCC(C1)[N+]21CCCC1)C(c1ccccc1)c1ccccc1,1.0,1.0,1.0,392.519,29.0,25.0,0.0,46.53,3.769700000000003,1.0,3.0,4.0,5.0,0.48,True,,No-DILI-Concern,no,False,,,
LT00645,Trovafloxacin mesylate,8,Withdrawn,vMost-DILI-concern,Unchanged,Trovafloxacin,N[C@@H]1[C@H]2CN(c3nc4c(cc3F)c(=O)c(C(=O)O)cn4-c3ccc(F)cc3F)C[C@@H]12,CHEMBL428,,416.36,1.89,0.0,,DILI (withdrawn),DILI,idiosyncratic (manual annotation),most,1.0,trovafloxacin mesylate,DILImap_metadata,N[C@@H]1[C@H]2CN(c3nc4c(cc3F)c(=O)c(C(=O)O)cn4-c3ccc(F)cc3F)C[C@@H]12,,,True,N[C@@H]1[C@H]2CN(c3nc4c(cc3F)c(=O)c(C(=O)O)cn4-c3ccc(F)cc3F)C[C@@H]12,WVPSKSLAZQPAKQ-CDMJZVDBSA-N,O=c1ccn(-c2ccccc2)c2nc(N3CC4CC4C3)ccc12,1.0,1.0,0.0,416.3590000000001,30.0,20.0,0.0,101.44999999999999,1.8944999999999996,2.0,5.0,3.0,5.0,0.25,True,,Most-DILI-Concern,most,False,,,
LT03779,Tucatinib,4,Warnings & precautions,Ambiguous-DILI-concern,New,,,,,,,,,,,,ambiguous,,tucatinib,,CC1=C(C=CC(=C1)NC2=NC=NC3=C2C=C(C=C3)NC4=NC(CO4)(C)C)OC5=CC6=NC=NN6C=C5,51039094.0,SDEAXTCZPQIFQM-UHFFFAOYSA-N,True,Cc1cc(Nc2ncnc3ccc(NC4=NC(C)(C)CO4)cc23)ccc1Oc1ccn2ncnc2c1,SDEAXTCZPQIFQM-UHFFFAOYSA-N,c1nc(Nc2ccc(Oc3ccn4ncnc4c3)cc2)c2cc(NC3=NCCO3)ccc2n1,1.0,1.0,0.0,480.53200000000027,36.0,26.0,0.0,110.85000000000001,5.093520000000003,2.0,9.0,5.0,6.0,0.19230769230769232,True,,,other,False,,,PubChem_name_property
LT02356,Tyramine,0,No match,vNo-DILI-concern,Unchanged,Tyramine,NCCc1ccc(O)cc1,CHEMBL11608,51-67-2,137.18,0.89,0.0,,No DILI,No DILI,,no,0.0,tyramine,DILImap_metadata,NCCc1ccc(O)cc1,,,True,NCCc1ccc(O)cc1,DZGWFCGJZKJUFP-UHFFFAOYSA-N,c1ccccc1,1.0,1.0,0.0,137.18199999999996,10.0,8.0,0.0,46.25,0.8934,2.0,2.0,2.0,1.0,0.25,True,,No-DILI-Concern,no,False,0.94766000874763,,
LT03780,Ubrogepant,0,No match,vNo-DILI-concern,New,,,,,,,,,,,,no,0.0,ubrogepant,,C[C@@H]1[C@@H](C[C@@H](C(=O)N1CC(F)(F)F)NC(=O)C2=CC3=C(C[C@@]4(C3)C5=C(NC4=O)N=CC=C5)N=C2)C6=CC=CC=C6,68748835.0,DDOOFTLHJSMHLN-ZQHRPCGSSA-N,True,C[C@@H]1[C@H](c2ccccc2)C[C@H](NC(=O)c2cnc3c(c2)C[C@@]2(C3)C(=O)Nc3ncccc32)C(=O)N1CC(F)(F)F,DDOOFTLHJSMHLN-ZQHRPCGSSA-N,O=C(NC1CC(c2ccccc2)CNC1=O)c1cnc2c(c1)CC1(C2)C(=O)Nc2ncccc21,1.0,1.0,0.0,549.5530000000003,40.0,29.0,0.0,104.29,3.5306000000000024,2.0,5.0,4.0,6.0,0.3448275862068966,True,,,other,False,,,PubChem_name_property
LT02443,Ulipristal acetate,0,No match,vLess-DILI-concern,New,,,,,,,,,,,,less,,ulipristal acetate,,CC(=O)[C@]1(CC[C@@H]2[C@@]1(C[C@@H](C3=C4CCC(=O)C=C4CC[C@@H]23)C5=CC=C(C=C5)N(C)C)C)OC(=O)C,130904.0,OOLLAFOLCSJHRE-ZHAKMVSLSA-N,True,CC(=O)O[C@]1(C(C)=O)CC[C@H]2[C@@H]3CCC4=CC(=O)CCC4=C3[C@@H](c3ccc(N(C)C)cc3)C[C@@]21C,OOLLAFOLCSJHRE-ZHAKMVSLSA-N,O=C1C=C2CCC3C(=C2CC1)C(c1ccccc1)CC1CCCC13,1.0,1.0,0.0,475.62900000000025,35.0,30.0,0.0,63.68,5.5430000000000055,0.0,5.0,4.0,5.0,0.5666666666666667,True,,,other,False,,,PubChem_name_property
LT03781,Umbralisib tosylate,3,Warnings & precautions,Ambiguous-DILI-concern,New,,,,,,,,,,,,ambiguous,,umbralisib tosylate,,CC1=CC=C(C=C1)S(=O)(=O)O.C[C@@H](C1=C(C(=O)C2=C(O1)C=CC(=C2)F)C3=CC(=CC=C3)F)N4C5=NC=NC(=C5C(=N4)C6=CC(=C(C=C6)OC(C)C)F)N,86707828.0,KYJWUPZPSXZEPG-NTISSMGPSA-N,True,CC(C)Oc1ccc(-c2nn([C@@H](C)c3oc4ccc(F)cc4c(=O)c3-c3cccc(F)c3)c3ncnc(N)c23)cc1F,IUVCFHHAEHNCFT-INIZCTEOSA-N,O=c1c(-c2ccccc2)c(Cn2nc(-c3ccccc3)c3cncnc32)oc2ccccc12,2.0,0.7924528301886793,0.0,571.5590000000001,42.0,31.0,0.0,109.06,6.662700000000005,1.0,7.0,6.0,6.0,0.16129032258064516,True,,,other,False,,,PubChem_name_property
LT03782,Umeclidinium bromide,0,No match,vNo-DILI-concern,New,,,,,,,,,,,,no,0.0,umeclidinium bromide,,C1C[N+]2(CCC1(CC2)C(C3=CC=CC=C3)(C4=CC=CC=C4)O)CCOCC5=CC=CC=C5.[Br-],11519069.0,PEJHHXHHNGORMP-UHFFFAOYSA-M,True,OC(c1ccccc1)(c1ccccc1)C12CC[N+](CCOCc3ccccc3)(CC1)CC2,FVTWTVQXNAJTQP-UHFFFAOYSA-N,c1ccc(COCC[N+]23CCC(C(c4ccccc4)c4ccccc4)(CC2)CC3)cc1,2.0,0.9696969696969697,1.0,428.59600000000023,32.0,29.0,0.0,29.46,5.140000000000005,1.0,2.0,8.0,6.0,0.3793103448275862,True,,,other,False,,,PubChem_name_property
LT03783,Upadacitinib,3,Warnings & precautions,Ambiguous-DILI-concern,New,,,,,,,,,,,,ambiguous,,upadacitinib,,CC[C@@H]1CN(C[C@@H]1C2=CN=C3N2C4=C(NC=C4)N=C3)C(=O)NCC(F)(F)F,58557659.0,WYQFJHHDOKWSHR-MNOVXSKESA-N,True,CC[C@@H]1CN(C(=O)NCC(F)(F)F)C[C@@H]1c1cnc2cnc3[nH]ccc3n12,WYQFJHHDOKWSHR-MNOVXSKESA-N,c1cc2c(ncc3ncc(C4CCNC4)n32)[nH]1,1.0,1.0,0.0,380.3740000000001,27.0,17.0,0.0,78.32,2.9079000000000006,2.0,3.0,3.0,4.0,0.47058823529411764,True,,,other,True,0.215562565720294,,PubChem_name_property
LT03784,Uridine triacetate,0,No match,vNo-DILI-concern,New,,,,,,,,,,,,no,0.0,uridine triacetate,,CC(=O)OC[C@@H]1[C@H]([C@H]([C@@H](O1)N2C=CC(=O)NC2=O)OC(=O)C)OC(=O)C,20058.0,AUFUWRKPQLGTGF-FMKGYKFTSA-N,True,CC(=O)OC[C@H]1O[C@@H](n2ccc(=O)[nH]c2=O)[C@H](OC(C)=O)[C@@H]1OC(C)=O,AUFUWRKPQLGTGF-FMKGYKFTSA-N,O=c1ccn(C2CCCO2)c(=O)[nH]1,1.0,1.0,0.0,370.3140000000002,26.0,15.0,0.0,142.99,-1.1394999999999986,1.0,9.0,5.0,2.0,0.5333333333333333,True,,,other,False,,,PubChem_name_property
LT00929,Urofollitropin,0,No match,vNo-DILI-concern,Unchanged,Urofollitropin,,CHEMBL1201520,,,,0.0,,No DILI,No DILI,,no,0.0,urofollitropin,,CC[C@@H](C)C1C(=O)N[C@H](C(=O)N[C@H](C(=O)N[C@H](CSSC[C@H](C(=O)N[C@@H](C(=O)N1)CC2=CC=C(C=C2)O)N)C(=O)N3CCC[C@@H]3C(=O)N[C@H](CC(C)C)C(=O)NCC(=O)N)CC(=O)N)[C@H](C)O,73759969.0,ZDRRIRUAESZNIH-JLSAMJFVSA-N,True,CC[C@@H](C)C1NC(=O)[C@@H](Cc2ccc(O)cc2)NC(=O)[C@H](N)CSSC[C@H](C(=O)N2CCC[C@@H]2C(=O)N[C@H](CC(C)C)C(=O)NCC(N)=O)NC(=O)[C@H](CC(N)=O)NC(=O)[C@H]([C@H](C)O)NC1=O,ZDRRIRUAESZNIH-JLSAMJFVSA-N,O=C1CNC(=O)CNC(=O)C(Cc2ccccc2)NC(=O)CCSSCC(C(=O)N2CCCC2)NC(=O)CN1,1.0,1.0,0.0,980.1809999999995,67.0,42.0,0.0,376.66999999999996,-3.4933000000000045,12.0,15.0,15.0,3.0,0.6190476190476191,True,,No-DILI-Concern,no,False,,,PubChem_name_property
LT01229,Urokinase,0,No match,vNo-DILI-concern,Unchanged,Urokinase,,CHEMBL1201420,,,,0.0,,No DILI,No DILI,,no,0.0,urokinase,,,,,False,,,,,,,,,,,,,,,,,,False,missing_structure,No-DILI-Concern,no,False,,,
LT01855,Ursodiol,0,Warnings & precautions,Ambiguous-DILI-concern,Unchanged,Ursodeoxycholic acid,C[C@H](CCC(=O)O)[C@H]1CC[C@H]2[C@@H]3[C@@H](O)C[C@@H]4C[C@H](O)CC[C@]4(C)[C@H]3CC[C@]12C,CHEMBL1551,2898-95-5,392.58,4.48,0.0,,No DILI,No DILI,,ambiguous,,ursodiol,DILImap_metadata,C[C@H](CCC(=O)O)[C@H]1CC[C@H]2[C@@H]3[C@@H](O)C[C@@H]4C[C@H](O)CC[C@]4(C)[C@H]3CC[C@]12C,,,True,C[C@H](CCC(=O)O)[C@H]1CC[C@H]2[C@@H]3[C@@H](O)C[C@@H]4C[C@H](O)CC[C@]4(C)[C@H]3CC[C@]12C,RUDATBOHQWOJDD-UZVSRGJWSA-N,C1CCC2C(C1)CCC1C3CCCC3CCC21,1.0,1.0,0.0,392.5800000000002,28.0,24.0,0.0,77.76,4.477900000000004,3.0,3.0,4.0,4.0,0.9583333333333334,True,,Ambiguous DILI-concern,ambiguous,False,,,
LT01416,Ustekinumab,0,No match,vLess-DILI-concern,Revised,Ustekinumab,,CHEMBL1201835,,,,0.0,E*,No DILI,No DILI,,less,,ustekinumab,,,,,False,,,,,,,,,,,,,,,,,,False,missing_structure,No-DILI-Concern,no,False,,,
LT01856,Valaciclovir,3,Adverse reactions,vLess-DILI-concern,Unchanged,Valaciclovir,CC(C)[C@H](N)C(=O)OCCOCn1cnc2c(=O)nc(N)[nH]c21,CHEMBL1349,124832-27-5,324.34,-0.8,1.0,,,,,less,,valaciclovir,DILImap_metadata,CC(C)[C@H](N)C(=O)OCCOCn1cnc2c(=O)nc(N)[nH]c21,,,True,CC(C)[C@H](N)C(=O)OCCOCn1cnc2c(=O)nc(N)[nH]c21,HDOVUKNUBWVHOX-QMMMGPOBSA-N,O=c1nc[nH]c2[nH]cnc12,1.0,1.0,0.0,324.341,23.0,13.0,0.0,151.14000000000001,-0.7975999999999985,3.0,8.0,7.0,2.0,0.5384615384615384,True,,Less-DILI-Concern,less,False,,,
LT03785,Valbenazine tosylate,4,Adverse reactions,Ambiguous-DILI-concern,New,,,,,,,,,,,,ambiguous,,valbenazine tosylate,,CC1=CC=C(C=C1)S(=O)(=O)O.CC1=CC=C(C=C1)S(=O)(=O)O.CC(C)C[C@@H]1CN2CCC3=CC(=C(C=C3[C@H]2C[C@H]1OC(=O)[C@H](C(C)C)N)OC)OC,92042922.0,BXGKAGLZHGYAMW-TZYFFPFWSA-N,True,COc1cc2c(cc1OC)[C@H]1C[C@@H](OC(=O)[C@@H](N)C(C)C)[C@H](CC(C)C)CN1CC2,GEJDGVNQKABXKG-CFKGEZKQSA-N,c1ccc2c(c1)CCN1CCCCC21,3.0,0.5769230769230769,0.0,418.57800000000026,30.0,24.0,0.0,74.02000000000001,3.5641000000000016,1.0,6.0,7.0,3.0,0.7083333333333334,True,,,other,False,,,PubChem_name_property
LT01971,Valdecoxib,3,Warnings & precautions,vLess-DILI-concern,Unchanged,Valdecoxib,Cc1onc(-c2ccccc2)c1-c1ccc(S(N)(=O)=O)cc1,CHEMBL865,181695-72-7,314.37,2.96,0.0,,DILI (few cases),,,less,,valdecoxib,DILImap_metadata,Cc1onc(-c2ccccc2)c1-c1ccc(S(N)(=O)=O)cc1,,,True,Cc1onc(-c2ccccc2)c1-c1ccc(S(N)(=O)=O)cc1,LNPDTQAFDNKSHK-UHFFFAOYSA-N,c1ccc(-c2conc2-c2ccccc2)cc1,1.0,1.0,0.0,314.36600000000004,22.0,16.0,0.0,86.19,2.9644200000000005,1.0,4.0,3.0,3.0,0.0625,True,,Less-DILI-Concern,less,False,0.5125,,
LT01109,Valganciclovir hydrochloride,3,Adverse reactions,Ambiguous-DILI-concern,Unchanged,Valganciclovir,CC(C)[C@H](N)C(=O)OCC(CO)OCn1cnc2c(=O)[nH]c(N)nc21,CHEMBL1201314,175865-59-5,354.37,-1.44,1.0,E,No DILI,No DILI,,ambiguous,,valganciclovir hydrochloride,DILImap_metadata,CC(C)[C@H](N)C(=O)OCC(CO)OCn1cnc2c(=O)[nH]c(N)nc21,,,True,CC(C)[C@H](N)C(=O)OCC(CO)OCn1cnc2c(=O)[nH]c(N)nc21,WPVFJKSGQUFQAP-GKAPJAKFSA-N,O=c1[nH]cnc2[nH]cnc12,1.0,1.0,0.0,354.3670000000001,25.0,14.0,0.0,171.37,-1.4366999999999974,4.0,9.0,8.0,2.0,0.5714285714285714,True,,Ambiguous DILI-concern,ambiguous,False,,,
LT00160,Valproic acid,8,Box warning,vMost-DILI-concern,Unchanged,Valproic acid,CCCC(CCC)C(=O)O,CHEMBL109,1069-66-5,144.21,2.29,0.0,,DILI (likely),DILI,"Oxidative stress, Mitochondrial dysfunction, Steatosis (manual annotation)",most,1.0,valproic acid,DILImap_metadata,CCCC(CCC)C(=O)O,,,True,CCCC(CCC)C(=O)O,NIJJYAXOARWZEE-UHFFFAOYSA-N,,1.0,1.0,0.0,144.214,10.0,8.0,0.0,37.3,2.2874,1.0,1.0,5.0,0.0,0.875,True,,Most-DILI-Concern,most,False,693.41659385,,
LT01857,Valsartan,3,Adverse reactions,vLess-DILI-concern,Unchanged,Valsartan,CCCCC(=O)N(Cc1ccc(-c2ccccc2-c2nnn[nH]2)cc1)[C@H](C(=O)O)C(C)C,CHEMBL1069,137862-53-4,435.53,4.16,0.0,D,DILI (few cases),,"Hepatitis, CYP, Cholestasis/Biliary, Steatosis, Immune-mediated, Hypersensitivity, idiosyncratic",less,,valsartan,DILImap_metadata,CCCCC(=O)N(Cc1ccc(-c2ccccc2-c2nnn[nH]2)cc1)[C@H](C(=O)O)C(C)C,,,True,CCCCC(=O)N(Cc1ccc(-c2ccccc2-c2nnn[nH]2)cc1)[C@H](C(=O)O)C(C)C,ACWBQPMHZXGDFX-QFIPXVFZSA-N,c1ccc(-c2ccccc2-c2nnn[nH]2)cc1,1.0,1.0,0.0,435.52800000000013,32.0,24.0,0.0,112.07000000000001,4.161700000000002,2.0,5.0,10.0,3.0,0.375,True,,Less-DILI-Concern,less,False,13.2164214265836,,
LT00161,Vancomycin hydrochloride,0,No match,vLess-DILI-concern,Unchanged,Vancomycin,CN[C@H](CC(C)C)C(=O)N[C@H]1C(=O)N[C@@H](CC(N)=O)C(=O)N[C@H]2C(=O)N[C@H]3C(=O)N[C@H](C(=O)N[C@H](C(=O)O)c4cc(O)cc(O)c4-c4cc3ccc4O)[C@H](O)c3ccc(c(Cl)c3)Oc3cc2cc(c3O[C@@H]2O[C@H](CO)[C@@H](O)[C@H](O)[C@H]2O[C@H]2C[C@](C)(N)[C@H](O)[C@H](C)O2)Oc2ccc(cc2Cl)[C@H]1O,CHEMBL262777,1404-90-6,1449.27,,0.0,B,DILI (likely),DILI,"Hepatitis, Hypersensitivity",less,,vancomycin hydrochloride,DILImap_metadata,CN[C@H](CC(C)C)C(=O)N[C@H]1C(=O)N[C@@H](CC(N)=O)C(=O)N[C@H]2C(=O)N[C@H]3C(=O)N[C@H](C(=O)N[C@H](C(=O)O)c4cc(O)cc(O)c4-c4cc3ccc4O)[C@H](O)c3ccc(c(Cl)c3)Oc3cc2cc(c3O[C@@H]2O[C@H](CO)[C@@H](O)[C@H](O)[C@H]2O[C@H]2C[C@](C)(N)[C@H](O)[C@H](C)O2)Oc2ccc(cc2Cl)[C@H]1O,,,True,CN[C@H](CC(C)C)C(=O)N[C@H]1C(=O)N[C@@H](CC(N)=O)C(=O)N[C@H]2C(=O)N[C@H]3C(=O)N[C@H](C(=O)N[C@H](C(=O)O)c4cc(O)cc(O)c4-c4cc3ccc4O)[C@H](O)c3ccc(c(Cl)c3)Oc3cc2cc(c3O[C@@H]2O[C@H](CO)[C@@H](O)[C@H](O)[C@H]2O[C@H]2C[C@](C)(N)[C@H](O)[C@H](C)O2)Oc2ccc(cc2Cl)[C@H]1O,MYPYJXKWCTUITO-LYRMYLQWSA-N,O=C1CCc2ccc(cc2)Oc2cc3cc(c2OC2OCCCC2OC2CCCCO2)Oc2ccc(cc2)CC2NC(=O)C(NC(=O)C3NC(=O)CN1)c1cccc(c1)-c1ccccc1CNC2=O,1.0,1.0,0.0,1449.2710000000004,101.0,66.0,0.0,530.4900000000002,0.10620000000000512,19.0,25.0,13.0,12.0,0.42424242424242425,False,mw_above_1000;heavy_atoms_above_80,Less-DILI-Concern,less,False,,,
LT02389,Vandetanib,3,Adverse reactions,Ambiguous-DILI-concern,New,,,,,,,,,,,,ambiguous,,vandetanib,,CN1CCC(CC1)COC2=C(C=C3C(=C2)N=CN=C3NC4=C(C=C(C=C4)Br)F)OC,3081361.0,UHTHHESEBZOYNR-UHFFFAOYSA-N,True,COc1cc2c(Nc3ccc(Br)cc3F)ncnc2cc1OCC1CCN(C)CC1,UHTHHESEBZOYNR-UHFFFAOYSA-N,c1ccc(Nc2ncnc3cc(OCC4CCNCC4)ccc23)cc1,1.0,1.0,0.0,475.3620000000001,30.0,22.0,0.0,59.510000000000005,5.004200000000004,1.0,6.0,6.0,4.0,0.36363636363636365,True,,,other,False,,,PubChem_name_property
LT01135,Vardenafil hydrochloride,3,Adverse reactions,Ambiguous-DILI-concern,Unchanged,Vardenafil,CCCc1nc(C)c2c(=O)nc(-c3cc(S(=O)(=O)N4CCN(CC)CC4)ccc3OCC)[nH]n12,CHEMBL1520,330808-88-3,488.61,2.07,0.0,E*,No DILI,No DILI,,ambiguous,,vardenafil hydrochloride,DILImap_metadata,CCCc1nc(C)c2c(=O)nc(-c3cc(S(=O)(=O)N4CCN(CC)CC4)ccc3OCC)[nH]n12,,,True,CCCc1nc(C)c2c(=O)nc(-c3cc(S(=O)(=O)N4CCN(CC)CC4)ccc3OCC)[nH]n12,SECKRCOLJRRGGV-UHFFFAOYSA-N,O=c1nc(-c2cccc(S(=O)(=O)N3CCNCC3)c2)[nH]n2cncc12,1.0,1.0,0.0,488.6140000000004,34.0,23.0,0.0,112.9,2.07042,1.0,7.0,8.0,4.0,0.5217391304347826,True,,Ambiguous DILI-concern,ambiguous,False,,,
LT01242,Varenicline tartrate,2,Adverse reactions,vLess-DILI-concern,Unchanged,Varenicline,c1cnc2cc3c(cc2n1)C1CNCC3C1,CHEMBL1396,866823-63-4,211.27,1.8,0.0,C,DILI (few cases),,"Hepatitis, Immune-mediated, Hypersensitivity",less,,varenicline tartrate,DILImap_metadata,c1cnc2cc3c(cc2n1)C1CNCC3C1,,,True,c1cnc2cc3c(cc2n1)C1CNCC3C1,JQSHBVHOMNKWFT-UHFFFAOYSA-N,c1cnc2cc3c(cc2n1)C1CNCC3C1,1.0,1.0,0.0,211.26799999999994,16.0,13.0,0.0,37.81,1.8038999999999998,1.0,3.0,0.0,4.0,0.38461538461538464,True,,Less-DILI-Concern,less,False,,,
LT00916,Vecuronium bromide,0,No match,vNo-DILI-concern,Unchanged,Vecuronium,CC(=O)O[C@H]1C[C@@H]2CC[C@@H]3[C@H](CC[C@@]4(C)[C@H]3C[C@H]([N+]3(C)CCCCC3)[C@@H]4OC(C)=O)[C@@]2(C)C[C@@H]1N1CCCCC1,CHEMBL1201219,50700-72-6,557.84,5.97,0.0,,No DILI,No DILI,,no,0.0,vecuronium bromide,DILImap_metadata,CC(=O)O[C@H]1C[C@@H]2CC[C@@H]3[C@H](CC[C@@]4(C)[C@H]3C[C@H]([N+]3(C)CCCCC3)[C@@H]4OC(C)=O)[C@@]2(C)C[C@@H]1N1CCCCC1,,,True,CC(=O)O[C@H]1C[C@@H]2CC[C@@H]3[C@H](CC[C@@]4(C)[C@H]3C[C@H]([N+]3(C)CCCCC3)[C@@H]4OC(C)=O)[C@@]2(C)C[C@@H]1N1CCCCC1,BGSZAXLLHYERSY-XQIGCQGXSA-N,C1CCN(C2CCC3CCC4C5CC([NH+]6CCCCC6)CC5CCC4C3C2)CC1,1.0,1.0,1.0,557.8400000000003,40.0,34.0,0.0,55.84,5.965900000000007,0.0,5.0,4.0,6.0,0.9411764705882353,True,,No-DILI-Concern,no,False,,,
LT02435,Vemurafenib,3,Warnings & precautions,vLess-DILI-concern,New,,,,,,,,,,,,less,,vemurafenib,,CCCS(=O)(=O)Nc1ccc(F)c(C(=O)c2c[nH]c3ncc(-c4ccc(Cl)cc4)cc23)c1F,,,True,CCCS(=O)(=O)Nc1ccc(F)c(C(=O)c2c[nH]c3ncc(-c4ccc(Cl)cc4)cc23)c1F,GPXBXXGIAQBQNI-UHFFFAOYSA-N,O=C(c1ccccc1)c1c[nH]c2ncc(-c3ccccc3)cc12,1.0,1.0,0.0,489.9310000000001,33.0,23.0,0.0,91.92,5.544200000000004,2.0,4.0,7.0,4.0,0.13043478260869565,True,,,other,False,,DILImap_metadata_offline,
LT03786,Venetoclax,3,Adverse reactions,vLess-DILI-concern,New,,,,,,,,,,,,less,,venetoclax,,CC1(CCC(=C(C1)C2=CC=C(C=C2)Cl)CN3CCN(CC3)C4=CC(=C(C=C4)C(=O)NS(=O)(=O)C5=CC(=C(C=C5)NCC6CCOCC6)[N+](=O)[O-])OC7=CN=C8C(=C7)C=CN8)C,49846579.0,LQBVNQSMGBZMKD-UHFFFAOYSA-N,True,CC1(C)CCC(CN2CCN(c3ccc(C(=O)NS(=O)(=O)c4ccc(NCC5CCOCC5)c([N+](=O)[O-])c4)c(Oc4cnc5[nH]ccc5c4)c3)CC2)=C(c2ccc(Cl)cc2)C1,LQBVNQSMGBZMKD-UHFFFAOYSA-N,O=C(NS(=O)(=O)c1ccc(NCC2CCOCC2)cc1)c1ccc(N2CCN(CC3=C(c4ccccc4)CCCC3)CC2)cc1Oc1cnc2[nH]ccc2c1,1.0,1.0,0.0,868.4569999999998,61.0,45.0,0.0,172.03,8.659900000000006,3.0,11.0,13.0,8.0,0.37777777777777777,True,,,other,False,,,PubChem_name_property
LT00174,Venlafaxine hydrochloride,7,Adverse reactions,vLess-DILI-concern,Unchanged,Venlafaxine,COc1ccc(C(CN(C)C)C2(O)CCCCC2)cc1,CHEMBL637,99300-78-4,277.41,3.04,0.0,B,DILI (likely),DILI,"CYP, Cholestasis/Biliary, Immune-mediated, Hypersensitivity",less,,venlafaxine hydrochloride,DILImap_metadata,COc1ccc(C(CN(C)C)C2(O)CCCCC2)cc1,,,True,COc1ccc(C(CN(C)C)C2(O)CCCCC2)cc1,PNVNVHUZROJLTJ-UHFFFAOYSA-N,c1ccc(CC2CCCCC2)cc1,1.0,1.0,0.0,277.4079999999999,20.0,17.0,0.0,32.7,3.0356000000000014,1.0,3.0,5.0,2.0,0.6470588235294118,True,,Less-DILI-Concern,less,False,,,
LT00332,Verapamil hydrochloride,3,Warnings & precautions,vLess-DILI-concern,Unchanged,Verapamil,COc1ccc(CCN(C)CCCC(C#N)(c2ccc(OC)c(OC)c2)C(C)C)cc1OC,CHEMBL6966,152-11-4,454.61,5.09,0.0,B,DILI (likely),DILI,"Hepatitis, CYP, Cholestasis/Biliary, Immune-mediated, Hypersensitivity",less,,verapamil hydrochloride,DILImap_metadata,COc1ccc(CCN(C)CCCC(C#N)(c2ccc(OC)c(OC)c2)C(C)C)cc1OC,,,True,COc1ccc(CCN(C)CCCC(C#N)(c2ccc(OC)c(OC)c2)C(C)C)cc1OC,SGTNSNPWRIOYBX-UHFFFAOYSA-N,c1ccc(CCCCNCCc2ccccc2)cc1,1.0,1.0,0.0,454.6110000000002,33.0,27.0,0.0,63.95,5.093080000000005,0.0,6.0,13.0,2.0,0.5185185185185185,True,,Less-DILI-Concern,less,False,,,
LT03787,Vericiguat,0,No match,vNo-DILI-concern,New,,,,,,,,,,,,no,0.0,vericiguat,,COC(=O)NC1=C(N=C(N=C1N)C2=NN(C3=C2C=C(C=N3)F)CC4=CC=CC=C4F)N,54674461.0,QZFHIXARHDBPBY-UHFFFAOYSA-N,True,COC(=O)Nc1c(N)nc(-c2nn(Cc3ccccc3F)c3ncc(F)cc23)nc1N,QZFHIXARHDBPBY-UHFFFAOYSA-N,c1ccc(Cn2nc(-c3ncccn3)c3cccnc32)cc1,1.0,1.0,0.0,426.3870000000001,31.0,19.0,0.0,146.85999999999999,2.5575,3.0,8.0,4.0,4.0,0.10526315789473684,True,,,other,False,,,PubChem_name_property
LT01075,Verteporfin,3,Adverse reactions,Ambiguous-DILI-concern,Unchanged,Verteporfin,C=Cc1c(C)c2cc3nc(cc4[nH]c(cc5nc(cc1[nH]2)C(C)=C5CCC(=O)O)c(CCC(=O)OC)c4C)C1(C)C3=CC=C(C(=O)OC)C1C(=O)OC.C=Cc1c(C)c2cc3nc(cc4[nH]c(cc5nc(cc1[nH]2)C(C)=C5CCC(=O)OC)c(CCC(=O)O)c4C)C1(C)C3=CC=C(C(=O)OC)C1C(=O)OC,CHEMBL2218885,129497-78-5,1437.61,,0.0,,,,,ambiguous,,verteporfin,DILImap_metadata,C=Cc1c(C)c2cc3nc(cc4[nH]c(cc5nc(cc1[nH]2)C(C)=C5CCC(=O)O)c(CCC(=O)OC)c4C)C1(C)C3=CC=C(C(=O)OC)C1C(=O)OC.C=Cc1c(C)c2cc3nc(cc4[nH]c(cc5nc(cc1[nH]2)C(C)=C5CCC(=O)OC)c(CCC(=O)O)c4C)C1(C)C3=CC=C(C(=O)OC)C1C(=O)OC,,,True,C=Cc1c(C)c2cc3nc(cc4[nH]c(cc5nc(cc1[nH]2)C(C)=C5CCC(=O)O)c(CCC(=O)OC)c4C)C1(C)C3=CC=C(C(=O)OC)C1C(=O)OC,YTZALCGQUPRCGW-UHFFFAOYSA-N,C1=CCC2C(=C1)c1cc3ccc(cc4nc(cc5ccc(cc2n1)[nH]5)C=C4)[nH]3,2.0,0.5,0.0,718.8070000000004,53.0,41.0,0.0,173.56,6.719240000000007,3.0,9.0,9.0,6.0,0.3170731707317073,True,,Ambiguous DILI-concern,ambiguous,False,,,
LT03788,Vibegron,0,No match,vNo-DILI-concern,New,,,,,,,,,,,,no,0.0,vibegron,,C1C[C@@H](N[C@@H]1CC2=CC=C(C=C2)NC(=O)[C@@H]3CCC4=NC=CC(=O)N34)[C@@H](C5=CC=CC=C5)O,44472635.0,DJXRIQMCROIRCZ-XOEOCAAJSA-N,True,O=C(Nc1ccc(C[C@@H]2CC[C@H]([C@H](O)c3ccccc3)N2)cc1)[C@@H]1CCc2nccc(=O)n21,DJXRIQMCROIRCZ-XOEOCAAJSA-N,O=C(Nc1ccc(CC2CCC(Cc3ccccc3)N2)cc1)C1CCc2nccc(=O)n21,1.0,1.0,0.0,444.5350000000001,33.0,26.0,0.0,96.25000000000001,2.7660000000000013,3.0,5.0,6.0,5.0,0.34615384615384615,True,,,other,False,,,PubChem_name_property
LT00969,Vigabatrin,2,Adverse reactions,Ambiguous-DILI-concern,Unchanged,Vigabatrin,C=CC(N)CCC(=O)O,CHEMBL89598,,129.16,0.36,0.0,D,DILI (few cases),,"Hepatitis, Hypersensitivity",ambiguous,,vigabatrin,DILImap_metadata,C=CC(N)CCC(=O)O,,,True,C=CC(N)CCC(=O)O,PJDFLNIOAUIZSL-UHFFFAOYSA-N,,1.0,1.0,0.0,129.159,9.0,6.0,0.0,63.32000000000001,0.36450000000000005,2.0,2.0,4.0,0.0,0.5,True,,Ambiguous DILI-concern,ambiguous,False,,,
LT02391,Vilazodone hydrochloride,0,No match,vNo-DILI-concern,New,,,,,,,,,,,,no,0.0,vilazodone hydrochloride,,C1CN(CCN1CCCCC2=CNC3=C2C=C(C=C3)C#N)C4=CC5=C(C=C4)OC(=C5)C(=O)N.Cl,6918313.0,RPZBRGFNBNQSOP-UHFFFAOYSA-N,True,N#Cc1ccc2[nH]cc(CCCCN3CCN(c4ccc5oc(C(N)=O)cc5c4)CC3)c2c1,SGEGOXDYSFKCPT-UHFFFAOYSA-N,c1ccc2c(CCCCN3CCN(c4ccc5occc5c4)CC3)c[nH]c2c1,2.0,0.9705882352941176,0.0,441.53500000000025,33.0,26.0,0.0,102.29,4.029580000000002,2.0,5.0,7.0,5.0,0.3076923076923077,True,,,other,False,,,PubChem_name_property
LT01861,Viloxazine hydrochloride,0,No match,vNo-DILI-concern,New,,,,,,,,,,,,no,0.0,viloxazine hydrochloride,,CCOC1=CC=CC=C1OCC2CNCCO2.Cl,71424.0,HJOCKFVCMLCPTP-UHFFFAOYSA-N,True,CCOc1ccccc1OCC1CNCCO1,YWPHCCPCQOJSGZ-UHFFFAOYSA-N,c1ccc(OCC2CNCCO2)cc1,2.0,0.9444444444444444,0.0,237.29899999999992,17.0,13.0,0.0,39.72,1.4525,1.0,4.0,5.0,2.0,0.5384615384615384,True,,,other,False,,,PubChem_name_property
LT03789,Viltolarsen,0,No match,vNo-DILI-concern,New,,,,,,,,,,,,no,0.0,viltolarsen,,,,,False,,,,,,,,,,,,,,,,,,False,missing_structure,,other,False,,,
LT00177,Vinblastine sulfate,0,No match,vLess-DILI-concern,Revised,Vinblastine,CC[C@]1(O)C[C@@H]2CN(CCc3c([nH]c4ccccc34)[C@@](C(=O)OC)(c3cc4c(cc3OC)N(C)[C@H]3[C@@](O)(C(=O)OC)[C@H](OC(C)=O)[C@]5(CC)C=CCN6CC[C@]43[C@@H]65)C2)C1,CHEMBL159,143-67-9,810.99,3.99,0.0,E*,No DILI,No DILI,,less,,vinblastine sulfate,DILImap_metadata,CC[C@]1(O)C[C@@H]2CN(CCc3c([nH]c4ccccc34)[C@@](C(=O)OC)(c3cc4c(cc3OC)N(C)[C@H]3[C@@](O)(C(=O)OC)[C@H](OC(C)=O)[C@]5(CC)C=CCN6CC[C@]43[C@@H]65)C2)C1,,,True,CC[C@]1(O)C[C@@H]2CN(CCc3c([nH]c4ccccc34)[C@@](C(=O)OC)(c3cc4c(cc3OC)N(C)[C@H]3[C@@](O)(C(=O)OC)[C@H](OC(C)=O)[C@]5(CC)C=CCN6CC[C@]43[C@@H]65)C2)C1,JXLYSJRDGCGARV-CFWMRBGOSA-N,C1=CC2CCC3Nc4ccc(C5CC6CCCN(CCc7c5[nH]c5ccccc75)C6)cc4C34CCN(C1)C24,1.0,1.0,0.0,810.9889999999998,59.0,46.0,0.0,154.10000000000002,3.9909000000000034,3.0,12.0,7.0,9.0,0.5869565217391305,True,,No-DILI-Concern,no,False,,,
LT01862,Vincristine sulfate,8,Adverse reactions,vLess-DILI-concern,Unchanged,Vincristine,CC[C@]1(O)C[C@H]2CN(CCc3c([nH]c4ccccc34)[C@@](C(=O)OC)(c3cc4c(cc3OC)N(C=O)[C@H]3[C@@](O)(C(=O)OC)[C@H](OC(C)=O)[C@]5(CC)C=CCN6CC[C@]43[C@@H]65)C2)C1,CHEMBL90555,2068-78-2,824.97,3.52,0.0,C,DILI (few cases),,,less,,vincristine sulfate,DILImap_metadata,CC[C@]1(O)C[C@H]2CN(CCc3c([nH]c4ccccc34)[C@@](C(=O)OC)(c3cc4c(cc3OC)N(C=O)[C@H]3[C@@](O)(C(=O)OC)[C@H](OC(C)=O)[C@]5(CC)C=CCN6CC[C@]43[C@@H]65)C2)C1,,,True,CC[C@]1(O)C[C@H]2CN(CCc3c([nH]c4ccccc34)[C@@](C(=O)OC)(c3cc4c(cc3OC)N(C=O)[C@H]3[C@@](O)(C(=O)OC)[C@H](OC(C)=O)[C@]5(CC)C=CCN6CC[C@]43[C@@H]65)C2)C1,OGWKCGZFUXNPDA-XQKSVPLYSA-N,C1=CC2CCC3Nc4ccc(C5CC6CCCN(CCc7c5[nH]c5ccccc75)C6)cc4C34CCN(C1)C24,1.0,1.0,0.0,824.9719999999999,60.0,46.0,0.0,171.17,3.5175000000000027,3.0,12.0,8.0,9.0,0.5652173913043478,True,,Less-DILI-Concern,less,False,,,
LT00262,Vinorelbine tartrate,3,Adverse reactions,Ambiguous-DILI-concern,Unchanged,Vinorelbine,CCC1=C[C@@H]2CN(C1)Cc1c([nH]c3ccccc13)[C@@](C(=O)OC)(c1cc3c(cc1OC)N(C)[C@H]1[C@@](O)(C(=O)OC)[C@H](OC(C)=O)[C@]4(CC)C=CCN5CC[C@]31[C@@H]54)C2,CHEMBL553025,125317-39-7,778.95,4.75,0.0,E*,No DILI,No DILI,,ambiguous,,vinorelbine tartrate,DILImap_metadata,CCC1=C[C@@H]2CN(C1)Cc1c([nH]c3ccccc13)[C@@](C(=O)OC)(c1cc3c(cc1OC)N(C)[C@H]1[C@@](O)(C(=O)OC)[C@H](OC(C)=O)[C@]4(CC)C=CCN5CC[C@]31[C@@H]54)C2,,,True,CCC1=C[C@@H]2CN(C1)Cc1c([nH]c3ccccc13)[C@@](C(=O)OC)(c1cc3c(cc1OC)N(C)[C@H]1[C@@](O)(C(=O)OC)[C@H](OC(C)=O)[C@]4(CC)C=CCN5CC[C@]31[C@@H]54)C2,GBABOYUKABKIAF-IELIFDKJSA-N,C1=CC2CC(c3ccc4c(c3)C35CCN6CC=CC(CCC3N4)C65)c3[nH]c4ccccc4c3CN(C1)C2,1.0,1.0,0.0,778.9469999999999,57.0,45.0,0.0,133.87,4.753600000000004,2.0,11.0,7.0,9.0,0.5333333333333333,True,,Ambiguous DILI-concern,ambiguous,False,,,
LT02410,Vismodegib,3,Adverse reactions,Ambiguous-DILI-concern,New,,,,,,,,,,,,ambiguous,,vismodegib,,CS(=O)(=O)c1ccc(C(=O)Nc2ccc(Cl)c(-c3ccccn3)c2)c(Cl)c1,,,True,CS(=O)(=O)c1ccc(C(=O)Nc2ccc(Cl)c(-c3ccccn3)c2)c(Cl)c1,BPQMGSKTAYIVFO-UHFFFAOYSA-N,O=C(Nc1cccc(-c2ccccn2)c1)c1ccccc1,1.0,1.0,0.0,421.30500000000006,27.0,19.0,0.0,76.13,4.7112000000000025,1.0,4.0,4.0,3.0,0.05263157894736842,True,,,other,False,5.95,DILImap_metadata_offline,
LT00162,Vitamin A palmitate,3,Warnings & precautions,vLess-DILI-concern,Unchanged,Vitamin a,CC1=C(/C=C/C(C)=C/C=C/C(C)=C/CO)C(C)(C)CCC1,CHEMBL986,127-47-9,286.46,5.51,0.0,,,,,less,,vitamin a palmitate,DILImap_metadata,CC1=C(/C=C/C(C)=C/C=C/C(C)=C/CO)C(C)(C)CCC1,,,True,CC1=C(/C=C/C(C)=C/C=C/C(C)=C/CO)C(C)(C)CCC1,FPIPGXGPPPQFEQ-OVSJKPMPSA-N,C1=CCCCC1,1.0,1.0,0.0,286.45900000000006,21.0,20.0,0.0,20.23,5.510300000000006,1.0,1.0,5.0,1.0,0.5,True,,Less-DILI-Concern,less,False,,,
LT02009,Vitamin C,0,No match,vNo-DILI-concern,Unchanged,Vitamin c,O=C1O[C@H]([C@@H](O)CO)C(O)=C1O,CHEMBL196,50-81-7,176.12,-1.41,0.0,,No DILI,No DILI,,no,0.0,vitamin c,DILImap_metadata,O=C1O[C@H]([C@@H](O)CO)C(O)=C1O,,,True,O=C1O[C@H]([C@@H](O)CO)C(O)=C1O,CIWBSHSKHKDKBQ-JLAZNSOCSA-N,O=C1C=CCO1,1.0,1.0,0.0,176.124,12.0,6.0,0.0,107.22000000000001,-1.4073999999999995,4.0,6.0,2.0,1.0,0.5,True,,No-DILI-Concern,no,False,,,
LT01516,Vitamin E,0,No match,vNo-DILI-concern,Unchanged,Vitamin e,,CHEMBL3989727,58-95-7,,,0.0,,No DILI,No DILI,,no,0.0,vitamin e,,CC1=C(C(=C(C2=C1O[C@](CC2)(C)CCC[C@H](C)CCC[C@H](C)CCCC(C)C)C)OC(=O)C)C,86472.0,ZAKOWWREFLAJOT-CEFNRUSXSA-N,True,CC(=O)Oc1c(C)c(C)c2c(c1C)CC[C@@](C)(CCC[C@H](C)CCC[C@H](C)CCCC(C)C)O2,ZAKOWWREFLAJOT-CEFNRUSXSA-N,c1ccc2c(c1)CCCO2,1.0,1.0,0.0,472.7540000000003,34.0,31.0,0.0,35.53,9.059960000000002,0.0,3.0,13.0,2.0,0.7741935483870968,True,,No-DILI-Concern,no,False,,,PubChem_name_property
LT03563,Voclosporin,0,No match,vNo-DILI-concern,New,,,,,,,,,,,,no,0.0,voclosporin,,CC[C@H]1C(=O)N(CC(=O)N([C@H](C(=O)N[C@H](C(=O)N([C@H](C(=O)N[C@H](C(=O)N[C@@H](C(=O)N([C@H](C(=O)N([C@H](C(=O)N([C@H](C(=O)N([C@H](C(=O)N1)[C@@H]([C@H](C)C/C=C/C=C)O)C)C(C)C)C)CC(C)C)C)CC(C)C)C)C)C)CC(C)C)C)C(C)C)CC(C)C)C)C,6918486.0,BICRTLVBTLFLRD-PTWUADNWSA-N,True,C=C/C=C/C[C@@H](C)[C@@H](O)[C@H]1C(=O)N[C@@H](CC)C(=O)N(C)CC(=O)N(C)[C@@H](CC(C)C)C(=O)N[C@@H](C(C)C)C(=O)N(C)[C@@H](CC(C)C)C(=O)N[C@@H](C)C(=O)N[C@H](C)C(=O)N(C)[C@@H](CC(C)C)C(=O)N(C)[C@@H](CC(C)C)C(=O)N(C)[C@@H](C(C)C)C(=O)N1C,BICRTLVBTLFLRD-PTWUADNWSA-N,O=C1CNC(=O)CNC(=O)CNC(=O)CNC(=O)CNC(=O)CNC(=O)CNC(=O)CNC(=O)CNC(=O)CNC(=O)CN1,1.0,1.0,0.0,1214.6459999999984,86.0,63.0,0.0,278.8,3.4351000000000047,5.0,12.0,16.0,1.0,0.7619047619047619,False,mw_above_1000;heavy_atoms_above_80,,other,False,,,PubChem_name_property
LT03790,Vorapaxar sulfate,0,No match,vNo-DILI-concern,New,,,,,,,,,,,,no,0.0,vorapaxar sulfate,,CCOC(=O)N[C@@H]1CC[C@@H]2[C@@H](C1)C[C@@H]3[C@H]([C@H]2/C=C/C4=NC=C(C=C4)C5=CC(=CC=C5)F)[C@H](OC3=O)C.OS(=O)(=O)O,10077129.0,NQRYCIGCIAWEIC-CKLVGUEFSA-N,True,CCOC(=O)N[C@@H]1CC[C@@H]2[C@@H](C1)C[C@H]1C(=O)O[C@H](C)[C@H]1[C@H]2/C=C/c1ccc(-c2cccc(F)c2)cn1,ZBGXUVOIWDMMJE-QHNZEKIYSA-N,O=C1OCC2C1CC1CCCCC1C2C=Cc1ccc(-c2ccccc2)cn1,2.0,0.8780487804878049,0.0,492.59100000000024,36.0,29.0,0.0,77.52000000000001,5.6295000000000055,1.0,5.0,5.0,5.0,0.4827586206896552,True,,,other,False,,,PubChem_name_property
LT01097,Voriconazole,8,Warnings & precautions,vMost-DILI-concern,Unchanged,Voriconazole,C[C@@H](c1ncncc1F)[C@](O)(Cn1cncn1)c1ccc(F)cc1F,CHEMBL638,137234-62-9,349.32,2.18,0.0,B,DILI (likely),DILI,"CYP, Cholestasis/Biliary, Immune-mediated, Hypersensitivity",most,1.0,voriconazole,DILImap_metadata,C[C@@H](c1ncncc1F)[C@](O)(Cn1cncn1)c1ccc(F)cc1F,,,True,C[C@@H](c1ncncc1F)[C@](O)(Cn1cncn1)c1ccc(F)cc1F,BCEHBSKCWLPMDN-MGPLVRAMSA-N,c1ccc(C(Cc2ccncn2)Cn2cncn2)cc1,1.0,1.0,0.0,349.31600000000003,25.0,16.0,0.0,76.72,2.1769,1.0,5.0,5.0,3.0,0.25,True,,Most-DILI-Concern,most,False,6.01177408120439,,
LT00462,Vorinostat,0,No match,vNo-DILI-concern,Unchanged,Vorinostat,O=C(CCCCCCC(=O)Nc1ccccc1)NO,CHEMBL98,149647-78-9,264.32,2.47,0.0,E,No DILI,No DILI,,no,0.0,vorinostat,DILImap_metadata,O=C(CCCCCCC(=O)Nc1ccccc1)NO,,,True,O=C(CCCCCCC(=O)Nc1ccccc1)NO,WAEXFXRVDQXREF-UHFFFAOYSA-N,c1ccccc1,1.0,1.0,0.0,264.32500000000005,19.0,14.0,0.0,78.43,2.4711,3.0,3.0,8.0,1.0,0.42857142857142855,True,,No-DILI-Concern,no,False,1.165,,
LT02902,Vortioxetine hydrobromide,0,No match,vLess-DILI-concern,New,,,,,,,,,,,,less,,vortioxetine hydrobromide,,CC1=CC(=C(C=C1)SC2=CC=CC=C2N3CCNCC3)C.Br,56843850.0,VNGRUFUIHGGOOM-UHFFFAOYSA-N,True,Cc1ccc(Sc2ccccc2N2CCNCC2)c(C)c1,YQNWZWMKLDQSAC-UHFFFAOYSA-N,c1ccc(Sc2ccccc2N2CCNCC2)cc1,2.0,0.9545454545454546,0.0,298.4550000000001,21.0,18.0,0.0,15.27,3.8642400000000023,1.0,3.0,3.0,3.0,0.3333333333333333,True,,,other,False,,,PubChem_name_property
LT03791,Vosoritide,0,No match,vNo-DILI-concern,New,,,,,,,,,,,,no,0.0,vosoritide,,CC[C@H](C)[C@H]1C(=O)NCC(=O)N[C@H](C(=O)N[C@H](C(=O)N[C@H](C(=O)NCC(=O)N[C@H](C(=O)NCC(=O)N[C@@H](CSSC[C@@H](C(=O)N[C@H](C(=O)NCC(=O)N[C@H](C(=O)N[C@H](C(=O)N[C@H](C(=O)N[C@H](C(=O)N[C@H](C(=O)N1)CCCNC(=N)N)CC(=O)O)CC(C)C)CCCCN)CC(C)C)CC2=CC=CC=C2)NC(=O)CNC(=O)[C@H](CCCCN)NC(=O)[C@H](CO)NC(=O)[C@H](CC(C)C)NC(=O)CNC(=O)[C@H](CCCCN)NC(=O)[C@H](CCCCN)NC(=O)[C@H](CC(=O)N)NC(=O)[C@H](C)NC(=O)CNC(=O)[C@H](CCCCN)NC(=O)[C@H](CC3=CC=C(C=C3)O)NC(=O)[C@H](CCCCN)NC(=O)[C@H](CCCNC(=N)N)NC(=O)[C@H](C)NC(=O)[C@H](CC(=O)N)NC(=O)[C@@H]4CCCN4C(=O)[C@H](CC5=CN=CN5)NC(=O)[C@H](CCC(=O)O)NC(=O)[C@H](CCC(=O)N)NC(=O)CNC(=O)[C@@H]6CCCN6)C(=O)O)CC(C)C)CO)CCSC)CO,119058036.0,IGYWDDBBJPSOTG-WBAGYEQSSA-N,True,CC[C@H](C)[C@@H]1NC(=O)[C@H](CCCNC(=N)N)NC(=O)[C@H](CC(=O)O)NC(=O)[C@H](CC(C)C)NC(=O)[C@H](CCCCN)NC(=O)[C@H](CC(C)C)NC(=O)CNC(=O)[C@H](Cc2ccccc2)NC(=O)[C@@H](NC(=O)CNC(=O)[C@H](CCCCN)NC(=O)[C@H](CO)NC(=O)[C@H](CC(C)C)NC(=O)CNC(=O)[C@H](CCCCN)NC(=O)[C@H](CCCCN)NC(=O)[C@H](CC(N)=O)NC(=O)[C@H](C)NC(=O)CNC(=O)[C@H](CCCCN)NC(=O)[C@H](Cc2ccc(O)cc2)NC(=O)[C@H](CCCCN)NC(=O)[C@H](CCCNC(=N)N)NC(=O)[C@H](C)NC(=O)[C@H](CC(N)=O)NC(=O)[C@@H]2CCCN2C(=O)[C@H](Cc2cnc[nH]2)NC(=O)[C@H](CCC(=O)O)NC(=O)[C@H](CCC(N)=O)NC(=O)CNC(=O)[C@@H]2CCCN2)CSSC[C@@H](C(=O)O)NC(=O)CNC(=O)[C@H](CC(C)C)NC(=O)CNC(=O)[C@H](CO)NC(=O)[C@H](CCSC)NC(=O)[C@H](CO)NC(=O)CNC1=O,IGYWDDBBJPSOTG-WBAGYEQSSA-N,O=C1CNC(=O)CNC(=O)CNC(=O)CNC(=O)CNC(=O)CNC(=O)CNC(=O)CNC(=O)CNC(=O)CNC(=O)CNC(=O)CNC(=O)CNC(=O)CNC(=O)C(Cc2ccccc2)NC(=O)C(NC(=O)CNC(=O)CNC(=O)CNC(=O)CNC(=O)CNC(=O)CNC(=O)CNC(=O)CNC(=O)CNC(=O)CNC(=O)CNC(=O)C(Cc2ccccc2)NC(=O)CNC(=O)CNC(=O)CNC(=O)CNC(=O)C2CCCN2C(=O)C(Cc2cnc[nH]2)NC(=O)CNC(=O)CNC(=O)CNC(=O)C2CCCN2)CSSCCN1,1.0,1.0,0.0,4102.79799999999,286.0,176.0,0.0,1739.7299999999987,-20.98876000000035,61.0,61.0,110.0,6.0,0.6534090909090909,False,mw_above_1000;heavy_atoms_above_80;structure_too_large,,other,False,,,PubChem_name_property
LT03792,Voxelotor,0,No match,vNo-DILI-concern,New,,,,,,,,,,,,no,0.0,voxelotor,,CC(C)N1C(=CC=N1)C2=C(C=CC=N2)COC3=CC=CC(=C3C=O)O,71602803.0,FWCVZAQENIZVMY-UHFFFAOYSA-N,True,CC(C)n1nccc1-c1ncccc1COc1cccc(O)c1C=O,FWCVZAQENIZVMY-UHFFFAOYSA-N,c1ccc(OCc2cccnc2-c2ccn[nH]2)cc1,1.0,1.0,0.0,337.3790000000001,25.0,19.0,0.0,77.24,3.623100000000003,1.0,5.0,6.0,3.0,0.21052631578947367,True,,,other,False,,,PubChem_name_property
LT00647,Warfarin sodium,5,Adverse reactions,vLess-DILI-concern,Unchanged,Warfarin,CC(=O)CC(c1ccccc1)c1c(O)c2ccccc2oc1=O,CHEMBL1464,,308.33,3.61,0.0,C,DILI (few cases),,"Necrosis, Cholestasis/Biliary, Immune-mediated, Hypersensitivity, idiosyncratic",less,,warfarin sodium,DILImap_metadata,CC(=O)CC(c1ccccc1)c1c(O)c2ccccc2oc1=O,,,True,CC(=O)CC(c1ccccc1)c1c(O)c2ccccc2oc1=O,PJVWKTKQMONHTI-UHFFFAOYSA-N,O=c1oc2ccccc2cc1Cc1ccccc1,1.0,1.0,0.0,308.3330000000001,23.0,19.0,0.0,67.50999999999999,3.609600000000003,1.0,4.0,4.0,3.0,0.15789473684210525,True,,Less-DILI-Concern,less,False,,,
LT01867,Xenazoic acid,8,Withdrawn,vMost-DILI-concern,Unchanged,Xenazoic acid,CCOC(Nc1ccc(C(=O)O)cc1)C(=O)c1ccc(-c2ccccc2)cc1,CHEMBL1909289,,375.42,4.71,0.0,,DILI (withdrawn),DILI,,most,1.0,xenazoic acid,DILImap_metadata,CCOC(Nc1ccc(C(=O)O)cc1)C(=O)c1ccc(-c2ccccc2)cc1,,,True,CCOC(Nc1ccc(C(=O)O)cc1)C(=O)c1ccc(-c2ccccc2)cc1,BPOMPTVRBWXZBY-UHFFFAOYSA-N,O=C(CNc1ccccc1)c1ccc(-c2ccccc2)cc1,1.0,1.0,0.0,375.42400000000004,28.0,23.0,0.0,75.63,4.709200000000003,2.0,4.0,8.0,3.0,0.13043478260869565,True,,Most-DILI-Concern,most,False,,,
LT02033,Ximelagatran,8,Withdrawn,vMost-DILI-concern,Unchanged,Ximelagatran,CCOC(=O)CN[C@@H](C(=O)N1CC[C@H]1C(=O)NCc1ccc(/C(N)=N\O)cc1)C1CCCCC1,CHEMBL522038,,473.57,1.1,1.0,,DILI (withdrawn),DILI,"Immune-mediated, Hypersensitivity, idiosyncratic (manual annotation)",most,1.0,ximelagatran,DILImap_metadata,CCOC(=O)CN[C@@H](C(=O)N1CC[C@H]1C(=O)NCc1ccc(/C(N)=N\O)cc1)C1CCCCC1,,,True,CCOC(=O)CN[C@@H](C(=O)N1CC[C@H]1C(=O)NCc1ccc(/C(N)=N\O)cc1)C1CCCCC1,ZXIBCJHYVWYIKI-PZJWPPBQSA-N,O=C(NCc1ccccc1)C1CCN1C(=O)CC1CCCCC1,1.0,1.0,0.0,473.5740000000003,34.0,24.0,0.0,146.35,1.099800000000003,4.0,7.0,10.0,3.0,0.5833333333333334,True,,Most-DILI-Concern,most,False,0.45,,
LT01869,Zafirlukast,8,Warnings & precautions,vMost-DILI-concern,Unchanged,Zafirlukast,COc1cc(C(=O)NS(=O)(=O)c2ccccc2C)ccc1Cc1cn(C)c2ccc(NC(=O)OC3CCCC3)cc12,CHEMBL603,107753-78-6,575.69,5.7,0.0,C,DILI (likely),DILI,"Hepatitis, CYP, Immune-mediated, Hypersensitivity, idiosyncratic",most,1.0,zafirlukast,DILImap_metadata,COc1cc(C(=O)NS(=O)(=O)c2ccccc2C)ccc1Cc1cn(C)c2ccc(NC(=O)OC3CCCC3)cc12,,,True,COc1cc(C(=O)NS(=O)(=O)c2ccccc2C)ccc1Cc1cn(C)c2ccc(NC(=O)OC3CCCC3)cc12,YEEZWCHGZNKEEK-UHFFFAOYSA-N,O=C(Nc1ccc2[nH]cc(Cc3ccc(C(=O)NS(=O)(=O)c4ccccc4)cc3)c2c1)OC1CCCC1,1.0,1.0,0.0,575.6870000000001,41.0,31.0,0.0,115.73,5.695920000000005,2.0,6.0,8.0,5.0,0.2903225806451613,True,,Most-DILI-Concern,most,False,,,
LT00648,Zaleplon,0,No match,vNo-DILI-concern,Unchanged,Zaleplon,CCN(C(C)=O)c1cccc(-c2ccnc3c(C#N)cnn23)c1,CHEMBL1521,,305.34,2.64,0.0,E,No DILI,No DILI,,no,0.0,zaleplon,DILImap_metadata,CCN(C(C)=O)c1cccc(-c2ccnc3c(C#N)cnn23)c1,,,True,CCN(C(C)=O)c1cccc(-c2ccnc3c(C#N)cnn23)c1,HUNXMJYCHXQEGX-UHFFFAOYSA-N,c1ccc(-c2ccnc3ccnn23)cc1,1.0,1.0,0.0,305.341,23.0,17.0,0.0,74.28999999999999,2.6407800000000003,0.0,4.0,3.0,3.0,0.17647058823529413,True,,No-DILI-Concern,no,False,,,
LT03600,Zanubrutinib,4,Adverse reactions,vMost-DILI-concern,New,,,,,,,,,,,,most,1.0,zanubrutinib,,C=CC(=O)N1CCC(CC1)[C@@H]2CCNC3=C(C(=NN23)C4=CC=C(C=C4)OC5=CC=CC=C5)C(=O)N,135565884.0,RNOAOAWBMHREKO-QFIPXVFZSA-N,True,C=CC(=O)N1CCC([C@@H]2CCNc3c(C(N)=O)c(-c4ccc(Oc5ccccc5)cc4)nn32)CC1,RNOAOAWBMHREKO-QFIPXVFZSA-N,c1ccc(Oc2ccc(-c3cc4n(n3)C(C3CCNCC3)CCN4)cc2)cc1,1.0,1.0,0.0,471.5610000000002,35.0,27.0,0.0,102.48,4.222600000000002,2.0,5.0,6.0,5.0,0.2962962962962963,True,,,other,False,,,PubChem_name_property
LT00163,Zidovudine,8,Box warning,vMost-DILI-concern,Unchanged,Zidovudine,Cc1cn([C@H]2C[C@H](N=[N+]=[N-])[C@@H](CO)O2)c(=O)[nH]c1=O,CHEMBL129,30516-87-1,267.24,-0.2,1.0,B,DILI (likely),DILI,"Hepatitis, Mitochondrial dysfunction, Cholestasis/Biliary, Steatosis, Fibrosis, Cirrhosis, Lactic acidosis, Immune-mediated, Hypersensitivity",most,1.0,zidovudine,DILImap_metadata,Cc1cn([C@H]2C[C@H](N=[N+]=[N-])[C@@H](CO)O2)c(=O)[nH]c1=O,,,True,Cc1cn([C@H]2C[C@H](N=[N+]=[N-])[C@@H](CO)O2)c(=O)[nH]c1=O,HBOMLICNUCNMMY-XLPZGREQSA-N,O=c1ccn(C2CCCO2)c(=O)[nH]1,1.0,1.0,0.0,267.245,19.0,10.0,0.0,133.07999999999998,-0.19628000000000012,2.0,5.0,3.0,2.0,0.6,True,,Most-DILI-Concern,most,False,5.82094106641721,,
LT00649,Zileuton,5,Warnings & precautions,vMost-DILI-concern,Unchanged,Zileuton,CC(c1cc2ccccc2s1)N(O)C(N)=O,CHEMBL93,111406-87-2,236.3,2.73,0.0,D,DILI (likely),DILI,"CYP, Immune-mediated, Hypersensitivity",most,1.0,zileuton,DILImap_metadata,CC(c1cc2ccccc2s1)N(O)C(N)=O,,,True,CC(c1cc2ccccc2s1)N(O)C(N)=O,MWLSOWXNZPKENC-UHFFFAOYSA-N,c1ccc2sccc2c1,1.0,1.0,0.0,236.29599999999996,16.0,11.0,0.0,66.56,2.7321999999999997,2.0,3.0,2.0,2.0,0.18181818181818182,True,,Most-DILI-Concern,most,True,13.1194720237294,,
LT01874,Zimelidine,8,Withdrawn,vMost-DILI-concern,Unchanged,Zimelidine,CN(C)C/C=C(/c1ccc(Br)cc1)c1cccnc1,CHEMBL37744,,317.23,3.84,0.0,,DILI (withdrawn),DILI,,most,1.0,zimelidine,DILImap_metadata,CN(C)C/C=C(/c1ccc(Br)cc1)c1cccnc1,,,True,CN(C)C/C=C(/c1ccc(Br)cc1)c1cccnc1,OYPPVKRFBIWMSX-SXGWCWSVSA-N,C=C(c1ccccc1)c1cccnc1,1.0,1.0,0.0,317.22999999999996,19.0,16.0,0.0,16.130000000000003,3.8374000000000024,0.0,2.0,4.0,2.0,0.1875,True,,Most-DILI-Concern,most,False,,,
LT01017,Ziprasidone hydrochloride,3,Adverse reactions,vLess-DILI-concern,Unchanged,Ziprasidone,O=C1Cc2cc(CCN3CCN(c4nsc5ccccc45)CC3)c(Cl)cc2N1,CHEMBL708,122883-93-6,412.95,3.81,0.0,D,DILI (few cases),,"Hepatitis, Steatosis, Hypersensitivity, idiosyncratic",less,,ziprasidone hydrochloride,DILImap_metadata,O=C1Cc2cc(CCN3CCN(c4nsc5ccccc45)CC3)c(Cl)cc2N1,,,True,O=C1Cc2cc(CCN3CCN(c4nsc5ccccc45)CC3)c(Cl)cc2N1,MVWVFYHBGMAFLY-UHFFFAOYSA-N,O=C1Cc2cc(CCN3CCN(c4nsc5ccccc45)CC3)ccc2N1,1.0,1.0,0.0,412.9460000000002,28.0,21.0,0.0,48.470000000000006,3.809000000000002,1.0,5.0,4.0,5.0,0.3333333333333333,True,,Less-DILI-Concern,less,False,,,
LT01088,Zoledronic acid,0,No match,vLess-DILI-concern,Unchanged,Zoledronate,O=P(O)(O)C(O)(Cn1ccnc1)P(=O)(O)O,CHEMBL924,,272.09,-1.12,0.0,,,,,less,,zoledronic acid,DILImap_metadata,O=P(O)(O)C(O)(Cn1ccnc1)P(=O)(O)O,,,True,O=P(O)(O)C(O)(Cn1ccnc1)P(=O)(O)O,XRASPMIURGNCCH-UHFFFAOYSA-N,c1c[nH]cn1,1.0,1.0,0.0,272.09,16.0,5.0,0.0,153.10999999999999,-1.1154000000000002,5.0,4.0,4.0,1.0,0.4,True,,Less-DILI-Concern,less,False,,,
LT01010,Zolmitriptan,3,Adverse reactions,Ambiguous-DILI-concern,Unchanged,Zolmitriptan,CN(C)CCc1c[nH]c2ccc(C[C@H]3COC(=O)N3)cc12,CHEMBL1185,139264-17-8,287.36,1.92,0.0,D,DILI (few cases),,,ambiguous,,zolmitriptan,DILImap_metadata,CN(C)CCc1c[nH]c2ccc(C[C@H]3COC(=O)N3)cc12,,,True,CN(C)CCc1c[nH]c2ccc(C[C@H]3COC(=O)N3)cc12,ULSDMUVEXKOYBU-ZDUSSCGKSA-N,O=C1NC(Cc2ccc3[nH]ccc3c2)CO1,1.0,1.0,0.0,287.36299999999994,21.0,16.0,0.0,57.36,1.9229,2.0,3.0,5.0,3.0,0.4375,True,,Ambiguous DILI-concern,ambiguous,False,,,
LT00164,Zolpidem tartrate,7,Adverse reactions,Ambiguous-DILI-concern,Unchanged,Zolpidem,Cc1ccc(-c2nc3ccc(C)cn3c2CC(=O)N(C)C)cc1,CHEMBL911,,307.4,3.25,0.0,E,No DILI,No DILI,,ambiguous,,zolpidem tartrate,DILImap_metadata,Cc1ccc(-c2nc3ccc(C)cn3c2CC(=O)N(C)C)cc1,,,True,Cc1ccc(-c2nc3ccc(C)cn3c2CC(=O)N(C)C)cc1,ZAFYATHCZYHLPB-UHFFFAOYSA-N,c1ccc(-c2cn3ccccc3n2)cc1,1.0,1.0,0.0,307.39700000000005,23.0,19.0,0.0,37.61000000000001,3.2488400000000013,0.0,2.0,3.0,3.0,0.2631578947368421,True,,Ambiguous DILI-concern,ambiguous,False,,,
LT00165,Zonisamide,2,Adverse reactions,vLess-DILI-concern,Unchanged,Zonisamide,NS(=O)(=O)Cc1noc2ccccc12,CHEMBL750,68291-97-4,212.23,0.62,0.0,D,DILI (few cases),,"Hepatitis, Cholestasis/Biliary, Hypersensitivity",less,,zonisamide,DILImap_metadata,NS(=O)(=O)Cc1noc2ccccc12,,,True,NS(=O)(=O)Cc1noc2ccccc12,UBQNRHZMVUUOMG-UHFFFAOYSA-N,c1ccc2oncc2c1,1.0,1.0,0.0,212.23000000000002,14.0,8.0,0.0,86.19000000000001,0.6163,1.0,4.0,2.0,2.0,0.125,True,,Less-DILI-Concern,less,False,117.8,,
