dataset,LTKBID,compound,y_true,p_ECFP,p_ECFP_StateCore,p_ECFP_FluxCore,p_ECFP_StateFluxCore
Hagan_genotox,DTXSID00148597,1-Chloromethylpyrene,1,0.8216488666623212,0.8879484846360972,0.8837327499759443,0.8800367505043036
Hagan_genotox,DTXSID00157169,2-Chloro-6-ethylamino-4-nitrophenol,1,0.784845372253295,0.9036036088198492,0.919951801751818,0.9300675628711956
Hagan_genotox,DTXSID00159204,(3-Chloropropyl)diethoxymethylsilane,0,0.39160682467612423,0.42145817903859273,0.37321877437621237,0.40151611556634137
Hagan_genotox,DTXSID00160734,Alendronic acid monohydrate,0,0.28813808210345415,0.3710637524039331,0.341056711044364,0.38107928025520205
Hagan_genotox,DTXSID00162834,N-Methyl-N-naphthylmethylamine,0,0.6461770759744235,0.709432557947335,0.7064961963922466,0.6974546167982826
Hagan_genotox,DTXSID00163705,Benzylfentanyl,0,0.3479932267584706,0.33274641094141094,0.3762504967981652,0.3664018763517212
Hagan_genotox,DTXSID00167147,SW-6,1,0.6697681953758211,0.7696240492301941,0.7453457903010922,0.7595995961207308
Hagan_genotox,DTXSID00167506,"7H-Benz(de)anthracen-7-one, 3-hydroxy-",1,0.5795575620798881,0.6677731432327608,0.625144573072284,0.6245664415359045
Hagan_genotox,DTXSID00168977,"3-(3,3,3-Trimethyl-1,1-bis((trimethylsilyl)oxy)disiloxanyl)propyl methacrylate",0,0.40370882318269125,0.4529525891642378,0.5466059702966746,0.5572438191544854
Hagan_genotox,DTXSID00169540,SW-4,1,0.664631936368595,0.757738272782262,0.7399704288888155,0.7528939039821324
Hagan_genotox,DTXSID00172635,"Methanediamine, 1,1-diphenyl-N,N,N',N'-tetramethyl-",0,0.40401596096390135,0.4165864763490412,0.42255712580296784,0.41387538469254953
Hagan_genotox,DTXSID00173506,"2H-Azepin-2-one, hexahydro-1-ethyl-",0,0.33254364457248253,0.33495734116463777,0.3074551308306497,0.32075567950027545
Hagan_genotox,DTXSID00178076,Phenoxyethyl caprylate,0,0.18083876208295846,0.1414337588555365,0.14944279991134926,0.143492351229561
Hagan_genotox,DTXSID00178814,"Ethanone, 2-((1,1-dimethylethyl)(phenymethyl)amino)-1-(4-hydroxy-3-(hydroxymethyl)phenyl)-, hydrochloride",0,0.3269429359992638,0.35296136002486805,0.3708407923257389,0.3925692793476509
Hagan_genotox,DTXSID00178874,IA 4,1,0.6438068414961128,0.7211252545695471,0.7202969545740524,0.7263095457228781
Hagan_genotox,DTXSID00182976,"11-(Chloroacetyl)-5,11-dihydro-6H-pyrido(2,3-b)(1,4)benzodiazepin-6-one",0,0.465667410572425,0.5121857774391787,0.5023226123973296,0.49834608691524457
Hagan_genotox,DTXSID00186474,4-Trifluoromethylsalicylic acid,0,0.3339145266505726,0.35193757580254476,0.3488768824282635,0.34517605223263415
Hagan_genotox,DTXSID00186914,5-Methyl-N-(2-(4-sulfamoylphenyl)ethyl)pyrazine-2-carboxamide,0,0.36389103740136175,0.3890797361815088,0.35435162698476064,0.3572466562360492
Hagan_genotox,DTXSID00189804,"Didodecyl 1,4-dihydro-2,6-dimethylpyridine-3,5-dicarboxylate",0,0.06849059382420149,0.05084789300846338,0.07651729041456472,0.07540558584608358
Hagan_genotox,DTXSID00194296,"7-Methoxy-1,2,3,4-tetrahydronaphthalen-2-one",0,0.440559355178954,0.4861812580139193,0.4699581319361708,0.4789017859044926
Hagan_genotox,DTXSID00195788,IA 3 methanesulfonate,1,0.6098193407048477,0.6887934936276029,0.6711408217539163,0.6756794861014196
Hagan_genotox,DTXSID00196159,Trimorpholinophosphine oxide,0,0.5265078779130485,0.6129219385350996,0.5541925836673715,0.620578831211185
Hagan_genotox,DTXSID00199903,Butyl(3-hydroxypropyl)nitrosamine,1,0.9545632323488867,0.9827700901656478,0.9812237142317266,0.9834404260083596
Hagan_genotox,DTXSID00200321,Isopsoralen,1,0.6551852489493358,0.7300400366341302,0.7051492744992647,0.6987200892084134
Hagan_genotox,DTXSID00200503,"9H-Fluorene-2,7-diamine",1,0.692650522459681,0.7602053075131466,0.7801262034544935,0.7706499701774322
Hagan_genotox,DTXSID0020070,Aminocaproic acid,0,0.19740363720540066,0.17914344624503642,0.1468755467938325,0.16193858624022864
Hagan_genotox,DTXSID0020072,4-Biphenylamine hydrochloride,1,0.7738339289036942,0.8326838287273661,0.8186467237307297,0.8142170874799713
Hagan_genotox,DTXSID0020076,Amitrole,0,0.5727900292708626,0.6341438061518859,0.628171482747638,0.6317956478756623
Hagan_genotox,DTXSID0020105,Sodium L-ascorbate,1,0.45987732695918143,0.548742083096721,0.4507674553840113,0.462113501126655
Hagan_genotox,DTXSID0020151,Benzyl acetate,1,0.4054617402701695,0.40492070181450585,0.3951388129178417,0.36974174287976086
Hagan_genotox,DTXSID0020153,Benzyl chloride,1,0.6029109504137616,0.6849865530600612,0.6744206299771904,0.6644326155321546
Hagan_genotox,DTXSID00201535,p-Methylpropiophenone,0,0.33649858728075427,0.35521003063205514,0.34225961819353606,0.3478529058506054
Hagan_genotox,DTXSID00201818,Sodium anisate,0,0.3490348423169915,0.36624120399575305,0.3524674932876626,0.35166051048013336
Hagan_genotox,DTXSID0020232,Caffeine,1,0.47049770913144523,0.519060345598033,0.5143027831450366,0.5106802821563408
Hagan_genotox,DTXSID0020234,Calcium acetate,1,0.49333209125131194,0.5257363867931945,0.5163181917890673,0.5249413908063502
Hagan_genotox,DTXSID0020236,Calcium lactate,1,0.5285160756456841,0.5925791158338755,0.5285555179336154,0.541755444829955
Hagan_genotox,DTXSID0020280,1-Chloro-2-nitrobenzene,1,0.8004400000437902,0.9105661601177569,0.9337519513059985,0.9382986270718484
Hagan_genotox,DTXSID0020282,"4-Chloro-1,3-diaminobenzene",1,0.7862453607971251,0.8665603371793255,0.8893526002980957,0.8800705788467019
Hagan_genotox,DTXSID0020284,"2-Chloro-1,4-diaminobenzene sulfate (1:1)",1,0.8323032214700992,0.9066574756979072,0.9214572300206102,0.9148982512363846
Hagan_genotox,DTXSID00203019,Ethylene glycol diacetoacetate,0,0.3466625881786922,0.3493181802483125,0.32807188718279373,0.31168971816431507
Hagan_genotox,DTXSID0020311,Monuron,1,0.4462743939908491,0.46391300198284463,0.47161771711497863,0.442113445306203
Hagan_genotox,DTXSID0020367,l-Cysteine hydrochloride,1,0.4517479146294244,0.5136819502146353,0.4529920548887852,0.47239616600855516
Hagan_genotox,DTXSID0020369,Dacarbazine,1,0.6054176653934696,0.7223279762809064,0.6944544218733141,0.7071549010976859
Hagan_genotox,DTXSID0020442,"2,4-Dichlorophenoxyacetic acid",1,0.4333962598431222,0.4466749108877715,0.38963142393388744,0.36676113515756864
Hagan_genotox,DTXSID0020446,Diuron,0,0.41898589885991244,0.43241724571123036,0.43867212227887403,0.4129553774310484
Hagan_genotox,DTXSID0020448,"1,2-Dichloropropane",1,0.6367500347023668,0.6839825328101568,0.6566987985011343,0.649316380876781
Hagan_genotox,DTXSID00204642,"4,4'-Bis(dimethylamino)-4''-(methylamino)trityl alcohol",0,0.44475708953069176,0.474094347219643,0.3971978301854238,0.3930758302132286
Hagan_genotox,DTXSID0020494,Dimethyl methylphosphonate,0,0.5178452515188127,0.6397416908172672,0.606551157241347,0.6395991803284219
Hagan_genotox,DTXSID0020498,Dimethyl terephthalate,1,0.36558978197763947,0.4057573323293855,0.3997942635138689,0.3918961749638071
Hagan_genotox,DTXSID0020525,Dinitrosohomopiperazine,1,0.9091125386285409,0.9563660278884442,0.9639061789638075,0.9640516245896494
Hagan_genotox,DTXSID0020527,Dinitrosopiperazine,1,0.8945342177791288,0.9452517420077674,0.9560997698082397,0.9563521669272007
Hagan_genotox,DTXSID0020529,"2,4-Dinitrotoluene",1,0.8684382961959413,0.9463483266422809,0.9616563544181919,0.9591549979986596
Hagan_genotox,DTXSID0020575,Estragole,1,0.43408977665108867,0.44155327342500944,0.5023614964381359,0.4697786952244283
Hagan_genotox,DTXSID0020600,Ethylene oxide,1,0.5059259537242613,0.5367519006375366,0.5908295630868605,0.5248320727490751
Hagan_genotox,DTXSID0020602,Ethylene urea,0,0.47092146318593003,0.5084841934000525,0.5042798368845584,0.501399047006769
Hagan_genotox,DTXSID0020606,Bis(2-ethylhexyl)hexanedioate,1,0.0798230720323435,0.06280734293035274,0.07386253561287637,0.07188160913362111
Hagan_genotox,DTXSID0020658,Glu-P-2,1,0.5829494782219343,0.6466807432591372,0.6513315176644295,0.6429171232926081
Hagan_genotox,DTXSID00207037,"15H-Cyclopenta(a)phenanthrene, 3-methoxy-17-methyl-",1,0.5818185560891439,0.6366769518260974,0.6359626903203957,0.6265596526693726
Hagan_genotox,DTXSID0020731,1'-Hydroxysafrole,0,0.511115866439451,0.5290265968600615,0.6211159230382642,0.6012849448386305
Hagan_genotox,DTXSID0020733,Razoxane,0,0.3625223958876718,0.39424582261132946,0.366845228910484,0.36793331564891013
Hagan_genotox,DTXSID0020737,Indole,1,0.5619172413901691,0.6057503225131841,0.6087848231109497,0.6020883390823728
Hagan_genotox,DTXSID0020787,Luteoskyrin,1,0.5313854802028896,0.6150043601175345,0.5457896105444225,0.5324756679996864
Hagan_genotox,DTXSID00208089,L-Histidine hydrochloride monohydrate,1,0.5015280205624689,0.5686430385015124,0.4784373695324023,0.4942131611078566
Hagan_genotox,DTXSID0020810,6-Mercaptopurine,1,0.4982086439088957,0.6369176472687156,0.5857447478980998,0.6214437819274069
Hagan_genotox,DTXSID0020818,Methapyrilene hydrochloride,1,0.4625145402202168,0.5082943374541998,0.495220281702717,0.5080087102059109
Hagan_genotox,DTXSID00208564,Isonipecotic acid hydrochloride,0,0.3311244181105399,0.373310177908108,0.29904140277470465,0.3296144061518841
Hagan_genotox,DTXSID0020862,3-Methylcholanthrene,1,0.8973466979639037,0.9430573764316103,0.9388657945021225,0.9378465661149509
Hagan_genotox,DTXSID0020868,Dichloromethane,1,0.6674407787399197,0.73809939414017,0.7346794263170996,0.729422312004521
Hagan_genotox,DTXSID0020943,5-Nitro-o-anisidine,1,0.8959845319146146,0.9652867086698059,0.9716068618910795,0.9747431474771338
Hagan_genotox,DTXSID0020949,"N-{[3-(5-Nitro-2-furyl)-1,2,4-oxadiazole-5-yl]-methyl}acetamide",1,0.8605806153178457,0.9292882150836346,0.9334316142781302,0.9331466932480792
Hagan_genotox,DTXSID00209859,1-Aminoanthracene,1,0.7845239472599944,0.8631722879963251,0.8498177194009447,0.8483851086748988
Hagan_genotox,DTXSID0021094,"4,4'-Oxydianiline",1,0.7718686058668823,0.8302678930968699,0.8330351836995352,0.8258490863571293
Hagan_genotox,DTXSID0021096,N-Oxydiethylene-2-benzothiazylsulfenamide,0,0.4637132592656655,0.5386014152064688,0.5124953786213818,0.5323641536519265
Hagan_genotox,DTXSID0021125,Phenolphthalein,1,0.49679621576485294,0.5579485614495909,0.531064578847623,0.5360390085109114
Hagan_genotox,DTXSID00211311,"N,N-Dimethylnonamide",0,0.10054897065617359,0.07616060167766993,0.07114345676592282,0.07431035885552743
Hagan_genotox,DTXSID0021177,Potassium bicarbonate,1,0.5049909292099041,0.5611984526374387,0.5881842228825945,0.5526448753814388
Hagan_genotox,DTXSID0021204,N-Propyl-N-nitrosourea,1,0.8814614773361749,0.9474330931534389,0.9522918375674876,0.9550683505557989
Hagan_genotox,DTXSID0021206,"1,2-Propylene glycol",1,0.3768477467475598,0.32740443896881277,0.31239998990269796,0.2995284188007207
Hagan_genotox,DTXSID0021254,Safrole,0,0.5027887713110663,0.5369835498721448,0.575253207724345,0.5539918829868468
Hagan_genotox,DTXSID0021256,Sulfasalazine,1,0.4198031471392325,0.5130706832991504,0.4416271730603419,0.46476148091590747
Hagan_genotox,DTXSID00213017,"1(2H)-Chrysenone, 3,4-dihydro-",1,0.9078194231772985,0.9510783893951628,0.9463271187482966,0.9452146001460066
Hagan_genotox,DTXSID0021331,Tetrakis(hydroxymethyl)phosphonium sulfate,1,0.5106466779208892,0.6803904813415477,0.5921204593258059,0.6783155427220323
Hagan_genotox,DTXSID0021333,Tetramethylthiuram monosulfide,1,0.5320677601243929,0.6600386488596838,0.6131675014508543,0.6430460865842212
Hagan_genotox,DTXSID0021337,Thiabendazole,1,0.47636775012771465,0.557684864548167,0.4719597880175619,0.49745285062759814
Hagan_genotox,DTXSID0021339,Thiotepa,1,0.5347192686367422,0.6087386773741723,0.5804112003242401,0.6035072358102155
Hagan_genotox,DTXSID0021381,"1,1,1-Trichloroethane",1,0.43695661310133493,0.44830455855995294,0.4581756014687988,0.4439292980168286
Hagan_genotox,DTXSID0021383,Trichloroethylene,1,0.5019905223357246,0.5874270487009874,0.5849465743168683,0.5823150515785515
Hagan_genotox,DTXSID0021385,Folpet,1,0.5200561559439795,0.6138789994751416,0.5691871607550402,0.5739404494274324
Hagan_genotox,DTXSID0021389,Trichlorfon,1,0.4582910683901084,0.5447279343043667,0.5448487121856811,0.5449135009770382
Hagan_genotox,DTXSID0021414,Tris(2-ethylhexyl) phosphate,0,0.11207436725732785,0.09270968969433407,0.09168453967931879,0.09891690196862996
Hagan_genotox,DTXSID00214488,"Formic acid, compd. with 1-((2-(diethylamino)ethyl)amino)-4-(hydroxymethyl)-9H-thioxanthen-9-one N-oxide (1:1)",1,0.6097504239185922,0.7048406336511673,0.6949166410449018,0.7078524484150317
Hagan_genotox,DTXSID0021464,Ziram,1,0.5246410499110598,0.6571161442735262,0.6167424676768031,0.649111254031636
Hagan_genotox,DTXSID0021468,"1,4-Dinitroso-2,6-dimethylpiperazine",1,0.8680978060512903,0.9254235910291739,0.9354855345336631,0.9355933713523904
Hagan_genotox,DTXSID00214746,5-Nitro-2-furoic acid,1,0.8964246293125177,0.9468031443109864,0.9540328809222104,0.9503720626728204
Hagan_genotox,DTXSID0021541,Chloromethane,1,0.4789192086874398,0.5490651290425571,0.4906679084651901,0.5393510841596741
Hagan_genotox,DTXSID0021543,1-Chlorooctane,0,0.08396409294915375,0.06644338265203771,0.06152631950134139,0.06842669126385947
Hagan_genotox,DTXSID0021545,2-Chloropropanoic acid,0,0.5373559131686201,0.5928225753672489,0.5458106359336737,0.5477120991245553
Hagan_genotox,DTXSID0021597,Heptanal,0,0.3143871066346889,0.37891770219708,0.3610296391528755,0.38157272636110373
Hagan_genotox,DTXSID00216205,Psoralen,1,0.6739831558280259,0.7583916564294743,0.7600219865503471,0.7534039063368327
Hagan_genotox,DTXSID0021628,Methyl glyoxal,1,0.4836840378823963,0.5540434270818851,0.5764358815680931,0.5773337362353204
Hagan_genotox,DTXSID0021709,Benzamide,1,0.512701916602958,0.567000427537523,0.5628784955782068,0.5440329865668048
Hagan_genotox,DTXSID0021751,"2,2,2-Trifluoroethanol",0,0.36280155197358094,0.3065037811749416,0.34366808185907166,0.31965278056114205
Hagan_genotox,DTXSID0021757,1-Ethynylcyclohexanol,1,0.42077273939251975,0.43650105347002394,0.43010160499833067,0.41182272008047877
Hagan_genotox,DTXSID0021759,2-Methyl-1-propanol,1,0.38334099914045633,0.33507769897712675,0.37751515091958127,0.3655486659618534
Hagan_genotox,DTXSID00217757,2-Chlorophenyl cyclopentyl ketone,1,0.32653151404262903,0.35335606411833037,0.34280427914052963,0.34846844186509646
Hagan_genotox,DTXSID00218300,N-Hydroxy-4-aminobiphenyl,1,0.5246703671716358,0.5708682413303247,0.6628855184680217,0.6551297421741032
Hagan_genotox,DTXSID0021832,"N,N,4-Trimethylaniline",0,0.47742567995913143,0.4957362435156551,0.47842803079676105,0.4581339537753175
Hagan_genotox,DTXSID0021834,4-Nitrophenol,1,0.9496397493121735,0.9870160096981667,0.990244781560054,0.9907162664766195
Hagan_genotox,DTXSID0021886,tert-Octylamine,0,0.24629096230507974,0.2010355301558903,0.23097915954280457,0.19068219085839055
Hagan_genotox,DTXSID0021888,2-Pentanone,0,0.4376970037526469,0.49375667484082314,0.42612852645433047,0.4467506486592656
Hagan_genotox,DTXSID0021917,n-Hexane,0,0.17560480570286163,0.10826218886084872,0.11647624862589705,0.10368627539364272
Hagan_genotox,DTXSID0021961,Benzophenone,1,0.49680872909121937,0.5642158298165761,0.5389843121554608,0.5404803914050916
Hagan_genotox,DTXSID0021965,"1,2,4-Trichlorobenzene",1,0.5285914231474157,0.5862285957892706,0.5910371921149554,0.569110470049745
Hagan_genotox,DTXSID0021969,4-Hydroxy-3-methoxybenzaldehyde,1,0.5275500040769878,0.6268454304827531,0.5843478530486551,0.6001168726564827
Hagan_genotox,DTXSID00219998,"N,N,N',N'-Tetramethyl-N''-(3-(trimethoxysilyl)propyl)guanidine",0,0.5074402216503179,0.562086881617272,0.5063831035564866,0.5291099211929544
Hagan_genotox,DTXSID0022014,Hydroquinone dimethyl ether,0,0.4313215832387442,0.445523713545533,0.45556430258434233,0.4303031533546153
Hagan_genotox,DTXSID0022016,"1,4-Diazabicyclo[2.2.2]octane",0,0.5721077475301423,0.626382308993069,0.6223255371051736,0.6172232366825249
Hagan_genotox,DTXSID0022018,Disulfoton,0,0.4334121471018619,0.5122936424587349,0.457699961088282,0.48796779381438676
Hagan_genotox,DTXSID0022060,2-Nitrobenzaldehyde,1,0.8835937630924189,0.9606445463170489,0.9681019608705399,0.9708583384856954
Hagan_genotox,DTXSID0022062,3-Methyl-2-butanone,0,0.4646574789160199,0.5240371294021938,0.4875166853984785,0.5035610448313429
Hagan_genotox,DTXSID0022149,Butyl phenyl ether,1,0.2680306595291502,0.23184495354631765,0.2622562367485112,0.24120325167554876
Hagan_genotox,DTXSID0022191,Tetrahydrofurfuryl methacrylate,0,0.38826007288756276,0.46681803129289445,0.4571423728818648,0.47026608643110906
Hagan_genotox,DTXSID0022193,Benzyl methacrylate,0,0.41282885249464707,0.44949772460475096,0.5858347682141086,0.569836090826192
Hagan_genotox,DTXSID00223797,Dichloromethyl((perfluorohexyl)ethyl)silane,0,0.1502397447238726,0.13263915074381546,0.1625734875931906,0.1466768513906459
Hagan_genotox,DTXSID0022432,Chrysene,1,0.8015900660105398,0.8622971250396906,0.8528031075145218,0.8540222206604612
Hagan_genotox,DTXSID0022436,"4,4-Bis(4-hydroxyphenyl)valeric acid",0,0.2853742916857754,0.27491555857939604,0.2593061987026612,0.25522396946122555
Hagan_genotox,DTXSID0022935,Dihydralazine,1,0.7234221585438844,0.8018929460438114,0.7898375415017291,0.7865722986319118
Hagan_genotox,DTXSID0023113,2-Methoxyphenol,1,0.5171921317649965,0.5542909458783339,0.5307036329283327,0.5049077909871061
Hagan_genotox,DTXSID00232945,2-((4-(Ethyl(2-hydroxyethyl)amino)phenyl)azo)-6-methoxy-3-methylbenzothiazolium acetate,0,0.5028760571218298,0.6484017685276325,0.8075923468161251,0.814497095436245
Hagan_genotox,DTXSID0023296,Methylene blue,1,0.5865733489675354,0.737161397500337,0.6420694698159074,0.6811901130113228
Hagan_genotox,DTXSID00233053,"cis-2-(2,4-Dichlorophenyl)-2-(1H-imidazol-1-ylmethyl)-1,3-dioxolane-4-ylmethyl methanesulphonate monohydrochloride",0,0.440946196908583,0.4702440757981723,0.46467942431650155,0.46207878862244955
Hagan_genotox,DTXSID0023375,Nitrogen mustard oxide,1,0.47103191544690753,0.5103991435667349,0.47201072078489187,0.4694156101551307
Hagan_genotox,DTXSID0023458,Phenoxybenzamine,1,0.5237970769839809,0.5503083163038559,0.552255392309784,0.5376498205743155
Hagan_genotox,DTXSID0023745,D-Xylose,1,0.5154258257856755,0.5941355667496719,0.6371989555004353,0.6529116742088814
Hagan_genotox,DTXSID00237571,"15,16-Dihydro-11-methylcyclopenta(a)phenanthren-17-one",1,0.9711661315968255,0.9906656590709885,0.9868148391471266,0.9866979791559425
Hagan_genotox,DTXSID0023826,Isophorone diisocyanate,1,0.44172228990751955,0.4527344016463668,0.5738498486463698,0.5526435790997298
Hagan_genotox,DTXSID0023870,4-Aminopyridine,0,0.7517013816322736,0.8122819727748958,0.8246928591798494,0.8185116283037281
Hagan_genotox,DTXSID0023878,Anthracene,1,0.6625592286731327,0.7437427017419113,0.7496530618070358,0.7449767058937327
Hagan_genotox,DTXSID0023955,Chlorimuron-ethyl,0,0.21322248300979882,0.19309595821600423,0.1870874710344663,0.1765685490968617
Hagan_genotox,DTXSID0024050,"1,1-Difluoroethane",1,0.4501404177719616,0.3870501158952,0.39953891280867165,0.36766406991390777
Hagan_genotox,DTXSID0024183,Methyl acrylate,1,0.503349772611834,0.5541186112556974,0.5918039031596102,0.5798465031697017
Hagan_genotox,DTXSID0024187,Methyl iodide,1,0.4930235528870834,0.5761225972630273,0.5272554656896773,0.560065247808904
Hagan_genotox,DTXSID0024216,Nitrapyrin,0,0.46609740048799164,0.5090731655846931,0.5039355967193834,0.4974238774644895
Hagan_genotox,DTXSID0024260,Phosgene,0,0.5010796053046311,0.612545735927283,0.5950021000754997,0.6041649125279808
Hagan_genotox,DTXSID0024395,Acetic anhydride,0,0.477804031304381,0.5194755220228215,0.45929077430322357,0.4485608640655028
Hagan_genotox,DTXSID0024397,Acetoacetanilide,0,0.4440001328782616,0.4881950684994358,0.49683405947702936,0.4893325134605049
Hagan_genotox,DTXSID0024399,Acetoin,1,0.46170291757697934,0.5267999998135516,0.45308790063576115,0.46823232637180734
Hagan_genotox,DTXSID0024501,2-(4-Aminophenyl)-6-methylbenzothiazole sulfonic acid,0,0.3531254729907349,0.3974615170803631,0.38254967653401245,0.3935111058132912
Hagan_genotox,DTXSID0024505,2-Aminopyridine,0,0.7067375125955951,0.7807299065621255,0.7868453804159784,0.7859994133023175
Hagan_genotox,DTXSID0024509,2-Amino-4-thiazoleacetic acid,0,0.47158131451096236,0.5273544854044868,0.46875158454043486,0.4823660366972931
Hagan_genotox,DTXSID0024553,Azodicarbonamide,1,0.5758241000763021,0.763254192403839,0.6743572670436349,0.7405690733130378
Hagan_genotox,DTXSID0024555,Azoxybenzene,1,0.6687168555750086,0.8016122443115906,0.771611204854163,0.7867927011204193
Hagan_genotox,DTXSID0024559,C.I. Basic Orange 2,1,0.8167997152730618,0.9035491659617177,0.8923272705878683,0.8982162605708579
Hagan_genotox,DTXSID0024761,3-Chloroaniline,1,0.5119919990701219,0.5520898143152535,0.5941893939282242,0.5708301757759325
Hagan_genotox,DTXSID0024896,"2,4-D dimethylamine salt",0,0.4333962598431222,0.4475128940706881,0.390703508434479,0.3683659796504126
Hagan_genotox,DTXSID0024921,"4,4'-Diaminodicyclohexylmethane",1,0.41052809874574264,0.38101192331158734,0.4171259544863688,0.36784401798493566
Hagan_genotox,DTXSID0025070,"1,2-Dihydro-2,2,4-trimethylquinoline",0,0.4818749307891103,0.510475052425082,0.5010329999877113,0.4911516956396702
Hagan_genotox,DTXSID0025072,Dihydroxyacetone,1,0.5221185134978421,0.5744094241693272,0.5090429335297183,0.5247601254027783
Hagan_genotox,DTXSID0025074,"2,4-Dihydroxybenzoic acid",0,0.5204514812752626,0.593577166145362,0.5307405980567951,0.5273080646348723
Hagan_genotox,DTXSID0025076,"1,8-Dihydroxy-4,5-dinitroanthraquinone",1,0.8407533890951604,0.9170016126645297,0.9316329907837093,0.9263696882119795
Hagan_genotox,DTXSID0025105,"7,9-Dimethyl benz(c)acridine",1,0.8563722790836628,0.913316466529975,0.8950374356481658,0.8915034089260204
Hagan_genotox,DTXSID0025234,Eosin,0,0.48092052999839224,0.5348635410544039,0.5051892766027979,0.5004783925458799
Hagan_genotox,DTXSID0025286,Ethylene glycol dimethyl ether,0,0.396751917751343,0.35862319180224783,0.3519682571326082,0.3412662425272586
Hagan_genotox,DTXSID0025315,N-Ethyl-N-phenyl benzylamine,0,0.4464977356214412,0.45633964534923094,0.46979654933047515,0.44165282535239897
Hagan_genotox,DTXSID0025361,Glycidyl methacrylate,1,0.5206116074564754,0.5736211360021543,0.6381163291117261,0.6351267338289649
Hagan_genotox,DTXSID0025363,Glycolic acid,0,0.4575188797120453,0.48892641080269206,0.4824004424812669,0.4932639556884844
Hagan_genotox,DTXSID0025440,Norspermidine,1,0.4226732429254538,0.39414178564405805,0.3721817433192589,0.3686057615439797
Hagan_genotox,DTXSID0025492,1-Chlorododecane,0,0.08040160230927915,0.05758207932284145,0.050183713776000116,0.059163845418837124
Hagan_genotox,DTXSID0025571,"2-Methyl-1,3-benzenediol",0,0.5250680941463055,0.558383213003362,0.5634400818354178,0.5402942808949004
Hagan_genotox,DTXSID0025600,Methylene Blue trihydrate,0,0.5865733489675354,0.7357211091773865,0.6415094278390541,0.6794381741099625
Hagan_genotox,DTXSID0025604,Ethyl t-butyl ether,0,0.349369262860316,0.3184782816836318,0.30972605345918947,0.3054498717797399
Hagan_genotox,DTXSID0025608,N-Methylformamide,0,0.4822016920977927,0.5692832978844219,0.5691082102977383,0.5667348231306348
Hagan_genotox,DTXSID0025737,3-Nitrobenzoic acid,1,0.7855068783545293,0.8977670314340629,0.9277242682448366,0.9304407367231544
Hagan_genotox,DTXSID0025812,Olivetol,1,0.21696845056873906,0.17059622494730955,0.17694812534089674,0.162993835467104
Hagan_genotox,DTXSID0025816,Oxalic acid,0,0.4829500370076458,0.544978798535169,0.5258863777476577,0.5259927063916302
Hagan_genotox,DTXSID0025864,4-Ethoxyaniline,1,0.6669055690908167,0.7399017191297416,0.7695339273683005,0.75304434107795
Hagan_genotox,DTXSID0025991,4-Nitrosophenol,1,0.7138272673188474,0.8570754342687525,0.8812388628483294,0.899170268034168
Hagan_genotox,DTXSID0026173,Treosulfan,1,0.49737169789003755,0.5000763915883847,0.4815071711487217,0.45908567192426225
Hagan_genotox,DTXSID0026175,Triallyl isocyanurate,1,0.5309417786325571,0.5673208098460573,0.6355839067898147,0.607721466606515
Hagan_genotox,DTXSID0026410,Trifluoromethane,1,0.46144424547183877,0.42434611167379593,0.4980922911664348,0.4329838509775045
Hagan_genotox,DTXSID0026418,t-Butyl mercaptan,0,0.3418617251740483,0.40648147243879623,0.3187258147329152,0.3890164743127058
Hagan_genotox,DTXSID0026547,6-Amino-4-hydroxynaphthalene-2-sulfonic acid,0,0.3775371286858262,0.39215016569305017,0.429220186277893,0.42250849195303825
Hagan_genotox,DTXSID0026701,4-Methylbenzenesulfonic acid,0,0.30472448042277406,0.2876439243973628,0.3076762471588161,0.2948069825643775
Hagan_genotox,DTXSID0026830,"2,5-Dimethylhexane-2,5-diol",0,0.27171430626570553,0.21237184182525182,0.19773268358155083,0.17843580871494727
Hagan_genotox,DTXSID0026838,Isopropyl tetradecanoate,0,0.13789730380671905,0.13549130442647558,0.13970407644073493,0.14720277978222027
Hagan_genotox,DTXSID0026880,"1,2-Ethanediol diacetate",0,0.39941038934014456,0.4453054534347903,0.4671532297655275,0.4479827794438744
Hagan_genotox,DTXSID0026913,Dodecane,0,0.11078148395074199,0.0648577361953986,0.07409595419720978,0.06467411681918497
Hagan_genotox,DTXSID0026915,1-Undecanol,0,0.10332071287320994,0.05438252804261734,0.06702461834018845,0.05814671125653197
Hagan_genotox,DTXSID0026967,Diethylene glycol dibenzoate,0,0.27665868952977096,0.2698707851660224,0.3019245486355477,0.28588511599131194
Hagan_genotox,DTXSID0027014,2-Octanol,0,0.10335061900180982,0.057585106006647326,0.05461420299702461,0.051327736618818474
Hagan_genotox,DTXSID0027064,"Hexanoic acid, 2-ethyl-, cobalt(2+) salt",1,0.09772694878021777,0.08168094008049777,0.07763004999383434,0.08143006029136728
Hagan_genotox,DTXSID0027066,"Glycine, N-methyl-N-(1-oxododecyl)-, sodium salt",0,0.10037315038834212,0.08125268121880763,0.0756260647173675,0.07821381255161099
Hagan_genotox,DTXSID0027143,3-(Trifluoromethyl)phenyl isocyanate,0,0.48640563064305936,0.5293391312626303,0.6543269001898797,0.6242006607201865
Hagan_genotox,DTXSID0027147,"Methane, bromochlorodifluoro-",0,0.3611266829028164,0.46176023024616186,0.4160569366308407,0.4370949146381186
Hagan_genotox,DTXSID0027149,Cyanoacetic acid,0,0.3851369590317457,0.3890512653317666,0.36322929416630306,0.3565941260752427
Hagan_genotox,DTXSID0027193,Calcium formate (Ca(HCO2)2),0,0.49867728447465903,0.5828695868381025,0.5810740202146346,0.5756541150734873
Hagan_genotox,DTXSID0027195,Hexadecane,0,0.11248615402235673,0.06656097084589585,0.07389512898797085,0.0654827078079827
Hagan_genotox,DTXSID0027222,Terpinolene,1,0.46296992264078235,0.5152522071767976,0.5501742145254455,0.5182409108404008
Hagan_genotox,DTXSID0027278,Aluminum stearate,0,0.3509035613933608,0.38685211556950655,0.34125310869293085,0.35596333674096664
Hagan_genotox,DTXSID0027301,"1,2-Cyclohexanediamine",0,0.4765451631716096,0.47228392380286416,0.49964748088950356,0.4299217517042311
Hagan_genotox,DTXSID0027309,Ethyl 3-ethoxypropionate,0,0.3749871346591525,0.4525920656171794,0.4454912943150567,0.4560882247092932
Hagan_genotox,DTXSID0027355,Chlorodimethylsilane,0,0.5035623549073288,0.5695405184741829,0.5819546983928933,0.5678085734343433
Hagan_genotox,DTXSID0027359,"1-Naphthalenesulfonic acid, 2-[(2-hydroxy-1-naphthalenyl)azo]-, barium salt (2:1)",0,0.4046543089620456,0.4980646671263396,0.4385448667106398,0.4588282779607396
Hagan_genotox,DTXSID0027432,3-Dimethylaminopropionitrile,0,0.33559360865075294,0.37466988767425685,0.3165789767028259,0.36647313467173026
Hagan_genotox,DTXSID0027438,Dibutyl phosphite,0,0.24874321127357688,0.3543953258194177,0.21099297905909384,0.34303552755311645
Hagan_genotox,DTXSID0027482,Trimethoxysilane,1,0.4164920960651226,0.4434429501869432,0.48198903540996213,0.45896770726968167
Hagan_genotox,DTXSID0027484,"Ethanol, 2-[(4-aminophenyl)sulfonyl]-, hydrogen sulfate (ester)",0,0.41989848449617173,0.4606466438283629,0.4666906250829659,0.4699787250445598
Hagan_genotox,DTXSID0027486,Dimethyl chlorothiophosphate,0,0.47154941308069326,0.5799671388959068,0.5542400938204659,0.5714194479857652
Hagan_genotox,DTXSID0027511,"Hexaneperoxoic acid, 2-ethyl-, 1,1-dimethylethyl ester",1,0.1419870768090703,0.13481061446284104,0.14020944432715196,0.14447575316040562
Hagan_genotox,DTXSID0027513,Sodium ethenesulfonate,0,0.3280109407750029,0.38120212735919434,0.3904815187181996,0.3891925118244904
Hagan_genotox,DTXSID0027565,Methylsilanetriyl triacetate,0,0.4358075551090843,0.4541735189568312,0.4377013854006812,0.41710733459671334
Hagan_genotox,DTXSID0027640,Malic acid,0,0.4495491135828873,0.4799600821144021,0.451618348504968,0.4395214383388457
Hagan_genotox,DTXSID0027642,"C.I. Pigment Red 48, calcium salt (1:1)",0,0.2963484972016295,0.3502543511730502,0.29252487687889855,0.3119462133636815
Hagan_genotox,DTXSID0027721,4-(2-Phenylpropan-2-yl)-N-[4-(2-phenylpropan-2-yl)phenyl]aniline,0,0.27590877252034846,0.2554579650548569,0.24327704037270448,0.2384750902837052
Hagan_genotox,DTXSID0027773,Trimethylolpropane triacrylate,1,0.4642711731329694,0.5028871377404861,0.5692098243603957,0.5544796201575889
Hagan_genotox,DTXSID0027775,Diethylenetriaminepenta(methylenephosphonic acid),0,0.33441460543282026,0.3340687861407518,0.3824974065467446,0.3994479234858915
Hagan_genotox,DTXSID0027777,"4,4'-Bis(2-morpholino-4-anilino-s-triazinyl-6-amino)stilbene-2,2'-disulfonic acid disodium salt",0,0.20040356056198624,0.1772496253617413,0.24524130432240174,0.23515413442614688
Hagan_genotox,DTXSID0027802,Propylene glycol dibenzoate,0,0.34633903272615,0.3547771077529663,0.35992423132897816,0.34194725695773887
Hagan_genotox,DTXSID0027935,"1,3,5-Triazine-2,4,6(1H,3H,5H)-trione, 1,3,5-tris[[3,5-bis(1,1-dimethylethyl)-4-hydroxyphenyl]methyl]-",0,0.2576231452268382,0.24877093612495316,0.23536221945664168,0.23033167494347365
Hagan_genotox,DTXSID0027985,"Benzenepropanoic acid, 3,5-bis(1,1-dimethylethyl)-4-hydroxy-, 1,6-hexanediyl ester",0,0.09186437220007215,0.0696148431103123,0.06857195498249553,0.0682471666570277
Hagan_genotox,DTXSID0028030,"Bis(2,2,6,6-tetramethyl-4-piperidyl) sebacate",0,0.37719999596212134,0.4151922902873311,0.3660302249020133,0.37906185704209466
Hagan_genotox,DTXSID0028038,3-Iodo-2-propynyl-N-butylcarbamate,0,0.261998448809064,0.28076028627709576,0.25983076238558694,0.27330422225067924
Hagan_genotox,DTXSID00290702,"2,4-Dichloro-5-fluoropyrimidine",0,0.39153104869218475,0.42820834427479176,0.41295685031216584,0.40633083308513385
Hagan_genotox,DTXSID0029133,4-Hydroxyacetophenone,0,0.4230151653119309,0.47489489263297985,0.47172404009973606,0.4685772707188883
Hagan_genotox,DTXSID0029183,"1,3-Dioxepane",0,0.4591163064475781,0.4346826881312477,0.40016265580716354,0.3823929362568066
Hagan_genotox,DTXSID0029189,Guanidine carbonate,0,0.46422945202161775,0.49746365192423886,0.50622756262166,0.5042972630490151
Hagan_genotox,DTXSID0029216,Cobalt propionate,1,0.4612911758147433,0.4982665345828539,0.5028309241326768,0.5025000543186762
Hagan_genotox,DTXSID0029260,Hydroxyethyl imidazolidinone,0,0.41805555102154796,0.443767788440606,0.40316387770328904,0.41303134512770673
Hagan_genotox,DTXSID0029264,C.I. Fluorescent brightening agent 28,0,0.286421857798739,0.28927569967383165,0.38249444534257443,0.3729837013041766
Hagan_genotox,DTXSID0029268,C.I. Pigment Yellow 13,0,0.1579900866113119,0.16908137458881933,0.15070429765590998,0.1499945621506511
Hagan_genotox,DTXSID0029341,"3-Pentanone, 1-hydroxy-2-methyl-",0,0.41435415374984846,0.46779197268238204,0.39537429211024916,0.4198034411880847
Hagan_genotox,DTXSID0029399,Dimethylbis(2-((1-oxooctadecyl)oxy)ethyl)ammonium chloride,0,0.06356646007434132,0.046358011700237796,0.053923729217608234,0.05398076856178102
Hagan_genotox,DTXSID0029559,Diazolidinyl urea,0,0.41899183251017647,0.4635206522563123,0.4554753509357954,0.4569225145157491
Hagan_genotox,DTXSID0030823,beta-Alanine,0,0.38929536589096464,0.4416125809145313,0.3600361224203605,0.38993238964409743
Hagan_genotox,DTXSID0032314,"4,4-Dimethyl oxazolidine",1,0.3672240214430403,0.33116277091065444,0.3297584405236571,0.3140975891706545
Hagan_genotox,DTXSID0033382,Daunomycin hydrochloride,1,0.42424658261771153,0.5290519144729777,0.45522656901899844,0.47448851151452165
Hagan_genotox,DTXSID00334099,2-Chloro-5-iodobenzoic acid,0,0.3943628082845359,0.4416555944382368,0.41228437267738133,0.416109688756029
Hagan_genotox,DTXSID00337621,4-Hydroxycyclohexanone,0,0.40914080510849904,0.46453592417268047,0.4093826698989897,0.4259689480405595
Hagan_genotox,DTXSID00338613,"4,4,4-Trifluoro-1-(4-methylphenyl)butane-1,3-dione",0,0.25571936726112504,0.26001599929339925,0.22697505097465612,0.23732490811151877
Hagan_genotox,DTXSID0034229,gamma-Nonanolactone,0,0.4560417303717341,0.5396942089459005,0.5373765397498652,0.5398216594793004
Hagan_genotox,DTXSID0034774,Noviflumuron,0,0.2896077381145214,0.28341698985694697,0.2746034383708856,0.26353624520895264
Hagan_genotox,DTXSID00349087,Diethyl(3-pyridyl)borane,0,0.41494921931509565,0.4484573603581419,0.4207847678987515,0.4200604066162638
Hagan_genotox,DTXSID00355840,2-Amino-3-bromopyridine,0,0.6566222901578819,0.7243093656987328,0.7066086431826188,0.7055121477358369
Hagan_genotox,DTXSID00359984,1-(3-Chloro-4-hydroxyphenyl)ethan-1-one,0,0.4248043002847875,0.48097043201006384,0.4480910164240653,0.4552314033652632
Hagan_genotox,DTXSID0036845,"N,N,N',N'-Tetramethylbenzidine",0,0.5168106105685,0.5620330580193631,0.569842659232167,0.5720697539824676
Hagan_genotox,DTXSID0037100,Bis-(2-chloroethyl)sulfide,1,0.6995847124998674,0.8043102948764345,0.7546935633093773,0.7876779353892623
Hagan_genotox,DTXSID0038700,2-Methoxy-4-nitroaniline,0,0.8895592864137073,0.9605964938470385,0.9696344627957975,0.9718891823290478
Hagan_genotox,DTXSID0038833,3-(Trimethoxysilyl)propan-1-amine,0,0.3403674123285949,0.34052348238519164,0.29498431209420417,0.30913407100808765
Hagan_genotox,DTXSID0038881,C.I. Acid Orange 7,0,0.0708011256559239,0.06011879486440103,0.050559702742146335,0.056206016981870936
Hagan_genotox,DTXSID0038883,"Phenol, 4,4',4''-(1-methyl-1-propanyl-3-ylidene)tris 2-(1,1-dimethylethyl)-5-methyl-",0,0.22906421074760672,0.191120073897582,0.20019160378724832,0.1896704247335496
Hagan_genotox,DTXSID0038889,Basic Blue 26,0,0.4291307982379613,0.5419013780826759,0.4613658694722136,0.4926623994353562
Hagan_genotox,DTXSID00390670,"Methyl 3-amino-4-methyl-4,5-dihydrothiophene-2-carboxylate",1,0.47711962748831205,0.597404033672833,0.5584477855980197,0.59212974811493
Hagan_genotox,DTXSID0039227,2-Acetylaminofluorene,1,0.3999432981839785,0.41679509798886266,0.43156313489692605,0.4183867268592434
Hagan_genotox,DTXSID0039229,Acrylic acid,1,0.5476029051299611,0.6105479096964417,0.6981382038469172,0.6887490779710191
Hagan_genotox,DTXSID0040258,"Ethanaminium, N,N,N-trimethyl-2-[(2-methyl-1-oxo-2-propenyl)oxy]-, methyl sulfate",0,0.2288396864275061,0.255539823780812,0.25867366624086213,0.25955844837803327
Hagan_genotox,DTXSID0040622,Thiamine hydrochloride,1,0.39757175833869907,0.49144351927675595,0.4112410049821212,0.44005499506664325
Hagan_genotox,DTXSID0040701,Triethyl citrate,1,0.2976087740140279,0.27361673658715474,0.24707509239911307,0.23088614260096285
Hagan_genotox,DTXSID00407095,methyl 5-amino-4-cyano-3-(2-methoxy-2-oxoethyl)thiophene-2-carboxylate,0,0.38967587428459943,0.4290135458341921,0.40955699564195713,0.41257281094759435
Hagan_genotox,DTXSID00408926,4-phenylmorpholin-3-one,0,0.5500921009987912,0.6009327066516522,0.6193153656850189,0.6092054977545577
Hagan_genotox,DTXSID0040969,Aristolochic acid,1,0.6873149491575298,0.8032720952564275,0.8255930967000298,0.8333567109724123
Hagan_genotox,DTXSID0041228,"1,2-Dimethylhydrazine",0,0.49181025651225396,0.526370766370451,0.5543593418401288,0.5341852180906432
Hagan_genotox,DTXSID0041270,"3,5,5-Trimethylhexyl acetate",0,0.2063277517237531,0.22651903048174515,0.22839601216261096,0.2372893453230959
Hagan_genotox,DTXSID0041274,"1-Phenyl-1H-pyrrole-2,5-dione",1,0.5835170619935378,0.7022823956941981,0.7489078455111375,0.7564889291051721
Hagan_genotox,DTXSID0041307,"2,2'-Bioxirane",1,0.6251487261015223,0.6470072837156988,0.7153627393608563,0.6981887275470234
Hagan_genotox,DTXSID0041436,2-Methyl-2-butanol,0,0.26652311687402824,0.2053415067205556,0.20992190911632677,0.2015170222603503
Hagan_genotox,DTXSID0041517,"4-Hydroxy-2,5-dimethyl-3(2H)furanone",1,0.4749054450341428,0.5835492544692462,0.5711561969495006,0.5884272064043771
Hagan_genotox,DTXSID0041692,Dimethyl acetylsuccinate,0,0.41244665352581916,0.48883429961327834,0.49046311388285013,0.4900671113529831
Hagan_genotox,DTXSID0041725,"C.I. Direct Blue 78, tetrasodium salt",0,0.3469783139771314,0.5806104140238084,0.5205270432782048,0.5815567329241585
Hagan_genotox,DTXSID0041727,"C.I. Direct Violet 9, disodium salt",0,0.16416077817541685,0.20366638505736046,0.13662014501310907,0.1565409799881851
Hagan_genotox,DTXSID0041729,"C.I. Direct Yellow 50, tetrasodium salt",0,0.18756066841702143,0.1989765104139717,0.17362558587087515,0.17926679394209918
Hagan_genotox,DTXSID0042034,"2,2,4,6,6-Pentamethylheptane",0,0.17523593249580624,0.1375922660216293,0.18515458780759497,0.14870663921355484
Hagan_genotox,DTXSID0042167,Monopotassium phthalate,0,0.4837619269181337,0.5374442317714244,0.5360210297589876,0.5160353431243397
Hagan_genotox,DTXSID0042248,"4,4'-Methylenebis(N,N-diglycidylaniline)",1,0.784078415460521,0.8482546367448552,0.8983717717452223,0.8931100750381282
Hagan_genotox,DTXSID0042325,4-Propylanisole,0,0.30173729842709895,0.27110177356151377,0.2687283731480458,0.24995979971386864
Hagan_genotox,DTXSID0042329,3-(Trichlorosilyl)propanenitrile,0,0.31253821747371896,0.3221526201972414,0.35904482439190105,0.3304007349482068
Hagan_genotox,DTXSID0042379,Dimethoxydimethylsilane,0,0.4192518073210101,0.46548163441448454,0.495467220224461,0.4779629620069287
Hagan_genotox,DTXSID0042402,Sodium ethylparaben,0,0.32979278863250655,0.3371752014418816,0.3297582451896028,0.3277473123564503
Hagan_genotox,DTXSID0042406,Sodium methyl sulfate,0,0.4576882191485449,0.5016854451548238,0.528042171703572,0.505421275293635
Hagan_genotox,DTXSID0042408,Sodium N-lauroyl-N-methyltaurate,0,0.10508066028027917,0.0825595751644186,0.08587059412269255,0.08838962245412475
Hagan_genotox,DTXSID00432463,1-[4-(2-AZEPAN-1-YL-ETHOXY)-BENZYL]-5-BENZYLOXY-2-(4-BENZYLOXY-PHENYL)-3-METHYL-1H-INDOLE,0,0.457231897345719,0.4788640638488846,0.49736605069850115,0.482047843313491
Hagan_genotox,DTXSID0043767,Trp-P-1,1,0.7107444822288844,0.7774755699899855,0.7849162739670544,0.7755392349105762
Hagan_genotox,DTXSID0044236,Triethylene glycol bis(3-tert-butyl-4-hydroxy-5-methylphenyl)propionate,0,0.1203966576312286,0.09863540926571474,0.12416378293392005,0.12184478876575684
Hagan_genotox,DTXSID0044361,Hexanedihydrazide,0,0.33846317405599374,0.3350560384966299,0.3454529350013676,0.3330110250441059
Hagan_genotox,DTXSID0044363,Ethyl decanoate,0,0.1383546924759754,0.1371400216932753,0.14092012541942509,0.1483098191429284
Hagan_genotox,DTXSID0044367,Tetradonium bromide,0,0.04787187124075948,0.02800100134794653,0.029154097320294708,0.02999234922202934
Hagan_genotox,DTXSID0044369,"N,N-dimethylpyridin-4-amine",0,0.5137596565683112,0.558478661000439,0.5591869692120438,0.5642236991349883
Hagan_genotox,DTXSID0044446,Betaine hydrochloride,0,0.3727591734386862,0.3938470463072097,0.3582765878728356,0.36382272577491065
Hagan_genotox,DTXSID0044494,2-Phenylethyl phenylacetate,0,0.30182559774182455,0.29156586205995205,0.3008722609083727,0.2912436125502294
Hagan_genotox,DTXSID0044496,6-Pentyltetrahydro-2H-pyran-2-one,1,0.17888723478996027,0.18794360616597494,0.1911798832068872,0.19989442423728107
Hagan_genotox,DTXSID0044573,2-(2-Methylbutan-2-yl)cyclohexyl acetate,0,0.2577724380348485,0.28877474517790397,0.29207043270754285,0.2985486772664686
Hagan_genotox,DTXSID0044604,"1,4-Bis[(ethenyloxy)methyl]cyclohexane",0,0.3705251992747078,0.39352117741649484,0.43279841444262646,0.4006078099366124
Hagan_genotox,DTXSID0044606,"3,3'-(4-Methylbenzene-1,3-diyl)bis(1,1-dimethylurea)",0,0.4555746771255104,0.46130756443430837,0.4616097042571406,0.43032169520396774
Hagan_genotox,DTXSID0044608,Propylsilanetriyl triacetate,0,0.32745515594112123,0.32490312476965083,0.31639730096127744,0.2956977451647214
Hagan_genotox,DTXSID0044650,"2,2'-[(4-Methylphenyl)imino]diethanol",1,0.4782589335612682,0.5002067590926598,0.5667402423556407,0.5450748937538586
Hagan_genotox,DTXSID0044658,"1H-Isoindole-1,3(2H)-diimine",1,0.49926091621903534,0.5511929444085105,0.5375113409194924,0.5350047159733257
Hagan_genotox,DTXSID0044735,"Disodium benzene-1,3-disulfonate",0,0.33203730289882744,0.33723695121025127,0.3560741911320675,0.33208075382933494
Hagan_genotox,DTXSID0044785,"3-(3-Methyl-5-oxo-4,5-dihydro-1H-pyrazol-1-yl)benzenesulfonic acid",0,0.3086968116408993,0.2840186465581907,0.2806899076089691,0.26782043343161616
Hagan_genotox,DTXSID0044787,4-Hydroxy-7-(phenylamino)naphthalene-2-sulfonic acid,0,0.17668529670890745,0.16703262691648116,0.159648805538404,0.1624458787235927
Hagan_genotox,DTXSID0044810,"2,6-Dimethyloctan-2-ol",0,0.13962773634063125,0.09311887711253956,0.09005378769366547,0.08475101245962909
Hagan_genotox,DTXSID0044812,3-Methoxybutan-1-ol,0,0.4171001295674912,0.3911515095934505,0.3558365670900669,0.35019430736500495
Hagan_genotox,DTXSID0044818,2-Butyloctan-1-ol,0,0.06327866902283182,0.03215448937608989,0.041145642406665565,0.0366913423740487
Hagan_genotox,DTXSID0044949,"(5-Ethyl-1,3-dioxan-5-yl)methanol",0,0.3388194390935899,0.293541988503998,0.2934558866150635,0.26933838178041225
Hagan_genotox,DTXSID0044993,"4,4'-Propane-2,2-diyldicyclohexanol",1,0.2688313877449889,0.19900459343830523,0.20973544577556866,0.184085922706447
Hagan_genotox,DTXSID0044997,"2,6-Di-tert-butyl-4-[(dimethylamino)methyl]phenol",0,0.17866832490145432,0.12618043257206005,0.1434013556117498,0.1305336758333316
Hagan_genotox,DTXSID0044999,"4-(3-Methyl-5-oxo-4,5-dihydro-1H-pyrazol-1-yl)benzenesulfonic acid",0,0.2613289776927534,0.22940965082493991,0.22736371762004737,0.21591009763148686
Hagan_genotox,DTXSID0046513,Squalane,0,0.2787254523202478,0.23336111156436065,0.30551396426165284,0.24281545014655784
Hagan_genotox,DTXSID00468388,"7-Methyl-2H-1,3-benzoxazine-2,4(3H)-dione",0,0.5292742631490192,0.5814614903703587,0.549999203725919,0.5382887379966376
Hagan_genotox,DTXSID00469916,Ethyl 3-(difluoromethyl)-1-methyl-1H-pyrazole-4-carboxylate,0,0.30864079196144045,0.31488890850994933,0.2927011762372009,0.2823106319235851
Hagan_genotox,DTXSID0047080,4-Ethylbenzaldehyde,0,0.40697363884861115,0.46686667675134536,0.4648719306323165,0.47898383887308343
Hagan_genotox,DTXSID0047119,"Bis(2,4-dicumylphenoxy)pentaerythritol diphosphite",0,0.4325888309808499,0.43716750152989253,0.4443516880568456,0.4200273587974203
Hagan_genotox,DTXSID0047163,"6-Acetyl-1,2,3,4-tetrahydronaphthalene",0,0.4231852765545758,0.47331292927284335,0.45864119037934054,0.4652466572773187
Hagan_genotox,DTXSID0047165,Methyl benzodioxepinone,0,0.48155093107287184,0.546342109493203,0.4939593834781235,0.51483690489975
Hagan_genotox,DTXSID0047167,N-Methylacetamide,0,0.483578910544954,0.5197358980562666,0.4542292407807234,0.4587005722535893
Hagan_genotox,DTXSID0047533,Tri-n-octyl trimellitate,0,0.10297077584370445,0.07251572133013685,0.06763056971596804,0.06642862023660787
Hagan_genotox,DTXSID0047537,Dioctyl sebacate,0,0.035331848935238365,0.024914351385134505,0.029495225485639404,0.029200851736730895
Hagan_genotox,DTXSID0047616,Methyl hexanoate,0,0.1797025255917788,0.18247501481121173,0.19046845394601317,0.19354394450484214
Hagan_genotox,DTXSID0047666,Allyl butyrate,0,0.5237663103568116,0.5962977619153963,0.6050359188800924,0.592490780503903
Hagan_genotox,DTXSID0047668,Allyl propionate,0,0.49397801652001255,0.5619866610451211,0.5742066254702985,0.561183152776246
Hagan_genotox,DTXSID0047749,Methylcyclohexane,0,0.44560301026925053,0.38802052369055356,0.40593499609051364,0.37423665936706946
Hagan_genotox,DTXSID0047799,"3-(Octadecyloxy)-1,2-propanediol",0,0.16108225220838068,0.1317816248161438,0.1776880369610794,0.13944706468513765
Hagan_genotox,DTXSID0047959,"2,4-Dichloro-1-(trifluoromethyl)benzene",0,0.38491074266762615,0.4053993111481451,0.4074071407009005,0.3913828548362046
Hagan_genotox,DTXSID0048181,4-tert-Butylaniline,0,0.3918069011826468,0.38839704863842117,0.43123745867594004,0.40709140617092365
Hagan_genotox,DTXSID00486481,2-Ethoxybenzamidine hydrochloride,0,0.4156032848621294,0.42386824932867406,0.4355347443039082,0.4077751589181547
Hagan_genotox,DTXSID0049028,Chlorphenesin,0,0.48675460921306196,0.518407377437843,0.5863326677895474,0.56136630934141
Hagan_genotox,DTXSID0049284,"3,5,5-Trimethylhexanoyl chloride",0,0.2589132269309057,0.2754894971960524,0.2424816564812652,0.25807935093607065
Hagan_genotox,DTXSID0049444,"2,2'-(Diazene-1,2-diyldiethane-1,1-diyl)bis-4,5-dihydro-1H-imidazole dihydrochloride",1,0.3370413668859882,0.3859317507227498,0.32146668338287365,0.3572477699391445
Hagan_genotox,DTXSID0050394,C.I. Pigment Red 5,0,0.28897625292667906,0.35125769038500954,0.2783888772557104,0.28704546146547155
Hagan_genotox,DTXSID0051360,"1-(3,3-Dimethylcyclohexyl)ethyl 2-(1-oxopropoxy)acetate",0,0.3460592084105671,0.39109144772619125,0.4018033894962285,0.3991623235038424
Hagan_genotox,DTXSID0051499,4-Vinylpyridine,0,0.49759847410253794,0.5497410358379521,0.5924815224944453,0.5805125590345758
Hagan_genotox,DTXSID0051520,"2,2-Dimethyl-3-(3-methylphenyl)propanol",0,0.29020998776337886,0.2546817956659783,0.2919774485979774,0.2723566311334846
Hagan_genotox,DTXSID0051528,Diethylene glycol monophenyl ether,0,0.4557988241314684,0.4731727680039168,0.5040471560612126,0.4770060945766755
Hagan_genotox,DTXSID0051607,3-Amino-4-methoxybenzanilide,1,0.4253021799483226,0.4693782811785577,0.48216113887047246,0.48582343881267254
Hagan_genotox,DTXSID0051863,Chromic acetylacetonate,0,0.4596270717230051,0.5048091234887778,0.4405573299278715,0.4378737105972687
Hagan_genotox,DTXSID0051865,1-Phenylethenyl acetate,0,0.45866164822238614,0.48842922160674823,0.5025934165330107,0.47370358021484726
Hagan_genotox,DTXSID0051944,"N,N-Dimethylacrylamide",1,0.5120095914979799,0.5621237869684653,0.6570314637138122,0.6496762792902117
Hagan_genotox,DTXSID0051996,3-Methyl-4-(methylthio)phenol,0,0.4954505144093611,0.5412636731000156,0.5257238863779014,0.5246229254579918
Hagan_genotox,DTXSID0052093,4-tert-Butylcyclohexyl chloroformate,0,0.33860828426718276,0.3714223381943435,0.4380653828577212,0.45186378175442826
Hagan_genotox,DTXSID0052178,Dicaesium carbonate,1,0.4972152962946678,0.5653489633723523,0.5851455441997578,0.5579373771738325
Hagan_genotox,DTXSID0052205,"2-Butyl-4,4,6-trimethyl-1,3-dioxane",0,0.2675431005232039,0.24014740901206966,0.30595289895918343,0.252743439591844
Hagan_genotox,DTXSID0052334,"2,4-Bis[(4-dodecylphenyl)azo]resorcinol",0,0.20387955987855166,0.2162109267048358,0.1736144759674966,0.1763478756227609
Hagan_genotox,DTXSID0052336,Pigment Yellow 65,0,0.36889613435427826,0.4382752353461787,0.5041334759362134,0.5100922079421114
Hagan_genotox,DTXSID0052382,"Hexadecyl 3,5-di-tert-butyl-4-hydroxybenzoate",0,0.0672284496811223,0.039016179241860294,0.0400817928178348,0.040212772599146435
Hagan_genotox,DTXSID0052415,3-Methyl-2-butenyl salicylate,0,0.41063146006395984,0.44962446258824557,0.4255937374811127,0.4245241781066384
Hagan_genotox,DTXSID0052463,2-Amino-5-chlorobenzophenone,0,0.559291115878195,0.6463191627281176,0.6120006135437314,0.6190287359370327
Hagan_genotox,DTXSID0052469,"Diethyl 1,4-cyclohexanedicarboxylate",0,0.373382043070317,0.41739731422892307,0.4359171683442759,0.4249347653551059
Hagan_genotox,DTXSID0052540,Methacrylaldehyde,1,0.49795110680368854,0.5725426134964875,0.6250757722356559,0.6315209621158913
Hagan_genotox,DTXSID0052542,2-Methylpropanoyl chloride,0,0.5023628126310541,0.5747937691281025,0.6029519518850193,0.6160277254169629
Hagan_genotox,DTXSID0052546,2-(Propan-2-yloxy)ethyl 2-hydroxybenzoate,0,0.33258799927015165,0.34459715666851487,0.34136238503655086,0.33952822062679383
Hagan_genotox,DTXSID0052590,"4,7-Dichloroquinoline",1,0.5033463789379582,0.5722995573601289,0.5494912853471542,0.5523100461799743
Hagan_genotox,DTXSID0052592,Phenethyl salicylate,0,0.31734415859400994,0.31912331815463163,0.30694651287717156,0.31079557007905484
Hagan_genotox,DTXSID0052594,Phthalide,0,0.5345123753420136,0.586354973809284,0.5790434037831801,0.5741331259703532
Hagan_genotox,DTXSID0052629,Hydratropaldehyde,0,0.48624391987855464,0.5541706475099489,0.5983709682527399,0.599606636013574
Hagan_genotox,DTXSID0052700,"2,2'-[(1-Methylethylidene)bis[(2,6-dibromo-4,1-phenylene)oxymethylene]]bis[oxirane]",0,0.7266448027372192,0.7930585428309095,0.8413887351800385,0.8283591334968111
Hagan_genotox,DTXSID00546498,"2-(3-Methoxy-3-oxopropyl)-1,1,1-trimethylhydrazin-1-ium bromide",0,0.35531143478009897,0.38964826616498954,0.3286910677305228,0.34738503323497655
Hagan_genotox,DTXSID00570531,Phenyl pent-4-enoate,0,0.4353836468781645,0.4670129552767673,0.503538812148414,0.48836702560398443
Hagan_genotox,DTXSID0057623,4'-Methylbiphenyl-2-carbonitrile,0,0.3110285610371774,0.3247896733629316,0.2862522388725459,0.2850326803865246
Hagan_genotox,DTXSID0057704,Ethyl 4-oxo-1-piperidinecarboxylate,0,0.3701082266251044,0.398948679141456,0.3601539019555658,0.3639816648384904
Hagan_genotox,DTXSID00581546,2-(7-Methoxynaphthalen-1-yl)ethan-1-amine--hydrogen chloride (1/1),0,0.6167628048787861,0.6824134390078315,0.6799186126495611,0.6722502999640528
Hagan_genotox,DTXSID0058988,"Benzoic acid, 4-methoxy-3-nitro-",1,0.8388663847907294,0.9320676227409201,0.9515932394837279,0.9535946103763594
Hagan_genotox,DTXSID0059089,"Formamide, N-methyl-N-phenyl-",0,0.49257148567143955,0.5401539522107192,0.5252897877218596,0.5104678287355017
Hagan_genotox,DTXSID0059405,"9-Octadecenoic acid (9Z)-, propyl ester",0,0.09126956160186696,0.08321913510355643,0.08933971751263887,0.09167382508301318
Hagan_genotox,DTXSID0059407,2-Octene,0,0.24959206837568484,0.2226881882409449,0.22658248284957194,0.21746457502906621
Hagan_genotox,DTXSID0059453,"Benzeneacetic acid, .alpha.-phenyl-",0,0.5231741858478925,0.5643209074151362,0.5623988636162843,0.550955842487691
Hagan_genotox,DTXSID0059611,4-Amino-1-naphthalenesulfonic acid sodium salt,0,0.3270855829528062,0.3237726490426955,0.34534952450248974,0.33314252991952875
Hagan_genotox,DTXSID0059667,"1H-Imidazole-1-ethanol, 4,5-dihydro-2-undecyl-",0,0.11911921631093213,0.08805747684975958,0.09224644868067024,0.1028200886465465
Hagan_genotox,DTXSID0059746,3-Aminopropanol,0,0.32478800195685337,0.27861633877528746,0.27062963595743217,0.27392303635527654
Hagan_genotox,DTXSID00598114,"1-Ethoxy-2,3-difluoro-4-(4-propylcyclohexyl)benzene",0,0.16038700953717688,0.13383252004785307,0.14326567820474254,0.13613663204803553
Hagan_genotox,DTXSID0060010,Ethyl difluoroacetate,0,0.35662701784884604,0.3909203446203906,0.3644708915376836,0.37614735557655893
Hagan_genotox,DTXSID0060276,"Magnesium, [ethanedioato(2-)-.kappa.O1,.kappa.O2]-",0,0.48654893778421887,0.5338151999466716,0.4806867649345757,0.473670609136128
Hagan_genotox,DTXSID0060484,"Butane, 2-chloro-2-methyl-",0,0.3422815074862953,0.3631695553899063,0.32905694540699626,0.3568514651454106
Hagan_genotox,DTXSID0060515,"1,1-Dimethylurea",0,0.5040359721721477,0.53961434462176,0.4667800841841037,0.47897064116073834
Hagan_genotox,DTXSID0060642,"2H-Benzimidazol-2-one, 1,3-dihydro-",0,0.5095440652765862,0.5500657634471499,0.5163188624184011,0.5131170817567
Hagan_genotox,DTXSID0060694,"Phenol, 2-chloro-4-nitro-",0,0.9313858325162422,0.9803834055317134,0.9844901023403985,0.9856760318787089
Hagan_genotox,DTXSID0061084,"Peroxide, bis(1-oxodecyl)",0,0.3359111455343819,0.37719235578042093,0.38027045834578216,0.38180668672233753
Hagan_genotox,DTXSID0061086,"Peroxide, bis(1-oxooctyl)",1,0.13380155313418865,0.12780174702204422,0.1374468951287224,0.13652780010795376
Hagan_genotox,DTXSID0061240,"Benzonitrile, 4-amino-",1,0.7069536660122618,0.8086572203258772,0.7984045714380009,0.801304983170239
Hagan_genotox,DTXSID0061325,"Benzenecarboperoxoic acid, 3-chloro-",0,0.3480489154286533,0.39395179200992536,0.37734071940171193,0.3838853630230958
Hagan_genotox,DTXSID0061400,"2,4,6-Pyrimidinetriamine, 5-nitroso-",1,0.6215588550012664,0.7290205113011078,0.7633283222785137,0.7740167683403417
Hagan_genotox,DTXSID0061458,"1H-Imidazole, 1-ethenyl-",0,0.4767952204454611,0.5517317086786834,0.5600922724222975,0.5493547126389448
Hagan_genotox,DTXSID0061822,"Methane, bis(methylthio)-",0,0.43963806610213557,0.5078612076735879,0.4482219689709696,0.4742184593305619
Hagan_genotox,DTXSID0061826,Perfluoropropyl trifluorovinyl ether,0,0.21865097306682194,0.20193289126731753,0.23430739583910667,0.20581360696741088
Hagan_genotox,DTXSID0062054,N-Methyl-2-thiazolidinethione,0,0.43028055489091815,0.5502168504877384,0.508256730856761,0.5476711047205862
Hagan_genotox,DTXSID0062347,"2-Propenamide, N,N'-methylenebis[2-methyl-",0,0.4462854031388838,0.4735169404916421,0.5665915680796338,0.5425429850823432
Hagan_genotox,DTXSID0062509,"Acetic acid, 2-chloro-, ethenyl ester",1,0.5438962353647211,0.6048829610319021,0.5477948851785297,0.5516844364162953
Hagan_genotox,DTXSID0062557,"Benzenesulfonamide, N-(phenylsulfonyl)-",0,0.49474564034921364,0.5618687078299007,0.5841271455741541,0.56010193404017
Hagan_genotox,DTXSID0062713,"[1,1'-Biphenyl]-4-carbonitrile",0,0.25739122194638936,0.267078565956391,0.26790564994285937,0.2678234614781941
Hagan_genotox,DTXSID0062761,"1-Propanamine, 3,3'-[1,2-ethanediylbis(oxy)]bis-",0,0.22785122691465556,0.20732357715443575,0.25005018904008464,0.22427300535270203
Hagan_genotox,DTXSID0062767,"2,4,8,10-Tetraoxa-3,9-diphosphaspiro[5.5]undecane, 3,9-dimethyl-, 3,9-dioxide",0,0.45154828624950283,0.5217006774235907,0.5334080016586814,0.5252561352783572
Hagan_genotox,DTXSID00628203,"N-(2-Ethoxy-2-oxoethyl)-N,N-dimethylhexadecan-1-aminium chloride",0,0.07418171310293928,0.05908460424247713,0.059933274875974274,0.06650242177560742
Hagan_genotox,DTXSID0062927,"2,5-Furandicarboxylic acid",0,0.5079258331236486,0.5538204762960167,0.5088468323174165,0.4951475946069339
Hagan_genotox,DTXSID0063024,"Peroxide, bis(2-methyl-1-oxopropyl)",1,0.4386353394770877,0.5013197177894047,0.5179226781558474,0.502106047084535
Hagan_genotox,DTXSID0063101,C.I. Mordant Brown 33,1,0.45044981308075266,0.5443220247498378,0.5727600825122675,0.5821581538284104
Hagan_genotox,DTXSID0063103,C.I. Disperse Blue 79:2,1,0.545585983518992,0.6744046988773533,0.7142205634269935,0.719378875076038
Hagan_genotox,DTXSID00631232,2-Chloro-1-(3-chloro-4-hydroxyphenyl)ethan-1-one,0,0.49690842478965663,0.5970957478807812,0.5420425388515963,0.564252469551711
Hagan_genotox,DTXSID0063157,2-Nitrophenylacetic acid,1,0.8879177069801715,0.9601935340396442,0.9711349705999216,0.9726635995094192
Hagan_genotox,DTXSID0063490,"Benzenediazonium, 4-(phenylamino)-, sulfate (1:1)",1,0.5041535779157026,0.6749256393410373,0.5842198584000022,0.6362467385653906
Hagan_genotox,DTXSID0063650,"Ethanol, 2-[(2-nitrophenyl)amino]-",1,0.8856367819746255,0.9592390254911961,0.96955493869589,0.9716536525626268
Hagan_genotox,DTXSID0063787,"Quinoline, 3-bromo-",0,0.5383196570477045,0.6122308974343177,0.586984931475763,0.5870990245354245
Hagan_genotox,DTXSID0064333,3-Hydroxy-4-((2-methyl-4-nitrophenyl)azo)-N-(o-tolyl)naphthalene-2-carboxamide,0,0.546193018548847,0.6834934096194564,0.7476433979710119,0.7633281075991124
Hagan_genotox,DTXSID0064335,"4-((2,5-Dichlorophenyl)azo)-3-hydroxy-N-(2-methoxyphenyl)naphthalene-2-carboxamide",0,0.1797736866460553,0.20599142529698086,0.197951668822147,0.20631592457049153
Hagan_genotox,DTXSID0064381,"2-Naphthalenecarboxamide, 4-[(4-chloro-2-nitrophenyl)azo]-3-hydroxy-N-(2-methylphenyl)-",0,0.6938082410424732,0.8241044901986502,0.8497356405503506,0.8580484896387418
Hagan_genotox,DTXSID0064541,"Zinc, bis(O,O-dibutyl phosphorodithioato-.kappa.S,.kappa.S')-, (T-4)-",0,0.23498766206122337,0.2574020337702507,0.23657348084489616,0.2511352105121227
Hagan_genotox,DTXSID0064622,"1-Propanamine, 3,3'-[1,4-butanediylbis(oxy)]bis-",0,0.22138350086150047,0.18797451784202435,0.2380606168293866,0.18782421279727454
Hagan_genotox,DTXSID0064628,"1,3-Propanediamine, 2,2-dimethyl-",0,0.2997729226600927,0.26940964566109193,0.23795555930896914,0.232544082658637
Hagan_genotox,DTXSID0065272,C.I. Acid Orange 67,0,0.22532067061126249,0.2651425696822396,0.30416364962162756,0.32428415077494527
Hagan_genotox,DTXSID0065278,C.I. Pigment Violet 32,0,0.2076676409584203,0.2428122522608532,0.25361024427313134,0.26238982347522893
Hagan_genotox,DTXSID0065305,"Ferrate(2-), [rel-[N(R)]-N-[2-[bis[(carboxy-.kappa.O)methyl]amino-.kappa.N]ethyl]-N-[2-[(S)-[(carboxy-.kappa.O)methyl](carboxymethyl)amino-.kappa.N]ethyl]glycinato(5-)-.kappa.N,.kappa.O]-, sodium hydrogen (1:1:1), (PB-7-13-12564)-",0,0.3110572080035567,0.311662605213651,0.32537370438733876,0.3271716253138781
Hagan_genotox,DTXSID0065434,Hexadecyl acrylate,0,0.0469645455024933,0.03240168963976708,0.029416146385788378,0.030773043318939198
Hagan_genotox,DTXSID0066032,"14H-Anthra[2,1,9-mna]thioxanthen-14-one",1,0.5951876632199143,0.7036477322812164,0.6468039923482594,0.6677687383243182
Hagan_genotox,DTXSID0066406,Dimethyl propylphosphonate,1,0.4029343286108613,0.4883717021347273,0.4007307002707419,0.47892846203335043
Hagan_genotox,DTXSID0066878,"1H-Imidazole, 2-heptadecyl-",0,0.16019149168255845,0.14252413509314546,0.14011836929699953,0.13798752836233316
Hagan_genotox,DTXSID0067006,2-((4-((2-Cyanoethyl)(2-phenylethyl)amino)phenyl)azo)-5-nitrobenzonitrile,1,0.6085812636411699,0.7168932529397686,0.7832375986319234,0.7983587642043521
Hagan_genotox,DTXSID0067260,"2,4-Imidazolidinedione, 1,3-bis(2-hydroxyethyl)-5,5-dimethyl-",0,0.4166562268341716,0.4476544470642219,0.5288335857682814,0.5231097914194819
Hagan_genotox,DTXSID0067424,"Ethanone, 1-[3,5-bis(phenylmethoxy)phenyl]-",0,0.3994986133406509,0.4442497146793767,0.43313468522095316,0.4417468218501144
Hagan_genotox,DTXSID0067476,"Ethanaminium, 2-hydroxy-N,N-bis(2-hydroxyethyl)-N-methyl-, methyl sulfate (salt)",0,0.28304972268910455,0.25384610838317295,0.2404858920921725,0.23993622870011508
Hagan_genotox,DTXSID0067478,"1,3,5-Triazine-2,4(1H,3H)-dithione, 6-(dibutylamino)-",0,0.3164078476801999,0.33762666505089284,0.34042252409800106,0.34036585064946595
Hagan_genotox,DTXSID0067848,2-(N-(Perfluorobutylsulfonyl)-N-methylamino)ethanol,0,0.24532292337846565,0.23905937984640604,0.2375983298260437,0.23960638697970812
Hagan_genotox,DTXSID0068494,"2-Propenoic acid, eicosyl ester",0,0.04609471375257701,0.02935690584131173,0.028807089771317584,0.03070165848190771
Hagan_genotox,DTXSID0068496,"Benzenesulfonamide, 4-amino-5-methoxy-N,2-dimethyl-",0,0.4536567045682524,0.49366932163875893,0.5352693896167546,0.5291562250415277
Hagan_genotox,DTXSID0068866,"Benzoic acid, 3,3'-[1,2-ethenediylbis[(3-sulfo-4,1-phenylene)azo]]bis[6-hydroxy-5-methyl-, tetralithium salt",0,0.311349520944962,0.39017653621325943,0.42809687376514804,0.4348552449109979
Hagan_genotox,DTXSID0069127,"1,2-Benzenedicarbonitrile, 4-amino-",0,0.6674500659665057,0.7780379950353642,0.7700565093382258,0.7759631809058608
Hagan_genotox,DTXSID0069389,Undecylenamide DEA,0,0.1748935104076199,0.1446186802872429,0.132897111505377,0.13195702670276227
Hagan_genotox,DTXSID00699655,"[(1~4~E,3~3~E)-1~4~,3~3~-Bis[(aminoacetyl)imino]-1~2~,3~2~-dimethyl[3~2~,3~3~-dihydro-1~1~,2~1~:2~3~,3~1~-terphenyl]-1~1~,1~3~(1~4~H)-diyl]dicarbamic acid (non-preferred name)",0,0.48630449446370155,0.5888854504192237,0.5796443106007217,0.5926721268243748
Hagan_genotox,DTXSID0070150,"2-(4-((Hexahydro-2,4,6-trioxo-5-pyrimidyl)azo)phenyl)-6-methylbenzothiazole-7-sulphonic acid, compound with 2,2',2''-nitrilotris(ethanol)",0,0.3479264622622002,0.3965882806073389,0.34571168843020567,0.356074122630133
Hagan_genotox,DTXSID0070942,N-(5-Chloro-2-methoxyphenyl)-3-hydroxy-4-((2-methoxy-5-((phenylamino)carbonyl)phenyl)azo)naphthalene-2-carboxamide,0,0.09043077243988655,0.08888624797378038,0.08579944073556289,0.09133381737177154
Hagan_genotox,DTXSID0072069,"5-[(4-Chloro-2-nitrophenyl)azo]-1-ethyl-1,2-dihydro-6-hydroxy-4-methyl-2-oxo-3-pyridinecarbonitrile",0,0.3687929544707089,0.4177504786212509,0.4971427140497659,0.48388450385008874
Hagan_genotox,DTXSID0072144,"Methyl N-(3-(acetylamino)-4-((2,4-dinitrophenyl)azo)phenyl)-N-(3-methoxy-3-oxopropyl)-beta-alaninate",1,0.6285332617337241,0.7450939155458078,0.7921878107143078,0.7924518119792064
Hagan_genotox,DTXSID0072778,"12H-Dibenzo[d,g][1,3,2]dioxaphosphocin, 4,8-dicyclohexyl-6-hydroxy-2,10-dimethyl-",0,0.3450904935049071,0.3418398946825021,0.30972029028436837,0.3052184170592682
Hagan_genotox,DTXSID0073081,"1H-Pyrrole-2,5-dione, 1,1'-[1,3-phenylenebis(methylene)]bis[3-methyl-",1,0.5024918480919905,0.5922414553985944,0.6853554147611023,0.6799217699070841
Hagan_genotox,DTXSID0073164,"Ethane, 2-chloro-1,1-difluoro-",0,0.6616433788330973,0.7682448200569825,0.7201725956484127,0.7433400628075897
Hagan_genotox,DTXSID0073293,10-Methylbenz[a]anthracene,1,0.8469132142478891,0.903251396620727,0.8846594505604503,0.8847388635557808
Hagan_genotox,DTXSID0073299,"1,3-Isobenzofurandione, 5,5'-sulfonylbis-",0,0.44695151826182494,0.5309097679617745,0.48057457069534043,0.4761790813083298
Hagan_genotox,DTXSID0073370,"2,2-Dimethyl-2,3-dihydroperimidine",1,0.7155638907704723,0.7892463210825277,0.7797987305685967,0.7779247756308457
Hagan_genotox,DTXSID0073376,"4,5-Dichloro-2-nitroaniline",0,0.827722486608314,0.9262005183839707,0.9438875020547436,0.9477151959678496
Hagan_genotox,DTXSID0074635,"2-Propenoic acid, 2-methyl-, 2-(2-oxo-1-imidazolidinyl)ethyl ester",0,0.3907672683795595,0.44209662954379975,0.5301731856614763,0.5354139255445048
Hagan_genotox,DTXSID0074639,4-Mesyl-2-nitrobenzoic acid,0,0.811779971772897,0.9202717490568473,0.9289471232323967,0.9337409908180199
Hagan_genotox,DTXSID0074845,2-Methyl-4-(dimethylamino)azobenzene,1,0.6075637766186385,0.7062148109129787,0.6575353014439556,0.6645922254202193
Hagan_genotox,DTXSID0074893,"Phenoxazin-5-ium, 3,7-bis(diethylamino)-, formate",0,0.47356111008987994,0.5785648176234579,0.5269068468367654,0.5440164546615033
Hagan_genotox,DTXSID0074897,Bis(2-(diethylamino)ethyl) adipate,0,0.4761664062156703,0.527313813309577,0.5088680959737338,0.5148513368913231
Hagan_genotox,DTXSID0075314,"N,N-Dimethyl-4-(6-benzothiazolylazo)aniline",1,0.6735216348007865,0.7781515417915991,0.725611619075682,0.7443185900580701
Hagan_genotox,DTXSID00861714,"2-Propen-1-ol, 3-phenyl-, 1-formate",0,0.47777042889476357,0.5206175828631296,0.5509272608655046,0.5295399524236963
Hagan_genotox,DTXSID00862201,"Propanoyl bromide, 2-bromo-",1,0.5058948312626735,0.5873559885779465,0.6581902555343121,0.6652713463972556
Hagan_genotox,DTXSID00863319,(+/-)-3-Chloro-2-butanone,0,0.4776270154406667,0.535586568423026,0.49267692178028283,0.49970044339350145
Hagan_genotox,DTXSID00863339,"[3,3'-Bianthra[1,9-cd]pyrazole]-6,6'(1H,1'H)-dione, 1,1'-diethyl-",0,0.5388020937856088,0.6458582320451027,0.5617873377997255,0.5660495525957238
Hagan_genotox,DTXSID00863814,Caledon Dark Blue G,0,0.3644224891278927,0.4568402158040681,0.3758714827134335,0.40186143320335915
Hagan_genotox,DTXSID00865611,C.I. Pigment Yellow 170,0,0.16668197593401676,0.19534070663705624,0.17017896222271026,0.17348796080554654
Hagan_genotox,DTXSID00865696,"1,3-Dioxolane, 2-methyl-4-phenyl-",0,0.6198895434977127,0.6652141537427955,0.6474992052447757,0.6332642783744648
Hagan_genotox,DTXSID00866926,"7-Oxabicyclo[4.1.0]heptane-3-carboxylic acid, 2-ethylhexyl ester",0,0.23629566993356996,0.2320386855354789,0.21874522106652047,0.2293722471347486
Hagan_genotox,DTXSID00867014,"2-Propanol, 1,1'-[[3-(dimethylamino)propyl]imino]bis-",0,0.22283136618372446,0.17403772967903838,0.17143143495426613,0.1745623383195558
Hagan_genotox,DTXSID00869856,"Aspartic acid, N,N'-(methylenebis(2-methyl-4,1-cyclohexanediyl))bis-, 1,1',4,4'-tetraethyl ester",0,0.3039379522444203,0.300478201860298,0.2838494858530121,0.28392920341074185
Hagan_genotox,DTXSID00869896,"2-Butanol, 1-[[2-(1,1-dimethylethyl)cyclohexyl]oxy]-",0,0.24127590867480744,0.19084024568652205,0.19119975269935838,0.17954165145130674
Hagan_genotox,DTXSID00882626,"Ammonium perfluoro[(5-methoxy-1,3-dioxolan-4-yl)oxy]acetate",0,0.345157196195285,0.3575221228638789,0.3302329707604972,0.32429503176119784
Hagan_genotox,DTXSID00883436,"Acetic acid, lithium salt (1:1)",0,0.49485800345213243,0.5202259524508465,0.5066477384630701,0.515413857595028
Hagan_genotox,DTXSID00883658,Crotonylidene diurea,0,0.45873106652320644,0.4820338284442889,0.4819117784400198,0.4681703231446752
Hagan_genotox,DTXSID00883734,Ethylbenzene hydroperoxide,0,0.48010097690784787,0.5123605617136736,0.5476495912409926,0.5112388749213307
Hagan_genotox,DTXSID00883774,"Phenol, 4-bromo-, 1-acetate",0,0.47715540829291897,0.515565802126536,0.48724367876573166,0.46867744904785735
Hagan_genotox,DTXSID00883971,Cesium acetate,0,0.4924327619206929,0.5187776323890593,0.4921926623593466,0.5043311716838468
Hagan_genotox,DTXSID00884049,"1,4-Pentanediamine, N1,N1-bis(2-chloroethyl)-N4-(6-chloro-2-methoxy-9-acridinyl)-, hydrochloride (1:2)",1,0.6317893971263028,0.71039768490203,0.6917326323573804,0.6990088205692077
Hagan_genotox,DTXSID00884180,"1,3-Dioxolane-4-methanol, 2-methyl-2-(2-methylpropyl)-",0,0.4046953152398503,0.3807855097260118,0.3662544385074667,0.3488774535536148
Hagan_genotox,DTXSID00884185,"1H-Indole-5-carboxylic acid, 2-[2-(1,5-dihydro-3-methyl-5-oxo-1-phenyl-4H-pyrazol-4-ylidene)ethylidene]-2,3-dihydro-1,3,3-trimethyl-, methyl ester",0,0.38195806184505804,0.4152374112711099,0.5174100261750987,0.5121081730662068
Hagan_genotox,DTXSID00884584,"Oxirane, 2,2',2''-[1,2,3-propanetriyltris(oxymethylene)]tris-",1,0.8161901577979292,0.8812023615125876,0.8996366822147946,0.8775389439738736
Hagan_genotox,DTXSID00884928,".beta.-Alanine, sodium salt (1:1)",0,0.35992261143541615,0.39838112003018966,0.33852629472098134,0.3665560135310801
Hagan_genotox,DTXSID00885258,"6-Nonen-1-yn-3-ol, 3,7-dimethyl-",0,0.239613284303435,0.2142444218558659,0.19316603432735324,0.19359054181288418
Hagan_genotox,DTXSID00885314,"2-Anthracenesulfonic acid, 1-amino-9,10-dihydro-4-[[3-[[(2-hydroxyethyl)amino]sulfonyl]-4,5-dimethylphenyl]amino]-9,10-dioxo-, sodium salt (1:1)",1,0.1681130499543302,0.19478984001585786,0.14749087171052436,0.1590621750123585
Hagan_genotox,DTXSID00885354,"Cyclohexanamine, N-[(triethoxysilyl)methyl]-",0,0.35206422418968014,0.35105822954353055,0.32670650593414546,0.3421076450072074
Hagan_genotox,DTXSID00887252,"2H-1-Benzopyran-4-carbonitrile, 3-(2-benzothiazolyl)-7-(diethylamino)-2-oxo-",0,0.42900687739660714,0.533469955574639,0.6775718030741177,0.6841881060948398
Hagan_genotox,DTXSID00887313,"Benzoic acid, 3,3'-[(2,5-dimethyl-1,4-phenylene)bis[iminocarbonyl(2-hydroxy-3,1-naphthalenediyl)-2,1-diazenediyl]]bis[4-methyl-, 1,1'-bis(2-chloroethyl) ester",0,0.13525642124675327,0.13847581594973624,0.1263499799075299,0.13491614536246432
Hagan_genotox,DTXSID00887752,"2-Naphthalenesulfonic acid, 6-amino-5-[2-[2-[(ethylphenylamino)sulfonyl]phenyl]diazenyl]-4-hydroxy-, sodium salt (1:1)",0,0.40035013607279524,0.4871735684883795,0.48069203352030293,0.49849257432881017
Hagan_genotox,DTXSID00888022,"2-Anthracenesulfonic acid, 1-amino-9,10-dihydro-9,10-dioxo-4-[(2,2,4-trimethylcyclohexyl)amino]-, sodium salt (1:1)",0,0.29579687125568427,0.36091368559986803,0.2926497725200931,0.31567753717256614
Hagan_genotox,DTXSID00888163,"Benzenesulfonic acid, 4-chloro-3-[4-[2-[5-chloro-2-(2-chlorophenoxy)phenyl]diazenyl]-4,5-dihydro-3-methyl-5-oxo-1H-pyrazol-1-yl]-, sodium salt (1:1)",0,0.28839263283188044,0.3297669538698081,0.3015219445067448,0.30412163408325416
Hagan_genotox,DTXSID00888209,"2-Naphthalenesulfonic acid, 5-[2-[4-(acetylamino)-2-(trifluoromethyl)phenyl]diazenyl]-6-amino-4-hydroxy-, sodium salt (1:1)",0,0.17102963862158413,0.1819932116215168,0.1726082791237932,0.18895861367160904
Hagan_genotox,DTXSID00888244,"Benzenesulfonic acid, 3-(2H-benzotriazol-2-yl)-4-hydroxy-5-(1-methylpropyl)-, sodium salt (1:1)",1,0.31865470744865726,0.34238008419574006,0.32576256931312964,0.31910173137931136
Hagan_genotox,DTXSID00888562,"2-Naphthalenecarboxamide, N,N'-(2,5-dimethyl-1,4-phenylene)bis[4-[2-(5-chloro-2-methylphenyl)diazenyl]-3-hydroxy-",0,0.057797329233676885,0.0463032787330512,0.038250838167098906,0.041780273164451716
Hagan_genotox,DTXSID00888704,Sodium 2-phenyl-3-((2-(phenylsulfonyl)phenyl)diazenyl)-1H-indole-5-sulfonate,0,0.2970416570654371,0.3501524444706762,0.3150872823947201,0.33405687468273654
Hagan_genotox,DTXSID00889135,"Octanethioic acid, S-[3-(triethoxysilyl)propyl] ester",0,0.14727889570869857,0.1437192232659855,0.12909533512726012,0.14173855126091403
Hagan_genotox,DTXSID00889256,"1,6-Hexanediamine, N1,N6-bis(1,2,2-trimethylpropyl)-",0,0.23992240456341332,0.19126832178796538,0.21811459997532387,0.21275389809000847
Hagan_genotox,DTXSID00889296,"1-Cyclohexene-1-butanol, .gamma.-methyl-",0,0.40861482554315504,0.4233505973939429,0.38639027076857674,0.39655284261529594
Hagan_genotox,DTXSID00889377,Calcium stearoyl-2-lactylate,1,0.15295138033387504,0.1190359400365291,0.11111914245675525,0.10751677549450807
Hagan_genotox,DTXSID00889458,C.I. Acid Yellow 9,0,0.2826664049792342,0.31042195156496344,0.2609130695766117,0.26885197156356616
Hagan_genotox,DTXSID00889514,"Disodium 2-((4,5-dihydro-3-methyl-5-oxo-1-(4-sulphonatophenyl)-1H-pyrazol-4-yl)azo)benzoate",0,0.21325643198055924,0.20928522755177595,0.17663267440077157,0.17827547081518388
Hagan_genotox,DTXSID00889695,"1-Propanesulfonic acid, 3,3'-dithiobis-, sodium salt (1:2)",0,0.237102208105462,0.27090190442840206,0.20748607351429801,0.24357715302505203
Hagan_genotox,DTXSID00889756,"1H-Pyrazole-3-carboxylic acid, 4-[5-[3-carboxy-1,5-dihydro-5-oxo-1-(4-sulfophenyl)-4H-pyrazol-4-ylidene]-1,3-pentadien-1-yl]-5-hydroxy-1-(4-sulfophenyl)-, potassium salt (1:2)",0,0.3608616529169964,0.45430594681311254,0.5087578007223162,0.5200684881228889
Hagan_genotox,DTXSID00889852,"Acetic acid, 2,2'-dithiobis-, ammonium salt (1:2)",0,0.45767502764587925,0.5184268555714372,0.4487273748709825,0.45845239088130124
Hagan_genotox,DTXSID00890064,"2-Naphthalenesulfonic acid, 5-[2-[4-[(2-bromo-1-oxo-2-propen-1-yl)amino]-2-sulfophenyl]diazenyl]-4-hydroxy-6-(methylamino)-, sodium salt (1:2)",1,0.28622635049377865,0.349505455929773,0.38852806457414185,0.40934525133051003
Hagan_genotox,DTXSID00890327,"Disodium 2,2'-oxybis(3-methylbenzenesulfonate)",0,0.2676235347883404,0.2524934587978385,0.25251024203797107,0.23603073178069034
Hagan_genotox,DTXSID00890504,"Benzoic acid, zinc salt (2:1)",1,0.4648939520076693,0.5236005829779555,0.5126855245518597,0.5075094599645399
Hagan_genotox,DTXSID00890761,"Hexanoic acid, 2-ethyl-, magnesium salt (2:1)",0,0.21286791625063892,0.2154123174841215,0.20266521402268642,0.21543784368349636
Hagan_genotox,DTXSID00890882,"Methanesulfonic acid, copper(2+) salt (2:1)",0,0.41591827241611873,0.44442018602142247,0.48905685398678583,0.43916646235317086
Hagan_genotox,DTXSID00890943,"Benzoic acid, 3-methyl-, zinc salt (2:1)",1,0.3772372231569073,0.4006875067619123,0.37654887676937693,0.37703527516561985
Hagan_genotox,DTXSID00891490,Norchlorcyclizine,0,0.41643610949920845,0.4405396585423136,0.4471395882986053,0.4470805977815953
Hagan_genotox,DTXSID10143255,"d-Glucose, ether with glycerol",0,0.5698848650412046,0.643576457074385,0.6921956977362952,0.6881209155774027
Hagan_genotox,DTXSID10146206,(3-Chloropropyl)benzene,0,0.4977272653631237,0.527614844457269,0.5467916339597606,0.5134704178633068
Hagan_genotox,DTXSID10149979,1-Methylcyclohexanecarboxylic acid,0,0.3916077394468715,0.42579878114603026,0.3928501642834321,0.4031663068433031
Hagan_genotox,DTXSID10151653,3-Chlorophthalic anhydride,0,0.46878329795034607,0.5493163775518308,0.5042099002987004,0.5169644072035433
Hagan_genotox,DTXSID10152403,"4,6-Dichloropyrimidine",0,0.47914929809903767,0.5296288485799354,0.5124197329543753,0.508061432925925
Hagan_genotox,DTXSID10152968,"3-(2-Hydroxyethyl)-1H,3H-quinazoline-2,4-dione",0,0.5204393437447851,0.5782166891857486,0.6012466914994238,0.5912732393905675
Hagan_genotox,DTXSID10155974,"3,6-Dinitrobenzopyrene",1,0.9018934246791233,0.9637682012515639,0.9658304950393011,0.9666021362435572
Hagan_genotox,DTXSID10162668,4'-Cyanoacetophenone,0,0.38225948309978425,0.42661055860787256,0.435462196035415,0.4195286709619155
Hagan_genotox,DTXSID10164425,Hippurohydroxamic acid,1,0.47366620100465556,0.5198640810260011,0.675763403833142,0.6527839628579777
Hagan_genotox,DTXSID10166323,Tri-isopropyl silyl acrylate,0,0.46680125849700266,0.5359669450897857,0.6209680502294123,0.6252567726017854
Hagan_genotox,DTXSID10166505,Diheptyl succinate,0,0.04053265715007548,0.026714506331350214,0.03289449181994299,0.0320748715084831
Hagan_genotox,DTXSID10167496,Methyl 3-aminopyrazinecarboxylate,0,0.4653513611421318,0.5391134324322207,0.5577503668063563,0.5567610201624764
Hagan_genotox,DTXSID10167517,"Dibenz(a,j)anthracene, 1,2,3,4,8,9-hexahydro-",1,0.5615598650695671,0.6220409406038252,0.6138915170318687,0.6154149938242209
Hagan_genotox,DTXSID10172282,10-Azabenzo(a)pyrene,1,0.8689315343330298,0.9281157662544137,0.9148896673591564,0.9138702622859292
Hagan_genotox,DTXSID10174600,3-Nitroperylene,1,0.9229571311945164,0.9706919116030841,0.9723622993339082,0.9725759036426752
Hagan_genotox,DTXSID10175091,"Cyclohexanecarbamic acid, 1,1-diphenyl-2-butynyl ester",1,0.3093015231295537,0.28786583202839316,0.2809982418955273,0.2690098388926246
Hagan_genotox,DTXSID10175894,N-Chloropiperidine,0,0.46799569899171467,0.5640100991776898,0.5099512538443701,0.5619926945810522
Hagan_genotox,DTXSID10177878,Stearoxypropyltrimonium chloride,0,0.09333150464238889,0.06735316632712948,0.07571251583035572,0.07851075405017713
Hagan_genotox,DTXSID10178522,8-Methylbenz(a)anthracene,1,0.8569256885375548,0.9103375701899424,0.8930607663763476,0.8929185699185934
Hagan_genotox,DTXSID10179418,"Cyclopenta(a)phenanthren-15-one, 16,17-dihydro-11-methyl-",1,0.9318110615141263,0.9685473662723177,0.9580695971007988,0.9574649811194257
Hagan_genotox,DTXSID10180448,5-Chloro-2-nitrodiphenylamine,0,0.7113514818296554,0.8152849498430385,0.8443783817990221,0.8527654706546203
Hagan_genotox,DTXSID10181258,"N,N-Diethylacrylamide",0,0.4837318973834596,0.5234831170901512,0.6005017187287625,0.5921820008781006
Hagan_genotox,DTXSID10181758,"2,2'-Methylenebis(4-aminophenol) dihydrochloride",1,0.7159179552406534,0.7838006057378886,0.790114511772031,0.7828842540162233
Hagan_genotox,DTXSID10181778,"Chrysen-1-one, 1,2,3,4-tetrahydro-11-methyl-",1,0.9497635012096906,0.9766802032420348,0.9673286451902868,0.9676291656263367
Hagan_genotox,DTXSID10184426,"Imidazole, 1-methyl-5-nitro-",1,0.8123445746353988,0.9088848305004866,0.8780820678867203,0.8852847051647202
Hagan_genotox,DTXSID10184906,"Ethanol, 2-(ethenylthio)-",0,0.5020962235436183,0.5903236347923965,0.5292580302857824,0.5711644241017025
Hagan_genotox,DTXSID10186026,o-Cymen-5-ol,1,0.4590399235800205,0.468713953736094,0.46189452806125325,0.43504255396491526
Hagan_genotox,DTXSID10186703,"3-Phenyl-5-(2-thienyl)-1,2,4-oxadiazole",0,0.5128212347320266,0.5813488711904913,0.6103446177959955,0.604703420116417
Hagan_genotox,DTXSID10188767,"Benzo(b)triphenylene, 9,14-dihydro-",1,0.6608582822416177,0.7332540408680225,0.7198863635254562,0.7182439757863781
Hagan_genotox,DTXSID10188969,"5-Amino-2,4,6-triiodoisophthalic acid",0,0.4635377320895692,0.5372216380943922,0.5524239903772105,0.558506734753054
Hagan_genotox,DTXSID10189759,"Benzo(f)quinoline, 3-amino-",1,0.880323452793878,0.9284220147950926,0.916610644817911,0.9141136276402252
Hagan_genotox,DTXSID10189895,Dimethyl(2-((2-methyl-1-oxoallyl)oxy)ethyl)(3-sulphopropyl)ammonium hydroxide,0,0.24556028165121133,0.2492230413353215,0.33874325441006947,0.3357515903459071
Hagan_genotox,DTXSID10192182,"1,2-Ethanediamine, N-benz(c)acridin-7-yl-N'-(2-chloroethyl)-, dihydrochloride, hydrate",1,0.695232807480743,0.7809197227146862,0.7954462910218135,0.7910002785204661
Hagan_genotox,DTXSID10192425,"4-Bromo-2,2-diphenylbutanenitrile",0,0.31877732595577174,0.3082117742516547,0.32172378602931223,0.306150635867903
Hagan_genotox,DTXSID10197056,Tetrahydro-4-methyl-2H-pyran,0,0.4056155282306156,0.38946535423220485,0.4208351804638653,0.3749576420890323
Hagan_genotox,DTXSID10197278,Lucidin,1,0.476778441817123,0.5527070927439852,0.5444917601946384,0.5335157788747957
Hagan_genotox,DTXSID10199439,"Anthraquinone, 1,5-dinitro-2-methyl-",1,0.8086340990509231,0.8849444151066385,0.9039279329367623,0.8929071095898244
Hagan_genotox,DTXSID10199535,Norpyridostigmine,0,0.4569061183873801,0.4879308357527636,0.44838708641799147,0.4424922359522348
Hagan_genotox,DTXSID1020019,4-Acetylaminofluorene,1,0.5102134984215397,0.5464418516405362,0.5645616421318137,0.5452901521319772
Hagan_genotox,DTXSID1020063,2-Amino-5-nitrophenol,1,0.9357931149775708,0.9814244541366898,0.9853241700028784,0.9863240210010392
Hagan_genotox,DTXSID1020069,o-Aminoazotoluene,1,0.7598055151230488,0.8571714073475764,0.8242733817416973,0.8302146969892421
Hagan_genotox,DTXSID10200736,"Ketone, (5-nitro-2-furyl) methyl",1,0.8820553767951287,0.9440594542058373,0.959353856646647,0.9571143650438785
Hagan_genotox,DTXSID1020140,Sodium benzoate,1,0.4648939520076693,0.5236052677766914,0.5129483643640521,0.5077961417860716
Hagan_genotox,DTXSID1020144,Benzoin,1,0.46094550709288223,0.5254197947378049,0.5070081798200121,0.5131662320905593
Hagan_genotox,DTXSID1020148,Benzotrichloride,1,0.42975535963999695,0.46188443908069177,0.4709234802562456,0.4512934595107641
Hagan_genotox,DTXSID1020190,C.I. Acid Blue 74,1,0.2768323340991607,0.3058781248309302,0.2086890495659031,0.19861943632028542
Hagan_genotox,DTXSID1020198,Bromodichloromethane,1,0.5809379276253956,0.655826253670582,0.6723258624714658,0.6680969210614872
Hagan_genotox,DTXSID10202098,Piperidin-4-ol,0,0.35278026193655193,0.312055679272403,0.3063473501279879,0.3100348998235353
Hagan_genotox,DTXSID1020221,"4-(1,1-Dimethylethyl)phenol",1,0.25086142541956086,0.20886964335429534,0.2235542231502281,0.20717009881076986
Hagan_genotox,DTXSID1020223,beta-Butyrolactone,1,0.45777198740452824,0.49704599275084155,0.48622214738191616,0.49040513818051545
Hagan_genotox,DTXSID10202518,"4,7-Dihydro-2-isopropyl-1,3-dioxepin",0,0.46918631479482603,0.4970614871560275,0.5125687913340186,0.49953594930834083
Hagan_genotox,DTXSID1020279,3-Chloro-2-methylpropene,1,0.6249808798501504,0.7008656841585027,0.7419372570565427,0.7367681505810989
Hagan_genotox,DTXSID1020300,Chlorodibromomethane,1,0.6057447484146579,0.6999499814479117,0.7022439882205442,0.7096412736497975
Hagan_genotox,DTXSID1020302,Chloroethane,1,0.5376651916144035,0.6134772412597002,0.5844336692727999,0.605729802701689
Hagan_genotox,DTXSID1020306,Chloroform,1,0.5818871541264063,0.634222375864863,0.657573005269159,0.6410547530323406
Hagan_genotox,DTXSID1020308,2-(Chloromethyl)pyridine hydrochloride,1,0.5419153599857405,0.595423937048268,0.5839593318101767,0.5804128314871962
Hagan_genotox,DTXSID10203282,"Benzeneamine, 4,4',4''-methylidynetris- (9CI)",0,0.816557939911152,0.8829925334812841,0.884975972412144,0.8801038570695052
Hagan_genotox,DTXSID1020350,2-Methoxy-5-methylaniline,1,0.7207095915542752,0.7990247434259734,0.8217764203106929,0.8066102437919969
Hagan_genotox,DTXSID1020352,Cupferron,1,0.5738914899050818,0.7037478772068835,0.6612789376615723,0.6842612646871155
Hagan_genotox,DTXSID1020354,Cyanoguanidine,0,0.49947094577301127,0.5933799478564019,0.595590740002358,0.5906227772181979
Hagan_genotox,DTXSID10203540,1-Nitro-2-naphthol,1,0.8623517534301527,0.9322471190847708,0.9443073128784721,0.9443703627799639
Hagan_genotox,DTXSID1020431,"1,4-Dichlorobenzene",1,0.536644467295264,0.5908911159284539,0.6008287323619476,0.5747276876214151
Hagan_genotox,DTXSID1020433,"3,3'-Dichlorobenzidine dihydrochloride",1,0.6617417934369093,0.7205815990854844,0.7225557520260691,0.716522665108786
Hagan_genotox,DTXSID1020439,"2,4-Dichlorophenol",1,0.5446945384407261,0.6026229010923886,0.6084693890261371,0.5854344171166757
Hagan_genotox,DTXSID1020483,"2,4-Dimethoxyaniline hydrochloride",0,0.7515666555243374,0.8330264007080445,0.8495641527734605,0.838086395620782
Hagan_genotox,DTXSID1020510,"7,12-Dimethylbenz(a)anthracene",1,0.8919698205496421,0.9404968732253246,0.9349835439404907,0.9340550020299169
Hagan_genotox,DTXSID1020512,Dimethylcarbamoyl chloride,1,0.5250347419295776,0.6173542413631548,0.6171987954028674,0.6167466166499241
Hagan_genotox,DTXSID1020514,"N,N-Dimethyldodecylamine-N-oxide",0,0.04479268675063463,0.02883874252961242,0.028122817109403748,0.030581508321482754
Hagan_genotox,DTXSID1020516,"1,1-Dimethylhydrazine",1,0.503741776527613,0.5258836974273676,0.539469335401632,0.528459607540336
Hagan_genotox,DTXSID1020518,"2-(2,2-Dimethylhydrazino)-4-(5-nitro-2-furyl)thiazole",1,0.873879620141349,0.9437944107382484,0.9480881965048584,0.9501711642406425
Hagan_genotox,DTXSID1020566,Epichlorohydrin,1,0.7312891790581982,0.7943246142934678,0.803460580159178,0.8050658449051508
Hagan_genotox,DTXSID1020647,Furfural,1,0.5403738443611269,0.6171356746503486,0.6489549581332735,0.6403303350786905
Hagan_genotox,DTXSID10206793,"1,3,4,6,7,8-Hexahydro-2H-pyrimido(1,2-a)pyrimidine",0,0.4194225918241781,0.4437087728351263,0.4558986451047173,0.45691881819956154
Hagan_genotox,DTXSID10206874,"Formamide, N-(4-(4-nitro-2-thienyl)-2-thiazolyl)-",1,0.7195492816004365,0.8211479849545501,0.8449641899610532,0.8450957423961659
Hagan_genotox,DTXSID1020699,4-Hexylresorcinol,1,0.20585797822369836,0.15891496762480142,0.165545884693422,0.15315084217637734
Hagan_genotox,DTXSID1020726,1-(2-Hydroxyethyl)-1-nitrosourea,1,0.733812225442294,0.8213810004424654,0.8487848884478586,0.8513661909922198
Hagan_genotox,DTXSID1020728,2-Hydroxyethylhydrazine,1,0.48117222486598915,0.49400803860571935,0.5190336107666026,0.5367080624800938
Hagan_genotox,DTXSID10207321,3-Methoxyacetophenone,0,0.41539073499150114,0.46908765679151143,0.4386350668072221,0.4466432839382724
Hagan_genotox,DTXSID1020801,MeIQx,1,0.6840935742714889,0.7635627858755308,0.7736427842453052,0.7805917829812606
Hagan_genotox,DTXSID1020807,2-Mercaptobenzothiazole,0,0.4936682712249049,0.5670386008016198,0.535473397218471,0.5537564678520394
Hagan_genotox,DTXSID1020855,Methyl parathion,1,0.8333218750302852,0.9338578843231519,0.9418703762874555,0.9469306730526085
Hagan_genotox,DTXSID1020859,alpha-Methylbenzyl alcohol,1,0.5025996152464217,0.5319840349806936,0.5336557030569306,0.5065220920469625
Hagan_genotox,DTXSID1020932,Nicotinic acid,1,0.5307806798334044,0.6012037186707346,0.5519674159798162,0.5550545423778762
Hagan_genotox,DTXSID1020936,Nithiazide,0,0.7952737627267176,0.8855970138678084,0.8928486824762407,0.8911424158245832
Hagan_genotox,DTXSID1020980,1-Nitropropane,1,0.552575756071514,0.6370336345164923,0.7065079297474747,0.7049992587987234
Hagan_genotox,DTXSID1020982,3-Nitropropionic acid,1,0.6441560585561413,0.7329865342196747,0.7807066022562402,0.7799888750330933
Hagan_genotox,DTXSID1020984,6-Nitroquinoline,1,0.9048477991377215,0.9591221398051153,0.9659556575380157,0.9655080347831196
Hagan_genotox,DTXSID1020986,Nitroso-Baygon,1,0.6952368653600418,0.833553693397523,0.8384570083575631,0.8593279960273751
Hagan_genotox,DTXSID1020988,"1-Nitroso-5,6-dihydrothymine",1,0.6688126658486345,0.7621686106575237,0.7971092894562134,0.7912094552824193
Hagan_genotox,DTXSID1021031,4-Nitrosodiphenylamine,1,0.7110632309387394,0.8550410740314968,0.7951201034623704,0.8291629508222802
Hagan_genotox,DTXSID1021037,Nitrosoethylurethane,1,0.8564855116996927,0.9249428320216069,0.9344466545180846,0.9361884517114865
Hagan_genotox,DTXSID10210734,"3-Butanone, 4-(butylnitrosamino)-",1,0.94441383863958,0.9769761073101454,0.9789706395478364,0.9793240625637699
Hagan_genotox,DTXSID10210779,"Benzofurazan, 4-nitro-7-(4-phenyl-1-piperazinyl)-, 1-oxide",1,0.8623651663509744,0.941152680090874,0.9453566670776247,0.9446006608369598
Hagan_genotox,DTXSID1021081,C.I. Acid Orange 3,1,0.31408400258074193,0.41777141116986233,0.3369580549754225,0.37763441904750916
Hagan_genotox,DTXSID1021087,Oxazepam,0,0.44876765650584466,0.49809898910678935,0.4754807820248635,0.4726209157872449
Hagan_genotox,DTXSID1021116,Phenacetin,1,0.4182521711116228,0.43757879938504735,0.49552313631818096,0.47826221960988474
Hagan_genotox,DTXSID1021164,Piperazine,0,0.48223330741359166,0.5074193200653548,0.5060484515913859,0.4803780954314558
Hagan_genotox,DTXSID1021166,Piperonyl butoxide,0,0.32796621895221795,0.32184209068726977,0.3657807265614427,0.35262781324676723
Hagan_genotox,DTXSID1021243,Rhodamine 6G,0,0.4436327216392222,0.5018348854623117,0.5165496054745051,0.49724796335707194
Hagan_genotox,DTXSID10212692,2-Cyano-N-methylacetamide,0,0.40579122242383353,0.4503644674193545,0.46333639844131874,0.45322910657955146
Hagan_genotox,DTXSID1021322,Tetraethylthiuram disulfide,1,0.523835201018413,0.6150436747582642,0.6760849958631797,0.6957556497245888
Hagan_genotox,DTXSID1021324,"1,1,1,2-Tetrafluoroethane",0,0.3693204644212114,0.30250975708231514,0.3510524253683805,0.32711754154445466
Hagan_genotox,DTXSID1021370,Triaziquone,1,0.4839259966404697,0.5955264656392268,0.6182165205121937,0.6396923627587813
Hagan_genotox,DTXSID1021374,Bromoform,1,0.5447589592258112,0.6241147648839273,0.6370270709102491,0.6413413715064252
Hagan_genotox,DTXSID1021378,Trichloroacetic acid,1,0.5329761658418327,0.5980287092489612,0.5355648997365617,0.5347904935691413
Hagan_genotox,DTXSID1021403,Trimethyl orthophosphate,1,0.5199057431310635,0.5906426181625205,0.6107924015556581,0.574668536695346
Hagan_genotox,DTXSID1021407,Trinitroglycerin,1,0.5384065649598354,0.6559137576235202,0.628030519123484,0.6356953787116484
Hagan_genotox,DTXSID1021451,C.I. Pigment Yellow 12,0,0.19215234412524027,0.2191595299683722,0.19415205195869975,0.1945244293819662
Hagan_genotox,DTXSID1021453,C.I. Pigment Yellow 83,0,0.15317115384529748,0.1685957288141767,0.14123944176551478,0.1438869016417015
Hagan_genotox,DTXSID1021455,C.I. Acid Yellow 23,1,0.2275386862561314,0.2468415702171749,0.18814706320199903,0.19052900605225956
Hagan_genotox,DTXSID10214792,Nitrosocarbofuran,1,0.7309745097890582,0.8635148054824481,0.8801450017323057,0.8961709737398564
Hagan_genotox,DTXSID1021586,"6,10-Dimethyl-5,9-undecadiene-2-one",0,0.44532081087398767,0.5386012387970524,0.5270716215454726,0.5424474344383595
Hagan_genotox,DTXSID1021615,Methanesulfonyl chloride,1,0.4628896520906392,0.5642683974060513,0.5445987546180936,0.553924545070911
Hagan_genotox,DTXSID1021617,3-Methylbenzoic acid,1,0.3772372231569073,0.4006929002550666,0.37710503730254424,0.3775893067505556
Hagan_genotox,DTXSID1021619,3-Methylbutanal,0,0.43107520474150324,0.4962341488087942,0.47945998157951714,0.5009774602490125
Hagan_genotox,DTXSID10216271,"2,3,7,8-Tetrahydro-2,5,8-benzotrioxacycloundecine-1,9-dione",0,0.37502688242677246,0.4149041003696255,0.4343840091828346,0.421824460693032
Hagan_genotox,DTXSID1021740,1-Butanol,1,0.22397933774539716,0.16238443822493276,0.19408522065054087,0.1839226174385545
Hagan_genotox,DTXSID1021790,2-Nitrophenol,0,0.9371996862737721,0.98208408267482,0.9865751038132456,0.9870017811279214
Hagan_genotox,DTXSID1021792,Salicylaldehyde,0,0.5335315959321619,0.6355897929997694,0.6419875798626795,0.6532664255113453
Hagan_genotox,DTXSID1021798,Quinoline,1,0.579140213940944,0.65858814026187,0.6321047837892915,0.6364193042808246
Hagan_genotox,DTXSID1021821,2-Butanone oxime,1,0.4833191714276965,0.5307884870262914,0.5151631669686907,0.5211734958953342
Hagan_genotox,DTXSID1021827,Cumene,1,0.47652806510904666,0.49729383168359775,0.494352430288646,0.46577088642313563
Hagan_genotox,DTXSID1021871,4-Chlorophenol,1,0.517921718843933,0.5620003759397791,0.5724103619455078,0.5461068366956451
Hagan_genotox,DTXSID1021873,Isobutyl acrylate,0,0.42134793403751186,0.4561062014065067,0.45654126262316713,0.4600453172512402
Hagan_genotox,DTXSID1021877,2-Chloroethanol,1,0.664467917888369,0.7597310132702133,0.7111876014688843,0.7450100776671138
Hagan_genotox,DTXSID1021879,Propionitrile,0,0.35108603735621297,0.3732836347497625,0.3357739857581637,0.3631562633554463
Hagan_genotox,DTXSID1021904,Butylamine,0,0.22374946600535883,0.1814506297482256,0.17741892950087657,0.1726475212484566
Hagan_genotox,DTXSID1021906,"1,3-Diaminopropane",0,0.383442298220866,0.3557857958729425,0.3320097257620378,0.324732335781493
Hagan_genotox,DTXSID1021958,Ethyl salicylate,0,0.3380346338306936,0.3494449504922649,0.33682209801865026,0.33433265193978956
Hagan_genotox,DTXSID10219929,"9,10-Anthracenedione, 1,4-bis(dimethylamino)-5,8-dihydroxy-",1,0.4834369454390064,0.5849431118618166,0.51336609054865,0.5319851516582603
Hagan_genotox,DTXSID1022001,Ethyl acetate,1,0.3856920955134971,0.3965368080905542,0.35930866515366827,0.3727685039561886
Hagan_genotox,DTXSID1022007,Butyl ether,0,0.23481723531450335,0.18020845494871582,0.17860211972641163,0.17635355170817782
Hagan_genotox,DTXSID1022053,"4,6-Dinitro-o-cresol",0,0.8503868844282317,0.939439742391647,0.9527136461205546,0.9528920324416457
Hagan_genotox,DTXSID1022055,tert-Butyl acetate,0,0.3801458081979983,0.40827942018399394,0.38675868255233975,0.39680113114218024
Hagan_genotox,DTXSID1022057,"1,3-Dichloropropene",1,0.6497925018304817,0.7258080485326204,0.7028575503300806,0.7036514343043866
Hagan_genotox,DTXSID1022134,2H-Perfluoro-2-propanol,0,0.3901059280265639,0.2933648896320766,0.35244059203270556,0.3302766826115449
Hagan_genotox,DTXSID1022182,"1-(2,4-Dichlorophenyl)ethan-1-one",1,0.43094950302035967,0.48732840730851007,0.4455511114280311,0.4480718722435338
Hagan_genotox,DTXSID1022186,2-Ethoxyethyl methacrylate,1,0.33551587159060925,0.3926557202686754,0.38623312171736274,0.3933540498365932
Hagan_genotox,DTXSID1022188,n-Undecyl cyanide,0,0.1015186176485104,0.0790687061896077,0.06714461712449572,0.08194260518326646
Hagan_genotox,DTXSID10222438,"Anthraquinone, 3-methoxy-6-methyl-1,2,8-trihydroxy-",1,0.47353067520225406,0.5334731568414555,0.4676548971632217,0.4548900810864868
Hagan_genotox,DTXSID1022267,Methomyl,1,0.5766163560950531,0.6408378946606228,0.5479069600213814,0.5546097302716515
Hagan_genotox,DTXSID10223329,2-Amino-5-methyl-thiazole,0,0.6344818263237418,0.7288611656949655,0.7251460638892907,0.7548368704487002
Hagan_genotox,DTXSID10223506,2-(2-Butoxyethoxy)ethyl methacrylate,0,0.17454107508713612,0.18231844075629297,0.1821351705532901,0.19200068156183758
Hagan_genotox,DTXSID1022398,Morin,1,0.589653063250205,0.7081837179370591,0.720547188154383,0.7301639550694405
Hagan_genotox,DTXSID1022425,"4,4'-Dihydoxybenzophenone",0,0.47862846045318125,0.5406834878443686,0.5111271959961456,0.5171933523196648
Hagan_genotox,DTXSID10225080,Di(succinimido) carbonate,0,0.46679990309275876,0.5606222051598148,0.5561553744785409,0.560843412514937
Hagan_genotox,DTXSID10225545,"Sodium hydrogen 8-aminonaphthalene-1,6-disulphonate",0,0.354805976147434,0.36657073606112656,0.39935745914018067,0.3877910325621368
Hagan_genotox,DTXSID10226395,Butantrone,0,0.5011219990742927,0.5717805735825129,0.5158477900237655,0.5173489038440379
Hagan_genotox,DTXSID10229200,"15,16-Dihydrocyclopenta(a)phenanthren-17-one",1,0.9411609386680174,0.9762328989157725,0.973431887884315,0.972447151026867
Hagan_genotox,DTXSID1023029,Etilefrine,0,0.42450420006110284,0.4304407294265062,0.4473076195503028,0.42552728593160727
Hagan_genotox,DTXSID10233382,"Neodecanoic acid, zinc salt, basic",1,0.1348552580076299,0.11971540778206029,0.11103782152251294,0.11755201584742636
Hagan_genotox,DTXSID1023362,Nialamide,1,0.4557798796759081,0.510997783651998,0.5110965279048258,0.5112257854133612
Hagan_genotox,DTXSID1023445,Phenazopyridine,1,0.7494440672575534,0.845391479006724,0.8560612042044101,0.8621153282599527
Hagan_genotox,DTXSID1023609,Sulfaguanidine,0,0.6116144604190984,0.6959817918792067,0.6942407874469293,0.6883604659020083
Hagan_genotox,DTXSID1023784,Lithium carbonate,0,0.5059385547002068,0.5711018491573507,0.5907804945005883,0.5571156872901901
Hagan_genotox,DTXSID1023786,Methyl isocyanate,1,0.5698135587907687,0.6240283935837058,0.5641809075860076,0.5963661714808234
Hagan_genotox,DTXSID1023815,Dibromoacetic acid,1,0.521501978961793,0.5872124023936219,0.5898619506859815,0.5818334711637658
Hagan_genotox,DTXSID1023817,Dicyclohexylcarbodiimide,1,0.4224773931730052,0.45811525496524325,0.44425274564190026,0.4538161386447546
Hagan_genotox,DTXSID1023869,Ametryn,1,0.3972294849678602,0.4345764621886811,0.4215953625302998,0.43130644123577694
Hagan_genotox,DTXSID1023992,Cyanogen,1,0.4301329176436955,0.530066769267942,0.5022728822564715,0.5148232048154868
Hagan_genotox,DTXSID1023996,Cyclohexylamine,1,0.463955496941235,0.45293905204107915,0.4862847940357773,0.41346170517450154
Hagan_genotox,DTXSID1023998,Cypermethrin,1,0.347847930532681,0.34953738925545935,0.33469881286422604,0.3234143581017498
Hagan_genotox,DTXSID1024045,Diethyl sulfate,1,0.5103976970384527,0.541326085275904,0.468358135030984,0.47102888528530334
Hagan_genotox,DTXSID1024047,Diethylene glycol dinitrate,0,0.6278817960692179,0.7046696196566856,0.7987670984210342,0.7889478511742509
Hagan_genotox,DTXSID1024049,Diflubenzuron,0,0.3556186975999447,0.38407148539057756,0.36289382968739287,0.36362718678998585
Hagan_genotox,DTXSID1024097,2-Butoxyethanol,1,0.1802719815555717,0.12856205940850693,0.12913825829393416,0.12363174688346745
Hagan_genotox,DTXSID1024122,Glyphosate,0,0.41678007506116727,0.4805087048422188,0.3906226266717198,0.41765535963931694
Hagan_genotox,DTXSID1024176,Methacrylonitrile,1,0.4243606645869466,0.47755476478956965,0.539330337746382,0.5297238547823248
Hagan_genotox,DTXSID1024338,Thiophanate-methyl,1,0.4796679791748996,0.5894582808294758,0.5469317101564801,0.5700901712143199
Hagan_genotox,DTXSID1024415,"C.I. Acid Black 1, disodium salt",0,0.6411223506004952,0.8176779290801495,0.8597983608252554,0.8687787434076166
Hagan_genotox,DTXSID1024463,Orthanilic acid,0,0.26455661563465305,0.24288233060807138,0.26018303988965386,0.2519414398838346
Hagan_genotox,DTXSID1024598,Benzyl salicylate,0,0.35522446855233253,0.3862412196281892,0.37808734276721984,0.38025042751879506
Hagan_genotox,DTXSID1024621,Diethylene glycol dimethyl ether,0,0.3746959556628358,0.32967296138813934,0.41090314445708476,0.3941015838917216
Hagan_genotox,DTXSID1024625,"1,2-Bis(phenylthio)ethane",0,0.45313267280985364,0.49840314316437356,0.4566867394973871,0.4613491387912407
Hagan_genotox,DTXSID1024671,2-Butanone peroxide,0,0.4772265323884441,0.5195659758738495,0.5520997138574248,0.5248242662715923
Hagan_genotox,DTXSID1024702,tert-Butyl phenyl glycidyl ether,1,0.6812701964511708,0.7376260864503145,0.7752221239742855,0.769852980889099
Hagan_genotox,DTXSID1024704,4-tert-Butyltoluene,0,0.27366659347953015,0.2304435591360677,0.23903513777706029,0.21860162272200614
Hagan_genotox,DTXSID1024831,Chromium picolinate,0,0.502631312823642,0.5695036583392593,0.5222158622496381,0.527608421066031
Hagan_genotox,DTXSID1024835,3-Phenylprop-2-enal,1,0.45173172181786314,0.5333040343376494,0.6375497773896789,0.638225036066962
Hagan_genotox,DTXSID1024837,Citral diethyl acetal,1,0.4139723186572364,0.46760035591666876,0.49540201519130683,0.47147087681859556
Hagan_genotox,DTXSID1024881,2-Cyclohexen-1-one,0,0.45526194098137696,0.5186831714151906,0.5477162124200263,0.5559307937291402
Hagan_genotox,DTXSID1024912,Decalin,1,0.35719010354352676,0.3112436906524953,0.3619040419317587,0.292593889947462
Hagan_genotox,DTXSID1024916,Diacetone acrylamide,0,0.2650882541606793,0.25319014447279137,0.32771686504999953,0.31001408458458757
Hagan_genotox,DTXSID1024918,Diallylamine,0,0.509085026751229,0.5301290070354433,0.6066490457346716,0.5844372151764037
Hagan_genotox,DTXSID1024966,"2,4-Dichloroaniline",0,0.7283276621531876,0.8134106866320515,0.8299440315179889,0.8181294989827581
Hagan_genotox,DTXSID1025017,Dicumyl peroxide,0,0.3299609440426017,0.3391187047524604,0.38067048955292915,0.3497714800118059
Hagan_genotox,DTXSID1025148,"3,5-Dimethylphenol",0,0.47948307309167265,0.49390114496337856,0.49906525322108636,0.4698523677198802
Hagan_genotox,DTXSID1025227,Eicosane,0,0.11120749151572092,0.06566903444762935,0.09397087215552567,0.0635992305677161
Hagan_genotox,DTXSID1025279,Ethyl cyanoacrylate,0,0.37356415387137615,0.44507593897272874,0.43077079818351516,0.44392385158432623
Hagan_genotox,DTXSID1025300,2-Ethylhexyl diphenyl phosphate,0,0.23391546517912765,0.20354815664704337,0.20951445889590348,0.1912297591399004
Hagan_genotox,DTXSID1025302,Octinoxate,0,0.15857451517194246,0.12865548122126383,0.19687403357372243,0.19097420886125094
Hagan_genotox,DTXSID1025306,5-Ethylidene-2-norbornene,0,0.4918616593305152,0.5179864021053984,0.5518421803940683,0.5343543199828676
Hagan_genotox,DTXSID1025433,3-Hydroxypropanenitrile,0,0.3783526907117773,0.4068229030067503,0.3948735219350283,0.4283780165230791
Hagan_genotox,DTXSID1025481,Isopropyl mercaptan,0,0.49233861117031624,0.5885917353058344,0.5186538052056212,0.5629489346915756
Hagan_genotox,DTXSID1025485,N-Isopropyl-N'-phenyl-p-phenylenediamine,0,0.49649326178321385,0.54012222646027,0.5344628558321939,0.5389081883077885
Hagan_genotox,DTXSID1025512,Malachite green,0,0.4646608003442923,0.5654714341986511,0.5028612111820916,0.5242991306748365
Hagan_genotox,DTXSID1025560,5-Methoxypsoralen,1,0.5620611469025634,0.6374127628633262,0.6615094197610031,0.6541648564502954
Hagan_genotox,DTXSID1025564,Dimethoxymethane,1,0.4214679362604721,0.40274535902927605,0.48745094311991366,0.40449678587617127
Hagan_genotox,DTXSID1025693,Myristicin,1,0.4424255930582974,0.46210922810099414,0.5092478233900913,0.48726601108555906
Hagan_genotox,DTXSID1025722,3-Nitroacetophenone,0,0.8037886273650772,0.9115133984872729,0.9342610750051957,0.937445635610512
Hagan_genotox,DTXSID1025726,2-Nitrobenzenamine,1,0.9377424361306944,0.9822390761995082,0.9859398048387598,0.9866421707820668
Hagan_genotox,DTXSID1025770,"4-Nitro-1,3-benzenediamine",0,0.9431390867618772,0.9835529034767498,0.9872287236623593,0.9877268405279302
Hagan_genotox,DTXSID1025801,1-Octadecanamine,0,0.09516945756216862,0.05732947824659459,0.05937571827550144,0.055385807114730214
Hagan_genotox,DTXSID1025853,Peracetic acid,1,0.4795684026172759,0.5623471088672997,0.5647242933779223,0.5610536195037696
Hagan_genotox,DTXSID1026031,Sodium dodecyl sulfate,1,0.05999454052281846,0.0380786783162008,0.038433679416099896,0.039187795745564094
Hagan_genotox,DTXSID1026033,Sodium ethasulfate,1,0.09372744544219931,0.06583091216488089,0.06250276342843993,0.06686899908637817
Hagan_genotox,DTXSID1026081,"3,3',5,5'-Tetrabromobisphenol A",0,0.3384093322092201,0.33374524510668535,0.32100491546530047,0.30502627313982544
Hagan_genotox,DTXSID1026087,"3,3',4,4'-Tetrachloroazoxybenzene",1,0.642559863580673,0.744543743745062,0.6913709745546363,0.7010046837731413
Hagan_genotox,DTXSID1026112,"1,2,3,4-Tetrahydro-9-acridinamine hydrochloride",0,0.7613546905184836,0.8424943243164847,0.8435414172165765,0.8416552456620897
Hagan_genotox,DTXSID1026118,Tetralin,0,0.49289681060450424,0.5251415196984083,0.5414250730344643,0.5314264890762456
Hagan_genotox,DTXSID1026164,2-Methylaniline,1,0.727395543442753,0.8018518374575803,0.8032982549970388,0.7872165873957475
Hagan_genotox,DTXSID1026241,"3,3,5-Trimethylcyclohexyl salicylate",0,0.3949628742026769,0.42788755221041513,0.4050276456668245,0.4027651627134547
Hagan_genotox,DTXSID1026245,"2,4,7-Trinitrofluoren-9-one",0,0.9036714587101199,0.9588464963600479,0.9639714912126737,0.9631568186186188
Hagan_genotox,DTXSID1026293,D&C Violet 2,0,0.4344060542401857,0.5398433006514902,0.43786254710645484,0.46582280770841616
Hagan_genotox,DTXSID1026401,Isobutane,0,0.4875411142846748,0.4491511328777638,0.4575514697543445,0.423868882219594
Hagan_genotox,DTXSID1026457,Azobisisobutyronitrile,0,0.37909406366244286,0.42695787849522304,0.3527518516443533,0.36754340909673244
Hagan_genotox,DTXSID1026536,"1H,3H-Benzo(1,2-c:4,5-c')difuran-1,3,5,7-tetrone",0,0.537615054514845,0.7390528879851584,0.63427162253797,0.7032983882209195
Hagan_genotox,DTXSID1026615,Ethylene glycol dimethacrylate,0,0.4263942415814827,0.5096126187630096,0.5076714035029979,0.5068027406149208
Hagan_genotox,DTXSID1026619,Benzenesulfonyl chloride,1,0.4863690628278938,0.6051739448678134,0.5552264977655504,0.5894059371012491
Hagan_genotox,DTXSID1026661,3-Cyclohexene-1-carboxaldehyde,0,0.3807690816385027,0.46673475545188986,0.44749295137661277,0.4687560828639512
Hagan_genotox,DTXSID1026665,3-Pyridinecarbonitrile,0,0.3591670707848382,0.38988715724590656,0.37114029062104864,0.3693881759773519
Hagan_genotox,DTXSID1026667,2-Vinylpyridine,1,0.5312535280026646,0.5830046727840058,0.6265335479080333,0.610564954079416
Hagan_genotox,DTXSID1026740,Dimethyl decanedioate,1,0.45520074583381565,0.5233692253680088,0.5381372429109723,0.5259457474577438
Hagan_genotox,DTXSID1026746,1-Butene,0,0.43999749671672533,0.4563992489750171,0.5164870128415034,0.5045584316490214
Hagan_genotox,DTXSID1026748,2-Butene,0,0.5341158984189591,0.5921401365895668,0.6291173881271193,0.6086939500871121
Hagan_genotox,DTXSID1026792,3-Methylaniline,0,0.6602664693957706,0.7260924793132886,0.7312045369702526,0.7114401657925026
Hagan_genotox,DTXSID1026796,1-Methoxy-2-propyl acetate,0,0.3570133882666646,0.42473875190890653,0.42332159375687334,0.4305075543101264
Hagan_genotox,DTXSID1026823,Butanenitrile,0,0.28591719373966407,0.2972518219285125,0.26442606530850105,0.2896198988333775
Hagan_genotox,DTXSID1026879,Hexamethyleneimine,0,0.36195916508879417,0.34653732114572017,0.3670214311422327,0.3431351236229108
Hagan_genotox,DTXSID1026900,Dodecyltrimethylammonium chloride,0,0.037943483908729043,0.021080473782007447,0.02377202267990811,0.02433191100816447
Hagan_genotox,DTXSID1026902,"N,N,N-Trimethyloctadecan-1-aminium chloride",0,0.039081792385343504,0.018300835228730123,0.019923144131391998,0.0207097220877218
Hagan_genotox,DTXSID1026906,"N,N-Dimethyldodecan-1-amine",0,0.07085718384655061,0.03725356722167654,0.03784373627976518,0.03797411438019033
Hagan_genotox,DTXSID1026908,2-Hexyloxyethanol,0,0.1086167161389358,0.07189719466459427,0.07065591594521285,0.07016182758420501
Hagan_genotox,DTXSID1027134,Bis(2-ethylhexyl) phosphate,0,0.15372926693663022,0.12943812982966754,0.1250714126282651,0.13168212209885746
Hagan_genotox,DTXSID1027138,"Hexanoic acid, 2-ethyl-, tin(2+) salt",0,0.19660665065220131,0.19857963359861272,0.1863490255349658,0.1956081263542301
Hagan_genotox,DTXSID1027184,Decamethylcyclopentasiloxane,0,0.46801703237213016,0.49049211839870716,0.5460330926399071,0.4983197753531339
Hagan_genotox,DTXSID1027186,Ethyl chloroformate,0,0.38617475708731747,0.4187975867584868,0.49755753725236856,0.4961052086784759
Hagan_genotox,DTXSID1027219,Potassium benzoate,1,0.4648939520076693,0.5232279523486665,0.5111897000087856,0.5063913065238247
Hagan_genotox,DTXSID1027265,"1,6-Hexanediol",0,0.2761002574482116,0.20887692322858223,0.20907838206559756,0.19074453865683635
Hagan_genotox,DTXSID1027267,Tetradecane,0,0.11078148395074199,0.06525770584579695,0.07425915859410909,0.06491614545755413
Hagan_genotox,DTXSID1027269,1-Hexadecene,1,0.7989001166782237,0.879096669798393,0.8823034613908116,0.8710233305069526
Hagan_genotox,DTXSID1027344,Azacyclotridecan-2-one,0,0.32125685505904383,0.33118211000921627,0.32242304256855836,0.33416557781294404
Hagan_genotox,DTXSID1027423,"2,3-Dichloro-1,3-butadiene",1,0.5502882698294735,0.6447559263349433,0.6428275614259307,0.6362053253705057
Hagan_genotox,DTXSID1027427,2-[2-(Dimethylamino)ethoxy]ethanol,0,0.3625111476260005,0.33287007528815443,0.3745589213721478,0.3735499642161863
Hagan_genotox,DTXSID1027429,Cyclododecanol,0,0.49333630547444546,0.453349711381034,0.4777678847303907,0.4546124407677358
Hagan_genotox,DTXSID1027479,2-(2H-Benzotriazol-2-yl)-4-methylphenol,0,0.4876818513398729,0.5486345958418676,0.5027597502817619,0.5029356720491699
Hagan_genotox,DTXSID1027500,2-Propoxyethanol,0,0.3344673825079978,0.27312112223675267,0.31187187772350766,0.3018665801682744
Hagan_genotox,DTXSID1027504,2-(Dimethylamino)ethyl methacrylate,1,0.37077214483179494,0.4149605214888769,0.4906377106625203,0.491355685654234
Hagan_genotox,DTXSID1027506,"3,5-Dichlorobenzoyl chloride",0,0.4783852339860666,0.583841463712042,0.6354239776691378,0.6504163305434812
Hagan_genotox,DTXSID1027556,Calcium propionate,1,0.44931764216942255,0.4835609974155671,0.47682311519399967,0.48029751017865624
Hagan_genotox,DTXSID1027635,"2,2,4-Trimethyl-1,3-pentanediol diisobutyrate",0,0.29245496333447213,0.3106256520632373,0.3296816116347818,0.31897336888646977
Hagan_genotox,DTXSID1027764,"N,N-Dimethyldecan-1-amide",0,0.10265015329305778,0.08529832167817747,0.08000133151139548,0.08421326710095134
Hagan_genotox,DTXSID1027768,Zinc acrylate,0,0.5722124662909736,0.6341822172286683,0.7254556773368089,0.7076983701794785
Hagan_genotox,DTXSID1027928,2-Ethylhexyl nitrate,0,0.5097060401270251,0.6139406634195858,0.6311808107078164,0.6572339707530807
Hagan_genotox,DTXSID1028027,"Cyclopropanecarbonyl chloride, 3-(2,2-dichloroethenyl)-2,2-dimethyl-",0,0.4351659554412813,0.4833794486834006,0.5225049536657848,0.5154557963721734
Hagan_genotox,DTXSID10289288,2-Amino-5-(2-hydroxyethyl)-6-methylpyrimidin-4(1H)-one,0,0.47253043887216206,0.5326227703214877,0.5263123360127887,0.5267631319951879
Hagan_genotox,DTXSID1029120,"4,4'-Biphenyldiol",1,0.5130345251812817,0.5494455711802372,0.5492997036251349,0.5395282405459655
Hagan_genotox,DTXSID1029128,Tetrahydrofurfuryl alcohol,0,0.4550951398512035,0.4201169648496064,0.45189779026588767,0.435402584461616
Hagan_genotox,DTXSID1029170,4-Methylpent-3-en-2-one,0,0.499401617404944,0.5588108860288314,0.5809256643909623,0.5849750307127911
Hagan_genotox,DTXSID1029203,1-Chloro-2-(diethylamine)ethane hydrochloride,1,0.6398650065406386,0.756715543974905,0.6942543031366474,0.7359708849255387
Hagan_genotox,DTXSID1029253,"2,9-Dichloro-5,12-dihydroquino[2,3-b]acridine-7,14-dione",0,0.5448147413770529,0.633626452169459,0.5891513006149474,0.6015852082710192
Hagan_genotox,DTXSID1029388,"2-Naphthalenesulfonic acid, 7-amino-4-hydroxy-3-[[4-[(4-sulfophenyl)azo]phenyl]azo]-, compd. with 2,2',2''-nitrilotris[ethanol] (1:2)",0,0.24984535984617093,0.3218195560904163,0.31712173963884055,0.33761068551850765
Hagan_genotox,DTXSID10295728,"2-amino-4,5-dimethylbenzoic acid",0,0.5576216503033004,0.6290229867985158,0.6658997211583683,0.6581639181220901
Hagan_genotox,DTXSID1030319,3-Amino-9-ethylcarbazole,0,0.7573653728025559,0.8301394852234821,0.8255540212697786,0.8209668182647675
Hagan_genotox,DTXSID1030606,Acesulfame potassium,1,0.4511285916872259,0.4687949854143048,0.5542284195951828,0.5369923012272326
Hagan_genotox,DTXSID10309016,2-Phthalimidoethanesulfonyl chloride,1,0.4934009541333579,0.5682998861485926,0.533337444473725,0.5331178218451456
Hagan_genotox,DTXSID1031090,D&C Red 28,0,0.3813056893459669,0.43505777187095673,0.3630212548017742,0.36757504348062814
Hagan_genotox,DTXSID10313698,(4-Chlorophenylthio)acetone,0,0.46406196054779786,0.5213160054676725,0.4717845660496547,0.478435862176815
Hagan_genotox,DTXSID1031460,1-Butyl-1-methylpyrrolidinium chloride,1,0.25950715636176214,0.22050081001336283,0.22388430774380041,0.2188760246755618
Hagan_genotox,DTXSID1031591,Methoxyacetic acid,0,0.4278298796722642,0.4765320768652816,0.40713980398622324,0.42406562886216653
Hagan_genotox,DTXSID10341431,Diethyl allylphosphonate,0,0.3965010095848173,0.4166495858096783,0.45723949696162913,0.42370940703742543
Hagan_genotox,DTXSID10346880,2-Bromo-5-hydroxy-4-methoxybenzaldehyde,1,0.595110403091662,0.708710149385478,0.7179548379331955,0.7282036501843684
Hagan_genotox,DTXSID1034715,"2,4,6,8-Tetramethyl-1,3,5,7-tetroxocane",0,0.48042055409848977,0.43149825633022204,0.4522190713150321,0.40966991408785763
Hagan_genotox,DTXSID1036830,4-Amino-2'-methylbiphenyl,1,0.734926121429651,0.7832012367130337,0.7648388100925225,0.7593577839760394
Hagan_genotox,DTXSID1036836,4-Amino-4'-nitrobiphenyl,1,0.9186973339274208,0.9640943366440874,0.9634894940442215,0.965175098500274
Hagan_genotox,DTXSID10370069,3-Fluorophenylboronic acid,0,0.49561542835214994,0.5314512165980537,0.5426392469265174,0.5109949295228758
Hagan_genotox,DTXSID1037018,Sodium oxalate,0,0.4829500370076458,0.5425390937969473,0.5206776280477553,0.5208108009206617
Hagan_genotox,DTXSID1038795,"1,1,1,3,5,5,5-Heptamethyltrisiloxane",0,0.43827165727280276,0.4728573295663794,0.520290758821132,0.4819584798605449
Hagan_genotox,DTXSID1038822,Neopentyl glycol dibenzoate,0,0.2626874303141992,0.2510781429939624,0.2409059209855955,0.22455409877140645
Hagan_genotox,DTXSID10399598,2-ethoxyethyl 4-methylbenzenesulfonate,0,0.45208744806915124,0.48147441219970166,0.5148200477390076,0.49535467802168026
Hagan_genotox,DTXSID1040110,Ethyl propionate,1,0.3671661225649691,0.420680703392382,0.42220565002522586,0.42449373540458474
Hagan_genotox,DTXSID1040112,Ethyl heptanoate,0,0.1284796762024953,0.13501035387234675,0.14377475729738268,0.14938704866615785
Hagan_genotox,DTXSID1040116,Malonamide,0,0.49905157703838393,0.5181819852125313,0.4851300447183963,0.4708979033864045
Hagan_genotox,DTXSID1040164,3-Oxobutanamide,0,0.47181131787539954,0.5172264012972555,0.46792830894151977,0.4699296752892788
Hagan_genotox,DTXSID1040451,Creatine,0,0.41920778683666843,0.47396191582383146,0.39385292519525367,0.42153107664614714
Hagan_genotox,DTXSID1040740,2-Methyl-3-isothiazolone hydrochloride,0,0.5476864235600963,0.6938699751851045,0.6385819162481583,0.6790039982413343
Hagan_genotox,DTXSID1040792,Pyridoxine hydrochloride,1,0.42582803884080384,0.44827511540923837,0.5313901028046137,0.5283623942142854
Hagan_genotox,DTXSID1041263,1-Chloro-2-methyl-3-nitrobenzene,0,0.8150130138760553,0.918050165468839,0.9366305229118566,0.9402870442027851
Hagan_genotox,DTXSID1041265,2-Hexyl-1-decanol,0,0.0725270465347178,0.0374079026841392,0.043137819522924815,0.039197098404841015
Hagan_genotox,DTXSID1041267,1-Ethoxy-2-propanol,0,0.35086485467525536,0.3020146215773302,0.32417319365008607,0.318799436295598
Hagan_genotox,DTXSID1041394,"2-Benzothiazolesulfenamide, N-(2-benzothiazolylthio)-N-(1,1-dimethylethyl)-",0,0.5034573008386735,0.5825254410355889,0.5106374037003131,0.5168473421010394
Hagan_genotox,DTXSID1041423,N-Vinylcaprolactam,0,0.38296885773842915,0.40400682052498255,0.4111195559244288,0.4094195232268823
Hagan_genotox,DTXSID1041554,"7-Benzothiazolesulfonic acid, 2-[4-[[4-[[3-[[5-(aminocarbonyl)-1-ethyl-1,6-dihydro-2-hydroxy-4-methyl-6-oxo-3-pyridinyl]azo]-4-sulfophenyl]amino]-6-chloro-1,3,5-triazin-2-yl]amino]phenyl]-6-methyl-, disodium salt",0,0.26191851772219943,0.3005109979943293,0.3722816192953811,0.3799186207363056
Hagan_genotox,DTXSID1041847,Dibutyl decanedioate,0,0.20572675245576866,0.20817071076247082,0.22523186413932175,0.22130089862684968
Hagan_genotox,DTXSID1041920,2-(2-Ethylhexyloxy)ethanol,0,0.18762290573803184,0.14007549002156053,0.13488162549322624,0.13226304038817724
Hagan_genotox,DTXSID1042100,Lithium neodecanoate,0,0.2127138730755648,0.20061970205675553,0.18383233036226232,0.1971958385740046
Hagan_genotox,DTXSID1042108,Manganese(II) carbonate,0,0.502224404897397,0.5597334739201484,0.588766264855378,0.5502581902280365
Hagan_genotox,DTXSID1042156,Methylparaben sodium,0,0.3599635204409834,0.3792996016367319,0.33283028226577344,0.32845589332362696
Hagan_genotox,DTXSID1042239,"N,N-Dimethyloctylamine N-oxide",0,0.04571705375011484,0.024409443024624815,0.024754956014965912,0.026516541930180947
Hagan_genotox,DTXSID10436477,"2-Butyl-1,3-diazaspiro[4.4]non-1-en-4-one--hydrogen chloride (1/1)",0,0.2895023576729597,0.29109457257774474,0.2715199224266664,0.26893421426357644
Hagan_genotox,DTXSID1043881,Imipramine,0,0.45250622923250616,0.48168463445849885,0.48421433831013444,0.4737439542773922
Hagan_genotox,DTXSID1043910,"beta-(3,4-Epoxycyclohexyl)ethyltrimethoxysilane",1,0.37626265581282176,0.37091866681468694,0.4577776652607737,0.43176567405405364
Hagan_genotox,DTXSID1044352,Methyl phenylacetate,0,0.4028392802260891,0.4153428040172593,0.42085692189370794,0.40098076844798625
Hagan_genotox,DTXSID1044354,N-Butyldiethanolamine,0,0.5056028192433556,0.5176815537903677,0.527437108959354,0.530684644577468
Hagan_genotox,DTXSID1044433,"1,3-Cyclohexanedione",0,0.4442933350512193,0.483315080975731,0.4369030110695035,0.435607923675798
Hagan_genotox,DTXSID1044437,"3,5-Diaminobenzoic acid",0,0.5257260176974443,0.603533899263991,0.6812866465156654,0.6832201208414656
Hagan_genotox,DTXSID1044481,"1,1'-Disulfanediyldiazepan-2-one",0,0.37770035445442357,0.4181293134063626,0.38460615054040237,0.3939239898302189
Hagan_genotox,DTXSID1044487,Methyltrioctylammonium chloride,0,0.03603208306861013,0.019498959385658352,0.021147298586174246,0.021272818849821185
Hagan_genotox,DTXSID1044489,"2-Chloro-N,N-dimethyl-3-oxobutanamide",0,0.47905101030846264,0.5346177524757988,0.4908330521295263,0.48878325488711866
Hagan_genotox,DTXSID1044510,"N,N-Bis(3-aminopropyl)methylamine",1,0.28940192414416166,0.2540232299842878,0.23210097480545874,0.23345574512211567
Hagan_genotox,DTXSID1044512,"2,5-Bis(tert-butylperoxy)-2,5-dimethyl-3-hexyne",0,0.40033509009017293,0.4281455945596051,0.4646837520772393,0.4409228863983811
Hagan_genotox,DTXSID1044560,"5-Bromo-5-nitro-1,3-dioxane",1,0.5639299839216617,0.7020470314987328,0.6505529818893471,0.6673849554747044
Hagan_genotox,DTXSID1044562,D&C Red No. 33,0,0.568617642792435,0.6563018854405929,0.6927320971488724,0.6854065192264334
Hagan_genotox,DTXSID1044564,"2,6,10-Trimethyl-2,6,10-triazaundecane",0,0.3311551747551653,0.2975350998227215,0.315181609572301,0.31768517038957717
Hagan_genotox,DTXSID1044566,2-Pentylcyclopentanone,0,0.24523902955461274,0.2929676285771512,0.2874004791073826,0.30450313571326165
Hagan_genotox,DTXSID1044568,"1,4-Dioxacyclohexadecane-5,16-dione",0,0.3597129135145996,0.40099950751929275,0.41763462004572943,0.4075997300970366
Hagan_genotox,DTXSID1044643,Glycidyl trimethylammonium chloride,1,0.4523670882167086,0.4277966688314668,0.42054079114006426,0.40707326927809157
Hagan_genotox,DTXSID1044649,"N-{3-[Dimethoxy(methyl)silyl]propyl}ethane-1,2-diamine",0,0.3313198265124874,0.3322612161018965,0.33978508507843563,0.362100968207733
Hagan_genotox,DTXSID1044691,2-(Propan-2-yl)-9H-thioxanthen-9-one,1,0.6337040034674497,0.7223456377424927,0.6900013733395888,0.6967839259546356
Hagan_genotox,DTXSID1044695,Titanium(4+) tetrakis(2-ethyl-3-hydroxyhexan-1-olate),0,0.5213670479163505,0.4992558303086474,0.501819725634648,0.4716301946733905
Hagan_genotox,DTXSID1044722,Potassium 4-acetoacetylaminobenzenesulphonate,0,0.34625724172635275,0.3442549666235772,0.3737162459552849,0.3532035858554538
Hagan_genotox,DTXSID1044724,Aluminum triformate,0,0.4936208273619284,0.5852463407736375,0.5799185078376018,0.576776365547736
Hagan_genotox,DTXSID1044726,Disodium hexanedioate,0,0.35588363349365854,0.350605825880048,0.3329915506004772,0.31871490589723694
Hagan_genotox,DTXSID1044728,"3-[(3-Sulfanylpropanoyl)oxy]-2,2-bis{[(3-sulfanylpropanoyl)oxy]methyl}propyl 3-sulfanylpropanoate",0,0.2962000392974992,0.30263080534011916,0.2891310453860945,0.2884340459220042
Hagan_genotox,DTXSID1044770,4-Methoxybenzyl acetate,0,0.40036703979796767,0.39862251804793675,0.37878181880226847,0.3568462308032358
Hagan_genotox,DTXSID1044772,Citronellyl formate,0,0.40623644854765373,0.48931575552280987,0.4764805795088072,0.48847909829144404
Hagan_genotox,DTXSID1044774,"1,4-Dioxacycloheptadecane-5,17-dione",0,0.3365703981064989,0.34721072638516626,0.3673698400852284,0.35246679160574595
Hagan_genotox,DTXSID1044801,SEX,0,0.35262564686608106,0.4455930247754507,0.4602564409637086,0.5169854792350366
Hagan_genotox,DTXSID1044803,Dodecamethylpentasiloxane,0,0.3677639034097569,0.37114578982839647,0.4276355352726829,0.3830163373737641
Hagan_genotox,DTXSID1044805,"2,2'-[Cyclohexane-1,4-diylbis(methanediyloxymethanediyl)]dioxirane",1,0.7727183639756046,0.8103082175641841,0.8527218693121368,0.8398515736048445
Hagan_genotox,DTXSID1044807,Dimethyl nonanedioate,1,0.4178950918154308,0.4752596632857004,0.4960477227698116,0.4794308405457739
Hagan_genotox,DTXSID1044809,"3,7-Dimethyloct-6-en-3-ol",0,0.24977858727772287,0.24290513947335005,0.20747316049218245,0.2164558909072655
Hagan_genotox,DTXSID1044851,2-Hydroxy-3-phenoxypropyl prop-2-enoate,0,0.45320947750056506,0.5035374266629068,0.5657602667755798,0.560380180155681
Hagan_genotox,DTXSID1044853,"Trisodium 2,4,6-trithioxo-1,3,5-triazinane-1,3,5-triide",0,0.5056423398141249,0.6760403736110985,0.5967240802683246,0.6498804509680715
Hagan_genotox,DTXSID1044855,"2-Propanol, titanium complex",1,0.44188358393205224,0.4839502313502216,0.4263044302473497,0.42471848681622454
Hagan_genotox,DTXSID1044857,Triethoxy(2-methylpropyl)silane,0,0.3193013347821219,0.3020752721467116,0.29557239073740527,0.2951900331991822
Hagan_genotox,DTXSID1044859,"5,5'-Oxybis(2-benzofuran-1,3-dione)",0,0.4528686247156231,0.5294782966812966,0.4833083030158099,0.4886807660370697
Hagan_genotox,DTXSID1044934,"4,5-Dihydroxy-1,3-dimethylimidazolidin-2-one",0,0.4982545312590642,0.5428286243454197,0.5518365441895025,0.5466344702413483
Hagan_genotox,DTXSID1044936,"(2,4,6-Trioxo-1,3,5-triazinane-1,3,5-triyl)triethane-2,1-diyl trisprop-2-enoate",1,0.46220398599591656,0.4965674926719681,0.6486688913712382,0.6199764947779283
Hagan_genotox,DTXSID1044938,Ethenylsilanetriyl triacetate,0,0.44500317571171805,0.46609218700151733,0.4446251083072472,0.4178567724631225
Hagan_genotox,DTXSID1044980,3-{[3-(Dimethylamino)propyl]amino}propanenitrile,0,0.23776181320829967,0.25786860516538584,0.241114967935817,0.3007388216149432
Hagan_genotox,DTXSID1044986,"3,6,9,12-Tetraoxatetradeca-1,13-diene",0,0.3891629734945857,0.38485397758702405,0.44374791035182765,0.4293752947251035
Hagan_genotox,DTXSID10449946,methyl 2-cyano-2-methylpropanoate,0,0.308068769602667,0.3058286905273229,0.27247929445340063,0.2689035869911293
Hagan_genotox,DTXSID1045039,Hexadecyl dihydrogen phosphate,0,0.08049795631812943,0.08143565709459728,0.08079304630260352,0.09778777045782706
Hagan_genotox,DTXSID1045085,Trifluoperazine dihydrochloride,1,0.6029051459103313,0.6968228331058169,0.6749601467975431,0.6861230353095236
Hagan_genotox,DTXSID1045116,Domperidone,1,0.3727418834586838,0.3805816762421041,0.386463589533452,0.37433131118119345
Hagan_genotox,DTXSID1045825,Ephedrine hydrochloride,0,0.482621830408896,0.5062319807990366,0.492605687721224,0.47055226838820435
Hagan_genotox,DTXSID1045958,Tilorone,1,0.4789243124884212,0.6070769972552119,0.6354078382592049,0.6527881437968679
Hagan_genotox,DTXSID10463329,1-(4-Chlorophenyl)-3-hydroxypyrazole,0,0.4852201545942744,0.5312048849780743,0.5208063938714051,0.5196057883914857
Hagan_genotox,DTXSID1046421,4-Hydroxyphenylsulfonic acid,0,0.337149392894702,0.33501845164213045,0.34601142991547335,0.33026105018705293
Hagan_genotox,DTXSID1047071,2-Methylphenethyl alcohol,0,0.43824336737099084,0.445831398915092,0.48619229462824615,0.46178892632068863
Hagan_genotox,DTXSID10470997,"Ethyl 1-(4-methoxyphenyl)-6-(4-nitrophenyl)-7-oxo-4,5,6,7-tetrahydro-1H-pyrazolo[3,4-c]pyridine-3-carboxylate",1,0.47341384608597314,0.5594783441876289,0.5818104462380629,0.5868632207808093
Hagan_genotox,DTXSID10471464,Tert-butyl 4-(6-aminopyridin-3-yl)piperazine-1-carboxylate,0,0.363592615967216,0.3768895852266258,0.3508836882300926,0.35272455095885724
Hagan_genotox,DTXSID10471924,"Perylene-3,4-dicarboximide",0,0.5841411675747955,0.6812349039560561,0.6779169464771831,0.6751790574521858
Hagan_genotox,DTXSID1047520,"1,1-Dimethoxyoctane",0,0.09821281268069988,0.06441503472501793,0.09001380871416774,0.07452957790703162
Hagan_genotox,DTXSID1047574,"3,7-Dimethylocta-1,6-dien-3-yl propanoate",0,0.2893299286874816,0.31982179812378203,0.33087880395918584,0.33373455167363253
Hagan_genotox,DTXSID1047601,"1,1-Dimethylphenylethanol",0,0.33756303531954307,0.31583029526128875,0.3226194956440131,0.3003617281746061
Hagan_genotox,DTXSID1047603,Benzyl 3-methylbutanoate,0,0.45944695611504627,0.48890412690846224,0.4764987831869911,0.4550139802304669
Hagan_genotox,DTXSID1047605,Phenethyl cinnamate,0,0.390366749207957,0.4271444124289525,0.5358484897986111,0.5312486668864381
Hagan_genotox,DTXSID1047607,3-Phenylprop-2-en-1-yl propanoate,0,0.37762250327166796,0.37283987102133076,0.43301408370634015,0.4001374208676653
Hagan_genotox,DTXSID1047609,4-Hydroxyoctanoic acid lactone,0,0.24631854531162056,0.2750890509082154,0.2824352251587126,0.28478137931140773
Hagan_genotox,DTXSID1047653,Allyl hexanoate,1,0.18733011187649842,0.18578015253177557,0.2000760733775043,0.195662750035572
Hagan_genotox,DTXSID1047944,Trihexyltetradecylphosphonium chloride,0,0.11893031516095047,0.1471726240198801,0.11772330313165412,0.15477384433311892
Hagan_genotox,DTXSID1048205,"2,2'-(2,5-Thiophenediyl)bis[5-(1,1-dimethylethyl)benzoxazole]",0,0.3484466503775434,0.4153608895155074,0.34386212377613745,0.37004495815940625
Hagan_genotox,DTXSID1049223,2-Aminofluorene,1,0.7133064158153024,0.7808497937310485,0.781745224089943,0.7718735062860199
Hagan_genotox,DTXSID1049433,1-Phenyl-3-pyrazolidinone,0,0.4665717147507282,0.49595053564564057,0.4896967936793204,0.4868739399399911
Hagan_genotox,DTXSID1049566,Decyldimethylamine,0,0.08608039947671327,0.05105908273330661,0.05131593453871001,0.05109277272109312
Hagan_genotox,DTXSID1051484,2-(2-Methylpropoxy)naphthalene,0,0.5050473338727124,0.544718142212876,0.5130843152563154,0.5021973952602857
Hagan_genotox,DTXSID1051565,1-Bromo-3-chloropropane,1,0.5155437289714752,0.5937111164431038,0.5513129162789644,0.5765797279308124
Hagan_genotox,DTXSID1051771,4-Methyl-2-(2-methylprop-1-en-1-yl)tetrahydro-2H-pyran,0,0.42963913835688694,0.48761803363596834,0.5064673679670793,0.4917911008692089
Hagan_genotox,DTXSID1051773,1-(Cyclopropylmethyl)-4-methoxybenzene,0,0.38279723456087766,0.3888296984290663,0.3930771439965213,0.38451123921189856
Hagan_genotox,DTXSID1051779,Ethylcyclohexane,0,0.39572907153079506,0.34174341252095025,0.3709567276003145,0.3281387361913674
Hagan_genotox,DTXSID1051802,Dibutyl chlorendate,0,0.2520175074554025,0.24200935669413384,0.22920522135382515,0.2210295067114851
Hagan_genotox,DTXSID1051983,C.I. Pigment Red 178,1,0.46700506680779,0.7470212321222215,0.5388931919091747,0.6004874466704616
Hagan_genotox,DTXSID1052032,(2-Methoxyethyl)benzene,0,0.4191877482370748,0.42187205233519715,0.4233758965094337,0.3973145646537027
Hagan_genotox,DTXSID1052111,"2,4-Imidazolidinedione",0,0.38313666298039495,0.3951745839019148,0.40001676372219563,0.39309839036012795
Hagan_genotox,DTXSID1052113,Ketene,1,0.4825632176557089,0.5909305367639547,0.5729220505253401,0.584782639652826
Hagan_genotox,DTXSID1052115,C.I.Solvent Violet 9,0,0.45145100233208146,0.4875275346568726,0.4740194854425752,0.47911398542307454
Hagan_genotox,DTXSID1052117,Ethyltriphenylphosphonium iodide,0,0.44331608712666154,0.5064357283154728,0.46549117780352917,0.482719562169397
Hagan_genotox,DTXSID1052248,(Ethoxymethoxy)cyclododecane,0,0.4198439461687271,0.3823065337095614,0.3791750405616671,0.3564021290889762
Hagan_genotox,DTXSID1052296,"3,7-Dimethyl-2,6-nonadienenitrile",0,0.4656999473244802,0.5270001199895655,0.5143380312014609,0.519871016045003
Hagan_genotox,DTXSID1052329,C.I. Pigment Red 22,0,0.511017295574954,0.6296843626550205,0.6477805059192914,0.6539157596366494
Hagan_genotox,DTXSID1052402,"2,5,8,11-Tetramethyldodec-6-yne-5,8-diol",0,0.18070420495466344,0.15497243680307896,0.1363814436467841,0.14129349119659132
Hagan_genotox,DTXSID1052450,"2,2'-Oxamidodiethyl bis[3-(3,5-di-tert-butyl-4-hydroxyphenyl)propionate]",0,0.14952202252892338,0.13955997628518393,0.1233515778174834,0.1258345607966412
Hagan_genotox,DTXSID1052535,Tetrakis(2-ethylbutyl) orthosilicate,0,0.3046426492389073,0.2693198223283085,0.2571741415825854,0.2532666794048874
Hagan_genotox,DTXSID1052537,Trioctylphosphine oxide,0,0.2260518500151838,0.3221582067772078,0.2545767152280809,0.33107636154477266
Hagan_genotox,DTXSID1052581,Methyl N-methylanthranilate,0,0.412971669984821,0.4492414387586126,0.3858972893891379,0.3838450076515409
Hagan_genotox,DTXSID1052585,9-Ethylcarbazole,0,0.5905901340305465,0.639379305409779,0.6143487874308801,0.6007682183792735
Hagan_genotox,DTXSID1052616,2-Methyl-4-phenylpentanol,0,0.43270615314626354,0.43623956771396105,0.46620083488292874,0.44205741380140307
Hagan_genotox,DTXSID1052660,p-Toluenesulfonyl chloride,0,0.44719545446394005,0.5359381420214197,0.5047129551997304,0.5385916537286835
Hagan_genotox,DTXSID1052662,"4-{[4,6-Bis(octylsulfanyl)-1,3,5-triazin-2-yl]amino}-2,6-di-tert-butylphenol",0,0.11865199868380179,0.10567992781041113,0.09666919996508871,0.10119776727671308
Hagan_genotox,DTXSID1052872,"3-Ethoxy-1,1,5-trimethylcyclohexane",0,0.3303201762072222,0.31540154460839687,0.383155435811168,0.3022607085870949
Hagan_genotox,DTXSID10551210,Methyl 4-[4-(4-methoxybenzamido)-3-nitrophenyl]-3-methyl-4-oxobutanoate,0,0.5328765591474103,0.6443877919653375,0.6759222669522377,0.6828648204485764
Hagan_genotox,DTXSID10566980,"3~3~,3~4~,3~5~-Trifluoro-1~4~-propyl-1~1~,1~2~,1~3~,1~4~,1~5~,1~6~-hexahydro-1~1~,2~1~:2~4~,3~1~-terphenyl",0,0.1647273237338217,0.13769991876536966,0.13854945932554608,0.1304005501694255
Hagan_genotox,DTXSID1057660,N-(2-(4-sulfamoyl)phenyl)ethyl-5-chloro-2-methoxybenzamide,0,0.2977596155012974,0.28909650652825,0.2856658597492778,0.2809170144054208
Hagan_genotox,DTXSID10576665,2-(4-Benzoyl-3-hydroxyphenoxy)ethyl 2-methylprop-2-enoate,0,0.28582765420919143,0.291681419695166,0.36239913263192913,0.35266120521913913
Hagan_genotox,DTXSID1057741,7-Ethyltryptophol,1,0.4983956473667274,0.5299245918902349,0.5445869773499824,0.536170435673042
Hagan_genotox,DTXSID1058634,"2,6,10-Trimethyldodecane",0,0.2052724802975885,0.1422044639888449,0.14717155142215518,0.13504295858951557
Hagan_genotox,DTXSID10586507,4-(4-Aminophenoxy)-N-methylpyridine-2-carboxamide,1,0.48145715179421594,0.5358488398673048,0.5046542950110221,0.5110228294782436
Hagan_genotox,DTXSID1058769,2(1H)-Quinolinone,0,0.6725379289235379,0.7456954109633305,0.7692966153612953,0.7604492821822139
Hagan_genotox,DTXSID1058842,"3-Methyl-6-(p-toluidino)-3H-dibenz(f,ij)isoquinoline-2,7-dione",1,0.48562859608066433,0.5707037208914998,0.4902576426825704,0.4932862090041925
Hagan_genotox,DTXSID1058844,"9,10-Anthracenedione, 1,4-diamino-2,3-dichloro-",0,0.5388445504466333,0.6410475253631248,0.611809640773817,0.6134582372293749
Hagan_genotox,DTXSID1058927,"Benzoic acid, 2-(4-chlorobenzoyl)-",0,0.3848760932723823,0.4113397203302031,0.39834077658861017,0.39161326318835776
Hagan_genotox,DTXSID1058975,"Benzene, 1-chloro-2-(dichloromethyl)-",0,0.581644692692882,0.6507552465106902,0.6534458327357205,0.6286884055836924
Hagan_genotox,DTXSID1059020,"Benzenesulfonic acid, 2-[(4-aminophenyl)amino]-5-nitro-",0,0.48330027416745946,0.5979972573370037,0.6144780167592051,0.6338407889310265
Hagan_genotox,DTXSID10591015,"3~2~,3~3~-Difluoro-3~4~-methoxy-1~4~-propyl-1~1~,1~2~,1~3~,1~4~,1~5~,1~6~,2~1~,2~2~,2~3~,2~4~,2~5~,2~6~-dodecahydro-1~1~,2~1~:2~4~,3~1~-terphenyl",0,0.16506098724782767,0.13901131396134433,0.14481442832855448,0.13923095322621792
Hagan_genotox,DTXSID1059157,"Ethane, 2-chloro-1,1-dimethoxy-",1,0.6110595734352929,0.6873631656992107,0.642121823013658,0.6692348436896923
Hagan_genotox,DTXSID1059319,"Peroxide, bis(1-oxododecyl)",0,0.3463355769502788,0.3972474625599029,0.39956411712802126,0.40540079925187195
Hagan_genotox,DTXSID1059363,"Propaneperoxoic acid, 2-methyl-, 1,1-dimethylethyl ester",1,0.4792683559916955,0.5690227319093553,0.5594189760956327,0.5655989388558628
Hagan_genotox,DTXSID1059365,"Octadecanamide, N,N'-methylenebis-",0,0.11635093175557006,0.08407234182696083,0.0898383519948645,0.08646406870319463
Hagan_genotox,DTXSID1059440,"9,10-Anthracenedione, 1-amino-4-hydroxy-",1,0.5251232240103553,0.6187590055251432,0.5680246555285007,0.5682483866659912
Hagan_genotox,DTXSID1059498,"Benzoic acid, 2,2'-dithiobis-",1,0.40186723963188736,0.45790174749849805,0.4283943956419825,0.4317639356679259
Hagan_genotox,DTXSID1059523,"2,5-Norbornadiene",0,0.4854871662005594,0.5148604202371695,0.5330949506852298,0.5107239213068707
Hagan_genotox,DTXSID1059577,"Perylo[3,4-cd:9,10-c'd']dipyran-1,3,8,10-tetrone",0,0.4392563249508177,0.6810153579421302,0.519574915223996,0.6155968022032963
Hagan_genotox,DTXSID1059654,"2-Naphthalenecarboxamide, N-(5-chloro-2-methylphenyl)-3-hydroxy-",0,0.3570038359009335,0.3929523165847273,0.3941574045600184,0.39189015482757683
Hagan_genotox,DTXSID1059737,(2-Hydroxyethyl)ethylenediaminetriacetic acid,0,0.30547161821728763,0.30284555689855025,0.2712991816030523,0.27172341887428847
Hagan_genotox,DTXSID1059949,"Benzene, 1,3-bis(trifluoromethyl)-",0,0.3902255271106139,0.4016781873648676,0.4379469036457803,0.4043445955149921
Hagan_genotox,DTXSID1059997,2-Chloro-6-fluorotoluene,1,0.4312432844916349,0.44044816175229706,0.43041205822591083,0.407147888787809
Hagan_genotox,DTXSID1060132,"Propane, 1,1'-[methylenebis(oxy)]bis-",0,0.3752873805786063,0.3408010422478065,0.3533846335199242,0.3313434307214472
Hagan_genotox,DTXSID1060134,Eicosanoic acid,0,0.44621452254915833,0.5065426490069008,0.4523001730623533,0.473777242335196
Hagan_genotox,DTXSID1060265,1-Chlorohexane,0,0.08537625961968764,0.0694315975959481,0.0665557496603548,0.073996836809494
Hagan_genotox,DTXSID1060506,"Acetyl bromide, 2-bromo-",0,0.49847155794797615,0.5769293716879991,0.6844172598246278,0.6916957816898032
Hagan_genotox,DTXSID1060714,5-methyl-2-Furancarboxaldehyde,1,0.5025640101092308,0.5523621544617686,0.5245198187592499,0.5334834646043441
Hagan_genotox,DTXSID1061071,"Silane, ethenyltrimethyl-",0,0.43049363419750925,0.4855023643385272,0.5007263407119513,0.4918501517767977
Hagan_genotox,DTXSID1061102,"Piperidine, 1-ethyl-",0,0.38335301140699446,0.36158024750355033,0.31125623617888865,0.33378107440152044
Hagan_genotox,DTXSID1061237,Pyridin-4-carboxaldehyde,0,0.4902820559592646,0.5829156079691686,0.6041734881993114,0.6175532671996271
Hagan_genotox,DTXSID1061366,"Butyl 4,4-di(tert-butylperoxy)valerate",0,0.25628376017926374,0.27165885341004575,0.28300146352093963,0.28147720422584027
Hagan_genotox,DTXSID1061522,2-Pyridinecarboxaldehyde,1,0.5334574042550724,0.6263482862774699,0.6418397740579903,0.653615540703402
Hagan_genotox,DTXSID1061942,"4,4'-Isopropylidenebis(2-allylphenol)",0,0.34738826473078865,0.3375040385449499,0.39232978258965084,0.3673099400963325
Hagan_genotox,DTXSID1062041,"2H-Azepin-2-one, 1-acetylhexahydro-",0,0.3508123029128744,0.3563426628630058,0.3278421574415405,0.3206371042578764
Hagan_genotox,DTXSID1062043,"1,1'-(1,1,2,2-Tetramethylethylene)dibenzene",0,0.29883551011014414,0.26896948415787025,0.26853240972373515,0.25195404289244117
Hagan_genotox,DTXSID1062120,"Tetradecanoic acid, dodecyl ester",0,0.03770356432352707,0.026602300129588887,0.029396007147946837,0.03157275775790736
Hagan_genotox,DTXSID1062330,"Silane, (chloromethyl)trimethyl-",0,0.4788261205161382,0.5224191899590296,0.5206362327181772,0.5263182168032993
Hagan_genotox,DTXSID1062463,"Glycine, N,N-dimethyl-, hydrochloride",0,0.41143082367434625,0.4626065288937022,0.41016301882559675,0.43061361620157795
Hagan_genotox,DTXSID1062702,m-Chlorophenyl isocyanate,0,0.4634303197770484,0.5021188237447057,0.6319943911946387,0.6049872197428106
Hagan_genotox,DTXSID1062752,"3-Butyn-2-amine, 2-methyl-",0,0.3496832389617415,0.34642589839336696,0.30745549743450223,0.32163807052365273
Hagan_genotox,DTXSID1062758,"Cyclododecane, methoxy-",0,0.4295914444810947,0.4283453970974142,0.502285584129546,0.4059054228784246
Hagan_genotox,DTXSID10629100,4-[[4-(Allyloxy)phenyl]sulfonyl]phenol,1,0.39423042867529956,0.41277293545955707,0.4271354846486141,0.40768149317069385
Hagan_genotox,DTXSID1063225,"1H-Isoindole-1,3(2H)-dione, 2-(2-hydroxyethyl)-",0,0.4716288484601625,0.5454528783907137,0.5430607364009683,0.5453368582742831
Hagan_genotox,DTXSID1063227,"Butane, 1,4-bis(ethenyloxy)-",0,0.2779580213532375,0.28339334905896957,0.3189438493010883,0.3045558575980441
Hagan_genotox,DTXSID1063352,"2-(Spiro(cyclohexane-1,2'-oxazolidin)-3'-yl)ethyl methacrylate",1,0.3054433781113579,0.3220959141502509,0.39756614373777693,0.40251914996303856
Hagan_genotox,DTXSID1063483,"3-Methyl-1,5-pentanediol",0,0.41760578179750135,0.38704642087142865,0.37811178456483274,0.35665483677276694
Hagan_genotox,DTXSID10635605,Sodium naphthalene-2-carboxylate,0,0.5377299756892578,0.6003315032966069,0.5842527641655334,0.5771079162676116
Hagan_genotox,DTXSID1063564,Barium laurate,0,0.45794909221036284,0.5193336755495886,0.4759165048016352,0.4903692768743455
Hagan_genotox,DTXSID1063807,"Propanenitrile, 3-(diethylamino)-",0,0.38478110905584906,0.43550042420584784,0.3835408224970202,0.4223192557134745
Hagan_genotox,DTXSID1063934,"Benzenesulfonamide, N-(4-hydroxyphenyl)-",0,0.46892750818171774,0.5098676601975679,0.5000507079140222,0.4989378263642927
Hagan_genotox,DTXSID1063982,"Glycine, N-[2-hydroxy-1,1-bis(hydroxymethyl)ethyl]-",0,0.41237793831802044,0.4739709709487903,0.39453376642366594,0.42195365720040473
Hagan_genotox,DTXSID1064085,"Disodium 4,4'-diamino-9,9',10,10'-tetrahydro-9,9',10,10'-tetraoxo(1,1'-bianthracene)-3,3'-disulphonate",0,0.26333021350333435,0.32797915299453356,0.28119089240744644,0.28187065389951976
Hagan_genotox,DTXSID1064110,"Carbonochloridic acid, hexyl ester",0,0.04896850770610014,0.04068270825489363,0.04360922241705428,0.047625628440601475
Hagan_genotox,DTXSID1064320,"9,10-Anthracenedione, 1,4-diamino-2,3-diphenoxy-",0,0.6723753338478718,0.7783064322951629,0.7561968466542203,0.7639706247880339
Hagan_genotox,DTXSID1064376,"Benzenesulfonic acid, 5-amino-2-methoxy-",0,0.25712649200067855,0.2255003685557744,0.26560766913281925,0.25176136272823124
Hagan_genotox,DTXSID1064403,C.I. Pigment Red 112,0,0.1569449059264453,0.17632501302193607,0.1569498966160731,0.1612301952711582
Hagan_genotox,DTXSID1064538,2-Methoxyethyl methacrylate,1,0.36687302603032174,0.43593303556079227,0.4290673330708918,0.43913643663934804
Hagan_genotox,DTXSID1064665,"1-Aziridinecarboxamide, N,N'-(methylenedi-4,1-phenylene)bis-",1,0.4159289749678789,0.44192707489966426,0.45773610325104014,0.44690788839025836
Hagan_genotox,DTXSID1064952,"Disodium 3,3'-(carbonylbis(imino(3-methoxy-4,1-phenylene)azo))bis(benzenesulphonate)",0,0.4492407293601,0.5656310527006426,0.45056158454541145,0.4791960992840611
Hagan_genotox,DTXSID1064958,"2-Naphthalenesulfonamide, N-[2-(4-oxo-4H-3,1-benzoxazin-2-yl)phenyl]-",0,0.4436043368897089,0.4936695548958789,0.4859017522153599,0.4735109008817564
Hagan_genotox,DTXSID1065059,"Anthracene, 9,10-bis(chloromethyl)-",1,0.6752999125059246,0.761937601727333,0.7587504215461333,0.7550861477448666
Hagan_genotox,DTXSID1065508,"Octadecanamide, N,N'-[(methylimino)di-3,1-propanediyl]bis-",0,0.07545842533546963,0.05889271012905076,0.06210221148170531,0.06254775112649442
Hagan_genotox,DTXSID1065683,4-Chlorobenzal chloride,0,0.6181129593723614,0.694541894613807,0.6904569579083818,0.6668832478174914
Hagan_genotox,DTXSID10658036,"6-Bromo-2-chloro-8-cyclopentyl-5-methylpyrido[2,3-d]pyrimidin-7(8H)-one",0,0.35070746468752795,0.3601833046388647,0.3315262391113976,0.3166623300902283
Hagan_genotox,DTXSID1065928,"2-Propenoic acid, 3-sulfopropyl ester, sodium salt",0,0.27459811526684064,0.26162011314339534,0.2623131610474474,0.26661568600481494
Hagan_genotox,DTXSID1066366,"Silane, trimethoxy(2-methylpropyl)-",0,0.364009670730345,0.35529603389553605,0.36418193308959523,0.3486783187299027
Hagan_genotox,DTXSID1066578,Disperse Blue 77,1,0.6729025285079465,0.7930905596634293,0.8028421712814846,0.81484326782734
Hagan_genotox,DTXSID1066944,N-(2-Ethoxyphenyl)-N'-(2-ethylphenyl)oxamide,0,0.4002347666808935,0.45213253377411244,0.5119147313019567,0.5094625852188144
Hagan_genotox,DTXSID1067126,1-(3-Aminophenyl)urea,0,0.5364079511799029,0.5819714500930259,0.6114889031155443,0.5878464317453089
Hagan_genotox,DTXSID1067388,2-((3-Acetamido-4-((2-chloro-4-nitrophenyl)azo)phenyl)(2-cyanoethyl)amino)ethyl acetate,0,0.6208101203782753,0.7546028141444107,0.7866519642655422,0.7927228176841746
Hagan_genotox,DTXSID1067590,"1-Butanamine, N-[3-(trimethoxysilyl)propyl]-",0,0.21357767814510487,0.19408488775862912,0.20801856427666024,0.21967079527635805
Hagan_genotox,DTXSID10676336,4-(4-Amino-3-fluorophenoxy)-N-methylpyridine-2-carboxamide,1,0.5100723071640062,0.564751448338002,0.5342166386790944,0.5340745631217733
Hagan_genotox,DTXSID1067883,p-(Trifluoromethoxy)phenyl isocyanate,0,0.40890570217227085,0.42726483492365,0.4368773286856728,0.4130725917260826
Hagan_genotox,DTXSID1068481,"4-(1,1-Dimethylethyl)cyclohexyl methacrylate",0,0.2861801210731105,0.3315121198942463,0.3277364411427737,0.33964946377468047
Hagan_genotox,DTXSID1068514,"2-(2-Methoxyethoxy)ethyl 4-((5-cyano-1-ethyl-1,6-dihydro-2-hydroxy-4-methyl-6-oxopyridin-3-yl)azo)benzoate",0,0.33214496419053446,0.3956957542572363,0.41796969573898807,0.4249918111069671
Hagan_genotox,DTXSID1068697,"Benzenecarbothioic acid, S-(4,5-dihydro-5-thioxo-1,3,4-thiadiazol-2-yl) ester",0,0.448176824462555,0.5370649678157241,0.4786537339759336,0.49791270030162366
Hagan_genotox,DTXSID1069322,"1,2-Dihydro-6-hydroxy-1,4-dimethyl-2-oxo-5-((3-((phenylsulphonyl)oxy)phenyl)azo)nicotinonitrile",1,0.3408778518943964,0.35725609549669185,0.4344025525645909,0.41482669543679246
Hagan_genotox,DTXSID10694893,"Carbamic acid, N-â€‹[(1S)â€‹-â€‹2-â€‹[(1S,â€‹3S,â€‹5S)â€‹-â€‹3-â€‹cyano-â€‹2-â€‹azabicyclo[3.1.0]â€‹hex-â€‹2-â€‹yl]â€‹-â€‹1-â€‹(3-â€‹hydroxytricyclo[3.3.â€‹1.13,â€‹7]â€‹dec-â€‹1-â€‹yl)â€‹-â€‹2-â€‹oxoethyl]â€‹-â€‹, 1,â€‹1-â€‹dimethylethyl ester",0,0.3697602398323399,0.38072474507596193,0.34137051211859976,0.34027473496952937
Hagan_genotox,DTXSID1069584,"2-Anthracenecarbonitrile, 1-amino-4-(ethylamino)-9,10-dihydro-9,10-dioxo-",0,0.42016959313180813,0.5100304799560981,0.5543841348086153,0.5664180321613537
Hagan_genotox,DTXSID1069798,"2-Propenoic acid, 2-[[(butylamino)carbonyl]oxy]ethyl ester",1,0.2375094398833558,0.24255072253536772,0.22868715422120667,0.23548907482963402
Hagan_genotox,DTXSID1070014,"Bis(1,2,2,6,6-pentamethyl-4-piperidyl) ((3,5-bis(1,1-dimethylethyl)-4-hydroxyphenyl)methyl)butylmalonate",1,0.26607191284179604,0.2778902028625731,0.25220146259078596,0.26450061070765396
Hagan_genotox,DTXSID1070062,"1-Naphthalenesulfonic acid, 3-diazo-3,4-dihydro-4-oxo-, sodium salt",0,0.4489222769068982,0.5570920176536999,0.5944402527960494,0.614908699520272
Hagan_genotox,DTXSID1070066,"beta -Alanine, N-(2-hydroxyethyl)-N-[2-[(1-oxooctyl)amino]ethyl]-",0,0.11581870296596791,0.09538928070821477,0.08830965186451523,0.09257419536505962
Hagan_genotox,DTXSID1071824,2-Propen-1-yl 2-(cyclohexyloxy)acetate,0,0.43274933137812305,0.5050494549535053,0.5068821831123042,0.5085069078329799
Hagan_genotox,DTXSID1072767,"3,7-Bis(diethylamino)phenoxazin-5-ium nitrate",0,0.47356111008987994,0.5787034546974231,0.5269807451392868,0.5441957107743748
Hagan_genotox,DTXSID1072844,"1,4-Piperazinediethanesulfonic acid, disodium salt",0,0.23932829952604537,0.2104527871650628,0.25566074337224604,0.25482995621400195
Hagan_genotox,DTXSID1073153,"1,3-Dimethyl-2-imidazolidinone",0,0.4708984373665211,0.5035394274618872,0.48287103538676,0.4956750599837272
Hagan_genotox,DTXSID1074331,Octadecanedioic acid,0,0.2553777864926251,0.24055947435160177,0.21943287585982127,0.21385447668573368
Hagan_genotox,DTXSID1074339,(Ethenyloxy)-cyclohexane,0,0.42776129071513974,0.45141033980293827,0.4481374866878873,0.43164242417876286
Hagan_genotox,DTXSID1074387,"4-Piperidinol, 1-hydroxy-2,2,6,6-tetramethyl-, 2-hydroxy-1,2,3-propanetricarboxylate (3:1) (salt)",0,0.3844633676613154,0.3842273616886322,0.46359998511161393,0.4743311794763902
Hagan_genotox,DTXSID1074597,"Phosphoric acid, trihexyl ester",0,0.08359539311691012,0.05635916781426623,0.06056848361771553,0.06261821933264765
Hagan_genotox,DTXSID1074622,"Urea, N,N''-1,6-hexanediylbis[N'-(phenylmethyl)-",0,0.33160146337251123,0.31353659619940516,0.3274566219140708,0.31060875752872474
Hagan_genotox,DTXSID1074672,"7-Oxa-3,20-diazadispiro[5.1.11.2]heneicosan-21-one, 2,2,4,4-tetramethyl-",0,0.36941411730745594,0.41230996567146133,0.3513007320501987,0.3818982187120017
Hagan_genotox,DTXSID1074759,"Methylchrysene, 1-",1,0.8505636519664699,0.8998367617122103,0.8838569158723989,0.8835620053952193
Hagan_genotox,DTXSID1074884,"Benzene, 2-chloro-1-fluoro-4-(trifluoromethyl)-",0,0.36147633849936317,0.36520026174128284,0.37955691842863243,0.3545434954063144
Hagan_genotox,DTXSID1074888,"1,3-Dioxol-2-one",1,0.5338202084179756,0.6098103382270432,0.6351048652608556,0.6060780491642214
Hagan_genotox,DTXSID1074913,"Ethanol, 2-[(3-aminopropyl)methylamino]-",0,0.4468488623459637,0.4450122702742534,0.49579890036862356,0.5014800260755657
Hagan_genotox,DTXSID1074915,Triethoxy((perfluorohexyl)ethyl)silane,0,0.16702514085254516,0.12871809055504482,0.13840667727922665,0.1288667947082088
Hagan_genotox,DTXSID1075199,Benzo[h]quinoline,1,0.8285246394719966,0.8944161294046983,0.8761673919104552,0.8761234024260793
Hagan_genotox,DTXSID1075305,Perfluoroethyl vinyl ether,0,0.3024599768884019,0.32595871985074903,0.3516955043984363,0.33319166026398644
Hagan_genotox,DTXSID1075434,"2,4,8,10-Tetraoxaspiro[5.5]undecane-3,9-diethanol, .beta.,.beta.,.beta.',.beta.'-tetramethyl-",0,0.31479378823040566,0.2581633515455888,0.2907862927593436,0.2697524324391969
Hagan_genotox,DTXSID10861720,"Octadecanamide, 12-hydroxy-N-(2-hydroxyethyl)-",0,0.04982203740477692,0.03385731667235431,0.032321591566025314,0.03396337491866663
Hagan_genotox,DTXSID10862252,3-Octanol,0,0.13337027670835858,0.08305003777796387,0.08186130037251245,0.07451722429128509
Hagan_genotox,DTXSID10862919,"3,3'-Oxybis-1-propanol",0,0.33118880637765336,0.2834386468487888,0.25273387822243637,0.2482917520238307
Hagan_genotox,DTXSID10863345,"hexadecanoic acid, 2-hydroxyethyl ester",0,0.10880971929297416,0.10075145491728037,0.08639574510798646,0.09259349312310651
Hagan_genotox,DTXSID10863481,"2-Naphthalenecarboxamide, N-(4-ethoxyphenyl)-3-hydroxy-4-[2-(2,4,5-trichlorophenyl)diazenyl]-",0,0.39883613757787223,0.502497396684375,0.46092218229342485,0.4692757988459595
Hagan_genotox,DTXSID10863784,C.I. Solvent Yellow 18,1,0.46637366104407446,0.5316441372052628,0.492855331417914,0.501863456813138
Hagan_genotox,DTXSID10865763,"Benzenesulfonamide, N-(2-hydroxypropyl)-",0,0.4291623437427061,0.4528362521749502,0.47285755403685087,0.45688942461250476
Hagan_genotox,DTXSID10865783,"1,4-Benzenedicarboxylic acid, 2-[2-[1-[[(2,3-dihydro-2-oxo-1H-benzimidazol-5-yl)amino]carbonyl]-2-oxopropyl]diazenyl]-, 1,4-dimethyl ester",0,0.12594954204383893,0.11948834233090389,0.12616967526924894,0.1320970070541652
Hagan_genotox,DTXSID10865920,"2-Propanol, 1,1'-[(4-methylphenyl)imino]bis-",0,0.34932603459692496,0.3259178233350748,0.30322846782754026,0.28970498463600497
Hagan_genotox,DTXSID10866674,"3a,7-Methano-3aH-cyclopentacycloocten-3-ol, decahydro-1,1,7-trimethyl-, 3-formate",0,0.23582624334558844,0.26568437716976195,0.2546436080171681,0.2736990078269152
Hagan_genotox,DTXSID10866750,"Hexanoic acid, 3,5,5-trimethyl-, isodecyl ester",0,0.05292795708245207,0.03833599942082846,0.04132991315013462,0.04362137786377809
Hagan_genotox,DTXSID10866790,"Bicyclo[3.1.1]heptane-3-carboxaldehyde, 2,6,6-trimethyl-",0,0.3601472954489016,0.43542038072294886,0.4102003511058965,0.4356680522193442
Hagan_genotox,DTXSID10867606,"Butanedioic acid, 2-[[bis[(2-ethylhexyl)oxy]phosphinothioyl]thio]-, 1,4-dibutyl ester",0,0.1772433452630402,0.1919764054738807,0.17205702285902644,0.18448748022858408
Hagan_genotox,DTXSID10868810,"Butanamide, N,2-dimethyl-N-phenyl-",0,0.334961208312699,0.32012078303715746,0.336319954698349,0.31494647281932764
Hagan_genotox,DTXSID10869029,"2,2'-isopropylidenebis(tetrahydrofuran)",0,0.3450328940200798,0.3152167630173451,0.36149715308711894,0.3256701667389383
Hagan_genotox,DTXSID10869120,"2,5-Furandione, dihydro-3-[3-(triethoxysilyl)propyl]-",0,0.28471389974483635,0.2990845476710345,0.27927266158666414,0.28876016519167697
Hagan_genotox,DTXSID10869160,"Butanamide, 2-[2,4-bis(1,1-dimethylpropyl)phenoxy]-N-(3,5-dichloro-4-ethyl-2-hydroxyphenyl)-",0,0.1834243942912661,0.1723810649163379,0.16654809767178672,0.16821495765213368
Hagan_genotox,DTXSID10870958,"Cyclotetrasiloxane, 2,4,6,8-tetramethyl-",0,0.4616036656048133,0.482667589610853,0.5371676375117017,0.4909012471498724
Hagan_genotox,DTXSID10875403,"6,7-Dihydrocanrenone",0,0.3249238160623706,0.3396472964077641,0.39987730223429496,0.3968801829088296
Hagan_genotox,DTXSID10878737,"ACETAMIDE, N-(2-AMINO-2-OXOETHYL)-2-DIAZO-",1,0.5598412327058809,0.6895987420766149,0.653747233051413,0.6773840549165069
Hagan_genotox,DTXSID10879047,1-(5-NO2-2-furyl)-2-(COOH)ethylene,1,0.8790171004591709,0.938724490215983,0.9477094565579972,0.9454734576474021
Hagan_genotox,DTXSID10879784,C.I. Basic Red 76,1,0.37607840049144375,0.45576360622180206,0.3879885761614301,0.41755915928303056
Hagan_genotox,DTXSID10880411,"Dichloromethyl(3,3,4,4,5,5,6,6,6-nonafluorohexyl)silane",0,0.25538487275695493,0.2313286994196079,0.26446858477636886,0.2530702068231439
Hagan_genotox,DTXSID10883588,Ethanedioic acid cobalt(2+) salt (1:1),1,0.4569582257075952,0.49985201125193,0.46395122536761885,0.457426925027328
Hagan_genotox,DTXSID10883841,"Benzothiazolium, 2-[4-(dimethylamino)phenyl]-3,6-dimethyl-, chloride (1:1)",0,0.4742535051012182,0.5608122641019584,0.48173121715619005,0.5043875857602232
Hagan_genotox,DTXSID10884196,"Silane, trichlorohexadecyl-",0,0.08540441001720751,0.056986111590047205,0.059669164508679935,0.059346718169286515
Hagan_genotox,DTXSID10884292,"[1,1'-Biphenyl]-2,2'-diol, 3,3',5,5'-tetrakis(1,1-dimethylethyl)-",0,0.26373968799751085,0.2511295206211978,0.2630872004859548,0.25366754648112105
Hagan_genotox,DTXSID10884898,"Acetic acid, 2,2'-thiobis-, 1,1'-bis(2-ethylhexyl) ester",0,0.14937557466181758,0.1416901892800123,0.11305202236185735,0.11850352394431192
Hagan_genotox,DTXSID10885269,"Benzoyl chloride, 3-methoxy-2-methyl-",0,0.44423012365521597,0.5251208345096916,0.5767337285926236,0.5941327135554302
Hagan_genotox,DTXSID10886453,"1-Decene, 1-ethoxy-",0,0.1363130423240587,0.11431384089967637,0.11590230327104023,0.11496336513495874
Hagan_genotox,DTXSID10886751,"Benzenesulfonic acid, 4,5-dichloro-2-[2-[4,5-dihydro-3-methyl-5-oxo-1-(3-sulfophenyl)-1H-pyrazol-4-yl]diazenyl]-, calcium salt (1:1)",1,0.1904394969694954,0.1967153619081564,0.164320444394771,0.1660648515591123
Hagan_genotox,DTXSID10886791,"Diphosphoric acid, compd. with piperazine (1:1)",0,0.48223330741359166,0.5103062429489125,0.5072071006230636,0.4871380089816865
Hagan_genotox,DTXSID10888290,"2,4,6(1H,3H,5H)-Pyrimidinetrione, 5-phenyl-1-(phenylmethyl)-",0,0.5110329708688218,0.5693021530694035,0.5542702756455448,0.5504849754132047
Hagan_genotox,DTXSID10888573,"2-Anthracenesulfonic acid, 1-amino-4-[[3,5-bis[[(2-chloroacetyl)amino]methyl]-2,4,6-trimethylphenyl]amino]-9,10-dihydro-9,10-dioxo-, sodium salt (1:1)",0,0.17409648474996467,0.20279859879710171,0.16443284929460292,0.17999829333237202
Hagan_genotox,DTXSID10888578,"Hexanoic acid, 6,6',6''-(1,3,5-triazine-2,4,6-triyltriimino)tris-, compd. with 2,2',2''-nitrilotris[ethanol] (1:3)",1,0.21823439147249402,0.2048976581240707,0.1908264737500727,0.18622229666036985
Hagan_genotox,DTXSID10888614,"Methanone, [4-[(4-methylphenyl)thio]phenyl]phenyl-",0,0.4532409237169319,0.518257360152295,0.45534962495382697,0.4628523857114784
Hagan_genotox,DTXSID10888694,"Carbamic acid, N-(4,6-dimethoxy-2-pyrimidinyl)-, phenyl ester",0,0.42623223006680694,0.44930703544291034,0.44555295903851305,0.4369922405550275
Hagan_genotox,DTXSID10888856,"2,3-Pyridinedicarboxylic acid, 5-methyl-, 2,3-dimethyl ester",0,0.40554418590565583,0.4425592646311916,0.4274830935455272,0.4216291705246924
Hagan_genotox,DTXSID10889343,"Benzenemethanol, .alpha.-[(1S)-1-(methylamino)ethyl]-, hydrochloride (1:1), (.alpha.S)-",0,0.482621830408896,0.5059853276891254,0.5000395822561855,0.4766502569652465
Hagan_genotox,DTXSID10889368,"1-Naphthalenesulfonic acid, 8-(phenylamino)-5-[2-[4-[2-(5-sulfo-1-naphthalenyl)diazenyl]-1-naphthalenyl]diazenyl]-, sodium salt (1:2)",0,0.24869072931530709,0.32600327593169226,0.27913758065214894,0.2825178772011416
Hagan_genotox,DTXSID10889565,C.I. Direct Orange 102,0,0.2303423086200328,0.2995988509851489,0.23655736004669883,0.2637322233809169
Hagan_genotox,DTXSID10889702,C.I. Disperse Orange 118,0,0.14115756280980243,0.14733538900270962,0.12054571477573389,0.12663579996047214
Hagan_genotox,DTXSID10889787,"1,3-Naphthalenedisulfonic acid, 7-[2-[2-(acetylamino)-4-[(5-chloro-2,6-difluoro-4-pyrimidinyl)amino]phenyl]diazenyl]-, sodium salt (1:2)",0,0.23862460470802746,0.2704694972849205,0.22577125678340768,0.23501744669352895
Hagan_genotox,DTXSID10890075,"Benzenesulfonic acid, 4-[4-[2-[5-[(2-bromo-1-oxo-2-propen-1-yl)amino]-2-sulfophenyl]diazenyl]-4,5-dihydro-3-methyl-5-oxo-1H-pyrazol-1-yl]-2,5-dichloro-, sodium salt (1:2)",0,0.373659403494396,0.4407540814852444,0.4974150891909536,0.5007896597323143
Hagan_genotox,DTXSID10890136,"Benzenesulfonic acid, 2,2'-(1,2-ethenediyl)bis[5-[[4-[bis(2-hydroxyethyl)amino]-6-(phenylamino)-1,3,5-triazin-2-yl]amino]-, potassium salt (1:2)",0,0.286421857798739,0.285315747467395,0.3712299021801986,0.360130521571386
Hagan_genotox,DTXSID10890151,"Benzenesulfonic acid, [(9,10-dihydro-9,10-dioxo-1,4-anthracenediyl)diimino]bis[(4-chlorophenoxy)-, sodium salt (1:2)",0,0.3493117442408857,0.4220975747891313,0.3590349894634672,0.37492120737720586
Hagan_genotox,DTXSID10890272,"1H-Pyrazole-3-carboxylic acid, 4-[2-[4-[[(2,3-dichloro-6-quinoxalinyl)carbonyl]amino]-2-sulfophenyl]diazenyl]-4,5-dihydro-5-oxo-1-(4-sulfophenyl)-, sodium salt (1:3)",0,0.42442684830372684,0.5151202141662085,0.4624538877434723,0.4664058835596081
Hagan_genotox,DTXSID10890318,"2-Naphthalenesulfonic acid, 8-[2-[4-[[(4-methylphenyl)sulfonyl]oxy]phenyl]diazenyl]-5-[2-[4-[(4-nitro-2-sulfophenyl)amino]phenyl]diazenyl]-, sodium salt (1:2)",0,0.4118874726534101,0.589102302125382,0.6075465636069852,0.6404783482950744
Hagan_genotox,DTXSID10890414,"2-Naphthalenesulfonic acid, 6-amino-5-[2-[4-[(2-bromo-1-oxo-2-propen-1-yl)amino]-2-[(4-methyl-3-sulfophenyl)sulfonyl]phenyl]diazenyl]-, sodium salt (1:2)",1,0.4344095139366444,0.5324424439941241,0.5758512647900738,0.5929442608996714
Hagan_genotox,DTXSID10890510,"Propanoic acid, zinc salt (2:1)",1,0.43955953422832295,0.46914888717589925,0.4581749652197941,0.4635512139501497
Hagan_genotox,DTXSID10890515,"1-Hexanol, 2-ethyl-, titanium(4+) salt (4:1)",0,0.15135858737268165,0.09749880053308986,0.10164832180609755,0.09102550611221362
Hagan_genotox,DTXSID10890535,Zirconium butoxide,0,0.2955416404280597,0.24698146086082925,0.26895936513221336,0.2596146258414469
Hagan_genotox,DTXSID10890570,"1,3-Dihydro-2H-benzimidazole-2-thione zinc salt (2:1)",0,0.5347914483228736,0.62501335656032,0.5499560969184976,0.5805116559518734
Hagan_genotox,DTXSID10890616,Neodymium triacetate,0,0.4894651363233274,0.5007074195262352,0.48397977908197465,0.4884574020477921
Hagan_genotox,DTXSID10890772,"Benzenesulfinic acid, zinc salt (2:1)",1,0.45533069862941816,0.5643639189305264,0.516470154503912,0.5603609403195381
Hagan_genotox,DTXSID201338957,"3-Dodecyl-1-(2,2,6,6-tetramethyl-4-piperidinyl)-2,5-pyrrolidinedione",0,0.23031983035370351,0.24231089354647764,0.21429599404085098,0.22675260996218313
Hagan_genotox,DTXSID20143261,Hydroxyethyl-2-nitro-p-toluidine,0,0.8045108700405382,0.9098069647096034,0.9308854648918722,0.9356750311890382
Hagan_genotox,DTXSID20149364,Dichlorotetrakis(dimethyl sulfoxide)ruthenium II,1,0.48073839178793065,0.6109892477106506,0.5783841536558216,0.6193013326459474
Hagan_genotox,DTXSID20165089,4-Methyl-6-(1-methyl-1H-benzimidazol-2-yl)-2-propyl-1H-benzimidazole,0,0.35048021643214766,0.3573976312447613,0.34447399936709316,0.34031863724778394
Hagan_genotox,DTXSID20165928,"4,5-Diamino-1-(2-hydroxyethyl)pyrazole sulfate",0,0.5846452024915311,0.6623047895308148,0.5933484650195473,0.6167937879653212
Hagan_genotox,DTXSID20168156,"4,4'-Bis(chloromethyl)-1,1'-biphenyl",1,0.5148993578729285,0.5502737399355518,0.5126834255509839,0.4962672018635674
Hagan_genotox,DTXSID20170012,9-Hydroxybenzo(a)pyrene,1,0.7451329385116136,0.8359275713083548,0.8211885611386477,0.8251244220397819
Hagan_genotox,DTXSID20170895,"1,6-Divinylperfluorohexane",0,0.3080505158285269,0.27976879274957894,0.3680509728311858,0.32460497800030225
Hagan_genotox,DTXSID20176397,"1,1,1,3,3-Pentachlorobutane",1,0.3680592865719308,0.37028008963516595,0.367140095297765,0.3578389990770088
Hagan_genotox,DTXSID20177026,2-Methoxyethyl acetoacetate,0,0.3686692716069127,0.3867935304886843,0.318737893690154,0.3160999855205738
Hagan_genotox,DTXSID20177586,Isopropyl lauroyl sarcosinate,0,0.1300689766916421,0.11978656531124789,0.1308750147533214,0.13187729575815207
Hagan_genotox,DTXSID20178497,6-Hydroxyindole,1,0.5186867977039761,0.5592150151521377,0.5527227930695601,0.5489807802605973
Hagan_genotox,DTXSID20179287,m-Acetylphenyl acetate,0,0.45448502449859823,0.5079381658869339,0.46455828712416025,0.46203235680936555
Hagan_genotox,DTXSID20180671,"2H-1,4-Benzoxazin-6-ol, 3,4-dihydro-",0,0.44039149269371797,0.45766508887549634,0.4198643883716355,0.4207161533831732
Hagan_genotox,DTXSID20181022,p-((2-Chloroethyl)ethylamino)benzaldehyde,1,0.5947772658772049,0.701157382053045,0.7346371744915613,0.7366155646826879
Hagan_genotox,DTXSID20182155,1-Hydroxy-2-acetamidofluorene,0,0.4807575163842013,0.5162504787429433,0.5305883961971044,0.5166867616185947
Hagan_genotox,DTXSID20182594,6-Amino-m-cresol,1,0.6801629123465286,0.7560581871313917,0.7971562193555467,0.7792018710132406
Hagan_genotox,DTXSID20188814,4-(2-Aminoethyl)benzenesulfonamide,0,0.46141735030174974,0.49845733456135743,0.47814243598097933,0.46501274215293537
Hagan_genotox,DTXSID20188995,1H-Perfluorohexane,0,0.29038260077007033,0.22888874717513996,0.304672656830909,0.2423582103227495
Hagan_genotox,DTXSID20190558,5-Methoxy-2-mercaptobenzimidazole,0,0.47908042942152856,0.5593031207187592,0.51414569647176,0.5445783621186612
Hagan_genotox,DTXSID20191181,"4-Bromo-2,2-diphenylbutyric acid",0,0.385257438557092,0.3985261886807465,0.4020017207819435,0.3923043210145665
Hagan_genotox,DTXSID20192592,5-Fluoroquinoline,1,0.5182755694281115,0.583924717371202,0.5610123479919941,0.5609205984306217
Hagan_genotox,DTXSID20192678,"Ethanone, 1-(5-nitro-2-thienyl)- (9CI)",1,0.6605105459022219,0.7661402923418713,0.8520698314706628,0.8421029271390598
Hagan_genotox,DTXSID20196131,"2,5,7,10-Tetraoxaundecane",0,0.40660865949894553,0.3691745790419773,0.3804482333172427,0.35760480836339487
Hagan_genotox,DTXSID20196999,10-Methoxyiminostilbene,0,0.5050462589728925,0.5726812469213057,0.5448002761770222,0.5526463603241217
Hagan_genotox,DTXSID20199389,4-Benzyloxyaniline hydrochloride,1,0.7287120282477032,0.7850227139782491,0.7971829063282522,0.7890854270809159
Hagan_genotox,DTXSID2020004,Acetaldehyde oxime,1,0.5585272609247632,0.6596973092756862,0.6490642424011112,0.6551797189944629
Hagan_genotox,DTXSID2020006,Acetaminophen,0,0.5467681055913429,0.5827097100852208,0.6320280625923878,0.5942392619189532
Hagan_genotox,DTXSID20200101,Physcione,1,0.46480647515925827,0.5317985205123025,0.46620730349903733,0.4515266449248014
Hagan_genotox,DTXSID2020137,C.I. Azoic Diazo Component 112,1,0.7825345086997114,0.838680576800617,0.837630723317271,0.8336203291060084
Hagan_genotox,DTXSID2020139,Benzo[a]pyrene,1,0.9318898555025877,0.9722742309736548,0.968608581327341,0.9692858285647135
Hagan_genotox,DTXSID2020185,C.I. Direct Blue 6,1,0.22537002794976332,0.3443411427392999,0.2903055427934034,0.3349017691608159
Hagan_genotox,DTXSID2020187,C.I. Direct Blue 218,1,0.1978140875716341,0.24550366707346116,0.230175123506886,0.2535116963669315
Hagan_genotox,DTXSID2020189,FD&C Blue No. 1,1,0.53975680467349,0.6756558132384675,0.7183939600412664,0.7330527673115927
Hagan_genotox,DTXSID2020210,Butyl-N-(4-hydroxybutyl)nitrosamine,1,0.97735290563995,0.9920687722667451,0.9917403212625534,0.9924871690638913
Hagan_genotox,DTXSID20202100,4-Chloro-1-methylpiperidinium chloride,1,0.37935891240700464,0.43331002591981166,0.36278121973192007,0.4150760023324535
Hagan_genotox,DTXSID2020214,N-Butyl-N-nitrosourea,1,0.9120691773143434,0.9642112291540504,0.9683696124434781,0.968732299382492
Hagan_genotox,DTXSID2020216,Butylated hydroxytoluene,1,0.14870516177576634,0.0970021360131728,0.11185097366149928,0.10088258749169593
Hagan_genotox,DTXSID20202589,3-Aminopyrazine-2-carboxylic acid,0,0.6134627345631324,0.7076421161761229,0.6807641843874549,0.6852606674873529
Hagan_genotox,DTXSID2020262,Chloramben,1,0.494986845612365,0.573928287667567,0.6066625977612968,0.6114745770074931
Hagan_genotox,DTXSID2020266,Chloranil,0,0.5070868742125382,0.6625717017149342,0.8075204218756609,0.7953971707306547
Hagan_genotox,DTXSID2020345,Copper dimethyldithiocarbamate,0,0.6864640948374148,0.8203766003206695,0.7767391085860605,0.8109609488806605
Hagan_genotox,DTXSID2020349,4-Methoxy-2-methylaniline,1,0.7173493249254693,0.7974946097073939,0.820574369898584,0.8065686945829912
Hagan_genotox,DTXSID2020391,Diallate,1,0.461765322758914,0.5209297507866266,0.47135758289933544,0.4833363134431221
Hagan_genotox,DTXSID2020395,Diallylnitrosamine,1,0.7823376133276684,0.8657311605388106,0.9007530623816354,0.9063600444580858
Hagan_genotox,DTXSID2020397,"4,4'-Diamino-2,2'-stilbenedisulfonic acid, disodium salt",0,0.1674863549004595,0.14675996073345643,0.1836134501630923,0.1818068412702147
Hagan_genotox,DTXSID20204109,1-Nitroso-4-piperidone,1,0.8626627295067704,0.9271588898339157,0.9347404528570992,0.9363196799387873
Hagan_genotox,DTXSID2020428,Dichloroacetic acid,1,0.5181421485584187,0.5684977752384262,0.5625143164695805,0.5566013173481746
Hagan_genotox,DTXSID2020470,Diglycidyl resorcinol ether,1,0.7892258198193566,0.8352264451291957,0.8728184773141403,0.8652795543338695
Hagan_genotox,DTXSID2020472,"1,2-Dihydro-2-(5-nitro-2-thienyl) quinazolin-4(3H)-one",1,0.8481794112039426,0.9326718011964555,0.9347921789504744,0.9375459710576476
Hagan_genotox,DTXSID2020474,"3,4-Dihydrocoumarin",1,0.4658162695752968,0.5039839583002114,0.497383560974303,0.4954389353250271
Hagan_genotox,DTXSID2020505,Dimethylaminoethanol,0,0.4261378132750888,0.4117399543868518,0.4332464407375098,0.44937573406472436
Hagan_genotox,DTXSID2020507,"N,N-Dimethylaniline",1,0.5120903787055112,0.5500488910549706,0.5566067138600492,0.5328457033072069
Hagan_genotox,DTXSID20205353,7-Hydroxymethyl-12-methylbenz(a)anthracene,1,0.8503580530936423,0.9067506022192071,0.8862368382465414,0.8864518065098658
Hagan_genotox,DTXSID2020634,5-Fluorouracil,1,0.3396982020297419,0.3616750203332387,0.3571933618744944,0.3454668087389439
Hagan_genotox,DTXSID20206406,8-Ethoxycaffeine,1,0.42563437861504255,0.4652896098958425,0.4462401817066514,0.4475317389767113
Hagan_genotox,DTXSID20206527,"Dibenz(a,h)anthracene, 7,14-dihydro-",1,0.8500635772309355,0.9119876143579148,0.9075529921234802,0.9042249128609118
Hagan_genotox,DTXSID2020682,Hexachlorobenzene,0,0.48103014680535056,0.5398406256224012,0.5135895377701113,0.49990533220854544
Hagan_genotox,DTXSID2020688,Hexachlorocyclopentadiene,0,0.45669191689367383,0.5981728384108713,0.539794781806659,0.5653053350014524
Hagan_genotox,DTXSID20207039,"15H-Cyclopenta(a)phenanthrene, 11,17-dimethyl-",1,0.9322896778050498,0.9624280474427233,0.9559073306309767,0.9535642489620214
Hagan_genotox,DTXSID2020719,N-Hydroxy-2-acetylaminofluorene,1,0.4665740396792379,0.46941564182012047,0.5927278583084242,0.5606172780843619
Hagan_genotox,DTXSID2020761,Isoprene,1,0.5088445501755104,0.5576100971121569,0.6366531331720705,0.6209570094002469
Hagan_genotox,DTXSID20207635,N-Hydroxyurethane,1,0.40038664988002104,0.41965135465853476,0.4577944512244705,0.46774489744199393
Hagan_genotox,DTXSID2020844,Methyl methacrylate,1,0.47388804849695987,0.5245100124666192,0.5720046203630841,0.5563852584569494
Hagan_genotox,DTXSID2020846,Methylnitronitrosoguanidine,1,0.8343863669295298,0.9086620568111572,0.9327836996712913,0.9318586296093354
Hagan_genotox,DTXSID20208501,Iob 82,1,0.4512895036044616,0.5038051033008947,0.4881862901009552,0.49089463887268453
Hagan_genotox,DTXSID2020892,Metronidazole,1,0.7041236769099134,0.7911990971174401,0.8272258299598527,0.8221581160350239
Hagan_genotox,DTXSID2020894,Bis(4-(dimethylamino)phenyl)methanone,1,0.5241573685973345,0.6048435550233372,0.5734532314299856,0.5932749350932527
Hagan_genotox,DTXSID20209053,Dihydroxydiphenyl-pyridyl methane,0,0.5158735980255774,0.5671300936916204,0.5565388017639178,0.5540436820946488
Hagan_genotox,DTXSID2020921,2-Naphthylamine,1,0.8573247878502004,0.9174224727378871,0.9147407820091978,0.9111512497573143
Hagan_genotox,DTXSID2020927,Nickel bis(dibutyldithiocarbamate),0,0.2690879915743372,0.3449225698266094,0.3082746012350585,0.34640797011007257
Hagan_genotox,DTXSID2020929,Niacinamide,1,0.5208904114330437,0.5677368819475305,0.553466265920385,0.5400503269699929
Hagan_genotox,DTXSID2020971,2-Nitrofluorene,1,0.8593891185978432,0.9308375512002393,0.9423350379687054,0.9445303290219536
Hagan_genotox,DTXSID2020975,Nitrogen mustard,1,0.7265979735387504,0.7888195753286954,0.776924640843566,0.7803809756606666
Hagan_genotox,DTXSID2020977,Nitromethane,0,0.6895049097251428,0.8143385061174979,0.7784257452789594,0.7889424159566113
Hagan_genotox,DTXSID20210003,11-Methylbenzanthracene,1,0.8769888988929738,0.9259927405784709,0.9110048002925623,0.9109965382778844
Hagan_genotox,DTXSID2021026,N-Nitrosodibutylamine,1,0.9733517821260468,0.9930644090248331,0.9931587489069432,0.9939462970177982
Hagan_genotox,DTXSID2021028,N-Nitrosodiethylamine,1,0.8740824922725775,0.9414889895523633,0.9503318696436764,0.9543717560578244
Hagan_genotox,DTXSID20210780,"Benzofurazan, 4-(4-(4-methoxyphenyl)-1-piperazinyl)-7-nitro-, 3-oxide",1,0.657474981577545,0.7976177082050869,0.8231946550008207,0.8240446910716394
Hagan_genotox,DTXSID2021101,Patulin,1,0.5087750961689054,0.5859408230978448,0.6303189311515055,0.6225844790353682
Hagan_genotox,DTXSID2021103,Pentachloroanisole,1,0.4572705326436495,0.5066177640093725,0.48650137552251166,0.4685134762299184
Hagan_genotox,DTXSID2021151,2-Phenylphenol,1,0.5257034023671682,0.5620164784374939,0.5715334219320197,0.5587665764295658
Hagan_genotox,DTXSID2021153,Sodium 2-phenylphenate,0,0.5257034023671682,0.5623110477618757,0.5745732131907301,0.5622001984771473
Hagan_genotox,DTXSID2021230,D&C Red 10,0,0.4046543089620456,0.4901430978591485,0.4401293361391778,0.4576601208447039
Hagan_genotox,DTXSID2021232,Amaranth,1,0.12835703042256882,0.15769709153090447,0.1319541581135712,0.1448823921473504
Hagan_genotox,DTXSID2021234,FD&C Red 4,0,0.2805792458435032,0.3116433733121747,0.2869909959078271,0.29114730452530724
Hagan_genotox,DTXSID2021236,HC Red 3,1,0.8901083799852914,0.9612558454475636,0.9642427870070405,0.9667288672420172
Hagan_genotox,DTXSID2021238,Resorcinol,1,0.511822092844484,0.5479601188474074,0.5135595201813273,0.4900663462164492
Hagan_genotox,DTXSID20212704,2-Hydroxy-3-nitropyridine,1,0.7657435586432936,0.8795711615859183,0.841338452711577,0.8586835977555592
Hagan_genotox,DTXSID2021280,Sterigmatocystin,1,0.5869557841862861,0.6704346676764615,0.6255719210720095,0.6282229162003583
Hagan_genotox,DTXSID2021282,Streptozotocin,1,0.7908931255197106,0.8756843308231487,0.8899826975574264,0.8918753768799538
Hagan_genotox,DTXSID20212825,"1H-Indole-2-carboxamide, N-hydroxy-",1,0.5862444458054445,0.6471310735972872,0.7348288478503138,0.7290665171179506
Hagan_genotox,DTXSID2021284,Styrene,1,0.504433686302276,0.5494348952314295,0.5926766931150005,0.5659672128737118
Hagan_genotox,DTXSID2021286,Styrene oxide,1,0.5810930678378234,0.625832064060336,0.7042569649307592,0.6843305728671547
Hagan_genotox,DTXSID20212966,"Disodium 2-(11-oxido-3-oxo-3H-dibenzo(c,h)xanthen-7-yl)benzoate",0,0.5544403452874284,0.6597503343349076,0.6064209618376213,0.6145275439328653
Hagan_genotox,DTXSID2021311,"2,4,6-Tris(tert-butyl)phenol",0,0.15108770727351004,0.09950343317131378,0.1157582864914221,0.10406779378057555
Hagan_genotox,DTXSID2021315,"2,3,7,8-Tetrachlorodibenzo-p-dioxin",0,0.5356603579881036,0.5928093636727104,0.56320591556481,0.5492243930141002
Hagan_genotox,DTXSID2021317,"1,1,1,2-Tetrachloroethane",1,0.5991582864034355,0.6619784787054416,0.6445291515723981,0.6458983054868308
Hagan_genotox,DTXSID2021319,Tetrachloroethylene,0,0.5287327501190573,0.6295063488548198,0.6182908481060236,0.6212179426350152
Hagan_genotox,DTXSID2021440,Vinylpyrrolidone,0,0.4742648640881469,0.5173499902373289,0.5196175644438147,0.515313227711823
Hagan_genotox,DTXSID20214849,Nonamethylenediamine,0,0.2731768181362228,0.23526304533743092,0.27303238184206324,0.2374143218506799
Hagan_genotox,DTXSID2021492,Benzyl cyanide,0,0.4452696774373637,0.46857466526745567,0.4795485668054907,0.4546062450764148
Hagan_genotox,DTXSID20215674,"Acetamide, N,N'-(9,10-dihydro-9,10-dioxo-1,4-anthracenediyl)bis-",1,0.4205549324723051,0.5031770681394067,0.4720296844360736,0.4645834466972379
Hagan_genotox,DTXSID2021577,"1,3-Dichloropropanone",1,0.6635972092778517,0.7531197287389144,0.7677950602763449,0.7712212936316466
Hagan_genotox,DTXSID2021600,Heptanoic acid,1,0.28611966123330607,0.3017592422163895,0.28153196410301856,0.29077998765451396
Hagan_genotox,DTXSID2021602,Hexadecanoic acid,1,0.31825092682143,0.343496853509446,0.30113264654878547,0.3184085990748358
Hagan_genotox,DTXSID2021604,Hexanal,1,0.28256522584244337,0.34635206664246826,0.32862022712083105,0.351165450958842
Hagan_genotox,DTXSID2021650,Pyruvic acid,1,0.48327463745354987,0.5593499448589748,0.5006790425422973,0.5108052750946258
Hagan_genotox,DTXSID2021654,Glutaric acid,0,0.35595669314262984,0.3533795376371782,0.32419360679225473,0.31020086105674777
Hagan_genotox,DTXSID2021656,Phenylacetic acid,0,0.4253168404508038,0.44588546042707145,0.45502053066303844,0.43601680883458666
Hagan_genotox,DTXSID2021658,Propanal,1,0.41615201578257627,0.4613581749598266,0.4557951437897089,0.47322929545253256
Hagan_genotox,DTXSID2021735,Dimethyl sulfoxide,0,0.48073839178793065,0.6109879123184099,0.5782064341943998,0.6191901021281165
Hagan_genotox,DTXSID2021739,1-Propanol,1,0.3526899589941821,0.30325404327728783,0.3236206011799871,0.3135950093819397
Hagan_genotox,DTXSID2021781,"Dibutyl 1,2-benzenedicarboxylate",0,0.3969182983240838,0.4229486111697034,0.391641791147209,0.379366184247301
Hagan_genotox,DTXSID2021789,2-Aminobenzamide,0,0.5453296074575699,0.6086705329545973,0.6339501938143257,0.6216972239208559
Hagan_genotox,DTXSID2021810,2-Chloroaniline,1,0.665581170528231,0.742841754439927,0.7631229651831685,0.746744103986135
Hagan_genotox,DTXSID2021816,Allyl methacrylate,0,0.47928557851946435,0.5724396533670132,0.5659452386916585,0.5679637350238345
Hagan_genotox,DTXSID2021818,2-Methylbutanal,0,0.32052818071151745,0.35626053276975805,0.36299987542539447,0.3797012207017392
Hagan_genotox,DTXSID2021860,4-Chlorobenzaldehyde,0,0.5021219023776687,0.6007295244083687,0.6277201437854628,0.6414481758370217
Hagan_genotox,DTXSID2021864,"2,4-Dimethylphenol",0,0.4938146403514822,0.5141048368558128,0.5166393406710732,0.4886515781167624
Hagan_genotox,DTXSID2021866,Dibutyl adipate,1,0.1473159853749035,0.1288725261902546,0.14843290803384765,0.14094515716792566
Hagan_genotox,DTXSID2021868,p-Xylene,0,0.45876422227111063,0.4672491629716213,0.4754015130135428,0.44832546023895703
Hagan_genotox,DTXSID20219011,Propylphosphonic anhydride,1,0.36013791750599783,0.37206339611102107,0.36451041272297297,0.38142395611743823
Hagan_genotox,DTXSID2021941,2-(2-Ethoxyethoxy)ethanol,1,0.30865213657784657,0.2491339855259609,0.3153001047018577,0.2943825543081104
Hagan_genotox,DTXSID2021943,2-Undecanone,0,0.13837633030785762,0.14332155272670768,0.14404137779690637,0.15513320298662683
Hagan_genotox,DTXSID2021947,1-Tridecanol,0,0.10445769532237294,0.05877887862190077,0.07048461693533793,0.06418796817390261
Hagan_genotox,DTXSID2021949,2-Methyl-3-butyn-2-ol,0,0.3195698204525123,0.30518867830473667,0.28861149370968087,0.2877943758782524
Hagan_genotox,DTXSID20219879,"Indole, 7-nitro-",1,0.8194274217627967,0.8956472386961255,0.9128595658639197,0.9156402983124217
Hagan_genotox,DTXSID20219930,"9,10-Anthracenedione, 5,8-bis((2-phenylethyl)amino)-1,4-dihydroxy-",1,0.4792721277226107,0.5857187422676704,0.5996108866041867,0.6094299373358031
Hagan_genotox,DTXSID20219950,"7H-Benz(de)anthracen-7-one, 3,9-dihydroxy-",1,0.5673136942178668,0.6578748544570514,0.6244969214133397,0.6237874069255986
Hagan_genotox,DTXSID2021997,1-(2-Aminoethyl)piperazine,0,0.40382425608571637,0.39368488160244325,0.41215494429845584,0.4123860990677959
Hagan_genotox,DTXSID2021999,Diethyl hexanedioate,1,0.30134380495433555,0.3268092476731694,0.34907843735344896,0.3368509042611702
Hagan_genotox,DTXSID2022042,Norbornylene,0,0.4719875897032657,0.5018050747000923,0.5324615112090619,0.5213696406509745
Hagan_genotox,DTXSID20220960,Nitrosomethyl-N-butylamine,1,0.8658061922347419,0.9370522906175687,0.9422213699081157,0.9473651395300072
Hagan_genotox,DTXSID2022121,Triphenylphosphine oxide,0,0.48754064015582993,0.5782532786335675,0.5698765362599373,0.5771544662905518
Hagan_genotox,DTXSID2022123,2-Hydroxyethyl acrylate,1,0.47534363413821096,0.5288487472149573,0.5592084441992841,0.5503618407881351
Hagan_genotox,DTXSID2022125,2-Nonanone,0,0.13598345800130396,0.1513535711479809,0.15296787419481053,0.16421421333730665
Hagan_genotox,DTXSID2022127,4-Phenoxyphenol,0,0.4829237713411143,0.5079887074115553,0.5023688102165903,0.48661339964644873
Hagan_genotox,DTXSID2022258,Diethyl chloromalonate,0,0.38360740557116974,0.41026244141311596,0.41450626276844366,0.40590360520734453
Hagan_genotox,DTXSID2022331,2-(Butan-2-yl)phenol,1,0.4003382355875797,0.4005741107149383,0.3957986934483761,0.37124989363130534
Hagan_genotox,DTXSID2022412,"4,4'-Diaminostilbene",1,0.7755427124041802,0.8548938122705548,0.86391350780727,0.8670225135165334
Hagan_genotox,DTXSID20224605,"p-Nitrobenzoic acid, compound with 2,2',2''-nitrilotriethanol (1:1)",1,0.8543663197483156,0.9402430920455623,0.9503750992009481,0.9502982817534499
Hagan_genotox,DTXSID20228365,Triisotridecyl phosphite,0,0.2255751715414133,0.31848866721953367,0.2430699322226952,0.3386987621508124
Hagan_genotox,DTXSID2022961,Dothiepin,0,0.45345455902626863,0.501976225974194,0.48657801746023926,0.49368571698837505
Hagan_genotox,DTXSID2023016,Ethisterone,0,0.3038849174416213,0.31213477469105594,0.36704059608280665,0.37240154708029066
Hagan_genotox,DTXSID20231753,"Ethanol, 2-(butylnitroamino)-, nitrate (ester)",1,0.5868858531291831,0.675911461082606,0.7214725989463305,0.7228274164647712
Hagan_genotox,DTXSID2023222,Lomustine,1,0.8316436385305873,0.9111401532852899,0.9221129302927537,0.9293026883472889
Hagan_genotox,DTXSID20232907,Sodium 4-(4-methyl-3-nitrobenzoylamino)benzenesulphonate,1,0.3760677569259343,0.43435032079073777,0.5247478871453751,0.5189370700198734
Hagan_genotox,DTXSID20234209,Cyclohexyldimethylammonium dihydrogen phosphate,0,0.43656061279179054,0.44149774868163033,0.45112274403485914,0.41938705511468216
Hagan_genotox,DTXSID2023430,Pentaerythritol tetranitrate,0,0.6342762524512686,0.7542874975336943,0.7303747631308491,0.7452659909165787
Hagan_genotox,DTXSID2023698,"2,2,2-Tribromoethanol",0,0.4014591350725752,0.4501985315583091,0.42920833546280224,0.43452850863475107
Hagan_genotox,DTXSID2023723,Tromethamine,0,0.36187957286408917,0.3172111478563902,0.3148059098932224,0.2953995876552901
Hagan_genotox,DTXSID2023775,Diphenylhydantoin sodium,1,0.5055122065586636,0.5526493357312967,0.5475085847715261,0.5425963081890434
Hagan_genotox,DTXSID20238929,"Bis-ethoxydiglycol cyclohexane 1,4-dicarboxylate",0,0.3264704421525371,0.36898017576551095,0.3763886374441961,0.3776176180361486
Hagan_genotox,DTXSID20240825,"Hydroxyethyl-3,4-methylenedioxyaniline HCl",0,0.5278658524553671,0.5716735008067997,0.6158164600145516,0.6125926135584389
Hagan_genotox,DTXSID2024086,Ethion,0,0.4421924783158004,0.509052445902612,0.43283184747859077,0.44213228886100286
Hagan_genotox,DTXSID2024113,Fonofos,0,0.3833669013621381,0.4332460330553291,0.3907087582835449,0.4138081162128149
Hagan_genotox,DTXSID2024115,Formic acid,1,0.4670030360342729,0.54742455579395,0.5430381622392163,0.5395059887802741
Hagan_genotox,DTXSID20243932,Cumidine,1,0.6123726197845175,0.6744783606968268,0.6997418927072578,0.6772889177111135
Hagan_genotox,DTXSID2024456,9-Aminoacridine,1,0.7043255102090368,0.7867532581570317,0.766491407157942,0.7698517281346208
Hagan_genotox,DTXSID2024458,2-Aminoanthracene,1,0.8631515664291779,0.9263477074319436,0.920885457972163,0.9191554508282641
Hagan_genotox,DTXSID2024585,Benzo(f)quinoline,1,0.787021323947337,0.8559138715814801,0.8383888171363503,0.8400361931795245
Hagan_genotox,DTXSID2024589,Benzotrifluoride,0,0.35050060439865405,0.34294199208221254,0.3713293975792665,0.34133330148219204
Hagan_genotox,DTXSID2024618,"N,N'-Bis(1,4-dimethylpentyl)-4-phenylenediamine",0,0.5017137042184888,0.5339179071985435,0.5170323455955751,0.49873599535417257
Hagan_genotox,DTXSID2024664,Butyraldehyde oxime,1,0.4306754151840344,0.4765287304272789,0.44276176484300267,0.4529549709833301
Hagan_genotox,DTXSID2024666,"1,4-Butanediol",0,0.3650673691816965,0.3040624616517102,0.30004733615156765,0.28969029589514134
Hagan_genotox,DTXSID2024822,Chlorotrimethylsilane,0,0.4446987884887002,0.5040323794489322,0.5217284251555835,0.5154954681312568
Hagan_genotox,DTXSID2024953,2-N-Dibutylaminoethanol,1,0.26852115118561215,0.23208644332579542,0.25853963921739775,0.26335441511273733
Hagan_genotox,DTXSID2024955,Di-tert-butyl peroxide,1,0.34988422994717433,0.39490773861781864,0.40874543517626144,0.3965955531891497
Hagan_genotox,DTXSID2025050,Diethylenetriamine,0,0.40816379707407663,0.37539373784220326,0.44836187381407683,0.445415942759604
Hagan_genotox,DTXSID2025133,"1,2-Dimethyl-4-nitrobenzene",0,0.9309304787673597,0.9797407831235958,0.9822209831353838,0.9832142573608897
Hagan_genotox,DTXSID2025135,"1,3-Dimethyl-4-nitrobenzene",1,0.8815589757007727,0.955266521178248,0.9642229059314502,0.9654402812336293
Hagan_genotox,DTXSID2025139,"N,N-Dimethyl-N-benzyl-N-octadecylammonium chloride",0,0.14232703900941668,0.09716757865847077,0.10022817893731667,0.09226836825515505
Hagan_genotox,DTXSID2025210,C.I. Disperse Red 60,1,0.6686918180013364,0.7698612928331884,0.7340726919518712,0.7405531212368874
Hagan_genotox,DTXSID2025347,Furfuryl alcohol,0,0.5385037574133186,0.5563319240588269,0.5593695611377932,0.5443707458972034
Hagan_genotox,DTXSID2025395,Hexamethyldisilazane,0,0.4691401961230248,0.5176257861979064,0.5527476347162797,0.5275136578278894
Hagan_genotox,DTXSID2025474,Isophytol,0,0.14220949677763448,0.11079633836445779,0.09363348039090057,0.09660277437027742
Hagan_genotox,DTXSID2025478,Isopropyl acetate,0,0.401085070739823,0.4330616464826167,0.39924913933240996,0.4057061871066045
Hagan_genotox,DTXSID2025553,2-Methoxyethyl acetate,0,0.364930550862411,0.4360611570701854,0.4332216876653822,0.4404833396324777
Hagan_genotox,DTXSID2025632,4-Methyl-2-nitroaniline,0,0.9192328998794511,0.9745416928391745,0.9796094077568872,0.9809243967716923
Hagan_genotox,DTXSID2025682,Isopropylamine,0,0.4844731531316689,0.47840662026635217,0.44100550378721975,0.44418567416111293
Hagan_genotox,DTXSID2025684,Monomethyl dihydrogen phosphate,0,0.5140896566676622,0.5848170690351275,0.5935325359470429,0.5821232598013822
Hagan_genotox,DTXSID2025688,Morpholine,1,0.4786080728012972,0.4756258414048557,0.5309562140647589,0.49038163762420567
Hagan_genotox,DTXSID2025840,"1,2-Dichloro-4-(trichloromethyl)benzene",0,0.43967384132271325,0.4770531164499008,0.4745322072010068,0.4552622309462259
Hagan_genotox,DTXSID2025842,Pentaerythritol triacrylate,1,0.48010744013396955,0.5174509450426134,0.6184206546439474,0.5979078040137621
Hagan_genotox,DTXSID2025846,Pentane,0,0.22942778729747113,0.15950119980821353,0.18188781268550314,0.16273189043377942
Hagan_genotox,DTXSID2025892,N-Phenyl-1-naphthylamine,0,0.7185570142372644,0.787940870997588,0.780753942922502,0.7771764761284813
Hagan_genotox,DTXSID2025921,C.I. Pigment Yellow 100,1,0.2275386862561314,0.25047694276754984,0.19371168873315217,0.1970408166882823
Hagan_genotox,DTXSID2026157,"Toluene-2,6-diisocyanate",1,0.6100037779423505,0.6727258827280558,0.7883678078194007,0.7631965747631554
Hagan_genotox,DTXSID2026238,Trimethylamine,1,0.4997212290331932,0.5486985370764067,0.523665009177975,0.531022962790738
Hagan_genotox,DTXSID2026280,Vat Blue 4,0,0.6457626114149797,0.7638575047322395,0.6924861233779755,0.711607652021009
Hagan_genotox,DTXSID2026282,C.I. Vat brown 3,0,0.48244125152988104,0.6112880895639545,0.5414841472843895,0.5706073703633819
Hagan_genotox,DTXSID2026363,Trisodium citrate,1,0.39189126932930035,0.3976752520851095,0.3783038934063536,0.36029694428661446
Hagan_genotox,DTXSID2026444,"2-(Hydroxymethyl)-2-methyl-1,3-propanediol",0,0.281246100530919,0.22009984543282735,0.2061912890939618,0.19500920139816225
Hagan_genotox,DTXSID2026446,Acetyl tributyl citrate,0,0.24220547774065446,0.23497536673531907,0.2581133406041183,0.24093927561917408
Hagan_genotox,DTXSID2026448,"2-Ethyl-2-(hydroxymethyl)-1,3-propanediol",0,0.32470457050981155,0.2821898795436628,0.2692348780698371,0.2598040267754857
Hagan_genotox,DTXSID2026494,Dichlorodiphenylsilane,0,0.5034423127774781,0.5811440000543273,0.5930652515867826,0.5776592030064173
Hagan_genotox,DTXSID2026496,alpha-Terpinyl acetate,0,0.26800203619596225,0.29064909350994933,0.2996448940990624,0.302653275914752
Hagan_genotox,DTXSID2026523,Symclosene,0,0.5148838360054377,0.6346539225492687,0.6020077687075631,0.6118063027734505
Hagan_genotox,DTXSID2026525,2-tert-Butylphenol,1,0.24288642549731035,0.20111483860690474,0.21231308987831177,0.19691448866817188
Hagan_genotox,DTXSID2026527,4-Amino-6-chlorotoluene-3-sulphonic acid,0,0.28255918845969713,0.2599559740384109,0.28974033343919453,0.27644285104974653
Hagan_genotox,DTXSID2026529,2-Tert-Butyl-5-methylphenol,1,0.22441155972163548,0.17363416562673817,0.1805723122736771,0.16440697850533878
Hagan_genotox,DTXSID2026600,"1,3-Dioxolan-2-one",0,0.45664459722617057,0.5279467040841429,0.5371900304476438,0.5271589072955142
Hagan_genotox,DTXSID2026602,"2,4-Di-tert-butylphenol",0,0.22442132747337426,0.17783824580007032,0.18823427488329939,0.1731000060935508
Hagan_genotox,DTXSID2026606,"1,3-Di-o-tolylguanidine",0,0.3879154786090802,0.3759207690049981,0.3649251278199747,0.3523858249984377
Hagan_genotox,DTXSID2026608,Methylenebutanedioic acid,0,0.471103322231132,0.5136666229617761,0.5972756573034433,0.5830723847752193
Hagan_genotox,DTXSID2026739,Diethlylene glycol bis chloroformate,0,0.37136184069269534,0.3820891702845604,0.5300681420318798,0.5095082496526495
Hagan_genotox,DTXSID2026781,4-Methyl-2-pentanol,0,0.3989942380476142,0.3443856629638646,0.3418046300265556,0.33028223656337785
Hagan_genotox,DTXSID2026789,Propylene carbonate,1,0.5417129650595139,0.62929605280102,0.6344957402734788,0.6247591303401906
Hagan_genotox,DTXSID2026941,Chlorendic anhydride,1,0.3930627335552154,0.43053543458328464,0.37760660572458365,0.378253802442313
Hagan_genotox,DTXSID2026943,Pentaerythritol,0,0.4220298475663784,0.3800255057354367,0.3775957770102057,0.350900605291016
Hagan_genotox,DTXSID2026949,Hexafluoropropene,1,0.40621340444637694,0.4548337598564108,0.46563689664028224,0.4407738372382585
Hagan_genotox,DTXSID2026991,Triethyl phosphite,0,0.3714036832856302,0.5462231811301969,0.3110303090377422,0.46796954454639267
Hagan_genotox,DTXSID2026997,4-Methoxybenzaldehyde,1,0.4255162117864213,0.49190249773811656,0.5082520636881828,0.5214255593790957
Hagan_genotox,DTXSID2026999,"Propanoic acid, 3,3'-thiobis-, didodecyl ester",0,0.04931455824691602,0.02877540713871643,0.0281708541192288,0.0278796325061126
Hagan_genotox,DTXSID2027044,Sodium acetate,0,0.48769785329762777,0.5065412011510942,0.491235425453558,0.5035184337136535
Hagan_genotox,DTXSID2027048,Sodium 3-nitrobenzenesulfonate,0,0.6450762827750333,0.7955772361724261,0.7400390269682361,0.7655663446304564
Hagan_genotox,DTXSID2027090,Sodium formate,0,0.49038444451783875,0.5790877835840685,0.5725135206380529,0.5693720401843337
Hagan_genotox,DTXSID2027092,Ethyl acetoacetate,1,0.38700743841937424,0.41254080575916147,0.3498670481611288,0.34934855897087536
Hagan_genotox,DTXSID2027096,"2,5-Dimethyl-3-hexyne-2,5-diol",0,0.33459974259323594,0.3198700466717303,0.29916312637480436,0.29387444927769474
Hagan_genotox,DTXSID2027179,"Acetic acid, cerium(3+) salt (3:1)",0,0.49578474842913806,0.5332495287776272,0.5075271751785793,0.5180374408677015
Hagan_genotox,DTXSID2027202,"2-Propanol, aluminum salt",0,0.4945355506001554,0.49453783670112994,0.4737013690749565,0.4791449265425831
Hagan_genotox,DTXSID2027204,Methyl isothiocyanate,1,0.5790101656065206,0.6979649466752438,0.7131374237264927,0.7480291112767118
Hagan_genotox,DTXSID2027206,3-Methyl-2-buten-1-ol,0,0.4624430006437748,0.4838809736570034,0.5153703919558764,0.510443088649032
Hagan_genotox,DTXSID2027208,Magnesium stearate,1,0.3754237797997562,0.4059414281222393,0.3582524538021161,0.3672012449412407
Hagan_genotox,DTXSID2027333,3-Aminopropyltriethoxysilane,0,0.3037035856201689,0.29443352643927767,0.26763568640277396,0.28299572029166514
Hagan_genotox,DTXSID2027335,"2-Propenamide, N-(hydroxymethyl)-2-methyl-",1,0.41407827533608127,0.48289001732848674,0.49298658277049506,0.48541900508729396
Hagan_genotox,DTXSID2027339,"Propaneperoxoic acid, 2,2-dimethyl-, 1,1-dimethylethyl ester",1,0.5927342542113876,0.6922991543603373,0.6777341087953642,0.6831575253821853
Hagan_genotox,DTXSID2027412,"3,6,9,12-Tetraoxahexadecan-1-ol",0,0.21849842600502759,0.17634475437453664,0.16656814408928836,0.15644429497685666
Hagan_genotox,DTXSID2027416,Cyclohexanethiol,0,0.41149728950281944,0.4875744957991132,0.4168718762563768,0.46257615344539554
Hagan_genotox,DTXSID2027460,"Zinc, bis[O,O-bis(1,3-dimethylbutyl) phosphorodithioato-.kappa.S,.kappa.S']-, (T-4)-",0,0.38342846858056995,0.4411201449769732,0.39543670093499345,0.4138489546723167
Hagan_genotox,DTXSID2027466,ECC,1,0.49818442228899923,0.549983893174049,0.6171851723563528,0.6298787295218902
Hagan_genotox,DTXSID2027543,"N,N-Diethylhydroxylamine",1,0.42631350619356195,0.4459479847724577,0.4614874391471456,0.48240141952569954
Hagan_genotox,DTXSID2027549,Distearyl pentaerythritol diphosphite,0,0.1597845705775939,0.15813341411871776,0.13412384206127587,0.14951852179514638
Hagan_genotox,DTXSID2027591,2-Acrylamido-2-methylpropanesulphonate sodium salt,0,0.1808417139591899,0.16324695083227778,0.22738627081100715,0.22200622202706935
Hagan_genotox,DTXSID2027593,4-Chlorobenzotrichloride,1,0.5369441907274498,0.6012870596784983,0.5994661737885344,0.5786102243221584
Hagan_genotox,DTXSID2027595,Sodium 1-octanesulfonate,0,0.1429924888915862,0.10958793514658162,0.10460963882128486,0.10709158700712752
Hagan_genotox,DTXSID2027599,Ammonium thioglycolate,0,0.39026948206367856,0.43451824047815774,0.38106983143595335,0.3966499408962785
Hagan_genotox,DTXSID2027624,Aminotrimethylene phosphonic acid,0,0.3767442841458257,0.41323722747477554,0.3945294937445765,0.4205306790598222
Hagan_genotox,DTXSID2027757,"Disodium 4,4'-bis-(2-sulfostyryl)biphenyl",0,0.30461556434577836,0.3098715478082292,0.3889154398572848,0.3809103395386773
Hagan_genotox,DTXSID2027759,"2-Amino-2,3-dimethylbutanenitrile",0,0.32392133299678677,0.376753714863958,0.32027546700081677,0.3569632583929156
Hagan_genotox,DTXSID2027832,2-Ethylhexyl chloroformate,0,0.13005378967939307,0.12160116620934462,0.1667055300925139,0.1689865304552993
Hagan_genotox,DTXSID2027882,"Methanesulfonamide, N-[2-[(4-amino-3-methylphenyl)ethylamino]ethyl]-, sulfate (2:3)",1,0.5914166440344641,0.6458681360880696,0.6304181985103323,0.6163663107897932
Hagan_genotox,DTXSID2027886,"2-(2-Hydroxy-3,5-di-tert-pentylphenyl)benzotriazole",0,0.17575574100691096,0.17165033827744783,0.16299705217357718,0.16378154555377825
Hagan_genotox,DTXSID2027911,"Bis(2,4-di-tert-butylphenyl) pentaerythritol diphosphite",1,0.2126170945103534,0.1788497908709553,0.19001076399275932,0.17398942755181035
Hagan_genotox,DTXSID2027969,"Tris(2,4-di-tert-butylphenyl) phosphite",0,0.3487582303609793,0.3445659037124262,0.35423263343351036,0.3392226818450956
Hagan_genotox,DTXSID2028016,2-(Dimethylamino)ethyl acrylate methochloride,0,0.28961796262142947,0.30023199679800144,0.3073774369785724,0.30791184242803005
Hagan_genotox,DTXSID2028985,"2-(2H-Benzotriazol-2-yl)-4,6-bis(1-methyl-1-phenylethyl)phenol",0,0.19798801511497785,0.20444976661898814,0.19269239039047847,0.1956509584125936
Hagan_genotox,DTXSID2029167,Metam-sodium,1,0.5036314568896177,0.6560242050856058,0.5941166254174984,0.6479252441324745
Hagan_genotox,DTXSID2029240,Vinyltrimethoxysilane,1,0.3488578465780528,0.3803455239787887,0.4050517652703367,0.38837515164936515
Hagan_genotox,DTXSID2029242,"Diethyl (N,N-bis(2-hydroxyethyl)amino)methanephosphonate",1,0.42055610729231646,0.4636895374901144,0.4947835019998979,0.5423366327580496
Hagan_genotox,DTXSID2029246,Triethoxyoctylsilane,0,0.09179068844462411,0.06575773820665609,0.06947774006609962,0.07080262094182416
Hagan_genotox,DTXSID2029325,Methyl dihydrojasmonate,0,0.2800094480254475,0.3228298926032332,0.33123665743975966,0.3340528935451415
Hagan_genotox,DTXSID2029327,Tetrabromobisphenol A diallyl ether,0,0.31571255734709847,0.3092234180775943,0.35106448854703487,0.32542386285589503
Hagan_genotox,DTXSID2029616,Imidazole,0,0.47039505347614824,0.5342645107796801,0.5529379042684099,0.5371309026046029
Hagan_genotox,DTXSID2029618,Calcium D-gluconate,1,0.5517398602508204,0.6343209889197966,0.5638680385053658,0.5857207624545443
Hagan_genotox,DTXSID2029660,"N,N-Dimethyl-1-tetradecanamine N-oxide",0,0.03998083669626089,0.02171046388113519,0.021537653893978687,0.023583821319494224
Hagan_genotox,DTXSID20297798,2-Methoxy-6-methylbenzoic acid,0,0.40335545861358685,0.4251824357411081,0.3962011475483191,0.3900047936150914
Hagan_genotox,DTXSID20300675,4-(methylamino)-3-nitrobenzoic acid,0,0.7480258578414065,0.8682762109718057,0.8794398355107269,0.8855152829452185
Hagan_genotox,DTXSID2030695,Aloe-emodin,1,0.49216461994435096,0.5697538325303595,0.5564046949453112,0.541125541257823
Hagan_genotox,DTXSID2031089,D&C Red 27,0,0.3813056893459669,0.4354793467451103,0.36389685060149773,0.36858238541358634
Hagan_genotox,DTXSID2031374,Glycidamide,1,0.5225150208405905,0.5601244975363638,0.5780242789332817,0.5723238883340777
Hagan_genotox,DTXSID2031956,Prilocaine hydrochloride,0,0.3313905316527181,0.3203366273281935,0.3272655772228701,0.3166612630154855
Hagan_genotox,DTXSID2032342,Chinomethionate,1,0.5509455026587693,0.6384545422811415,0.5823210035332865,0.5776957753032622
Hagan_genotox,DTXSID2032637,Pymetrozine,0,0.49635920385543636,0.6109173916375928,0.5191897040032384,0.5479615424758455
Hagan_genotox,DTXSID2033445,Dimethyldipropylenetriamine,0,0.38674159245117723,0.35540675631262525,0.3837252420831798,0.3786695884122722
Hagan_genotox,DTXSID2033447,"N,N-Dimethylisopropylamine",0,0.4802867181399493,0.5083187257461528,0.45153293121323995,0.47579295655087567
Hagan_genotox,DTXSID2033863,"1,4-Divinylbenzene",0,0.5133125202813901,0.5603449976275765,0.6165990706831551,0.583415773739932
Hagan_genotox,DTXSID20340612,4-Pentylcyclohexanone,0,0.18732307802599782,0.21052503423912616,0.20822845904441045,0.22170814972663377
Hagan_genotox,DTXSID2034091,Valeryl chloride,0,0.24958628455912657,0.2603984544199509,0.21586122895641713,0.23787699919891045
Hagan_genotox,DTXSID2034259,2-Methyl-3(2H)-isothiazolone,1,0.5476864235600963,0.6938717615855592,0.6385819162481583,0.6790051990372352
Hagan_genotox,DTXSID2034330,"4-Amino-3,6-dichloro-2-pyridinecarboxylic acid",1,0.5465261373697047,0.6057838886210701,0.6135329924925917,0.6097102672015908
Hagan_genotox,DTXSID2034881,Quinoxyfen,0,0.4525328907636393,0.5064470498237366,0.4847053852250025,0.48506646709368145
Hagan_genotox,DTXSID2034962,Thiamethoxam,0,0.6096711860012122,0.7089994919607774,0.7867268688390187,0.7882913124534968
Hagan_genotox,DTXSID20350372,1-[2-Chloro-4-(4-chlorophenoxy)phenyl]ethan-1-one,0,0.48516752497489685,0.5475102123441206,0.5276146118239727,0.5329958969179248
Hagan_genotox,DTXSID20358217,"1,2-Benzenediol, 4-[(4-methylphenyl)sulfonyl]-",0,0.39224559626169064,0.40073124966578616,0.38524353473777057,0.37900108398636556
Hagan_genotox,DTXSID2036112,2-(8-Heptadecenyl)-2-imidazoline-1-ethanol,0,0.10502021315234246,0.06905188135901685,0.08780058453063466,0.08956115917601133
Hagan_genotox,DTXSID20361327,[4-[3-(4-benzoyl-3-hydroxyphenoxy)-2-hydroxypropoxy]-2-hydroxyphenyl]-phenylmethanone,0,0.32967150289204666,0.3514658506966333,0.4011188305515994,0.3974274294526678
Hagan_genotox,DTXSID2036245,Potassium carbonate,1,0.49807519745855267,0.5694332577218656,0.5873022177794812,0.5608305719502842
Hagan_genotox,DTXSID2036299,"N,N-Dimethyloctylamine",0,0.07959149921486729,0.048763611636219784,0.05296032401123763,0.05276302289678978
Hagan_genotox,DTXSID2036409,Calcium disodium ethylenediaminetetraacetate,0,0.4238493684405331,0.46099350181248927,0.4249240288360941,0.4209467434371799
Hagan_genotox,DTXSID2036827,"3,3'-Diaminobenzidine",1,0.7018711523208486,0.7633872534919862,0.791960865211846,0.7906337773846911
Hagan_genotox,DTXSID2037712,"4,4',4''-Ethane-1,1,1-triyltriphenol",0,0.35275322664280817,0.3443619418174544,0.3281334343531605,0.31596947569706285
Hagan_genotox,DTXSID20379947,2-(Perfluorohexyl)ethanethiol,0,0.23110070083165044,0.2547357719872166,0.19864018640699133,0.23574501059979835
Hagan_genotox,DTXSID2038732,Diethyl butanedioate,0,0.4014277295553888,0.44914908144102017,0.4706290796129966,0.4534956698879853
Hagan_genotox,DTXSID2038738,"1-Bromopyrrolidine-2,5-dione",1,0.4917585272255381,0.5549503696165373,0.49480272752907384,0.49657831599594093
Hagan_genotox,DTXSID2038788,"1,4-Cyclohexanedicarboxylic acid",0,0.47400975242876947,0.49669680605491423,0.46122487794222405,0.4474525331544756
Hagan_genotox,DTXSID2038813,Isophthalyl dihydrazide,0,0.5015002099785898,0.5513154563456188,0.5421371836914736,0.5189235543816197
Hagan_genotox,DTXSID2038817,3-[Diethoxy(methyl)silyl]propan-1-amine,1,0.21588195608082136,0.192474518616402,0.15095418772198133,0.16293081874985926
Hagan_genotox,DTXSID20398835,2-ethoxy-N-hydroxybenzamidine,1,0.4615412914506238,0.4932466272819525,0.495377791701822,0.47444017428754187
Hagan_genotox,DTXSID2040151,Imidazolidinyl urea,0,0.44145982873962786,0.5168508710124096,0.514751046320105,0.5100672342118747
Hagan_genotox,DTXSID2040236,Kojic acid,1,0.4817279188383385,0.560426955252657,0.5844614878316793,0.5883749687524701
Hagan_genotox,DTXSID2040446,Chloroquine,1,0.5731293085778337,0.6525440853949163,0.6385354156844262,0.6424798776734733
Hagan_genotox,DTXSID2041094,Phenelzine,1,0.5321693220405899,0.5732708443503777,0.6067495435848339,0.5833682561827976
Hagan_genotox,DTXSID2041179,1-Ethyl-3-methylimidazolium acetate,0,0.41909387703987283,0.41704890246020576,0.423776851742347,0.4012678113721169
Hagan_genotox,DTXSID2041200,"N,Nâ€²-Disalicylidene-1,2-diaminopropane",1,0.49537551976234395,0.5503469782187294,0.49485507466593015,0.49461176732301865
Hagan_genotox,DTXSID2041204,Ammonium glycyrrhizate,0,0.38218192880980895,0.4761855843994784,0.4591316233218405,0.47770392807529677
Hagan_genotox,DTXSID2041252,"1,4-Diaminoanthraquinone",1,0.5054199076181549,0.5939943924800645,0.5633005016045441,0.5683813693725452
Hagan_genotox,DTXSID2041256,"1,5-Pentanediol",0,0.29414660891365857,0.24079978463004315,0.24155514477917497,0.21991420353157043
Hagan_genotox,DTXSID2041389,2'-Acetonaphthone,1,0.4955873169904823,0.5549053931854395,0.5177288262533665,0.5187779852025886
Hagan_genotox,DTXSID2041412,2-Chloro-N-(hydroxymethyl)acetamide,1,0.6357425367932321,0.6955750774307843,0.6878059391965543,0.6859776358511223
Hagan_genotox,DTXSID2041418,2-Ethylbutyric acid,0,0.27130507275844007,0.2750359462790565,0.2496071489511642,0.25639255010769935
Hagan_genotox,DTXSID2041626,"3,4-Dimethylbenzaldehyde",0,0.5218189984090275,0.6188621544472132,0.6217619595876552,0.635209968679339
Hagan_genotox,DTXSID2041674,Triethyl borate,1,0.3836604243247193,0.41647545240223877,0.35342346441316735,0.38258405320587
Hagan_genotox,DTXSID2041705,C.I. Acid Blue 80,0,0.33891134368947123,0.4008760534814139,0.33507458065629453,0.3471871319962007
Hagan_genotox,DTXSID2041709,"C.I. Acid Orange 8, monosodium salt",0,0.12827221783947942,0.1255145089108953,0.09603777126599111,0.10513376196054268
Hagan_genotox,DTXSID2041757,Carbon tetrafluoride,0,0.3646798454477713,0.30282375750207297,0.4165828894553329,0.2962163720924509
Hagan_genotox,DTXSID2041915,Perfluoroethane,0,0.2824536420202931,0.22228883752561682,0.31654625204457715,0.23106511650428938
Hagan_genotox,DTXSID20420180,3-(3-tert-Butyl-4-hydroxyphenyl)propanoic acid,0,0.20468455393308313,0.1672727313568787,0.1702840971919007,0.16508840896655042
Hagan_genotox,DTXSID2042199,N-Chlorosuccinimide,0,0.4981773557948328,0.5305652840272584,0.4947714522101258,0.4880893147137952
Hagan_genotox,DTXSID2042276,o-Ethoxyphenol,0,0.4343749242058031,0.4420096487142448,0.4839397393129725,0.45542807025515697
Hagan_genotox,DTXSID2042436,Sulisobenzone,0,0.24406033014987813,0.24339488344964133,0.23690277420546868,0.23673386898195328
Hagan_genotox,DTXSID2042517,Zinc dioctanoate,1,0.43227582806485093,0.48723838341575404,0.4500077370539833,0.465309440175211
Hagan_genotox,DTXSID20431716,"4'-[(2-Butyl-4-oxo-1,3-diazaspiro[4.4]non-1-en-3-yl)methyl][1,1'-biphenyl]-2-carbonitrile",0,0.2663436435234207,0.26727127441950926,0.24442938676027945,0.23924218246484585
Hagan_genotox,DTXSID20435779,1-(4-Methoxyphenyl)-2-[(3-methoxyphenyl)sulfanyl]ethan-1-one,0,0.4177742885981523,0.476119510049583,0.4423049795281706,0.4624231636982283
Hagan_genotox,DTXSID2043874,Tyramine,1,0.5051489519586855,0.5414156183663065,0.5511983029368356,0.525558551282951
Hagan_genotox,DTXSID2044212,Docusate calcium,0,0.14258766363014233,0.12661129983529354,0.12005589125648553,0.11809733101375204
Hagan_genotox,DTXSID2044343,Pyrasulfotole,0,0.3199701629000114,0.33569630989669297,0.34350453533870257,0.33766339592848266
Hagan_genotox,DTXSID2044347,4'-Methoxyacetophenone,0,0.3522924386980997,0.3783655951365276,0.35270530821632134,0.3581199485328011
Hagan_genotox,DTXSID2044395,1-Bromododecane,0,0.10178211648410394,0.0925469024948155,0.07807805771400139,0.0904221762080379
Hagan_genotox,DTXSID2044397,Trifluoromethanesulfonic acid,0,0.2863866436584193,0.2870624670210497,0.32596561586455025,0.2911549205572617
Hagan_genotox,DTXSID2044399,Phenylphosphonic acid,0,0.5026030483542544,0.578472478717235,0.5757490433623591,0.5719193848496635
Hagan_genotox,DTXSID2044422,"N-(2-Aminoethyl)-N'-[3-(trimethoxysilyl)propyl]ethane-1,2-diamine",0,0.2944670968331366,0.2858120866109038,0.32150553726018205,0.33901550200313674
Hagan_genotox,DTXSID2044428,3-Mercaptopropyltrimethoxysilane,0,0.3612114828848418,0.440323594151325,0.33328644734472485,0.4083152608342006
Hagan_genotox,DTXSID2044472,Diethyl oxalate,0,0.4042087917723442,0.5099116710303425,0.4794375155607488,0.4946306535111827
Hagan_genotox,DTXSID2044474,1-Phenyl-1-propanol,0,0.4037501071748058,0.39698290057205554,0.4087093662954549,0.3831971724848122
Hagan_genotox,DTXSID2044501,3-Methylbutyl phenylacetate,0,0.44113118188173556,0.46538349484536395,0.45062204864130767,0.43290542805528354
Hagan_genotox,DTXSID2044551,Decamethyltetrasiloxane,0,0.40006054982863276,0.41431498888064855,0.46194144975362067,0.4184967535839507
Hagan_genotox,DTXSID20446128,Dicyclopentyldichlorosilane,0,0.42406475104162494,0.44205126286649143,0.4467411078051758,0.4355108812122846
Hagan_genotox,DTXSID2044636,"1,12-Dodecanediamine",0,0.2781013249934631,0.22826189458358417,0.27230158165014084,0.22113459580972508
Hagan_genotox,DTXSID2044638,3-(Methyldiethoxysilyl)propyl glycidyl ether,1,0.5359936754790964,0.5511536452510207,0.5219728258490463,0.525587074415672
Hagan_genotox,DTXSID2044680,"2,2'-[(3-Aminopropyl)imino]diethanol",0,0.37305002887283917,0.35818626185551156,0.33686539158523043,0.34166952900657627
Hagan_genotox,DTXSID2044682,"N,N,N-Trimethyl-3-[(2-methylacryloyl)amino]propan-1-aminium chloride",0,0.23849842792655615,0.25756965511243063,0.27346574043587046,0.2671479692482392
Hagan_genotox,DTXSID2044686,"4-Amino-2,5-dimethoxy-N-phenylbenzenesulfonamide",0,0.37221480854126393,0.3848880642988892,0.40366245398178896,0.3980288081911858
Hagan_genotox,DTXSID2044713,Acid Red 337,0,0.16374220080656446,0.16899662323512663,0.15171320245047024,0.1644784412254696
Hagan_genotox,DTXSID2044717,Dimethoxy(diphenyl)silane,0,0.49922276276480204,0.565710434404501,0.5890353710062378,0.5663358342742794
Hagan_genotox,DTXSID2044763,Parbenate,1,0.4346412261925323,0.47506881421673836,0.44293773019163035,0.4422106918246455
Hagan_genotox,DTXSID2044765,3-Phenylprop-2-en-1-yl acetate,1,0.37958012865344726,0.378891526356607,0.4282343436406202,0.397187517786745
Hagan_genotox,DTXSID2044767,2-(2-Pyridyl)ethanol,0,0.47309139908599285,0.5147392515654642,0.5111025477103559,0.512412807144475
Hagan_genotox,DTXSID2044769,Cyclamen aldehyde,0,0.4327171117668331,0.48193619140265054,0.5426509161470375,0.5444435095078869
Hagan_genotox,DTXSID2044840,Sodium 2-methylprop-2-ene-1-sulfonate,0,0.3346033281998735,0.32924022202800773,0.38838289001530574,0.3710556123627004
Hagan_genotox,DTXSID2044842,"N,N',N''-Tricyclohexyl-1-methylsilanetriamine",0,0.24559131801763726,0.23367530389205018,0.23052027822138363,0.23753639014579683
Hagan_genotox,DTXSID2044892,Diphenyl phosphorochloridate,0,0.4372103382623655,0.4878787236585147,0.5174060858346982,0.4929520792916531
Hagan_genotox,DTXSID2044898,4-Ethenylphenyl acetate,0,0.4869659427034296,0.5323749275505508,0.6094767687792365,0.5864070055317513
Hagan_genotox,DTXSID2044921,OO-tert-butyl O-(2-ethylhexyl) peroxycarbonate,0,0.41681261180799445,0.46927383010299084,0.4767287265894793,0.47236851679460895
Hagan_genotox,DTXSID2044923,"3,5-Diethyl-1-phenyl-2-propyl-1,2-dihydropyridine",0,0.40003373158355376,0.4185046321306129,0.4304113959704416,0.4290687753155555
Hagan_genotox,DTXSID2044927,Bis(2-ethylhexyl) phosphonate,0,0.17214020986923614,0.1913715454690428,0.14752399245222536,0.1913743850314098
Hagan_genotox,DTXSID2044975,1-{Bis[3-(dimethylamino)propyl]amino}propan-2-ol,0,0.2018341364832079,0.1589123084431222,0.15015297531670382,0.14421681459471708
Hagan_genotox,DTXSID2045026,"1,1,1-Trifluoro-N-[(trifluoromethyl)sulfonyl]methanesulfonamide",0,0.4990974191862742,0.5591537098921148,0.5786314158409501,0.5561218237889038
Hagan_genotox,DTXSID20450407,"1,2-Benzisothiazole, 3-methyl-, 1,1-dioxide",0,0.5482306697854397,0.6112944480266442,0.5720771110071624,0.5608771646813625
Hagan_genotox,DTXSID2045280,Azacyclonol,0,0.4160255899466255,0.4305014773929862,0.44025085798784147,0.43010336355909545
Hagan_genotox,DTXSID20459132,5-(4-Chlorobutyl)-1-cyclohexyl-1H-tetrazole,0,0.39695683409706134,0.41762531026236127,0.4060505854434968,0.4046567925055658
Hagan_genotox,DTXSID20460723,"N-(2-Chloro-6-methylphenyl)-2-[(6-chloro-2-methylpyrimidin-4-yl)amino]-1,3-thiazole-5-carboxamide",0,0.34949370411204356,0.4069915392619843,0.36141650316424684,0.3812017580513685
Hagan_genotox,DTXSID20466164,4-(4-nitrophenyl)morpholin-3-one,1,0.7988294939214634,0.8812933247755103,0.9176268190669203,0.9170096191126847
Hagan_genotox,DTXSID2046703,Bisoctrizole,0,0.17446991827356054,0.1660496157277539,0.15745155946339082,0.1573312290895358
Hagan_genotox,DTXSID2047064,Hydrocinnamic acid,0,0.4447186661453862,0.47307150663317515,0.48114848354813305,0.4620585954277249
Hagan_genotox,DTXSID2047141,Cyclopentadecanone,0,0.46322744404065896,0.5243105503331053,0.5236245207576328,0.5476858544866209
Hagan_genotox,DTXSID2047149,4-Isopropylcyclohexanol,0,0.49261639804758484,0.45664606277339176,0.47662447525060675,0.4526644811140515
Hagan_genotox,DTXSID2047199,2-Methoxy-4-propylphenol,0,0.35871445027080656,0.3502034374776595,0.3909741121705037,0.35925300064619714
Hagan_genotox,DTXSID2047228,Isolongifolanone- parent,0,0.4212750352881576,0.5155508190944423,0.491881277598595,0.5176300161933992
Hagan_genotox,DTXSID2047640,Methyl stearate,0,0.14881189998343028,0.1595943367136777,0.16661624562392488,0.17190659868687674
Hagan_genotox,DTXSID2047642,Linalyl formate,0,0.2811749801191023,0.31878063539538665,0.3213869066880081,0.32908372277354164
Hagan_genotox,DTXSID2047648,3-Phenylpropyl acetate,0,0.34940417454118866,0.33269245114017865,0.3205587638513564,0.30102497110509874
Hagan_genotox,DTXSID2047698,Pentyl formate,0,0.1907621997180459,0.2026974393602414,0.2013334038502883,0.21314881418351553
Hagan_genotox,DTXSID2047725,"2,2,2-Trichloro-1-phenylethyl acetate",0,0.45304421613350176,0.485225075739673,0.459231839118507,0.44212923301029106
Hagan_genotox,DTXSID2047727,2-Ethoxy-5-(1-propenyl)phenol,1,0.4256736616585941,0.4388637502014899,0.5212736961004331,0.4932517554026526
Hagan_genotox,DTXSID2048119,Ambroxide,0,0.3164713727254009,0.2881615520288454,0.36293958165882767,0.28212897257249
Hagan_genotox,DTXSID2048531,Trimetazidine,0,0.36523793990908954,0.37367971784976667,0.3748850803622356,0.3786588611521417
Hagan_genotox,DTXSID2049218,1-Ethyl-3-methylimidazolium tetrafluoroborate,0,0.41909387703987283,0.4170650505942211,0.4236914899767641,0.40119071489706143
Hagan_genotox,DTXSID2049262,4-Amino-m-cresol,1,0.677166416658794,0.7470346583624131,0.7694503404037091,0.7515930972478811
Hagan_genotox,DTXSID2049347,1-Ethyl-1-methylpyrrolidinium bromide,1,0.3690650054687627,0.34036425516539426,0.3340114781795076,0.32641809006533257
Hagan_genotox,DTXSID2049397,1-Bromohexadecane,0,0.10076857596724455,0.08457756424293894,0.06767072424871748,0.08472551876493599
Hagan_genotox,DTXSID2049424,"1,8-Diazabicyclo[5.4.0]undec-7-ene",0,0.36424650854742086,0.3774243128932402,0.3686874935367002,0.37729133803424153
Hagan_genotox,DTXSID2049684,2-Ethoxynaphthalene,0,0.5061104514585452,0.5826855689121399,0.5891973867172599,0.5824348887356763
Hagan_genotox,DTXSID2050035,Dodecyl(2-hydroxy-3-sulphonatopropyl)dimethylammonium,0,0.11436705061550449,0.08033463565461897,0.08119105623153505,0.08104073368192855
Hagan_genotox,DTXSID2051633,"3,3-Bis(4-hydroxy-5-isopropyl-o-tolyl)phthalide",0,0.5018427036414469,0.559492580517469,0.5340077139736584,0.5373589918757798
Hagan_genotox,DTXSID2051685,"2-(Hexadecan-2-yl)-4,6-dimethylphenol",0,0.13295653701483168,0.08598446112309306,0.09427694762009232,0.08540153481769497
Hagan_genotox,DTXSID2051687,4-Chlorobenzophenone,0,0.4833035875781501,0.5494867050322926,0.5233216273645898,0.5243942692075039
Hagan_genotox,DTXSID2051712,Bis(2-butoxyethyl) adipate,0,0.14991840554224023,0.12708512702689326,0.1405921064566699,0.13607279833061936
Hagan_genotox,DTXSID2051762,Dipropyl peroxydicarbonate,0,0.3361052184851126,0.3643906557105448,0.379637437494555,0.3689964704104253
Hagan_genotox,DTXSID2051928,Cyclohexyl 2-hydroxybenzoate,0,0.29537876526101753,0.30790204002979077,0.3034348010384465,0.304573147612997
Hagan_genotox,DTXSID2052023,"1,7-Dioxacycloheptadecan-8-one",0,0.3416892207828404,0.412960257387508,0.4057693965805657,0.42088416678810375
Hagan_genotox,DTXSID2052027,2-Phenylhexanenitrile,0,0.2565153780106138,0.22264808222875143,0.22168411988710982,0.20710194618527578
Hagan_genotox,DTXSID2052073,"1,3,3,5-Tetramethyl-1,1,5,5-tetraphenyltrisiloxane",0,0.44722512113539353,0.5003281166490106,0.5229295460865583,0.507025592166129
Hagan_genotox,DTXSID2052077,Methyl cyclopentylideneacetate,0,0.4202606750184097,0.4952655882958131,0.4918285810349768,0.49562754291917305
Hagan_genotox,DTXSID2052079,Pigment Red 177,0,0.626517164761362,0.7319400568965179,0.6718103571484854,0.6739078089064803
Hagan_genotox,DTXSID2052106,3-Methoxybutyl acetate,0,0.3748067708154785,0.4429936849396303,0.4386033864993648,0.44687880613242803
Hagan_genotox,DTXSID2052158,Tetrasodium glutamate diacetate,1,0.4521477565569069,0.4822388972559752,0.4489544126540073,0.4366331496081685
Hagan_genotox,DTXSID2052312,Hexadecyl acetate,0,0.059289910182396675,0.05181936407309714,0.05727718951579778,0.060172543168220884
Hagan_genotox,DTXSID2052316,1-Cyclohexylethyl butyrate,0,0.41936512259061426,0.4931785315769838,0.4913216998435395,0.4959485267123945
Hagan_genotox,DTXSID2052318,2-Isobutyl-4-methyltetrahydropyran-4-ol,0,0.3205036237273888,0.2818776372938551,0.31387632731771126,0.2678625538173839
Hagan_genotox,DTXSID2052364,"2,4-Dimethylcyclohex-3-ene-1-methyl acetate",0,0.32663405643333393,0.37215786953169755,0.3768829922001445,0.38175386872746614
Hagan_genotox,DTXSID2052491,"Calcium di[(2E,4E)-2,4-hexadienoate]",1,0.5696403703375528,0.6411444734912956,0.7129038660676095,0.7051330714490808
Hagan_genotox,DTXSID2052493,[2-(1-Propoxyethoxy)ethyl]benzene,0,0.33345649833512686,0.31132522963363934,0.31066282283932867,0.2862833087491885
Hagan_genotox,DTXSID2052495,"1,5-Dimethylbicyclo[3.2.1]octan-8-one oxime",0,0.47801732555379234,0.5419218267422042,0.510333169310435,0.5294518427893126
Hagan_genotox,DTXSID2052520,C.I. Pigment Yellow 180,0,0.1439105790658897,0.1339264653140485,0.16690475974404043,0.17116315593889642
Hagan_genotox,DTXSID2052570,1-(Methylamino)anthraquinone,1,0.4340899898714033,0.5112089931574153,0.39386799592083893,0.3886731893054995
Hagan_genotox,DTXSID2052572,1-Aminoanthraquinone,0,0.49407328275808315,0.580126740905853,0.5364155278712694,0.5318847953926066
Hagan_genotox,DTXSID2052574,"1,5-Dihydroxynaphthalene",1,0.6107628964338273,0.6720089141763249,0.6512597054383457,0.6436861901146956
Hagan_genotox,DTXSID2052609,"Methyl 2-[[3-[4-(1,1-dimethylethyl)phenyl]-2-methylpropylidene]amino]benzoate",0,0.35471122662686905,0.39285756606389066,0.3512882437274203,0.3664380646511975
Hagan_genotox,DTXSID2052655,C.I. Pigment Red 122,0,0.5357275675728773,0.6169139416298989,0.5538358358058563,0.5615934998151252
Hagan_genotox,DTXSID2052732,"1,1'-Ethane-1,2-diylbis(pentabromobenzene)",0,0.44495232525693645,0.555562068032287,0.5098263551377421,0.4399241059420767
Hagan_genotox,DTXSID20552278,Bis(4-tert-butylphenyl)iodanium hexafluorophosphate,0,0.33448076175395497,0.37022025856826374,0.3094653014186069,0.3152507296219733
Hagan_genotox,DTXSID20558679,"N,N'-[Methylenedi(4,1-phenylene)]bis(N'-octylurea)",0,0.16488889945007343,0.13246283505998968,0.13834998265971962,0.12892035834534488
Hagan_genotox,DTXSID20572158,"Oxydi(ethane-2,1-diyl) bis(chloroacetate)",0,0.4431001478418837,0.46951953436117905,0.42771518007453796,0.4218214487149489
Hagan_genotox,DTXSID2057657,Norfentanyl,0,0.3122965376729634,0.32087514584866556,0.3126374017740614,0.3120352580159422
Hagan_genotox,DTXSID2057732,Ethyl protocatechuate,0,0.320761260242148,0.32641067400307705,0.2820498557709085,0.28005294971311484
Hagan_genotox,DTXSID2057788,o-Chlorothiophenol,0,0.4653273254670858,0.5047933379994773,0.5041374131151931,0.4883006958736933
Hagan_genotox,DTXSID2057861,"Butanedioic acid, 2,3-dihydroxy- (2R,3R)-, sodium salt (1:2)",0,0.5372891630896449,0.5801797542260917,0.5377356812224736,0.5235402184073256
Hagan_genotox,DTXSID2058675,7-Methyl-1-octanol,1,0.1588150276527668,0.09591029663008062,0.0939691925040791,0.08221133373513978
Hagan_genotox,DTXSID2058833,"Benzenesulfonic acid, 4-methyl-, ethyl ester",1,0.5175076346130871,0.577579710079422,0.5550406706451398,0.5464106034323697
Hagan_genotox,DTXSID2058835,"Guanidine, N,N,N',N'-tetramethyl-",0,0.4792984951072042,0.5156320199051826,0.5243680404499372,0.5185275113754005
Hagan_genotox,DTXSID2058881,"1-Naphthalenesulfonic acid, 8-amino-",0,0.3653900814664445,0.3810480734449582,0.37942343537627204,0.37350746450079414
Hagan_genotox,DTXSID2058962,"Benzenesulfonic acid, 2-amino-3,5-dimethyl-",0,0.25041003007069057,0.22312094621798942,0.26147569148942423,0.25486589211403193
Hagan_genotox,DTXSID2058968,"Benzenesulfonic acid, 5-amino-2-chloro-",0,0.22525370666039127,0.19807813860304738,0.23362278643909348,0.2301196562215189
Hagan_genotox,DTXSID2059061,"2-Naphthalenecarboxamide, N-(5-chloro-2,4-dimethoxyphenyl)-3-hydroxy-",0,0.32053159705066564,0.34281154554436594,0.3422283769179317,0.3406413806339103
Hagan_genotox,DTXSID2059063,3-Hydroxy-2-naphtho-o-phenetidide,0,0.33497201030533313,0.3622907254844277,0.36526960672026276,0.36382222786193585
Hagan_genotox,DTXSID2059067,"2-Naphthalenecarboxamide, 3-hydroxy-N-(4-methoxyphenyl)-",0,0.44920060090800323,0.506968573299348,0.5033682270631472,0.5031458966571968
Hagan_genotox,DTXSID2059194,"Benzoyl chloride, 3,5-dinitro-",1,0.8441713158464084,0.93100101740434,0.9538638264595926,0.9489211936712018
Hagan_genotox,DTXSID2059277,Cinnamyl butyrate,0,0.4046034936514252,0.4120571127185558,0.4553799841487598,0.42440766042622785
Hagan_genotox,DTXSID2059308,"Benzene, 1-bromo-4-methoxy-",0,0.4305555663433187,0.44927420736743673,0.45302238954078006,0.4287522600472487
Hagan_genotox,DTXSID2059485,"2,4-Dinitrophenylhydrazine",1,0.803883532354773,0.9213763060625516,0.8884707577638977,0.9010151523386075
Hagan_genotox,DTXSID2059518,"N,N-Bis(1-methylethyl)-1,2-ethanediamine",0,0.3269313930307396,0.3020116415201472,0.2973188567641087,0.31218463492035475
Hagan_genotox,DTXSID2059649,"2,7-Dimethylacridin-3,6-yldiamine hydrochloride",1,0.7005366962715781,0.7752340158262784,0.7682572273086,0.7712443077731727
Hagan_genotox,DTXSID2059693,Phenethyl isovalerate,1,0.42623224719311986,0.4553260457886848,0.47880703058736623,0.4549563898656956
Hagan_genotox,DTXSID2059697,"N,N'-Dicinnamylidene-1,6-hexanediamine",0,0.39662420299869233,0.43344754480087483,0.44134559900696213,0.43749907117690107
Hagan_genotox,DTXSID2059720,Cupric acetate,0,0.49358928225706683,0.531074929118534,0.5301138136515672,0.5365645439275775
Hagan_genotox,DTXSID2059726,Hexamethylenediamine carbamate,0,0.20331960336414326,0.19727935026310414,0.19105275789356965,0.1975763405366443
Hagan_genotox,DTXSID2059774,Pyrazole,0,0.4781283774317194,0.5168628932739576,0.46408730003733667,0.466450994416153
Hagan_genotox,DTXSID2059988,Methyl trifluoroacetate,0,0.33656079401158506,0.39400555766679585,0.38822052378280664,0.38904937028081715
Hagan_genotox,DTXSID2060252,3-Ketoglutaric acid,0,0.4481489755891495,0.47236824628068835,0.4345006286881994,0.423586879317532
Hagan_genotox,DTXSID2060462,"Carbamic acid, butyl ester",1,0.27374655295298667,0.2935026038288335,0.31476417207708723,0.3076312641035426
Hagan_genotox,DTXSID2060549,Methyl o-benzoylbenzoate,0,0.4115901529167052,0.4490167449968501,0.436705055572409,0.4311534506188693
Hagan_genotox,DTXSID2060674,"Propanoic acid, 2-oxo-, ethyl ester",0,0.38991900478060115,0.4968013808962087,0.4543239620541702,0.4881412571029708
Hagan_genotox,DTXSID2060676,"Benzenesulfonic acid, 3-amino-4-methyl-",0,0.3029820518430553,0.2881716726053795,0.3404783515408551,0.3319386004193114
Hagan_genotox,DTXSID2060709,"Benzoic acid, 4-ethoxy-",0,0.35033271470125443,0.3681530279396081,0.3741924612960419,0.37137900899845694
Hagan_genotox,DTXSID2060832,2-Chloroethyl chloroformate,0,0.5154034746086804,0.581968937682471,0.6818825101844812,0.6944393901569624
Hagan_genotox,DTXSID2061012,"Cyclohexane, (1-methylethyl)-",0,0.44170987647657944,0.39512658372077497,0.423596747800344,0.37699908885885597
Hagan_genotox,DTXSID2061016,"Boron, (benzenemethanamine)trifluoro-, (T-4)-",0,0.5178387069411378,0.557542898480158,0.5712235031453196,0.542187135874855
Hagan_genotox,DTXSID2061066,"Benzene, 1,1'-(1,2-ethanediyl)bis[4-nitro-",1,0.8855173987128232,0.9459338169963548,0.9500396692446801,0.9478867313574241
Hagan_genotox,DTXSID2061193,Sodium picramate,0,0.8394494503654691,0.9361170293135253,0.9404700416838926,0.9439593265741536
Hagan_genotox,DTXSID2061305,"Octadecane, 1-(ethenyloxy)-",0,0.13356190453961192,0.12216274484026525,0.138979170415193,0.1331284414576973
Hagan_genotox,DTXSID2061486,"C.I. Pigment Red 49, calcium salt (2:1)",0,0.4046543089620456,0.4887440236137195,0.4317687604577401,0.4488149868984796
Hagan_genotox,DTXSID2061773,"Propanenitrile, 3,3'-(methylimino)bis-",0,0.3546774140614238,0.3627351591984535,0.3427203555802169,0.3435386663183048
Hagan_genotox,DTXSID2061804,"1,2,3-Propanetricarboxylic acid, 2-hydroxy-, trimethyl ester",0,0.38447108699990146,0.3834261707335651,0.3522162835265546,0.3317355410554076
Hagan_genotox,DTXSID2061939,"1H-Imidazole, 1,2-dimethyl-",0,0.5097145304189564,0.5314239272162116,0.5181199115144729,0.5153570120288907
Hagan_genotox,DTXSID2062325,Trifluoroiodomethane,1,0.3922414596469539,0.5224746495346105,0.4587584168174185,0.4989844641821127
Hagan_genotox,DTXSID2062371,"Benzenemethanamine, 4-methoxy-",0,0.4380268605983762,0.4528458564432609,0.46102334817021245,0.4343977228040116
Hagan_genotox,DTXSID2062379,"Benzoxazole, 2,2'-(1,2-ethenediyldi-4,1-phenylene)bis[5-methyl-",0,0.38200141402894744,0.4258767136411021,0.4395705914698637,0.43919464553022763
Hagan_genotox,DTXSID2062400,Tributylthiourea,0,0.3107168360854872,0.35823942224456246,0.43779445213846446,0.47133465067004915
Hagan_genotox,DTXSID2062402,N-Methyldiallylamine,1,0.4614155192411822,0.47029278531873614,0.5401780279778158,0.5207893727445317
Hagan_genotox,DTXSID2062533,"2,2'-Sulfonyl bisethanol",0,0.4059531164225181,0.45035301231341823,0.39517453658796803,0.4222575507053068
Hagan_genotox,DTXSID2062537,"Carbonic acid, compd. with hydrazinecarboximidamide (1:1)",1,0.4587362903257863,0.4923057766215337,0.4941650040169851,0.49857342507515373
Hagan_genotox,DTXSID2062826,"1-Propanamine, N-methyl-3-(trimethoxysilyl)-",0,0.3744998250043358,0.3809066151418084,0.3767571457333412,0.3969910222090845
Hagan_genotox,DTXSID2063002,"Benzenemethanamine, N-(1,1-dimethylethyl)-",0,0.3743933141946795,0.3597639348320129,0.3864548794341735,0.3628431405691916
Hagan_genotox,DTXSID2063763,"Acetic acid, bromo-, 1,1-dimethylethyl ester",0,0.36298079552698964,0.3826363058716249,0.36335412318066224,0.382985452502062
Hagan_genotox,DTXSID2064365,C.I. Pigment Red 31,0,0.7361235180226987,0.8509298665779012,0.8467183354006448,0.8530577676263281
Hagan_genotox,DTXSID2064737,"2-Naphthalenecarboxylic acid, 4-[(4-chloro-3-sulfophenyl)azo]-3-hydroxy-, calcium salt (1:1)",0,0.3422863283698399,0.4207590189200097,0.35227420729228215,0.3766241299949426
Hagan_genotox,DTXSID20648387,Sodium 3-(cyclohexylamino)-2-hydroxypropane-1-sulfonate,0,0.3323424863039828,0.30431015270168144,0.319903108614965,0.33726648924927
Hagan_genotox,DTXSID2064993,"1-Oxa-4-aza-2-silacyclohexane, 2,2,4-trimethyl-",0,0.430798152821793,0.47055085323695683,0.48013237941922143,0.49479759119981503
Hagan_genotox,DTXSID2065127,"N,N'-Bis(3-aminopropyl)ethylenediamine",1,0.48221821063958714,0.47924738553943946,0.4988088840356317,0.4909722627442306
Hagan_genotox,DTXSID2065129,"Ethanimidic acid, N-hydroxy-, ethyl ester",0,0.5437844238041588,0.5983193810800228,0.5384126723470096,0.5460243804444443
Hagan_genotox,DTXSID20657510,(4-Chloro-2-fluoro-3-methoxyphenyl)boronic acid,0,0.4295303295305941,0.45386813681567606,0.45884481521384307,0.4381923494272866
Hagan_genotox,DTXSID2065755,Dibutyl methylenedithiodi(acetate),0,0.21594263970165925,0.21442125767939593,0.17093020089130354,0.17405589867402235
Hagan_genotox,DTXSID2065882,"Silane, (3-isocyanatopropyl)trimethoxy-",1,0.3266106209698832,0.33907714157947527,0.34920515715267647,0.3574379029444909
Hagan_genotox,DTXSID2065967,"Guanidine, N,N'''-1,6-hexanediylbis[N'-cyano-",0,0.2568453137864001,0.25392038803497063,0.25071775451512607,0.25170505489594563
Hagan_genotox,DTXSID2066305,"Benzoic acid, 4-[2-[4-(5-methyl-2-benzoxazolyl)phenyl]ethenyl]-, methyl ester",0,0.35977236738793833,0.38596953175313203,0.43573032966599645,0.42337306805444164
Hagan_genotox,DTXSID2066359,Docosyl acrylate,0,0.05148888168984356,0.03850362991334921,0.04013594165690451,0.04161850776366935
Hagan_genotox,DTXSID2066565,"1-Propanamine, N-ethyl-",0,0.3586343720945457,0.32240836672731515,0.3282015605487441,0.3378929445263699
Hagan_genotox,DTXSID2066777,"2-Anthracenesulfonic acid, 9,10-dihydro-1,4-dihydroxy-9,10-dioxo-, monosodium salt",1,0.31841975034004505,0.37317913042280654,0.33873838173440185,0.33156719182379313
Hagan_genotox,DTXSID2066804,"1,2-Ethanediyl 3'-mercaptopropionate",0,0.36774105460140577,0.3847653122705598,0.34096441221507096,0.34026001213091966
Hagan_genotox,DTXSID2066981,"Benzenesulfinic acid, 4-methyl-, zinc salt",0,0.4231268430567048,0.5037996254752524,0.459241168893481,0.504733983336634
Hagan_genotox,DTXSID2067539,C.I. Pigment Yellow 138,0,0.48021630660872666,0.5903497569368095,0.5113893443994774,0.5150400278618269
Hagan_genotox,DTXSID20675759,4-Chloro-N-methylpyridine-2-carboxamide--hydrogen chloride (1/1),1,0.44918906074101783,0.4905013441880315,0.4819205732788338,0.4798445371494519
Hagan_genotox,DTXSID2067822,"2-Butanone, O,O',O'',O'''-silanetetrayltetraoxime",1,0.6512151850703704,0.6994990589217213,0.6924056107402553,0.669849922566109
Hagan_genotox,DTXSID2067878,"3,5-Dichlorophenyl isocyanate",0,0.5195471820052471,0.578639091765131,0.6977325489615643,0.6737382570376754
Hagan_genotox,DTXSID2068478,2-(3-Oxazolidinyl)ethyl methacrylate,0,0.4428321121038164,0.5022997390645375,0.5766265371250462,0.5867709390753406
Hagan_genotox,DTXSID2068507,"Benzenesulfonamide, 4-amino-2,5-dimethoxy-N-methyl-",0,0.4063314147046047,0.41971196666746485,0.4721303559911402,0.45631497514669705
Hagan_genotox,DTXSID2068686,"N-(2,3-Dihydro-2-oxo-1H-benzimidazol-5-yl)-3-hydroxy-4-((2-methoxy-5-methyl-4-((methylamino)sulphonyl)phenyl)azo)naphthalene-2-carboxamide",0,0.195122222762359,0.22312503606680859,0.21519153660709764,0.22169032698975988
Hagan_genotox,DTXSID2068846,Sodium diisobutyldithiophosphate,0,0.35985593000884236,0.4096679001047255,0.38723671791562503,0.4053017914075501
Hagan_genotox,DTXSID2069103,4-((5-(Anilino)carbonyl-2-methoxyphenyl)azo)-3-hydroxynaphthalene-2-carboxamide,0,0.21644684590647914,0.23430223974294728,0.2212905188977408,0.2325467564733632
Hagan_genotox,DTXSID20693236,"5-Methyl-2-(2H-1,2,3-triazol-2-yl)benzoic acid",0,0.36099093655546194,0.3633397944890578,0.37646244158215136,0.36318547420057
Hagan_genotox,DTXSID20723921,Bicyclo[13.2.2]nonadecane,1,0.3694289045010202,0.31079910007436984,0.37378313260071994,0.2921126694297561
Hagan_genotox,DTXSID20724236,"1~4~-(But-3-en-1-yl)-3~4~-ethyl-2~2~-fluoro-1~1~,2~1~:2~4~,3~1~-terphenyl",0,0.3701272551875596,0.3784893678653847,0.3832940008555456,0.36779224719042797
Hagan_genotox,DTXSID2072835,2-Propynyl butylcarbamate,0,0.24803672842616561,0.22668538248318848,0.2283382975219411,0.21489515676928672
Hagan_genotox,DTXSID2072881,"Phenol, 4-(butoxymethyl)-2-methoxy-",1,0.24462014485414843,0.19920873421036103,0.2156842695602229,0.1989040694596725
Hagan_genotox,DTXSID2072883,"9H-Thioxanthen-9-one, 2,4-diethyl-",1,0.5535330358219793,0.6372604080819723,0.6011095430623713,0.6103351476738422
Hagan_genotox,DTXSID2072885,C.I. Disperse Yellow 241,0,0.42711464007091654,0.49073665717752074,0.54720063774358,0.5347313353006167
Hagan_genotox,DTXSID2072887,"2-Naphthalenesulfonic acid, 7-[[4-chloro-6-[ethyl[3-[[2-(sulfooxy)ethyl]sulfonyl]phenyl]amino]-1,3,5-triazin-2-yl]amino]-4-hydroxy-3-[(4-methoxy-2-sulfophenyl)azo]-, trisodium salt",1,0.3821915929806956,0.4711671829834531,0.492279268960786,0.49851589841757504
Hagan_genotox,DTXSID2072914,"12H-Dibenzo[d,g][1,3,2]dioxaphosphocin, 2,4,8,10-tetrakis(1,1-dimethylethyl)-6-hydroxy-, 6-oxide, sodium salt",0,0.32624305121508035,0.3150404688971726,0.3209623779739758,0.3056132080596525
Hagan_genotox,DTXSID2073198,2-Nitronaphthalene,1,0.9078667331213977,0.9612255625890223,0.9641361632230933,0.9641269107614701
Hagan_genotox,DTXSID2073300,"1-Piperidinyloxy, 2,2,6,6-tetramethyl-",1,0.41260503554614947,0.42318124170250176,0.4904949132836049,0.5058300127119195
Hagan_genotox,DTXSID2073514,"1,8-Dinitropyrene",1,0.9176524373822521,0.974669927695713,0.958835062206617,0.9678632078941346
Hagan_genotox,DTXSID20735862,Propan-2-yl 3-cyclopentyl-1-methyl-1H-indole-6-carboxylate,0,0.3964117325519915,0.4321259717082632,0.4073065398181554,0.41111009529832937
Hagan_genotox,DTXSID2074374,"Hexanoic acid, 6-[[(4-methylphenyl)sulfonyl]amino]-",0,0.30594976654789335,0.28051109468143637,0.27514091055154505,0.2560855689669086
Hagan_genotox,DTXSID2074611,"Urea, N,N''-(methylenedi-4,1-phenylene)bis[N',N'-dimethyl-",0,0.48439596063382506,0.5094728652005909,0.5157626361937054,0.5003957581937092
Hagan_genotox,DTXSID2074615,"2-Propenoic acid, 2-methyl-, 3-(triethoxysilyl)propyl ester",1,0.3275969924504432,0.3415036431292975,0.4191462192530488,0.4229913714431737
Hagan_genotox,DTXSID2074829,12-Methylbenz[a]anthrancene,1,0.8714429501541238,0.9234354253269325,0.9077414337411726,0.9074557785617703
Hagan_genotox,DTXSID2074950,5-Hexen-1-ol,0,0.3225440919154257,0.3199729843655538,0.3470488387089714,0.34580627158767907
Hagan_genotox,DTXSID2074954,"Phenol, 4,4'-cyclohexylidenebis[2-methyl-",0,0.44433210197864775,0.43656153428840483,0.42677104437744234,0.40890029610495987
Hagan_genotox,DTXSID2074958,"Cyclopentane, methoxy-",0,0.353631119383369,0.3166242978702822,0.36239571768804546,0.32287403451622626
Hagan_genotox,DTXSID2075184,"2-Propenoic acid, 2-isocyanatoethyl ester",1,0.4745584091982682,0.5208155688564754,0.624413252407332,0.6158287437148356
Hagan_genotox,DTXSID2075211,"9H-Fluorene, 2-nitroso-",1,0.6991059546508902,0.8265202345094792,0.8389724669919478,0.8579429015649795
Hagan_genotox,DTXSID2075340,Tryptamine,0,0.5667615786002163,0.5875896885355564,0.6750532809625489,0.6369210635750627
Hagan_genotox,DTXSID2075344,5-Nitrovanillin,0,0.8298861345622978,0.9261225567941501,0.9469732121562595,0.9493848793651392
Hagan_genotox,DTXSID20861913,Perfluorobutanesulfonyl fluoride,0,0.23724302775681913,0.22989230827620885,0.2640579153821298,0.23647694190411928
Hagan_genotox,DTXSID20862324,Dicaprylyl ether,0,0.07552240008374289,0.044849662467652485,0.053964571591907144,0.05194659436049267
Hagan_genotox,DTXSID20862985,"6-Octen-3-one, 4,7-dimethyl-",0,0.38667069730641757,0.46401870007005996,0.45443194165788786,0.46780991451308035
Hagan_genotox,DTXSID20863533,"Propanamide, 2-hydroxy-N-(2-hydroxyethyl)-",0,0.43618423885625396,0.504111113831661,0.505394582615497,0.5090639718601262
Hagan_genotox,DTXSID20864888,Ritalinic acid,0,0.35355102388891985,0.36606688888978584,0.35649144141037187,0.3643240845172741
Hagan_genotox,DTXSID20864964,(2-((2-Methyl-1-oxoallyl)oxy)ethyl) hydrogen succinate,0,0.3192201771372432,0.3278982810866814,0.4224942425421749,0.40726258053025904
Hagan_genotox,DTXSID20865032,Pigment Yellow 81,0,0.18728977769526434,0.20526589580165475,0.18982671327490067,0.18619107000377624
Hagan_genotox,DTXSID20865936,"Cyclohexane, 1,1'-(1,1,3-trimethyl-1,3-propanediyl)bis-",0,0.23219950454181815,0.17991989985935555,0.22459481301635842,0.171113339149625
Hagan_genotox,DTXSID20866024,"1,6-Octadiene, 3-(1-ethoxyethoxy)-3,7-dimethyl-",0,0.25076049631646175,0.24835236649842374,0.27997604879205096,0.25975549279345395
Hagan_genotox,DTXSID20866286,"Butanamide, N-(2,3-dihydro-2-oxo-1H-benzimidazol-5-yl)-2-[2-(4-nitrophenyl)diazenyl]-3-oxo-",0,0.30238560798759856,0.3654641800516818,0.4368374811649873,0.44657650369351315
Hagan_genotox,DTXSID20866741,"Hexanoic acid, 2-ethyl-, hexadecyl ester",0,0.06658764097657917,0.061543094043622563,0.06524901208964203,0.07110581034471779
Hagan_genotox,DTXSID20866983,"1,4-Dioxaspiro[4.5]decane-2-methanol, 9-methyl-6-(1-methylethyl)-",0,0.32421593791554804,0.3084502668994875,0.3718378540124097,0.3119275216692839
Hagan_genotox,DTXSID20867657,"1,4-Benzenedicarboxylic acid, 2,2'-[1,4-phenylenebis[imino(1-acetyl-2-oxo-2,1-ethanediyl)-2,1-diazenediyl]]bis-, 1,1',4,4'-tetramethyl ester",0,0.1514583384458377,0.17429336830125466,0.15341739412897892,0.16416618036062075
Hagan_genotox,DTXSID20867819,"Decanenitrile, 2-methyl-",0,0.100829461312472,0.09869611082982044,0.10290009920363313,0.11058064276221906
Hagan_genotox,DTXSID20868962,"1,2-Propanediol, 3-[[5-methyl-2-(1-methylethyl)cyclohexyl]oxy]-",1,0.3855231502860108,0.37922245861388343,0.44987151929297226,0.3659033337412095
Hagan_genotox,DTXSID20869095,"Benzenepropanol, .beta.-pentyl-",0,0.17487097279132538,0.12597227632020788,0.14445161435141143,0.13304715230303524
Hagan_genotox,DTXSID20870702,"Silane, triethyl-",0,0.38524113433907353,0.4107179578324473,0.3697464109077469,0.39036622659862763
Hagan_genotox,DTXSID20870964,"6-Oxabicyclo[3.1.0]hexane, 2,2'-oxybis-",0,0.4947976151907206,0.4853006484681826,0.6243385854725039,0.6082917080998196
Hagan_genotox,DTXSID20872988,Tetrabenzylthiuram disulfide,0,0.5100225751606429,0.625334118891469,0.674560509598256,0.6958663240174214
Hagan_genotox,DTXSID20874043,Basic Brown 16,1,0.5251340354209083,0.6301309112719287,0.5788718174230051,0.5993735719439293
Hagan_genotox,DTXSID20878506,Lucanthone Hydrochloride,1,0.722753260199898,0.8248019665023869,0.8310024461336818,0.831002241639417
Hagan_genotox,DTXSID20879811,Basic Orange 69,0,0.5317297751534568,0.628357498165272,0.5996984771734155,0.613903164082516
Hagan_genotox,DTXSID20879816,C.I. Basic Yellow 28,0,0.4716516975671681,0.5534597507503581,0.4784422976593798,0.4861691593603445
Hagan_genotox,DTXSID20883519,"Ethanamine, N,N-diethyl-, hydrobromide (1:1)",0,0.4217521967181628,0.44595193200054206,0.4898727890024654,0.4596616691347481
Hagan_genotox,DTXSID20883711,"Benzenepropanol, .alpha.,.gamma.,.gamma.-trimethyl-",0,0.21256419212538427,0.16527658823610566,0.17303316240219435,0.1589584426228751
Hagan_genotox,DTXSID20884561,"Benzonitrile, 2-[2-[4-[2-(4-cyanophenyl)ethenyl]phenyl]ethenyl]-",0,0.2563334482448255,0.2664290713312847,0.289725646257661,0.28269163222423077
Hagan_genotox,DTXSID20884925,"2-Propenoic acid, 2-methyl-, docosyl ester",0,0.05812638147666352,0.04270176814226239,0.04582609739899763,0.048704472781849285
Hagan_genotox,DTXSID20885194,"Bicyclo[2.2.1]hept-2-ene, 5-octyl-",0,0.20453526312593737,0.19400743045134436,0.21607916423260112,0.20803240914327623
Hagan_genotox,DTXSID20885417,"Ethanaminium, 2-[ethyl[3-methyl-4-[2-(3-phenyl-1,2,4-thiadiazol-5-yl)diazenyl]phenyl]amino]-N,N,N-trimethyl-, methyl sulfate (1:1)",0,0.49142731193867245,0.6418657291637183,0.7465459161606948,0.7418259480686706
Hagan_genotox,DTXSID20885432,"Proline, 5-oxo-, sodium salt (1:1)",0,0.37446685265002455,0.3864379329263932,0.3234204004322848,0.3221832183736226
Hagan_genotox,DTXSID20885891,(3-Acrylamidopropyl)trimethylammonium chloride,0,0.27617082791941816,0.3040126395098746,0.31029907575019916,0.3123471291292982
Hagan_genotox,DTXSID20886065,"Butanoic acid, 3-hydroxy-, butyl ester",0,0.22249756758871228,0.22249137096387903,0.1875410776580754,0.19705671383898962
Hagan_genotox,DTXSID20886085,"1-Propanaminium, N-[2-[[4-[2-(2-chloro-4-nitrophenyl)diazenyl]phenyl]ethylamino]ethyl]-2-hydroxy-N,N-dimethyl-, chloride (1:1)",1,0.7514358769625424,0.8633926466142565,0.8707667298687572,0.8743380742634038
Hagan_genotox,DTXSID20887572,"1-Propanaminium, N,N-dimethyl-3-[(1-oxooctadecyl)amino]-N-[2-oxo-2-(tetradecyloxy)ethyl]-, chloride (1:1)",0,0.03020854222492414,0.021239051169955767,0.024596489925609876,0.02523337875642169
Hagan_genotox,DTXSID20887835,"Benzenesulfonic acid, 4-[(3-amino-4-methylbenzoyl)amino]-, sodium salt (1:1)",0,0.2648417064777354,0.2707103851253379,0.2962906868328527,0.29807810947686736
Hagan_genotox,DTXSID20887911,"Ethanaminium, 2-[[2-cyano-3-[4-[ethyl(phenylmethyl)amino]phenyl]-1-oxo-2-propen-1-yl]oxy]-N,N,N-trimethyl-, chloride (1:1)",1,0.5477235833178156,0.6404590317160671,0.7134015062450508,0.7124924449307543
Hagan_genotox,DTXSID20888867,"1,3-Dioxolan-2-one, 4-fluoro-",1,0.5925462009292195,0.6815422674437444,0.6889060692599593,0.6754940654477178
Hagan_genotox,DTXSID20889273,"Cyclohexanepentanol, .beta.-methyl-",0,0.23114508906050069,0.16783683178407235,0.1804157069166874,0.16405247389516828
Hagan_genotox,DTXSID20889359,"C.I. Mordant Blue 13, disodium salt",0,0.367067109290768,0.4384175891519652,0.3683014161470701,0.378949767260776
Hagan_genotox,DTXSID20889455,Disodium 2-(4-((2-cyano-3-(4-(methyl(2-sulphonatoethyl)amino)phenyl)-1-oxoallyl)amino)phenyl)-6-methylbenzothiazole-7-sulphonate,1,0.38601638898001517,0.45204086901545243,0.502623001067296,0.5128469361218678
Hagan_genotox,DTXSID20889753,"1,5-Naphthalenedisulfonic acid, 3,3'-[[6-[(2-hydroxyethyl)amino]-1,3,5-triazine-2,4-diyl]bis[imino(2-methyl-4,1-phenylene)-2,1-diazenediyl]]bis-, sodium salt (1:4)",0,0.23911997595721246,0.2811248201417411,0.2867615057893565,0.2974608435835911
Hagan_genotox,DTXSID20889995,"2-Anthracenesulfonic acid, 1-amino-4-[[4-[(2-bromo-1-oxo-2-propen-1-yl)amino]-2-sulfophenyl]amino]-9,10-dihydro-9,10-dioxo-, sodium salt (1:2)",1,0.27159137495998087,0.3288467869190354,0.35379358173859793,0.3660121873398439
Hagan_genotox,DTXSID20890182,"2-Anthracenesulfonic acid, 1-amino-4-[[3-[(5-chloro-2,6-difluoro-4-pyrimidinyl)amino]-2-methyl-5-sulfophenyl]amino]-9,10-dihydro-9,10-dioxo-, sodium salt (1:2)",0,0.22553224382524653,0.27290742399863094,0.2084596768538163,0.224949919104688
Hagan_genotox,DTXSID20890208,"Benzoic acid, 3,3'-[(2-sulfo-1,4-phenylene)bis(2,1-diazenediyl)]bis[6-hydroxy-, sodium salt (1:3)",0,0.36642301325341936,0.4838706046092476,0.38879160460110646,0.4168513098146492
Hagan_genotox,DTXSID20890344,"Benzoic acid, 2-hydroxy-5-[2-[5-methyl-4-[2-(4-nitro-2-sulfophenyl)diazenyl]-2-(3-sulfopropoxy)phenyl]diazenyl]-, sodium salt (1:3)",0,0.42137365804288196,0.557680030785454,0.5648314792304377,0.5801183171930919
Hagan_genotox,DTXSID20890440,"1,3,6-Naphthalenetrisulfonic acid, 7-[2-[2-[(aminocarbonyl)amino]-4-[[4-[[2-[2-(ethenylsulfonyl)ethoxy]ethyl]amino]-6-fluoro-1,3,5-triazin-2-yl]amino]phenyl]diazenyl]-, sodium salt (1:3)",1,0.2090664106216001,0.2850413368149964,0.4107887308877321,0.4272124654256852
Hagan_genotox,DTXSID20890480,"1,3-Naphthalenedisulfonic acid, 7-[2-[4-[[4,6-bis[(3-sulfopropyl)thio]-1,3,5-triazin-2-yl]amino]-3-methoxyphenyl]diazenyl]-, sodium salt (1:4)",0,0.26109932208428216,0.3124846718104084,0.25984369620510733,0.28259810317793516
Hagan_genotox,DTXSID20890526,"(3-Methyl-5-(2,6,6-trimethyl-1-cyclohexen-1-yl)-2,4-pentadienyl)triphenylphosphonium sulphate",0,0.4002939528503231,0.4379102761808508,0.42591340027451646,0.4332468378041881
Hagan_genotox,DTXSID20890602,"Carbonic acid, neodymium(3+) salt (3:2)",0,0.5060180447833128,0.5437398382746824,0.5975000085111456,0.6000652376201482
Hagan_genotox,DTXSID30143555,Enpromate,1,0.3277300748399467,0.32096503988881003,0.3361418299717431,0.3213216417036544
Hagan_genotox,DTXSID30145852,"1-Butanol, 3-methoxy-3-methyl-, acetate",0,0.2874371022228453,0.3342084826131115,0.32938447278289695,0.3427057142770309
Hagan_genotox,DTXSID30147593,Quercetin pentaacetate,1,0.5057340589047837,0.5555597647938549,0.5245973646936142,0.5020552647196714
Hagan_genotox,DTXSID30150204,"Acetaldehyde, chloro-, trimer",1,0.6430853253783185,0.6874769939236877,0.6793018068798705,0.6516900588416104
Hagan_genotox,DTXSID30151993,4-Chlorophthalic anhydride,0,0.460187532681225,0.5381776445796799,0.4908727925605372,0.5049405594224273
Hagan_genotox,DTXSID30151998,"5-Chloro-alpha,alpha,alpha-trifluoro-2-nitrotoluene",0,0.5007772041852713,0.618803028463273,0.7075456972435745,0.7199146878277106
Hagan_genotox,DTXSID30158149,Dimethyl phenylpropanol,0,0.3472904925702179,0.3279024495548429,0.37801704974756856,0.3553259377299141
Hagan_genotox,DTXSID30159313,2-Butoxyethyl methacrylate,0,0.1571855888903635,0.1556765841357297,0.16113864710558332,0.1660088124565852
Hagan_genotox,DTXSID30160823,"2,2'-(Oxybis(2,1-ethanediyloxy))bisacetic acid",0,0.3516629139111058,0.3662930489977135,0.3311384505411519,0.32939415133181676
Hagan_genotox,DTXSID30161951,"Isothiocyanic acid, 2-chloroallyl ester",1,0.5890207897717904,0.6847296877807212,0.7059325650828269,0.7218030528368349
Hagan_genotox,DTXSID30163990,Sodium 2-(p-aminoanilino)-5-nitrobenzenesulphonate,0,0.48330027416745946,0.597961172920188,0.6136538746977485,0.6337585542581328
Hagan_genotox,DTXSID30164225,"2,6-Dihydroxyethylaminotoluene",0,0.48914816438852843,0.5147218906534212,0.578851018564814,0.5591668269097897
Hagan_genotox,DTXSID30172704,5-Methoxymethylfurfural,0,0.4728978601214448,0.5441575440892437,0.5376202352465085,0.549844481474057
Hagan_genotox,DTXSID30179011,"4-Amino-3,5-dichlorobenzotrifluoride",0,0.33094004011422207,0.3208759799195219,0.3728221493336634,0.3540147249784509
Hagan_genotox,DTXSID30179697,3-Methylbenz[a]anthracene,1,0.808113736714478,0.8739556064253596,0.8621110800773307,0.8616205643363583
Hagan_genotox,DTXSID30180581,"N,N-Bis(2-methylpropyl)formamide",0,0.3626606217314356,0.4193630351003473,0.4201497412885709,0.4278474664818466
Hagan_genotox,DTXSID30183638,7-Nitroindazole,1,0.9143442979691261,0.9612322402885155,0.9671340756217779,0.9673489948649605
Hagan_genotox,DTXSID30184721,N-(3-(Methoxydimethylsilyl)propyl)ethylenediamine,0,0.28102088358012095,0.28043493290590055,0.27984686722343866,0.30249231111573943
Hagan_genotox,DTXSID30184847,"17H-Cyclopenta(a)phenanthren-17-one, 15,16-dihydro-11-methoxy-7-methyl-",1,0.6834615884666752,0.7752709855243927,0.7261451419863056,0.7305262772810527
Hagan_genotox,DTXSID30185197,Tris-biphenyl triazine,0,0.5747784980334032,0.6550002439389359,0.6260851015195689,0.6257184880970011
Hagan_genotox,DTXSID30187075,3-Methylcholanthrene-2-one,1,0.9184831965085696,0.9630834777308735,0.954588332759771,0.9533514711879277
Hagan_genotox,DTXSID30188062,"4,4'-Difluorobenzophenone",0,0.3597413751948764,0.38963811936813636,0.37213420383812007,0.36959310614760676
Hagan_genotox,DTXSID30188769,"Dibenzo(def,mno)chrysene, 1,2,3,7,8,9-hexahydro-",1,0.6169018042143576,0.7285919624916102,0.712653864886371,0.7229446727093182
Hagan_genotox,DTXSID30189695,1-Benzyl-4-piperidone,0,0.4880290502508859,0.5419933264390614,0.5123489930706514,0.5227238478179862
Hagan_genotox,DTXSID30189837,"Acetamide, N-(7-hydroxy-9H-fluoren-2-yl)-",1,0.34932438729189824,0.35768760237110353,0.376678339567122,0.36820772009222136
Hagan_genotox,DTXSID30190948,"Perfluoro-1,4-diiodobutane",0,0.3418130727856213,0.4150958649114643,0.39504009015314195,0.3882300169431054
Hagan_genotox,DTXSID30191197,"2-Methylenepropane-1,3-diyl diacetate",1,0.403827725287433,0.44810826205884857,0.4726565013152993,0.4517237513883187
Hagan_genotox,DTXSID30195312,"Spiro(3H-2,1-benzoxathiole-3,9'-(9H)xanthene)-3',6'-diol, 2',4',5',7'-tetrabromo-, 1,1-dioxide",1,0.48663026076998955,0.5349724756294625,0.5134249171928281,0.5044308223177504
Hagan_genotox,DTXSID30195478,"Benzidine, 3,3',5,5'-tetrafluoro-",1,0.48900078150266646,0.5276369772400827,0.5575769951094762,0.5467535937427993
Hagan_genotox,DTXSID30196304,"3,3'-Difluorobenzidine",1,0.5727424877858655,0.6225201598956144,0.6343103394508199,0.6265181890398405
Hagan_genotox,DTXSID30196844,Dimethyl vinylphosphonate,0,0.4878322574612746,0.5916360292742734,0.5714730844932117,0.5838885430068407
Hagan_genotox,DTXSID30196985,"2-Oxazoline, 4,4-dimethyl-2-undecyl-",0,0.16589355385007043,0.13452706075078827,0.129800498827722,0.13611925409901102
Hagan_genotox,DTXSID30197573,4-Methyloxazole-5-carboxamide,0,0.5042444147757922,0.5297379613583298,0.520227985106882,0.5087126879028508
Hagan_genotox,DTXSID30198166,m-Cresotic acid,0,0.4290621454427221,0.46690551379691886,0.4530965617974529,0.4484955988773116
Hagan_genotox,DTXSID30200192,"Chrysene, 1,11-dimethyl-",1,0.9224774379908397,0.9556205986098631,0.9501927899447349,0.9494935117610191
Hagan_genotox,DTXSID3020043,Allantoin,0,0.40011327407226566,0.4274587941674142,0.37337012030113503,0.3751410266341713
Hagan_genotox,DTXSID3020047,Allyl isothiocyanate,1,0.561949541799795,0.6535980652126888,0.6811162797103864,0.6983101500412744
Hagan_genotox,DTXSID3020095,Anthraquinone,1,0.49944059629685444,0.5833019198383992,0.5400884290938232,0.5319508860759076
Hagan_genotox,DTXSID3020122,Azinphos-methyl,1,0.5911175558217092,0.6817024368063631,0.6471352335456799,0.6527427417383931
Hagan_genotox,DTXSID3020174,"Bis(2,3-dibromopropyl) phosphate, magnesium salt",1,0.5543361298767354,0.6146266289466543,0.585293829523016,0.5773283637267949
Hagan_genotox,DTXSID3020201,C.I. Direct Brown 95,1,0.36993969886436345,0.4740078194603119,0.38189195296884343,0.4041960320852221
Hagan_genotox,DTXSID3020203,"1,3-Butadiene",1,0.5221080223327664,0.5572282200779869,0.584385036728153,0.5616895878850466
Hagan_genotox,DTXSID3020205,Benzyl butyl phthalate,1,0.2668458830910529,0.2769689215829641,0.2682869351165434,0.25909094781720704
Hagan_genotox,DTXSID3020207,Dinoseb,1,0.49103194938832423,0.6084159910960817,0.6713736622763932,0.6836514849468226
Hagan_genotox,DTXSID3020209,Butylparaben,1,0.28749768041915363,0.2832834858844713,0.2675261435896476,0.2668102673774115
Hagan_genotox,DTXSID3020257,"1,â€‹2-â€‹Benzenediol",1,0.5382430629051242,0.5881720256978472,0.6189537480828413,0.5855891030784953
Hagan_genotox,DTXSID30202671,Undecylenoyl glycine,0,0.178254507792818,0.16125340806359378,0.13211601811410978,0.13449240582317443
Hagan_genotox,DTXSID3020330,Cinnamyl anthranilate,0,0.558400107289572,0.6241818523777454,0.6352241981793963,0.6295528447007536
Hagan_genotox,DTXSID3020332,Citric acid,1,0.3881827870998185,0.38350340265832855,0.4350850245230997,0.4078940238359608
Hagan_genotox,DTXSID30203385,"Butyric acid, 4-(ethylnitrosoamino)-",1,0.8971869265583486,0.9493094034576094,0.9601337825268614,0.9608560298376263
Hagan_genotox,DTXSID30204110,N-Nitroso-4-hydroxypiperidine,1,0.8630254382403691,0.9276784342597866,0.9318074944074731,0.9386221621829742
Hagan_genotox,DTXSID3020413,"1,2-Dibromo-3-chloropropane",1,0.7384305014329146,0.822434440766183,0.7939029878299966,0.7963815444400678
Hagan_genotox,DTXSID3020415,"1,2-Dibromoethane",1,0.5261770763612549,0.5832811820630378,0.5320850949615684,0.5382148974923059
Hagan_genotox,DTXSID3020592,Nâ€²-Ethyl-N-nitro-N-nitrosoguanidine,1,0.7758505828203378,0.8886883783561883,0.8867318514967025,0.8940234022734979
Hagan_genotox,DTXSID3020596,Ethylbenzene,1,0.40463999834571024,0.4006273582506846,0.4003338981195781,0.37250977181323824
Hagan_genotox,DTXSID3020598,"Ethylene glycol, cyclic sulfate",1,0.5566449247232249,0.6034572508769847,0.6181731004261316,0.6052355823825283
Hagan_genotox,DTXSID3020673,FD&C Green No. 3,1,0.6041266194886619,0.7312480740122805,0.759703020220989,0.771855362310513
Hagan_genotox,DTXSID30206856,"Ethanol, 2,2'-((7-nitro-4-benzofurazanyl)imino)bis-, oxide",1,0.8850752765631461,0.9505360965023019,0.9602452345017278,0.9609440926911087
Hagan_genotox,DTXSID30207040,"15H-Cyclopenta(a)phenanthrene, 11,12,17-trimethyl-",1,0.921816026385411,0.9562786267383959,0.9477069286220391,0.945272137715944
Hagan_genotox,DTXSID3020750,Isobutyl nitrite,1,0.5759211880313512,0.6749055246840987,0.7352845223865012,0.7415869606059209
Hagan_genotox,DTXSID3020833,Methyl tert-butyl ether,1,0.3832804475290366,0.35442003352224843,0.328215817339772,0.3338144398261931
Hagan_genotox,DTXSID3020881,4-(N-Methyl-N-nitrosamino)-1-(3-pyridyl)-1-butanone,1,0.7296710828556736,0.8215561684007504,0.8486782729556112,0.8529162736081418
Hagan_genotox,DTXSID3020885,N-Methylolacrylamide,1,0.5740042173916106,0.6723952331343571,0.6653844215506167,0.661211689036782
Hagan_genotox,DTXSID3020887,6-Methylquinoline,1,0.5648230445297663,0.6268996466925728,0.5902371940932294,0.5886483208142884
Hagan_genotox,DTXSID3020889,4-Methylstyrene,0,0.4461371388715813,0.4705768418978003,0.561753025575142,0.5351383597896219
Hagan_genotox,DTXSID3020910,Busulfan,1,0.5420638915608098,0.5359019098129354,0.5275350881985433,0.4879822231852879
Hagan_genotox,DTXSID3020912,Nalidixic acid,1,0.45126241308833487,0.5009324823413674,0.6186472883493029,0.6135044563259903
Hagan_genotox,DTXSID3020916,"1,5-Naphthalenediamine",1,0.7079126949786297,0.7795219454403023,0.7933337604615206,0.7871062696769656
Hagan_genotox,DTXSID3020960,5-Nitroacenaphthene,1,0.8965651411438816,0.9490864660528086,0.9482063660008963,0.9480002929228512
Hagan_genotox,DTXSID3020962,1-Methoxy-2-nitrobenzene,1,0.8982297342556983,0.9650032825935106,0.9740545665037027,0.975156166450608
Hagan_genotox,DTXSID3020964,Nitrobenzene,0,0.9262044782369054,0.977778823397323,0.9845048419346707,0.9851517523002613
Hagan_genotox,DTXSID3020966,4-Nitrobenzoic acid,1,0.8543663197483156,0.9406742885087277,0.950337915715089,0.9506230407621331
Hagan_genotox,DTXSID30210731,"1-Butanol, 4-(pentylnitrosamino)-",1,0.9579147637396209,0.9874302117375396,0.9880224171487746,0.9892467502292074
Hagan_genotox,DTXSID30210776,"Benzofurazan, 7-(4-(2-hydroxyethyl)-1-piperazinyl)-4-nitro-, 1-oxide",1,0.9272368473760282,0.9702433467256121,0.9729123818217081,0.9728860798124873
Hagan_genotox,DTXSID3021142,(-)-Phenylephrine hydrochloride,0,0.4730884311835237,0.48274662560136905,0.5232656094719159,0.49430605688268364
Hagan_genotox,DTXSID3021190,Procarbazine hydrochloride,1,0.38758724751189244,0.39446430217929934,0.4054707024565675,0.389546777924284
Hagan_genotox,DTXSID3021196,"2,4-Bis(isopropylamino)-6-chloro-1,3,5-triazine",0,0.4395953571902245,0.4757894842380351,0.4738969288466208,0.47301112608139134
Hagan_genotox,DTXSID3021198,Propranolol hydrochloride,1,0.6565817962022935,0.7255219772267146,0.7226864128117745,0.7153385686736394
Hagan_genotox,DTXSID3021225,Azorubine,0,0.3171947835945708,0.38578183298817764,0.3548970383285462,0.3726483664569204
Hagan_genotox,DTXSID3021227,C.I. Pigment Red 23,1,0.2563477870869963,0.3064986491721781,0.34957263072569766,0.3537970512814719
Hagan_genotox,DTXSID3021229,C.I. Pigment Red 53,1,0.18813700478020193,0.20660884328554144,0.17119797503917708,0.18666018590292124
Hagan_genotox,DTXSID30212639,"Benz(a)anthracene, 7-chloromethyl-",1,0.8349462017490906,0.8981290626906971,0.8846124702468764,0.8862985128487951
Hagan_genotox,DTXSID30212891,Methyl 5-mesyl-o-anisate,0,0.42791270608019577,0.4732980012747341,0.4599590630331942,0.4524418190968534
Hagan_genotox,DTXSID3021304,l-Taurine,0,0.2765179068477161,0.2696902546497381,0.27771545456768704,0.294032053221772
Hagan_genotox,DTXSID3021358,Tolazamide,0,0.37920933486433817,0.39282393226299517,0.34404965190164827,0.3485574662521063
Hagan_genotox,DTXSID3021431,Vinyl acetate,1,0.507943671850359,0.58770973781181,0.5861865307584181,0.5788743988278584
Hagan_genotox,DTXSID3021433,Vinyl carbamate,1,0.553962085839912,0.6001324342221939,0.7170900154215629,0.6908662665839915
Hagan_genotox,DTXSID3021435,Vinyl fluoride,1,0.46059141466464787,0.4761256174031872,0.431897477445853,0.429784800414919
Hagan_genotox,DTXSID3021437,4-Vinylcyclohexene,0,0.3914851465800296,0.39071993150540246,0.45254281900757,0.4301254004210516
Hagan_genotox,DTXSID3021439,Vinylidene fluoride,0,0.5056092630783785,0.5665513008313741,0.5900868692985531,0.565928709004313
Hagan_genotox,DTXSID3021483,Phenylacetaldehyde,1,0.4943241067538044,0.5757515896440579,0.5660223392758813,0.562283832254647
Hagan_genotox,DTXSID3021485,"1,3-Benzenedicarboxylic acid",1,0.4192025333195333,0.4523570458295754,0.4542391137963235,0.43512544413801396
Hagan_genotox,DTXSID3021516,Methyl ethyl ketone,1,0.41651929087481854,0.4601824742579632,0.4326822699098849,0.4456313435840089
Hagan_genotox,DTXSID3021562,Dichloroacetonitrile,1,0.4747098271502071,0.5142321832774995,0.5207393555596102,0.5086769177775493
Hagan_genotox,DTXSID30216258,4-Chloro-N-cyclopentylbenzylamine,0,0.45039804409942624,0.4684292820074587,0.47634362770400723,0.47938337622122135
Hagan_genotox,DTXSID3021641,Nonanoic acid,0,0.4650742022408801,0.5196930392814573,0.4907733208790302,0.5042412532020475
Hagan_genotox,DTXSID3021643,Octanal,0,0.13386926815995878,0.14373320003483608,0.14143923865356378,0.1548361051777213
Hagan_genotox,DTXSID3021645,Octanoic acid,1,0.33655664290164194,0.35991132773772017,0.3383171901349358,0.345728043586153
Hagan_genotox,DTXSID30216718,1-Nitroso-4-phenylpiperidine,1,0.7434215702179329,0.8271474911135938,0.8656195933664442,0.8709789893957813
Hagan_genotox,DTXSID3021726,Salicylamide,1,0.5175894500039505,0.5775160200738342,0.5757305113827903,0.5595324168763184
Hagan_genotox,DTXSID3021807,o-Xylene,0,0.5273264269194046,0.5581377061890197,0.5443153053828637,0.5173981453816444
Hagan_genotox,DTXSID3021851,2-Methyl-4-phenylbutan-2-ol,0,0.25763400054817737,0.21626503459545596,0.22535160196030293,0.2082388284839541
Hagan_genotox,DTXSID3021853,1-Piperazineethanol,0,0.4393039800431022,0.4448445414042304,0.400591146593432,0.40665949279194047
Hagan_genotox,DTXSID3021930,Hexylamine,0,0.09601888982747338,0.054776214069628515,0.056233545958076,0.054615941347319175
Hagan_genotox,DTXSID3021932,Diethanolamine,0,0.4905234800563765,0.4800702462619875,0.5563021551761124,0.5437930791276481
Hagan_genotox,DTXSID3021936,Hexanedinitrile,0,0.2969991012558921,0.2848138335483346,0.2758799780086963,0.2684679039993436
Hagan_genotox,DTXSID3021980,Ethyl hexanoate,0,0.18338248796956078,0.18656424813389402,0.1920723952435589,0.1966308514496736
Hagan_genotox,DTXSID3021982,Butyl acetate,1,0.20345409501478195,0.2065080362140462,0.21192616099488767,0.2157567888176665
Hagan_genotox,DTXSID3021986,Tributyl phosphate,0,0.22183938454323707,0.21275432088912452,0.18784344114923915,0.20972981124320664
Hagan_genotox,DTXSID3022114,"N,N-Dibutylformamide",0,0.34320034114417863,0.39982276351400997,0.40089776767583424,0.40692594421136824
Hagan_genotox,DTXSID3022160,4-Hydroxyazobenzene,0,0.6301106342297175,0.7399880095474377,0.6860563169461553,0.7002327319048929
Hagan_genotox,DTXSID3022168,"1,4-Dibutyl benzene-1,4-dicarboxylate",0,0.23051288421842256,0.21361316259604912,0.19822672109782566,0.19399647272701037
Hagan_genotox,DTXSID3022247,Nerolidol,0,0.5229505351908922,0.5632511494210818,0.5192479347488123,0.5188658060996341
Hagan_genotox,DTXSID3022297,(+/-)-3-Butyn-2-ol,0,0.48369359524503347,0.5041134737950915,0.5059635759486886,0.5199751231355183
Hagan_genotox,DTXSID30223629,HC Yellow no. 11,1,0.8750611735508849,0.953641772347122,0.9643955736066679,0.967393372104809
Hagan_genotox,DTXSID3022403,"2,2'-Dihydroxy-4-methoxybenzophenone",0,0.3754195192536535,0.41506928210921457,0.38648815239285694,0.39267076228569636
Hagan_genotox,DTXSID3022405,2-Hydroxy-4-methoxybenzophenone,0,0.3444675786414124,0.37044150632155376,0.3507917337698594,0.35423642759409907
Hagan_genotox,DTXSID30224136,N-(4-Aminobenzoyl)-beta-alanine,0,0.5140887055129948,0.5618463141393911,0.5830560107341688,0.5623065528724028
Hagan_genotox,DTXSID3022455,Dimethyl phthalate,0,0.42165553616471113,0.45657858052128075,0.4535078024192199,0.4338874870466145
Hagan_genotox,DTXSID3022536,4-Cumylphenol,0,0.32741578832166096,0.30880535230214706,0.3059772600744794,0.2892110929781223
Hagan_genotox,DTXSID30227309,"2-Methylcyclopentane-1,3-dione",0,0.45852168687228273,0.5480752609779085,0.5462507312385018,0.5483855472215482
Hagan_genotox,DTXSID3022875,Cysteamine,0,0.5015545362839468,0.6158121392411869,0.49529562801641686,0.5697837775102048
Hagan_genotox,DTXSID3022956,Sodium diethyldithiocarbamate,0,0.5273705850679478,0.6595436750425726,0.6134789437395917,0.6488730381445004
Hagan_genotox,DTXSID30229606,Methyl N-benzyl-N-(3-methoxy-3-oxopropyl)-beta-alaninate,1,0.45994097621168556,0.48408729169027215,0.4651000139316981,0.4458175069655794
Hagan_genotox,DTXSID3023059,Flucytosine,0,0.5677650339983856,0.6499414444747579,0.6192134491662254,0.6261636220811634
Hagan_genotox,DTXSID30232599,"Disodium 8-hydroxynaphthalene-1,6-disulphonate",0,0.3491313988198632,0.3543809031287739,0.30010578890831163,0.28310939802170215
Hagan_genotox,DTXSID3023398,Oxamniquine,1,0.6630888762301484,0.7621810424712882,0.8061191166853293,0.8092659997436865
Hagan_genotox,DTXSID30236815,"Quinaldine, 8-nitro-",1,0.809223830105585,0.8848576272229337,0.9104427669847784,0.9058311084931913
Hagan_genotox,DTXSID3023764,Benzo[e]pyrene,1,0.8586798316013615,0.9193337625597499,0.9163399527083028,0.9143957616198778
Hagan_genotox,DTXSID30237640,"Cyclopenta(a)phenanthren-17-one, 15,16-dihydro-11,12-dimethyl-",1,0.9114936694935655,0.9591028160914217,0.9470792747699278,0.9463785136405186
Hagan_genotox,DTXSID3023897,Triadimefon,1,0.28690665268676213,0.2828684572723798,0.24378766784097708,0.24861545298482146
Hagan_genotox,DTXSID30239220,"(3,4-Dimethoxyphenyl)acetonitrile",0,0.46490367231851076,0.49871821362787444,0.4938290676212879,0.47569934153076626
Hagan_genotox,DTXSID3024100,Ethyl phthalyl ethyl glycolate,0,0.34951311378815314,0.3633674123477762,0.34093080645012114,0.33349482855109347
Hagan_genotox,DTXSID3024237,Cyclotetramethylenetetranitramine,0,0.7399613982546328,0.8361839400559149,0.8222559393680312,0.8168564473506187
Hagan_genotox,DTXSID3024289,Pyrene,0,0.8038719766532064,0.8719331187184852,0.8573243019685618,0.853184763949787
Hagan_genotox,DTXSID30243367,Pyrazinoic acid,0,0.4631768348420037,0.5384090066921596,0.46028633376592953,0.47476168695444904
Hagan_genotox,DTXSID3024368,2-[2-(2-Ethoxyethoxy)ethoxy]ethanol,0,0.3710678870945623,0.3293638360751252,0.4038940060951434,0.38151651601404685
Hagan_genotox,DTXSID3024495,6-Amino-4-nitro-1-phenol-2-sulfonic acid,0,0.4932867405865287,0.612595829924048,0.6685640350651482,0.6920618324396579
Hagan_genotox,DTXSID3024497,3-Aminophenol,1,0.6471310533171398,0.7194656250545566,0.7561670992062398,0.7395753759930185
Hagan_genotox,DTXSID3024499,4-Aminophenol,1,0.7494309904673534,0.8329987975008212,0.8424688495272967,0.8244237686323747
Hagan_genotox,DTXSID3024572,"2,2'-Benzidinedisulfonic acid",0,0.18327452846172712,0.1711575633114051,0.18063340160914695,0.17560896372899926
Hagan_genotox,DTXSID3024574,2-Benzimidazolylurea,1,0.43928017290643284,0.4679302083192216,0.4345807918691497,0.4329795396854305
Hagan_genotox,DTXSID3024651,7-Bromomethyl-12-methylbenz(a)anthracene,1,0.8549607670427705,0.9184939815220164,0.9110335231553619,0.9112288301395189
Hagan_genotox,DTXSID3024653,beta-Bromo-beta-nitrostyrene,1,0.7312979266891825,0.8672649858040294,0.8949758113728015,0.906987745782641
Hagan_genotox,DTXSID3024736,Carveol,1,0.4966800227945716,0.5601009408089391,0.591259596912424,0.5629964610268056
Hagan_genotox,DTXSID3024815,3-Chloro-2-methylaniline,0,0.6370243792380007,0.7012362070821467,0.7123518621974781,0.6912213373912214
Hagan_genotox,DTXSID3024869,Cumene hydroperoxide,1,0.4147547994448795,0.42579086142087874,0.4646311103238616,0.42923207960924525
Hagan_genotox,DTXSID3024940,Dibromoacetonitrile,0,0.5380842636202471,0.6297650431275604,0.6246763995625954,0.6298819112373927
Hagan_genotox,DTXSID3024944,"1,2-Dibromo-2,4-dicyanobutane",0,0.31071186850562177,0.32839180109752925,0.3328753724314501,0.32865167726412664
Hagan_genotox,DTXSID3024994,Sodium dichloroisocyanurate,0,0.5085059752865694,0.6153419965031844,0.59456681139405,0.5975112677015045
Hagan_genotox,DTXSID3024998,"2,4-Dichloronitrobenzene",1,0.6337593431438512,0.7709223789069632,0.8278902895744804,0.8386290985164612
Hagan_genotox,DTXSID3025041,Diethyl carbonate,1,0.4044929988715218,0.46706601240681583,0.4721768687362719,0.4685992252952935
Hagan_genotox,DTXSID3025049,Diethylene glycol monomethyl ether,0,0.3275999374682747,0.2744347241671563,0.33682447906060514,0.32447536319418613
Hagan_genotox,DTXSID3025091,C.I. Disperse Black 6,1,0.5637655451202345,0.6129402774869473,0.6092633622207365,0.6049217140733807
Hagan_genotox,DTXSID3025122,Dimethyl glutarate,1,0.4165108754418177,0.4634661148508399,0.4807662253242995,0.46850799586509345
Hagan_genotox,DTXSID3025174,"1,3-Dioxane",0,0.5055945187777361,0.4781982610045339,0.47572940023499005,0.45175985771669985
Hagan_genotox,DTXSID3025251,"1,2-Epoxy-3,3,3-trichloropropane",1,0.6065817005485618,0.6609119041092851,0.6130018391941009,0.6100363521303239
Hagan_genotox,DTXSID3025253,Ergotamine D-tartrate,1,0.3769083443955454,0.3831047176272849,0.3578353654979464,0.3582409132460846
Hagan_genotox,DTXSID3025419,4-Hydroxyaminoquinoline-1-oxide,1,0.6057033239357735,0.6874673582153452,0.7582687858821929,0.7599831182953803
Hagan_genotox,DTXSID3025461,Isobutyl methacrylate,0,0.3900675939468418,0.45355197538654407,0.4521693112971699,0.45297018761654656
Hagan_genotox,DTXSID3025469,Isopentyl alcohol,0,0.37767395059063463,0.32836076970335276,0.36935982214443924,0.3572330026634544
Hagan_genotox,DTXSID3025629,2-Methyl-4-nitroaniline,1,0.9260776909962019,0.9772940567185328,0.9815152000882515,0.9825893828134241
Hagan_genotox,DTXSID3025839,"2,4-Dichloro-1-(trichloromethyl)benzene",0,0.48632428711386694,0.5386598152335106,0.5361331589654342,0.5165734104390105
Hagan_genotox,DTXSID3025881,"1,2-Phenylenediamine",1,0.7212584793851983,0.8001002785483928,0.8338555411783553,0.8196387991935414
Hagan_genotox,DTXSID3025883,"1,4-Diisocyanatobenzene",0,0.6247205496127246,0.703259548465491,0.8105190520046138,0.790588100047799
Hagan_genotox,DTXSID3025914,Pigment Red 2,0,0.6949615575524036,0.8087326931185951,0.7621384947111407,0.765641995979539
Hagan_genotox,DTXSID3026065,Sulfan blue,1,0.5525803364610239,0.6835500974240493,0.7984155026258147,0.8063566291097178
Hagan_genotox,DTXSID3026067,Sulfapyridine,1,0.611416001802391,0.6750336790416237,0.6352690955650093,0.6312126882339671
Hagan_genotox,DTXSID3026142,Sodium thioglycolate,1,0.39026948206367856,0.43306533549692205,0.38141978734431614,0.3965914836312125
Hagan_genotox,DTXSID3026190,"2,2',4'-Trichloroacetophenone",0,0.5520641557944406,0.6609689553719827,0.6039541315429391,0.6201957802326253
Hagan_genotox,DTXSID3026225,Triethylenemelamine,1,0.4520872830778293,0.5000755215718448,0.49382228206856366,0.49072980026063334
Hagan_genotox,DTXSID3026275,Valeronitrile,0,0.19221516084990808,0.1810509402153417,0.1788596336261,0.18833410278154908
Hagan_genotox,DTXSID3026279,Indigo dye,1,0.5156355266521389,0.6170028616749658,0.48569073590869566,0.48188336094239004
Hagan_genotox,DTXSID3026306,"2,5-Dimethylaniline",1,0.7035052824734217,0.7741124081879557,0.8023259675433243,0.7842729737023166
Hagan_genotox,DTXSID3026308,"3,4-Dimethylaniline",0,0.7236652118336838,0.7977444144103458,0.803678180174023,0.7879895266772796
Hagan_genotox,DTXSID3026485,Chlorotrifluoroethylene,0,0.487096095111307,0.5731451507986982,0.5678193893914871,0.5672633362069005
Hagan_genotox,DTXSID3026514,Phthalimide,0,0.522882835289217,0.5995320543602539,0.5685706930015831,0.5679764465762546
Hagan_genotox,DTXSID3026516,Tetrahydrophthalic anhydride,0,0.48834676447262043,0.5555588538353172,0.5315400211729934,0.5383525467416622
Hagan_genotox,DTXSID3026560,3-Hydroxy-2-naphthoic acid,1,0.28052840488489117,0.2825764317013844,0.2737209806639607,0.27379405156771947
Hagan_genotox,DTXSID3026562,N-(2-Methylphenyl)-3-oxobutanamide,0,0.4120728148554291,0.4466455208701643,0.4587857254777102,0.4552186082465091
Hagan_genotox,DTXSID3026564,Triethylene glycol bis(2-ethylhexanoate),0,0.13611565827563143,0.1232274538216777,0.13579150345802907,0.13255404952094527
Hagan_genotox,DTXSID3026641,"1,3-Benzenedicarbonyl dichloride",1,0.5180623398778321,0.6126314891881736,0.7265170441168545,0.718553379085661
Hagan_genotox,DTXSID3026645,p-Cymene,0,0.4247505695215806,0.4221295312314446,0.4218213079862941,0.39326014553377675
Hagan_genotox,DTXSID3026647,4-Hydroxybenzoic acid,0,0.4105663649090086,0.44776440033183373,0.3916397771529548,0.3876257337832911
Hagan_genotox,DTXSID3026691,Triacetin,1,0.38348927059332744,0.41102212900993756,0.4458929912434824,0.41443723426803625
Hagan_genotox,DTXSID3026697,Bis(2-ethylhexyl) nonanedioate,0,0.35679322377321304,0.3958134164222939,0.4129782262637949,0.4042068854235301
Hagan_genotox,DTXSID3026722,Diisopropyl peroxydicarbonate,0,0.4208576523999991,0.4749436610346327,0.49031799550480154,0.4725978435512239
Hagan_genotox,DTXSID3026726,Citronellol,1,0.4263614098800397,0.4432573687235381,0.39169549830011435,0.39563604550562853
Hagan_genotox,DTXSID3026930,Docosanoic acid,0,0.4277283956810449,0.48345110364584243,0.4450091298914762,0.46940990193772625
Hagan_genotox,DTXSID3026932,1-Octadecene,1,0.7886304289445641,0.8619019266896134,0.8656115507827392,0.8530649825001121
Hagan_genotox,DTXSID3026984,2-Chloro-1-methyl-4-nitrobenzene,0,0.9007012313260637,0.9663571092884218,0.9722014717694117,0.9733086275741493
Hagan_genotox,DTXSID3027033,"Silane, dichloroethenylmethyl-",0,0.36718494028085297,0.4006290477663282,0.4222859659149048,0.40773552832842747
Hagan_genotox,DTXSID3027037,Sulfolane,0,0.5693357303236888,0.6168519409330494,0.6138049867508584,0.6044822933762445
Hagan_genotox,DTXSID3027039,Dipentaerythritol,0,0.400795238868951,0.3546014682073167,0.3337042630509679,0.31266758418374224
Hagan_genotox,DTXSID3027085,Bis[2-(2-butoxyethoxy)ethyl] adipate,0,0.1454862421320908,0.13906156018990398,0.15347688581884825,0.15325763036174975
Hagan_genotox,DTXSID3027112,Bis(butoxyethoxyethoxy)methane,0,0.42091048773067524,0.368357233519105,0.4271014619262899,0.3985912183759344
Hagan_genotox,DTXSID3027164,Guanidine nitrate,0,0.4378576343458683,0.4510160680525974,0.46551431608273103,0.4614639208946522
Hagan_genotox,DTXSID3027241,2-Chlorobenzyl chloride,1,0.5841209749459093,0.6606698667867885,0.6485214133085111,0.6347275403997271
Hagan_genotox,DTXSID3027291,Tetramethyl orthosilicate,0,0.4438952920945382,0.4622670466343987,0.512001212665203,0.4660501292550765
Hagan_genotox,DTXSID3027293,2-Ethylhexyl 2-methyl-2-propenoate,0,0.12070945746671907,0.11964038391988537,0.12631599619094627,0.1295744125072867
Hagan_genotox,DTXSID3027297,Dodecanedioic acid,0,0.2765646721508895,0.2543280526134099,0.22812871325401649,0.21964872908267094
Hagan_genotox,DTXSID3027299,Distearyl thiodipropionate,0,0.04726501195406463,0.029492290802401178,0.029069056153473754,0.029058790855842166
Hagan_genotox,DTXSID3027370,Trimethoxymethylsilane,1,0.4090580751826825,0.44485447502122494,0.481039135914953,0.4444990093921794
Hagan_genotox,DTXSID3027457,"C.I. Solvent Blue 23, monohydrochloride",0,0.5265388482990276,0.6251631937179837,0.596499155694881,0.6129369979255265
Hagan_genotox,DTXSID3027530,"1,1,1-Trimethylolpropane trimethacrylate",0,0.38912319700354114,0.40603897461008626,0.5127407574954382,0.48578740094978445
Hagan_genotox,DTXSID3027584,"N,N-Dicyclohexyl-2-benzothiazolesulfenamide",0,0.3164030374515633,0.35261948532596704,0.3203061118474306,0.3450645227907252
Hagan_genotox,DTXSID3027586,(2-(Methacryloyloxy)ethyl)trimethylammonium chloride,0,0.2468460963567943,0.27612598478564326,0.27733842727930696,0.28586874384523214
Hagan_genotox,DTXSID3027588,"1,1-Methylenebis(4-isocyanatocyclohexane)",0,0.5010154382491864,0.5410423301015704,0.6467328593189793,0.6437775620656234
Hagan_genotox,DTXSID3027611,"Glycine, N-(carboxymethyl)-N-(phosphonomethyl)-",0,0.411765024592035,0.4456085734858603,0.4130616529178612,0.40982684395707825
Hagan_genotox,DTXSID3027617,Dimethyl succinylsuccinate,0,0.45799820720104867,0.5611696691410862,0.545241693500009,0.5588223441425338
Hagan_genotox,DTXSID3027792,Ethyltriacetoxysilane,0,0.4033902925572244,0.4116396020924893,0.3806877681660228,0.3628278143949402
Hagan_genotox,DTXSID3027823,Methyltri(2-butanoneoximyl)silane,1,0.6356603701621296,0.6913139860623762,0.6649150269807259,0.6566141054216025
Hagan_genotox,DTXSID3027829,"2,5,8,11-Tetraoxatridecan-13-ol",0,0.33562715184417957,0.2832760246302462,0.3522253261408918,0.32893748535929657
Hagan_genotox,DTXSID3027906,"Zinc, bis[O-(2-ethylhexyl) O-(2-methylpropyl) phosphorodithioato-.kappa.S,.kappa.S']-, (T-4)-",0,0.10965568471002042,0.1022470169906348,0.08514616040869928,0.0944226621701032
Hagan_genotox,DTXSID3028001,"4,4'-(4,4'-Isopropylidenediphenoxy)bisphthalic dianhydride",0,0.25785596046046005,0.30315524971639024,0.2318443026643425,0.24549675697927356
Hagan_genotox,DTXSID30281340,"benzene-1,3-diylbis[(4-hydroxyphenyl)methanone]",0,0.49368300798161463,0.5518833640250224,0.5240781233323786,0.5209151089125122
Hagan_genotox,DTXSID3028421,"2-Ethylhexyl ((3-((2-(dimethylamino)ethoxy)carbonyl)amino)-4-methylphenyl)carbamate, 2-hydroxy-propanoic acid salt",0,0.1907081252478904,0.14617026574742786,0.15657741595462235,0.14400590917979728
Hagan_genotox,DTXSID30284391,4'-Chloro-2-nitrobiphenyl,0,0.8353307914817614,0.9068659360768253,0.9274212085802409,0.928426300189764
Hagan_genotox,DTXSID30286234,diazobarbituric acid,1,0.3871499291018394,0.493087512504685,0.460410425596448,0.4820696678444069
Hagan_genotox,DTXSID3029108,Tetramethylammonium hydroxide,0,0.42528879274653164,0.437207282399431,0.4893433737527532,0.4483879285887784
Hagan_genotox,DTXSID3029150,"2-Amino-2-ethyl-1,3-propanediol",0,0.29113647725820213,0.2383660030975134,0.2312433271295646,0.22028773532810586
Hagan_genotox,DTXSID3029154,Cyclopentanone,0,0.4113406305278571,0.506266399307704,0.49152401601667073,0.5049205249921723
Hagan_genotox,DTXSID3029158,"1,4-Piperazinediethanol",0,0.4942960041941225,0.48707928798023037,0.49782312924686295,0.48688542558958087
Hagan_genotox,DTXSID3029233,Benzophenonetetracarboxylic dianhydride,0,0.48406288431158107,0.5729343795976676,0.5147179857659302,0.5247193162646636
Hagan_genotox,DTXSID3029237,3-(Trimethoxysilyl)propyl methacrylate,1,0.4025943897322548,0.47410619396291437,0.4628940547183264,0.47338611097037386
Hagan_genotox,DTXSID3029285,"2,2',2''-Nitrilotrisacetonitrile",0,0.32626587760428666,0.3076080547327677,0.33522515999099994,0.3225102926041021
Hagan_genotox,DTXSID3029287,4-Methylmorpholine 4-oxide,0,0.45655292316032386,0.47664964064471255,0.49050485211480255,0.46961286354572734
Hagan_genotox,DTXSID3029289,"7a-Ethyldihydro-1H,3H,5H-oxazolo(3,4-c)oxazole",0,0.3629214273952596,0.3245234343510543,0.3311327585925468,0.31951624687093944
Hagan_genotox,DTXSID3029310,"N,N-Bis(4-tert-octylphenyl)amine",0,0.20410545855853446,0.18540787492046742,0.1875722269374993,0.1874094379679289
Hagan_genotox,DTXSID3029312,6-Hydroxy-2-naphthoic acid,1,0.5059733034527182,0.5644410916950084,0.5404350813014169,0.5406215798809217
Hagan_genotox,DTXSID3029318,Bis-sec-butyl peroxydicarbonate,0,0.34071814514924254,0.37248835968057475,0.39503060911493165,0.3767216660514432
Hagan_genotox,DTXSID3029364,4-Methoxy-2-methyl-N-phenylaniline,0,0.42506736930621775,0.4368118663129619,0.41926640108562013,0.41966801956910693
Hagan_genotox,DTXSID3029572,Benoxacor,1,0.5307769975023874,0.5944665848654197,0.5530223332887495,0.5519896437376826
Hagan_genotox,DTXSID3029607,Triethylene glycol dimethacrylate,0,0.32366939624229274,0.3925288390033661,0.38527953986700236,0.396733812538032
Hagan_genotox,DTXSID3029609,[(Ethenyl)oxy]ethane,0,0.37621373827742427,0.3865135903425127,0.4449762618761046,0.42807019147329006
Hagan_genotox,DTXSID3029655,"2,2,6,6-Tetramethyl- 4-piperidinol",0,0.35364576232905787,0.31265563595376017,0.28543906457089924,0.2867231318828369
Hagan_genotox,DTXSID3029817,"Spiro[isobenzofuran-1(3H),9'-[9H]xanthen]-3-one-6'-(dibutylamino)-3'-methyl-2'-(phenylamino)-",0,0.30658475396801005,0.34664550528946964,0.3307805458718483,0.35158717194263067
Hagan_genotox,DTXSID3030189,2-Biphenylamine,1,0.6828962284272443,0.7429268938635972,0.7258361380159567,0.7172105129995234
Hagan_genotox,DTXSID3030428,5-(Hydroxymethyl)-2-furfural,0,0.5218142447002224,0.577658582275984,0.6004394878079643,0.5999618519754791
Hagan_genotox,DTXSID3030636,Adriamycin hydrochloride,1,0.4063856994310128,0.49457671394438446,0.46004468318135133,0.46987105240765653
Hagan_genotox,DTXSID3031492,Isopropenyl acetate,0,0.47317790293264833,0.5555105538664274,0.5634333712736739,0.556053777070676
Hagan_genotox,DTXSID3031860,Perfluorodecanoic acid,0,0.4466799299902555,0.4927967992231756,0.4627109191713912,0.4632469026689769
Hagan_genotox,DTXSID3031864,Perfluorooctanesulfonic acid,1,0.16082600016754392,0.14336266053520366,0.17585658508736432,0.15395264405188194
Hagan_genotox,DTXSID3032129,"Tetrabromobisphenol A-bis(2,3-dibromopropyl ether)",1,0.3315401843869727,0.3272120925512053,0.3554556467272929,0.33632017435018396
Hagan_genotox,DTXSID3032337,Butralin,0,0.501292226833304,0.6171744858485474,0.6640307920729942,0.675552561751636
Hagan_genotox,DTXSID3032389,Farnesol,0,0.3683154700376082,0.3499597903447596,0.42731448633565505,0.40339898865152374
Hagan_genotox,DTXSID3032464,Profenofos,0,0.3750809572891453,0.39312446117248956,0.36820065602152646,0.359438006683541
Hagan_genotox,DTXSID30330261,"1,4,7,10-Tetrabenzyl-1,4,7,10-tetraazacyclododecane",0,0.48761449359096765,0.5119003391495325,0.529190811444131,0.524756258676096
Hagan_genotox,DTXSID3033276,Butyl dipropasol solvent,0,0.45845773486142477,0.427365236312731,0.4222381492752032,0.3976084304632295
Hagan_genotox,DTXSID3034329,Amicarbazone,0,0.33954829484730636,0.3467632515940848,0.350167742093275,0.33999445008351076
Hagan_genotox,DTXSID3034662,Imazalil sulfate,0,0.4559536291878398,0.5326885741857604,0.5375433000518547,0.5349227871294759
Hagan_genotox,DTXSID3034799,Paraquat,0,0.4628097158082132,0.5591327692586062,0.528956947338645,0.5321812788807375
Hagan_genotox,DTXSID3034909,Sodium diacetate,0,0.48717869647917805,0.5207005773407515,0.4956438473879497,0.5087382914693447
Hagan_genotox,DTXSID30350742,4-Methylsulfonyl-2-nitrotoluene,1,0.8560148382774275,0.9426734237069111,0.9559606051118114,0.9580527613294553
Hagan_genotox,DTXSID3036238,Calcium carbonate,1,0.5103809964202057,0.5841185469317304,0.6021218496613452,0.5726421079895659
Hagan_genotox,DTXSID3036286,Citralva,1,0.4123522546902163,0.4902050189464053,0.47869259500045813,0.4918283083119848
Hagan_genotox,DTXSID3036288,2-Octyl-1-dodecanol,0,0.06740770271745193,0.035892792470245856,0.03967273419672063,0.03572059292502616
Hagan_genotox,DTXSID30364940,"3~4~-Ethyl-2~2~-fluoro-1~4~-propyl-1~1~,2~1~:2~4~,3~1~-terphenyl",0,0.27648450714453915,0.26605504505269556,0.27781554170607264,0.26559316468440297
Hagan_genotox,DTXSID30365139,methyl 9-decenoate,0,0.2181916449303246,0.23446541147447042,0.24619427233043592,0.24550576316862013
Hagan_genotox,DTXSID30367350,BAS 00347765,1,0.4637357551772994,0.5162973437685608,0.49606251452105116,0.5010709764656716
Hagan_genotox,DTXSID3036860,3-Nitrobenzidine,1,0.880104447219671,0.9410489384186153,0.9462826438278488,0.9498251936922335
Hagan_genotox,DTXSID3037208,Diclofenac sodium,0,0.3479780959003452,0.3692935776878163,0.3564271955164588,0.3613026771580145
Hagan_genotox,DTXSID3037628,"2-Amino-1-methyl-6-phenylimidazo [4,5-b]pyridine",1,0.662669591568627,0.7219415516752893,0.7239297282600013,0.7092329524307951
Hagan_genotox,DTXSID3037707,Potassium perfluorobutanesulfonate,0,0.24882333582348096,0.24729193205921884,0.26492217968338855,0.2502411832314548
Hagan_genotox,DTXSID3037709,Potassium perfluorohexanesulfonate,0,0.5231438385226487,0.5892683365044166,0.6169161643130114,0.5810969480688596
Hagan_genotox,DTXSID3037757,10-Undecen-1-al,0,0.26613731319521167,0.2988645057999319,0.2908711616893237,0.3052062809232185
Hagan_genotox,DTXSID30379857,1-(Perfluorohexyl)ethane,0,0.2539848843821895,0.19184224340130593,0.24685737373569427,0.2119714169444403
Hagan_genotox,DTXSID3038694,Isatin,1,0.4938501750091669,0.5867234440140298,0.534593676732062,0.5487339778937587
Hagan_genotox,DTXSID3038696,Ethyl benzoate,0,0.32296063398596525,0.3292717518490293,0.308375697239301,0.3054600109137782
Hagan_genotox,DTXSID3038771,"2,4-Dimethylpentan-3-one",1,0.4781541180956587,0.5723618195625652,0.5498190694376465,0.5679649817088234
Hagan_genotox,DTXSID3038808,"1,3,5,7-Tetramethyl-1,3,5,7-tetravinylcyclotetrasiloxane",1,0.4952701682242595,0.5439130312613064,0.5781611116929891,0.5495311882939419
Hagan_genotox,DTXSID3038852,Ensulizole,0,0.3766516682066454,0.3904684945829018,0.34887090143233634,0.3393204642346794
Hagan_genotox,DTXSID3039242,Benzene,1,0.49652121264371685,0.5223394284201474,0.5962194452144552,0.5605312209130396
Hagan_genotox,DTXSID30393598,N-Carbamothioyl-2-methylpropanamide,0,0.4459192507974293,0.5190035658843101,0.5646562857956843,0.5849093626753522
Hagan_genotox,DTXSID3040271,2-Methylquinoline,1,0.6125356798740714,0.6771498974183537,0.6423633969414568,0.6400904829982762
Hagan_genotox,DTXSID3040300,4-Chlorobiphenyl,1,0.5083222828882149,0.5466604414076625,0.5591332581644138,0.5473739607901812
Hagan_genotox,DTXSID3040649,4-Methylpyrazole,0,0.4600868762110404,0.491134783131612,0.4669773869696971,0.4736542165519993
Hagan_genotox,DTXSID3040697,"2,6-Dichlorotoluene",0,0.45963564345394564,0.4766048565101926,0.4629833346915601,0.4372076699572401
Hagan_genotox,DTXSID3040699,"p,p'-DDA",0,0.4812662330262755,0.5110552651626245,0.5089292828358276,0.49483761311456026
Hagan_genotox,DTXSID3040726,Olaquindox,1,0.41299145890560296,0.4745528253083173,0.47711925537353966,0.4802761202660353
Hagan_genotox,DTXSID3040728,"Phosphoric acid, dibutyl ester",0,0.24529683751262035,0.24357933825791497,0.20186499740201333,0.24043536977205623
Hagan_genotox,DTXSID3040930,"1,2,4-Benzenetriol",0,0.5721922400141813,0.6268010707862367,0.5851186530060096,0.5621740606495415
Hagan_genotox,DTXSID3040932,1-Aminopyrene,1,0.8730110419089581,0.9273631313647454,0.9289061772962595,0.9275947545633194
Hagan_genotox,DTXSID3041081,N-Nitrosomethylbenzylamine,1,0.7138969993995382,0.8206312578391407,0.8669756011329821,0.8677040834259059
Hagan_genotox,DTXSID3041241,"1,3-Dioxolane-2-acetic acid, 2-methyl-, ethyl ester",0,0.3578938449429195,0.42905585015759334,0.42673191664279964,0.43328217147496256
Hagan_genotox,DTXSID3041243,"N-(3-Aminopropyl)-N-dodecylpropane-1,3-diamine",0,0.11502007759025713,0.07747542396667367,0.07793233790319813,0.07916095075491733
Hagan_genotox,DTXSID3041299,Dihydrojasmone lactone,0,0.12979407151080583,0.12993739342458113,0.13827059246343376,0.14011632581873992
Hagan_genotox,DTXSID3041403,"2-Chloro-1,4-dimethoxybenzene",0,0.4496729220670604,0.4766746386877265,0.4753798200076664,0.454692069368716
Hagan_genotox,DTXSID3041451,"2-Propene-1-sulfonic acid, sodium salt",0,0.33279508167048055,0.31319462941478,0.3784351336111182,0.36099261872361604
Hagan_genotox,DTXSID3041538,"5H-3,5a-Epoxynaphth[2,1-c]oxepin, dodecahydro-3,8,8,11a-tetramethyl-",0,0.3188913451036948,0.2907771439297115,0.36150904206479845,0.300492753496961
Hagan_genotox,DTXSID3041611,Ascorbyl palmitate,1,0.17754290457230004,0.18667002646018205,0.1389303713745954,0.14750926988939314
Hagan_genotox,DTXSID3041661,2-Hydroxybenzonitrile,0,0.4698870592752691,0.5348261481192446,0.5122859421543476,0.5153678798335121
Hagan_genotox,DTXSID3041663,Benzyl cinnamate,0,0.4540074590722963,0.5075985848994945,0.6154284510380222,0.6070658732401099
Hagan_genotox,DTXSID3041665,Benzylhexadecyldimethylammonium chloride,0,0.14232703900941668,0.09711492618570401,0.09949565410093847,0.09157168630847462
Hagan_genotox,DTXSID3041669,"N,N-(2-Dihydroxyethyl)glycine",0,0.31826114866739735,0.3820662998803968,0.36331692717950914,0.39108208293090635
Hagan_genotox,DTXSID3041740,C.I. Solvent Red 169,1,0.432961778636012,0.5141968806132898,0.46841435170691376,0.4659072540258744
Hagan_genotox,DTXSID3041744,C.I. Solvent Red 49,0,0.39830975105839017,0.45484802145270425,0.44243609449965016,0.45710321232483614
Hagan_genotox,DTXSID3041790,Citronellal,1,0.45432912108719864,0.5515566845316285,0.5255822235309978,0.5479969855498708
Hagan_genotox,DTXSID3041794,Cloquintocet-mexyl,0,0.4054410452868294,0.4360294381299357,0.39848600147808017,0.4035043230262613
Hagan_genotox,DTXSID3041904,Isopropyl Laurate,0,0.15694399993395722,0.14925665364098747,0.15559098789881773,0.1619747233588901
Hagan_genotox,DTXSID3041954,3-Octanone,0,0.1899855804179673,0.20767629428352277,0.20425861520262792,0.21837179537658372
Hagan_genotox,DTXSID3042051,1-(o-Tolyl)biguanide,0,0.4145232745644169,0.4066853138841664,0.4061818090275606,0.3744409234658719
Hagan_genotox,DTXSID3042059,Isopentyl butyrate,1,0.3921145221236815,0.4584429379456256,0.4566812622492884,0.4619056511471548
Hagan_genotox,DTXSID3042342,Propyl chloroformate,0,0.33414231580703185,0.3637027920657124,0.4462205302321918,0.44336024600857266
Hagan_genotox,DTXSID3042348,Propylparaben sodium,0,0.28211546056429965,0.28467708784112417,0.2912418371074766,0.2874280573520365
Hagan_genotox,DTXSID3042390,Sodium (2-pyridylthio)-N-oxide,0,0.5051484563727153,0.5668180237849297,0.505431599727011,0.4999713372171381
Hagan_genotox,DTXSID3042394,Sodium 1-naphthalenesulfonate,0,0.3693112349559198,0.3775479822282395,0.3828059385823556,0.3673058854660621
Hagan_genotox,DTXSID30432355,1-(2-(4-(chloromethyl)phenoxy)ethyl)azepane hydrochloride,0,0.4584007336217264,0.5011929669770137,0.5151202054043685,0.5175528268453272
Hagan_genotox,DTXSID3044253,"2,4-Diphenyl-4-methyl-1-pentene",0,0.24144663954276302,0.22453042567878476,0.2572907883040622,0.2380837642864375
Hagan_genotox,DTXSID3044332,Benzyltrimethylammonium hydroxide,0,0.4173030769107983,0.4263388144201959,0.44378596092389405,0.4125239978353598
Hagan_genotox,DTXSID3044388,"2,2,6,6-Tetramethylpiperidin-4-amine",0,0.36622785644500383,0.32952916367965207,0.291179163674838,0.2942059502706788
Hagan_genotox,DTXSID3044413,1-Ethyl-2-pyrrolidinone,0,0.37813032860947837,0.3910090504914275,0.3630977668078863,0.3774947861203312
Hagan_genotox,DTXSID3044415,"N,N'-1,3-Phenylenedimaleimide",1,0.5732067648183863,0.6784632324171822,0.7370466107140953,0.7262376202276443
Hagan_genotox,DTXSID3044419,Lithium trifluoromethanesulfonate,0,0.2785841378420883,0.2838561344708717,0.3077102084751531,0.29118081829579884
Hagan_genotox,DTXSID3044461,5-Methyl-2-(prop-1-en-2-yl)cyclohexanol,0,0.4221795274257558,0.47285720659709957,0.4940076555491168,0.4746372328408061
Hagan_genotox,DTXSID3044463,Ethenyl(triethoxy)silane,0,0.3870054625736634,0.39792229972387166,0.3752230513720584,0.37388449038353994
Hagan_genotox,DTXSID3044465,"2,4-Diaminobenzenesulfonic acid",0,0.2902458779679003,0.2765612225105151,0.3299548241937422,0.32501994796931616
Hagan_genotox,DTXSID3044544,3-Hydroxy-N-(3-nitrophenyl)naphthalene-2-carboxamide,0,0.6022919023471148,0.702995625016407,0.743974229901967,0.7428245701151966
Hagan_genotox,DTXSID3044592,3-(Pyridinium-1-yl)propane-1-sulfonate,0,0.3991655921871449,0.43319803860073547,0.39096918099989386,0.3879098960756388
Hagan_genotox,DTXSID3044598,Panthenol,0,0.2762063372577589,0.2863443299525193,0.24744774586858173,0.2562879822404632
Hagan_genotox,DTXSID3044621,"3,3'-(1,1,3,3-Tetramethyldisiloxane-1,3-diyl)dipropan-1-amine",0,0.3189588469584495,0.3079309599763078,0.2954013009674548,0.29231468455943393
Hagan_genotox,DTXSID3044623,4-Hydroxybutyl prop-2-enoate,0,0.31610120978836054,0.331883930538214,0.3707272348215503,0.36825594667240447
Hagan_genotox,DTXSID3044627,1-Hydroxybenzotriazole,0,0.5101691855163549,0.5728512311084141,0.559202413763645,0.5571867740852243
Hagan_genotox,DTXSID3044629,"4,4'-Diazene-1,2-diylbis(4-cyanopentanoic acid)",0,0.32673750405792285,0.37258515183844415,0.32354449718323636,0.33449699573664055
Hagan_genotox,DTXSID3044675,"2,2'-Azobis[2,4-dimethylvaleronitrile]",0,0.3084396711432882,0.3598653911868253,0.2984182252314805,0.3255875352327618
Hagan_genotox,DTXSID3044679,Octylphosphonic acid,1,0.12467350640587477,0.13175196406951653,0.12562432602948162,0.14468302674911873
Hagan_genotox,DTXSID3044708,Acid Red 111,0,0.19091314749737073,0.2788259565861901,0.24542457171434098,0.2675227423163493
Hagan_genotox,DTXSID30447146,"N-(3-Methyl-3,6-dihydro-2H-1,3,5-oxadiazin-4-yl)nitramide",0,0.6172213578322613,0.7157074079303296,0.7647001349783764,0.7832712479480571
Hagan_genotox,DTXSID3044754,Prop-2-en-1-yl heptanoate,0,0.5001409155054571,0.5679951101023447,0.5735249225479845,0.5667939042412785
Hagan_genotox,DTXSID3044831,1-Butoxy-1-oxopropan-2-yl butanoate,1,0.30459317308706335,0.32671095346961615,0.34815243676392527,0.33572717202992003
Hagan_genotox,DTXSID3044837,2-Piperidineethanol,0,0.3183607454741641,0.2721036239012877,0.23732888460055637,0.24014152472989717
Hagan_genotox,DTXSID3044839,Ethenyl[tris(prop-1-en-2-yloxy)]silane,0,0.45096461617737,0.510152574252952,0.5288744066775984,0.5171519386116744
Hagan_genotox,DTXSID3044881,Methyl [3-(trimethoxysilyl)propyl]carbamate,0,0.4271487220321446,0.4451426424660676,0.39854418516334184,0.40995512063152256
Hagan_genotox,DTXSID3044885,Magnesium diethanolate,1,0.4115642256796455,0.3741149627930464,0.3992624066442973,0.3885402514422271
Hagan_genotox,DTXSID3044889,"2,5-Di-tert-butylcyclohexa-2,5-diene-1,4-dione",0,0.3712246232782374,0.45000516861091383,0.8879638379246898,0.888765544730596
Hagan_genotox,DTXSID3044910,"Hex-3-yne-2,5-diol",0,0.4729014801696209,0.49491969704104416,0.4800670967282304,0.4923561566160391
Hagan_genotox,DTXSID3044960,"1,3-Propanediol, bis(4-aminobenzoate)",0,0.3795183583328825,0.40892065832739316,0.4284895830014799,0.4264289978617475
Hagan_genotox,DTXSID3044964,"1,3-Dimethyl-1,3-diphenylurea",0,0.4641596597585025,0.5010923801117801,0.5122353100586662,0.5068653286037327
Hagan_genotox,DTXSID3045271,Dibucaine,0,0.41898776704060686,0.4762434740270917,0.5056976617860433,0.5057358805942845
Hagan_genotox,DTXSID3045439,Nifurtimox,1,0.849063745166434,0.9306686796438711,0.9329942096489313,0.9330787317267456
Hagan_genotox,DTXSID30457149,"3-amino-2,2-dimethylpropanamide",0,0.3312594384613319,0.3437785539576221,0.3029874291329528,0.32703252503503594
Hagan_genotox,DTXSID3046081,Thymol iodide,0,0.4938085313865055,0.5722451565844922,0.5228400736811842,0.5325887996144053
Hagan_genotox,DTXSID30465820,2-chloro-N-methyl-N-(4-nitrophenyl)acetamide,0,0.8441520810936699,0.9375848275187838,0.9488928989935331,0.9527895053503234
Hagan_genotox,DTXSID3046584,Carsalam,0,0.5432196380783486,0.6050572786011122,0.5928819338646575,0.584333676624532
Hagan_genotox,DTXSID30469045,3-Bromo-1-(3-chloropyridin-2-yl)-1H-pyrazole-5-carboxylic acid,0,0.4141538569287418,0.4559802696774922,0.42924232876274876,0.427226359111317
Hagan_genotox,DTXSID3047001,Phenylacetaldehyde dimethyl acetal,1,0.47484664429111517,0.5009094636708818,0.5157429659590097,0.485475089526971
Hagan_genotox,DTXSID3047057,Ethyl isovalerate,1,0.4225056925979052,0.4963757034434508,0.4944709698733416,0.4985358230507118
Hagan_genotox,DTXSID3047138,tert-Butylbenzene,0,0.28134061025452034,0.24517158093974944,0.25396108827370956,0.234468901468449
Hagan_genotox,DTXSID3047182,Propylene glycol dipelargonate,0,0.27911645076047503,0.2981749947486931,0.31356407457546503,0.30788594100035843
Hagan_genotox,DTXSID3047184,"2,3,5-Trimethylphenol",0,0.40278008860107445,0.39181627480925624,0.3958803490959098,0.3683765104215535
Hagan_genotox,DTXSID3047186,Isobutyl salicylate,0,0.34707291344171454,0.36299746399131266,0.337722926060463,0.33517119795780875
Hagan_genotox,DTXSID3047471,2-Methyl-3-buten-2-ol,0,0.3562489689969093,0.36440534503610095,0.4308969902147865,0.4242064519676296
Hagan_genotox,DTXSID30475207,"N-[3-(5-Bromo-1H-pyrrolo[2,3-b]pyridine-3-carbonyl)-2,4-difluorophenyl]propane-1-sulfonamide",0,0.22092548921965927,0.22313471293332965,0.2021558683537088,0.20265275875992886
Hagan_genotox,DTXSID3047550,Isopropyl 2-methylbutyrate,0,0.29777600738709625,0.3378927732229538,0.3375716494146935,0.34652316459337457
Hagan_genotox,DTXSID3047552,Hexyl hexanoate,0,0.03943462613377966,0.031970621913294306,0.03701148182222456,0.03808070516583038
Hagan_genotox,DTXSID3047558,2-(Perfluorohexyl)ethyl methacrylate,0,0.2128638244649832,0.19462999071991807,0.24610426025492602,0.2338616166375845
Hagan_genotox,DTXSID3047760,Tetrahydrothiophene,0,0.4885496264924623,0.6035204361867478,0.5393150007910636,0.5994699007780971
Hagan_genotox,DTXSID3048318,Vardenafil,0,0.28593498598204853,0.31261663947147983,0.3156194740661403,0.3211901137888266
Hagan_genotox,DTXSID3048996,Cannabinol,1,0.35761896097757173,0.3482508828846962,0.34428800038073204,0.3326211279632736
Hagan_genotox,DTXSID3049203,1-Bromopentane,0,0.1695274263269666,0.16613705592524616,0.14637911046518462,0.16127505209917892
Hagan_genotox,DTXSID3049330,Ethyl 2-chloroacetoacetate,0,0.36436469971102564,0.43434371340173855,0.4234628072917479,0.4338724719044309
Hagan_genotox,DTXSID3049419,Atropine sulfate anhydrous (2:1) salt,0,0.39057531659879513,0.4205814278431295,0.3845701934094354,0.39489894154197097
Hagan_genotox,DTXSID3049756,"2,2'-Azobis(2-amidinopropane) dihydrochloride",0,0.37290717786576016,0.43193620648622116,0.3316747713675379,0.37168723230656103
Hagan_genotox,DTXSID3051462,1-Chloropropane,0,0.4860581032321456,0.5444653848091877,0.4904026974390137,0.5239888440127832
Hagan_genotox,DTXSID3051593,C.I. Solvent Blue 104,0,0.47366460219813505,0.583936921638803,0.49376338255869956,0.5154898484281872
Hagan_genotox,DTXSID3051599,Trifluoro(trifluoromethoxy)ethylene,0,0.3082398042837144,0.3284703329474045,0.35370508548132795,0.3298145730458268
Hagan_genotox,DTXSID3051624,C.I. Basic Blue 41,1,0.5028760571218298,0.6584618965711048,0.8238845162559306,0.831880773519677
Hagan_genotox,DTXSID3051707,Iron(III) acetylacetonate,1,0.4522845240778582,0.536900332942131,0.5281096211687024,0.5312575077399396
Hagan_genotox,DTXSID3051830,Solvent Yellow 43,0,0.4626297326019208,0.5298898425857189,0.5482530804629197,0.5500632028474451
Hagan_genotox,DTXSID3051832,"2,2-Dimethylthiazolidine",0,0.4194902667199896,0.5091721139651214,0.41876072469824227,0.4850590692915753
Hagan_genotox,DTXSID3051913,"3,6,9-Triethyl-3,6,9-trimethyl-1,2,4,5,7,8-hexoxonane",0,0.36366199563478313,0.3783486375417611,0.4235738025117883,0.3844985957524914
Hagan_genotox,DTXSID3051965,Oxacycloheptadec-10-en-2-one,0,0.3180610258660452,0.36519974615455864,0.3691184060953325,0.375567784474629
Hagan_genotox,DTXSID3052010,"1,1,3,3-Tetramethyldisiloxane",0,0.48400411582537967,0.5303138251547096,0.5692722621403861,0.5420447114911947
Hagan_genotox,DTXSID3052060,Methyl 3-methoxypropionate,0,0.416198745821796,0.4994023651699299,0.49015253596132974,0.5023075323955432
Hagan_genotox,DTXSID3052191,Isopropyl nitrite,1,0.7014460892405694,0.8223093363037712,0.8238508020835993,0.835784631403438
Hagan_genotox,DTXSID3052220,3-Methylbutyl 2-phenylethyl ether,0,0.4845572615471472,0.5083480600694011,0.5195687488711965,0.4930377232186329
Hagan_genotox,DTXSID3052301,2-Methylpent-2-enal,0,0.4318212452132088,0.4863784188758256,0.5247275987446738,0.5260440142333699
Hagan_genotox,DTXSID3052351,"2-Benzyl-4,4,6-trimethyl-1,3-dioxane",0,0.4149081286652359,0.41463185255403107,0.4100667914508073,0.3896901175143448
Hagan_genotox,DTXSID3052436,"2,2-Dimethyl-3-(3-methylpenta-2,4-dienyl)oxirane",0,0.3457870388826034,0.351591216378989,0.31627793873888416,0.3210669440659179
Hagan_genotox,DTXSID3052486,C.I. Pigment Yellow 181,0,0.2379549594359962,0.2532750013974374,0.26464950613851007,0.27282854712601873
Hagan_genotox,DTXSID3052488,Ethyl 2-methylbutyrate,0,0.2996119229133764,0.3293156835907873,0.33506264214247977,0.3387488057274681
Hagan_genotox,DTXSID3052517,"2,2'-Methanediylbis[4-methyl-6-(1-methylcyclohexyl)phenol]",0,0.3603058515954196,0.3533766716281879,0.3632837696115953,0.3541900546277636
Hagan_genotox,DTXSID3052567,Bis(2-chloroethyl)amine hydrochloride,1,0.6680773872520517,0.7243160520386303,0.737076710193285,0.7402668179649342
Hagan_genotox,DTXSID3052640,2-Hexylcyclopent-2-enone,0,0.17366307981712628,0.18091134250843321,0.1844217878056064,0.191203926461889
Hagan_genotox,DTXSID3052646,2-(2-(4-Methyl-3-cyclohexen-1-yl)propyl)cyclopentanone,0,0.3558949320754486,0.4315075739167939,0.41386262862721335,0.4395206925180124
Hagan_genotox,DTXSID3052858,Isopropylparaben,0,0.3399004484065826,0.3503334707849443,0.3328485405322386,0.3304599487879592
Hagan_genotox,DTXSID3057694,"4-Amino-2-chloro-6,7-dimethoxyquinazoline",0,0.5390793364315156,0.6023752881642767,0.6161352770154753,0.6059086825988127
Hagan_genotox,DTXSID3057698,1-Ethylpyrrolidin-2-ylmethylamine,1,0.3379163968572392,0.3189711608772519,0.30855080032462406,0.307368917721673
Hagan_genotox,DTXSID3057721,6-Methoxy-2-naphthalaldehyde,0,0.5787766513328704,0.6690268580301443,0.6841028391218487,0.6909771653618585
Hagan_genotox,DTXSID3057729,4-Chloro-4'-fluorobutyrophenone,1,0.35539446721639417,0.39202568174218494,0.35949458914062277,0.3699921611420675
Hagan_genotox,DTXSID3057804,4-(4-Acetylpiperazin-4-yl)phenol,1,0.43570945428275415,0.4702608011961365,0.4502019612241312,0.45951844117138646
Hagan_genotox,DTXSID3057808,4-Methyl-1-piperazinamine,0,0.47000291017023016,0.5002662198474316,0.49264361525545847,0.5182292957148239
Hagan_genotox,DTXSID3059008,"2,7-Naphthalenedisulfonic acid, 3-amino-5-hydroxy-",0,0.2893576417583884,0.2856115235277202,0.2871152675802717,0.2772497866514431
Hagan_genotox,DTXSID3059056,"Ethanol, 2-(ethylphenylamino)-",0,0.449709136156302,0.462827042491355,0.45760228139566056,0.4378530334081347
Hagan_genotox,DTXSID3059216,N-Methylcyclohexanamine,0,0.4522889286825589,0.4491753692583167,0.47485813441604785,0.4113257329234205
Hagan_genotox,DTXSID3059349,Tetradecamethylhexasiloxane,0,0.35239144864091937,0.35587283220606136,0.4024807830060993,0.3742814137960333
Hagan_genotox,DTXSID3059420,"1,10-Decanediol",0,0.3035639194658365,0.24536999709525945,0.2542988342047505,0.23167021574343308
Hagan_genotox,DTXSID3059555,"Butanoic acid, 4,4'-dioxybis[4-oxo-",0,0.4107703549246456,0.4659090604898141,0.4810838843601842,0.4715312511468828
Hagan_genotox,DTXSID3059632,7-Benzamido-4-hydroxynaphthalene-2-sulphonic acid,0,0.20160611983571078,0.18438898505018933,0.19156380614222432,0.18611747962426536
Hagan_genotox,DTXSID3059638,"Benzoic acid, 2-ethoxy-",0,0.3937146326231839,0.42662022816757056,0.41552340943951077,0.41106877290620836
Hagan_genotox,DTXSID3059713,Calcium oleate,0,0.10783817908370702,0.08909124197706125,0.08118733984334049,0.084561246990147
Hagan_genotox,DTXSID3059844,"Ethanone, 1-[3-(trifluoromethyl)phenyl]-",0,0.3134672400799976,0.33210213329435384,0.3098673435281089,0.31453648679033464
Hagan_genotox,DTXSID3060087,Chlornaphazine,1,0.6750092878468156,0.7496631733821523,0.7439053048914896,0.740217206448392
Hagan_genotox,DTXSID3060376,"Benzoic acid, 2-methoxy-",0,0.43451011475646206,0.4919355000838799,0.4899100670562704,0.48440622163710173
Hagan_genotox,DTXSID30604010,7-Chloro-3-methyl-1-benzothiophene,0,0.5260297177557329,0.5879947102733771,0.5480919735827201,0.560237426966991
Hagan_genotox,DTXSID3060405,tert-Butyl methacrylate,0,0.34998847540789596,0.36065925731428444,0.45047124485397316,0.4484961752576992
Hagan_genotox,DTXSID3060742,"Benzenamine, 4,4'-(1,2-ethanediyl)bis-",1,0.7516141245194513,0.8185120177461501,0.8211058640745375,0.814748642615446
Hagan_genotox,DTXSID3060792,"Ethanol, 2-iodo-",1,0.45692629490745373,0.5157721723432546,0.47229948950651357,0.5106597324297669
Hagan_genotox,DTXSID3060794,Ethyl methyl sulfide,0,0.42495106339636196,0.5748627016003619,0.5032428630274849,0.5729807305067727
Hagan_genotox,DTXSID3061001,4-Methyl-1-pentene,0,0.37214611481086063,0.3831735430744094,0.4034720052610002,0.3996585360881264
Hagan_genotox,DTXSID3061180,"Benzenesulfinic acid, 4-methyl-, sodium salt",0,0.4231268430567048,0.503888818029342,0.4593128830167272,0.5048272334485154
Hagan_genotox,DTXSID3061188,Cyclohexylbenzene,0,0.37181131515268984,0.3719342807573945,0.3798275147881847,0.36661361577823276
Hagan_genotox,DTXSID3061269,"[2,2'-Bi-1H-indole]-3,3'-diol, disodium salt",0,0.5951365748604639,0.6615042293454252,0.6425579115569986,0.6451171783214696
Hagan_genotox,DTXSID3061394,"2,4,6-Pyrimidinetriamine",0,0.6081873617653993,0.6692030068323492,0.733389962545981,0.7234606448461748
Hagan_genotox,DTXSID3061554,3-(Cyclohexylamino)-1-propanesulfonic acid,0,0.24692021479547613,0.22282702309001556,0.21775034154720943,0.23146522859347196
Hagan_genotox,DTXSID3061635,C.I. Solvent Red 1,1,0.3579090086723491,0.421345308659125,0.37831266236305167,0.4021280499103246
Hagan_genotox,DTXSID3061689,Ethylenediaminetetra(methylenephosphonic acid),0,0.3552273171863643,0.33845093967829637,0.36204684390357283,0.3702191773556667
Hagan_genotox,DTXSID3061764,C.I. Disperse Red 354,0,0.6186438731583666,0.7456058703544205,0.7655932702940161,0.7705020214174519
Hagan_genotox,DTXSID3061845,"Ethanone, 1-(2-benzofuranyl)-",0,0.592962644581621,0.6760924579790358,0.6466853477662311,0.655286813413312
Hagan_genotox,DTXSID3061920,"1,2,3,4-Tetrahydro-6-methoxynaphthalene",0,0.41569744801845093,0.44036447023547093,0.45624924154388946,0.45238994481160594
Hagan_genotox,DTXSID30620235,N-(4-Aminophenyl)-N-methyl-2-(4-methylpiperazin-1-yl)acetamide,0,0.5105979774003411,0.5356392163320642,0.48230846425631274,0.47024393016188953
Hagan_genotox,DTXSID30620558,Tri(propan-2-yl)silyl 2-methylprop-2-enoate,0,0.4294354117084589,0.4837353367803841,0.5766604569555124,0.5856115492682744
Hagan_genotox,DTXSID3062154,"C.I. Mordant Black 9, monosodium salt",0,0.39233822283974157,0.46242646835895296,0.41011088347032915,0.4190524811456746
Hagan_genotox,DTXSID30621848,"(2-Chlorophenyl)(6,7-dihydrothieno[3,2-c]pyridin-5(4H)-yl)acetic acid--(7,7-dimethyl-2-oxobicyclo[2.2.1]heptan-1-yl)methanesulfonic acid (1/1)",0,0.45356537737790986,0.5009077910642002,0.4882441114390934,0.48755611127833487
Hagan_genotox,DTXSID3062233,Phenyl methacrylate,0,0.46581263088132213,0.523614063222849,0.6123555643644158,0.6015012921287882
Hagan_genotox,DTXSID3062239,p-(Dimethoxymethyl)anisole,0,0.4381995240021624,0.45255121066470333,0.4682704676334526,0.43874830310977914
Hagan_genotox,DTXSID3062318,"Octanoic acid, octyl ester",0,0.041503235650938,0.03288555707661604,0.03619831428437432,0.03896412329774903
Hagan_genotox,DTXSID3062493,"Propanenitrile, 3-(trimethoxysilyl)-",0,0.3294026355186275,0.3829335459668659,0.38962871895835827,0.38942660985278305
Hagan_genotox,DTXSID3062528,"Butane, 1,1'-[methylenebis(oxy)]bis-",1,0.21204338535500958,0.1699438376935749,0.23409005774275096,0.17267750819552183
Hagan_genotox,DTXSID3062813,"Trisodium 1,3,5-triazine-2,4,6-trione",0,0.4895948933984718,0.5268203695512454,0.4806675273776135,0.4692741972198042
Hagan_genotox,DTXSID3062944,"Anthra[2,1,9-mna]naphth[2,3-h]acridine-5,10,15(16H)-trione",1,0.4529485780556086,0.5699450625100849,0.4963989870590863,0.5012094048822576
Hagan_genotox,DTXSID3063380,4-Nitrophenyl phosphate disodium salt,0,0.8646093048463287,0.9474950276838433,0.9633795149039143,0.9648739479922152
Hagan_genotox,DTXSID3063469,Ethylene glycol monoisobutyl ether,0,0.34330612720515213,0.3020919245628702,0.289478559888011,0.2769947726006467
Hagan_genotox,DTXSID3063540,"Methanamine, 1,1-dimethoxy-N,N-dimethyl-",0,0.4828041480834768,0.48003449234081813,0.516319426260129,0.49860073331418503
Hagan_genotox,DTXSID3063594,"Hexane, 1-methoxy-",0,0.07936336682687976,0.0479178450811033,0.050415419677271735,0.04791558360162096
Hagan_genotox,DTXSID3063623,"9,10-Anthracenedione, 1,4-bis[[4-(1,1-dimethylethyl)phenyl]amino]-5,8-dihydroxy-",0,0.4040830075995958,0.5229387463332893,0.39578328769410276,0.42830911195190646
Hagan_genotox,DTXSID3063754,"N-(4-Chloro-2,5-dimethoxyphenyl)-3-hydroxy-4-((2-methoxy-5-((phenylamino)carbonyl)phenyl)azo)naphthalene-2-carboxamide",0,0.09054086166871687,0.08794082102370232,0.08538166945307972,0.09052060926645418
Hagan_genotox,DTXSID3063756,"N,N'-(2-Chloro-1,4-phenylene)bis(4-((2,5-dichlorophenyl)azo)-3-hydroxynaphthalene-2-carboxamide)",0,0.0810012999343885,0.07280744472042591,0.06016284040338615,0.06434482755089894
Hagan_genotox,DTXSID3064356,"C.I. Direct Black 19, disodium salt",1,0.6338677794562863,0.7981211260730424,0.7521754437151912,0.7813451529658719
Hagan_genotox,DTXSID3064485,"9,10-Anthracenedione, 1,5-dichloro-4,8-dihydroxy-",1,0.4754404633738116,0.5606408501605964,0.503055916613245,0.4953705205375381
Hagan_genotox,DTXSID3064722,Allyl phenoxyacetate,0,0.45298688422978023,0.49500672787626265,0.513158855921037,0.491997964007534
Hagan_genotox,DTXSID3064770,"Silanamine, 1-ethenyl-N-(ethenyldimethylsilyl)-1,1-dimethyl-",0,0.4138637032534637,0.46287253553671276,0.48375472236510797,0.4688939749645362
Hagan_genotox,DTXSID3065299,Calcium bis(4-((1-(((2-methylphenyl)amino)carbonyl)-2-oxopropyl)azo)-3-nitrobenzenesulphonate),0,0.35312651501488496,0.5167403231112342,0.4170108893637681,0.49070121083623275
Hagan_genotox,DTXSID3065372,"Acetic acid, dianhydride with silicic acid (H4SiO4) bis(1,1-dimethylethyl) ester",1,0.3366346640141599,0.330080538468536,0.34545258404042634,0.33164026982639655
Hagan_genotox,DTXSID3065376,Zinc dimethacrylate,0,0.4910127438743263,0.5406805907419061,0.6113651558875912,0.6029955997579528
Hagan_genotox,DTXSID3065871,"Silane, (chloromethyl)triethoxy-",0,0.392682652244609,0.42684963093914,0.3752321254069415,0.3994499016927974
Hagan_genotox,DTXSID3065906,"N,N-Bis(2-hydroxyethyl)octylamine",0,0.13344557905468368,0.0981097360156656,0.11151848533960916,0.11485231516960952
Hagan_genotox,DTXSID3066132,Tetraethylammonium benzoate,0,0.31477564421713466,0.28104327920783506,0.2734688125997304,0.26942281852435607
Hagan_genotox,DTXSID3066263,"1H-Inden-1-one, 3-hydroxy-2-(3-hydroxy-2-quinolinyl)-",0,0.6053121799843156,0.7002051647506761,0.6510787155376109,0.6662185965583904
Hagan_genotox,DTXSID3066394,"Silane, chlorodimethyloctadecyl-",0,0.07114502564379428,0.051972667494641155,0.051804905571213096,0.052408196843868736
Hagan_genotox,DTXSID3066554,"Phenol, 2,6-bis[[bis(2-hydroxyethyl)amino]methyl]-4-nonyl-",0,0.24988331902278116,0.2040475356471484,0.2575579409580898,0.2405013510973689
Hagan_genotox,DTXSID3066974,Octadecyl docosanoate List Acronyms,0,0.04409253339655373,0.03378008482153893,0.038276305184720825,0.04031587150486424
Hagan_genotox,DTXSID3067364,"9,10-Anthracenedione, 1,4-bis[(4-butylphenyl)amino]-5,8-dihydroxy-",0,0.2818521817278348,0.3574484676773652,0.2658504611046071,0.29181736286768706
Hagan_genotox,DTXSID3067813,"2,3-Diazabicyclo[3.2.2]non-2-ene, 1,4,4-trimethyl-, 2,3-dioxide",0,0.37482926035740965,0.4024697308964982,0.3718552795291048,0.375946346953054
Hagan_genotox,DTXSID3067869,"Ethanesulfonic acid, 2-[(2-aminoethyl)amino]-, monosodium salt",0,0.2254502015600924,0.23285068101952122,0.2486227643922522,0.2412446914477641
Hagan_genotox,DTXSID3067948,"N,N'-(2-Chloro-1,4-phenylene)bis(4-((4-chloro-2-nitrophenyl)azo)-3-hydroxynaphthalene-2-carboxamide)",1,0.16827074749156357,0.18400020153337346,0.1961877064430254,0.201390573929246
Hagan_genotox,DTXSID3068126,"1,3,5-Triazine-2,4-diamine, 6-[2-(2-methyl-1H-imidazol-1-yl)ethyl]-",0,0.5170653735140068,0.5600671037173327,0.598969320210557,0.5882070305091712
Hagan_genotox,DTXSID3068253,"1H-Anthra[1,2-d]imidazole-6,11-dione, 2,2'-(2,5-dichloro-1,4-phenylene)bis-",0,0.4822792157502764,0.5960727606074537,0.523136587674744,0.5216012569807856
Hagan_genotox,DTXSID3068338,Isooctadecyl isooctadecanoate,0,0.10910045479207857,0.10028792352289441,0.10281203855181364,0.1105333799540964
Hagan_genotox,DTXSID3068417,"N,N'-Bis(2,2,6,6-tetramethyl-4-piperidyl)isophthalamide",0,0.41423589417483564,0.46659696060293193,0.418109145220706,0.4279215345518399
Hagan_genotox,DTXSID3068750,"7H-[1]Benzopyrano[3',2':3,4]pyrido[1,2-a]benzimidazole-6-carbonitrile, 3-(diethylamino)-7-imino-",0,0.2520711413472279,0.2701392267944693,0.3090741461989314,0.30669261092046957
Hagan_genotox,DTXSID3068910,"1H-Azepine-1-carboxamide, N,N'-(methylenedi-4,1-phenylene)bis[hexahydro-2-oxo-",0,0.4240807657065626,0.4623390224196444,0.43859228623019136,0.4415591382181312
Hagan_genotox,DTXSID3069350,Methyl N-(4-((2-bromo-6-chloro-4-nitrophenyl)azo)phenyl)-N-(3-methoxy-3-oxopropyl)-beta-alaninate,1,0.6969918120893229,0.8227811001320581,0.9192202624257814,0.9216012301399079
Hagan_genotox,DTXSID30695024,"(4'-Ethyl-3-fluoro[1,1'-biphenyl]-4-yl)boronic acid",0,0.3312083958056766,0.3406532361635491,0.3392246145583433,0.3288079534133513
Hagan_genotox,DTXSID3069984,"N-(2-Chloroethyl)-4-((2,6-dichloro-4-nitrophenyl)azo)-N-ethyl-m-toluidine",1,0.6099722314140362,0.7330529887808698,0.7597278333597721,0.7583191603151743
Hagan_genotox,DTXSID3070175,Lithium 2-aminobenzothiazole-6-sulphonate,1,0.26614974290015214,0.27083953167261304,0.24023680739977896,0.23827853693540338
Hagan_genotox,DTXSID3070462,"Ethanol, 2-(2,4-diaminophenoxy)-, hydrochloride (1:2)",1,0.6788024252846968,0.750484066030802,0.8051704487275207,0.7898627099848373
Hagan_genotox,DTXSID3070468,"2,5-Diaminoanisole sulfate",0,0.8266024815379538,0.9006794136374174,0.9165617860407916,0.9093563862975884
Hagan_genotox,DTXSID3071517,"Diammonium ((N,N'-ethylenebis(N-(carboxymethyl)glycinato))(4-)-N,N',O,O',ON,ON')hydroxyferrate(2-)",0,0.4415178278503338,0.4848731583310064,0.45194949586276306,0.44812846611582446
Hagan_genotox,DTXSID3072032,C.I. Reactive Orange 12,0,0.13126762923835333,0.1457946688325388,0.12702549385777442,0.1386707913942484
Hagan_genotox,DTXSID3072246,"4-Morpholinepropanesulfonic acid, sodium salt",0,0.229047249855592,0.2105651406856666,0.205996614785525,0.22435444703282362
Hagan_genotox,DTXSID3073056,"Silane, dimethoxy(1-methylethyl)(2-methylpropyl)-",0,0.3527710693154554,0.3628456036051684,0.34761421701002476,0.3485069487204213
Hagan_genotox,DTXSID3073216,"Hydroxylamine, O-ethyl-",0,0.3953898806153064,0.38597846095279803,0.37002740938347517,0.3764733240255551
Hagan_genotox,DTXSID3073260,3-Methylpyrazole,0,0.46448674275356844,0.48997235541295686,0.4699695595440085,0.4758214021556701
Hagan_genotox,DTXSID3074022,[3-(Trimethoxysilyl)propyl]urea,1,0.3123466825795653,0.2875522961128201,0.27865183197332016,0.2721815230995909
Hagan_genotox,DTXSID3074288,Phenanthridine,1,0.7787708690135674,0.8540644688224176,0.835358085872041,0.8367310562204548
Hagan_genotox,DTXSID3074575,"2(1H)-Pyrimidinone, tetrahydro-1,3-dimethyl-",0,0.4686711794903567,0.5067564944552053,0.49399440668434447,0.5062816836292242
Hagan_genotox,DTXSID3074577,"Silanamine, 1,1,1-triethoxy-N,N-diethyl-",0,0.5112823893860102,0.5423360893233466,0.5124473689349635,0.5246206854942749
Hagan_genotox,DTXSID3074604,"4-Morpholinepropanamine, N-1-naphthalenyl-",0,0.5921953830015035,0.6556961314015134,0.6476107816593898,0.6499426142525115
Hagan_genotox,DTXSID3074737,"1-(2,4-Dichlorophenyl)-2-(1-imidazolyl)ethanol",0,0.4410139931441197,0.454908979791802,0.441906159141793,0.43282204981111666
Hagan_genotox,DTXSID3074814,6-Methylchrysene,1,0.8311658041359165,0.8832655410508662,0.8657539090551003,0.8653280690166021
Hagan_genotox,DTXSID3074818,3-Methylchrysene,1,0.8765179597527837,0.9210484681703273,0.9066185763973719,0.9059772886149738
Hagan_genotox,DTXSID30775552,4-{[(Diethoxymethyl)silyl]methyl}morpholine,0,0.3961588654687125,0.43136404965173014,0.3934351196789296,0.4268678321440483
Hagan_genotox,DTXSID30862294,"1,2-Propanediol, 3-amino-",0,0.48925236647920917,0.4740670936691082,0.4522659661247797,0.4390822278847672
Hagan_genotox,DTXSID30862451,"Propanoic acid, 3-((aminoiminomethyl)thio)-",0,0.4059182707740103,0.4506575098580843,0.4090920909681855,0.42961491956091075
Hagan_genotox,DTXSID30863483,"4-Thiazolidinecarboxylic acid, 3-acetyl-",0,0.48569988623247506,0.549482973057798,0.5054872531335148,0.5272935412414437
Hagan_genotox,DTXSID30863529,"1,3-Dioxolane-2-propanoic acid, 2,4-dimethyl-, ethyl ester",0,0.45223074103162925,0.5505852120559128,0.5384722632804005,0.5489558284488926
Hagan_genotox,DTXSID30864612,"Cyclohexanol, 3-(aminomethyl)-3,5,5-trimethyl-",0,0.35413276987178816,0.3071703045778162,0.3020913406656052,0.28629698965063644
Hagan_genotox,DTXSID30864839,"1-Octen-3-ol, 3,7-dimethyl-",0,0.16327478364251033,0.12764051604003424,0.113140136227062,0.11571087197481233
Hagan_genotox,DTXSID30865447,"3-Oxazolidineethanol, 2-(1-methylethyl)-",0,0.3985068964878018,0.3761871397931816,0.4066619908329523,0.39687015595206043
Hagan_genotox,DTXSID30865886,alpha-Methyl-1H-imidazole-1-ethanol,0,0.3668064347779659,0.3745531019538333,0.3848787173917638,0.38410052157731683
Hagan_genotox,DTXSID30866555,"2-Naphthalenamine, N-(2-ethylhexyl)-1-[2-[3-methyl-4-[2-(3-methylphenyl)diazenyl]phenyl]diazenyl]-",0,0.3946962084530426,0.4862628730290746,0.42653771701546694,0.4471283789451878
Hagan_genotox,DTXSID30867325,"Butanedioic acid, 2-hydroxy-, 1,4-bis(16-methylheptadecyl) ester",0,0.17053079825597228,0.15780219803544795,0.145356243043831,0.146861549207012
Hagan_genotox,DTXSID30867486,"Cyclopentanone, 2-(3,7-dimethyl-2,6-octadien-1-yl)-",0,0.3339602065415146,0.4040932788389327,0.39777986452473146,0.4127782137139229
Hagan_genotox,DTXSID30867825,"8-Oxa-3,5-dithia-4-phosphatetradecanoic acid, 10-ethyl-4-[[2-[(2-ethylhexyl)oxy]-2-oxoethyl]thio]-7-oxo-, 2-ethylhexyl ester, 4-oxide",0,0.1659075905674078,0.16404348470293262,0.1600676720429689,0.16642113477164489
Hagan_genotox,DTXSID30869627,"1-Butanone, 2-(dimethylamino)-2-[(4-methylphenyl)methyl]-1-[4-(4-morpholinyl)phenyl]-",0,0.3914449498738271,0.43335945815381605,0.38304465072137023,0.3986815897299281
Hagan_genotox,DTXSID30871588,"2,2'-[Disulfanediylbis(carbonothioyloxy)]dipropane",0,0.40487333698105904,0.4619594361337696,0.5595988110675986,0.5621122872928898
Hagan_genotox,DTXSID30875662,1-(3-F-2-OHPROPYL)-2-NO2 IMIDAZOLE,1,0.6814654477304952,0.7765771093647081,0.8319552498790851,0.8294884099032441
Hagan_genotox,DTXSID30875965,N-IPR-3-(5-NO2-2-FURYL)ACRYLAMIDE,1,0.7928441774798496,0.8865318295550302,0.8977012559769015,0.8993203547550102
Hagan_genotox,DTXSID30876699,N-ME-N-NITROSO-1-NAPHTHYLCARBAMAT,1,0.7411299031877904,0.8491270724694496,0.8628499961303001,0.8713797369609338
Hagan_genotox,DTXSID30878092,Tetrabutylammonium iodide,0,0.11503248793111383,0.08549504685158016,0.08603933948469711,0.0850389331389652
Hagan_genotox,DTXSID30878936,"N-DIAZOACETYLGLYCINE,ETHYL ESTER",1,0.3756872022206264,0.419336069940329,0.32097814465990965,0.3331584066604364
Hagan_genotox,DTXSID30880150,Perfluoro(2-propoxypropyl vinyl ether),0,0.3170243164169788,0.3472462576825912,0.3771186999931184,0.35035863343051715
Hagan_genotox,DTXSID30880236,"N,N,N,-Triethylethanaminium 1,1,2,2,3,3,4,4,4-nonafluorobutane-1-sulfonate",0,0.23177590144039653,0.21793893773018927,0.22547230456845002,0.22268534601065726
Hagan_genotox,DTXSID30883303,"1,3-Benzenediol, 1,3-diacetate",1,0.49838517731936127,0.5327835600373209,0.5356526123009784,0.5062817763573523
Hagan_genotox,DTXSID30883580,"Phosphonium, methyltriphenyl-, bromide (1:1)",0,0.5045824692135773,0.6226086719090448,0.5909299661006678,0.6155605295563905
Hagan_genotox,DTXSID30883606,"Decanedioic acid, 1,10-dihydrazide",0,0.2633513391819162,0.24325941345001156,0.2539293731561517,0.24151516748190824
Hagan_genotox,DTXSID30883686,"Butane, 1,2,3,4-tetrabromo-",0,0.5438073667849529,0.5971221057296093,0.5963259877827156,0.5648219290737015
Hagan_genotox,DTXSID30883868,"Ethanamine, 2-bromo-, hydrobromide (1:1)",0,0.478718259570345,0.5782011412830946,0.4874831724221793,0.5482440399287146
Hagan_genotox,DTXSID30884173,"Benzamide, 3,3'-[(2,5-dichloro-1,4-phenylene)bis[imino(1-acetyl-2-oxo-2,1-ethanediyl)-2,1-diazenediyl]]bis[4-chloro-N-(5-chloro-2-methylphenyl)-",0,0.08849990636652157,0.08926557031692184,0.09469736945380623,0.10334436175535167
Hagan_genotox,DTXSID30884294,C.I. Acid Red 151 monosodium salt,0,0.11091347931244105,0.11845475785985689,0.10186809945551212,0.11044273167550755
Hagan_genotox,DTXSID30884491,alpha-Methylcyclohexanepropanol,0,0.35116159521311574,0.29023981412409344,0.2964523541931997,0.26994394526392856
Hagan_genotox,DTXSID30884991,"2-Naphthalenecarboxylic acid, 3-hydroxy-4-[2-(4-methyl-2-sulfophenyl)diazenyl]-, barium salt (1:1)",0,0.4231012311907918,0.5169149489294128,0.4517716889263405,0.4739303206393279
Hagan_genotox,DTXSID30885180,"Morpholine, 4-[(triethoxysilyl)methyl]-",1,0.31759417619186675,0.3121595300463352,0.2885736680848526,0.305567641638179
Hagan_genotox,DTXSID30885685,"Silanetriamine, 1-methyl-N,N',N''-tris(1-methylpropyl)-",0,0.2684187260902459,0.26247634741115544,0.24928198254799705,0.2672858011013394
Hagan_genotox,DTXSID30886238,"2-Naphthalenesulfonic acid, 6-amino-5-[2-[4-chloro-2-(trifluoromethyl)phenyl]diazenyl]-4-hydroxy-, sodium salt (1:1)",0,0.15148184005611723,0.1572708667114821,0.13687502481485922,0.15001430350539124
Hagan_genotox,DTXSID30886334,"Carbamic acid, N,N-dimethyl-, 1-ethenyl-1,5-dimethyl-4-hexen-1-yl ester",0,0.30106439471130814,0.2776859713653181,0.3808710112273325,0.3489367678871084
Hagan_genotox,DTXSID30887947,"2-Oxiranemethanamine, N-[3-(2-oxiranylmethoxy)phenyl]-N-(2-oxiranylmethyl)-",1,0.8377696009803809,0.8895169981420114,0.9237280790792166,0.9204122013742676
Hagan_genotox,DTXSID30888272,"2-Anthracenesulfonic acid, 1-amino-9,10-dihydro-4-[[4-[[methyl[(4-methylphenyl)sulfonyl]amino]methyl]phenyl]amino]-9,10-dioxo-, sodium salt (1:1)",0,0.3288238539424278,0.3889957302034403,0.34074670916919664,0.3419556892069493
Hagan_genotox,DTXSID30888434,"Pyrazolo[5,1-b]quinazolin-9(1H)-one, 3-[2-(4-chloro-2-nitrophenyl)diazenyl]-2-methyl-",0,0.5343681854036922,0.6324002976796262,0.6789229777841962,0.676826449795579
Hagan_genotox,DTXSID30888535,"1-Propanaminium, 3-[[2-cyano-3-[4-(diethylamino)phenyl]-1-oxo-2-propen-1-yl]oxy]-N-[2-[[2-cyano-3-[4-(diethylamino)phenyl]-1-oxo-2-propen-1-yl]oxy]ethyl]-N,N-dimethyl-, chloride (1:1)",1,0.5342606971570304,0.6320457840635144,0.7100490315489857,0.7128116780435589
Hagan_genotox,DTXSID30888671,"2-Propenoic acid, 3,3,5-trimethylcyclohexyl ester",1,0.3655270986080086,0.3953682142816946,0.3565114888387431,0.36244940774664897
Hagan_genotox,DTXSID30889269,"Butanal, 4-(heptyloxy)-3-methyl-",1,0.1309871294696643,0.14315609785410408,0.1397419365594802,0.1518352518051352
Hagan_genotox,DTXSID30889305,"Cyclopentanol, 1-ethyl-2-(3-methylbutyl)-",0,0.2414596887684464,0.18171032079208924,0.16607575875091843,0.15412062731446655
Hagan_genotox,DTXSID30889507,Disodium 6-hydroxy-5-((4-((4-(phenylamino)-3-sulphonatophenyl)azo)naphthyl)azo)naphthalene-2-sulphonate,1,0.29526797941892696,0.3958306641234823,0.34021756772647294,0.35463680491889965
Hagan_genotox,DTXSID30889628,"Butanedioic acid, 2-(dodecen-1-yl)-, potassium salt (1:2)",0,0.11773674678252359,0.09090002243148808,0.08988000938889297,0.08894753913050628
Hagan_genotox,DTXSID30890037,"L-Tyrosine, sodium salt (1:2)",0,0.5250965956114728,0.5844821933207062,0.5275421229634413,0.5179737298003716
Hagan_genotox,DTXSID30890052,"2,7-Naphthalenedisulfonic acid, 5-[[4-chloro-6-(methylphenylamino)-1,3,5-triazin-2-yl]amino]-4-hydroxy-3-[2-(2-sulfophenyl)diazenyl]-, sodium salt (1:3)",0,0.23546216430125036,0.26860367535883034,0.195582458685605,0.20745042671481187
Hagan_genotox,DTXSID30890390,"Acetic acid, 2-hydroxy-2-phosphono-, sodium salt (1:3)",0,0.4279579959862984,0.48369881197731623,0.5023123723616093,0.4833299866959149
Hagan_genotox,DTXSID30890395,"Tetrasodium 2-((6-((4-chloro-6-(4-((2-(sulfonatooxy)ethyl)sulfonyl)anilino)-1,3,5-triazin-2-yl)amino)-1-hydroxy-3-sulfonatonaphthalen-2-yl)diazenyl)naphthalene-1,5-disulfonate",0,0.23507737357013217,0.2946107338617839,0.3015430150470752,0.2976242831139328
Hagan_genotox,DTXSID30890431,C.I. Reactive Blue 250,0,0.45091581993861896,0.5628495665240668,0.5660069477611788,0.5682880640726403
Hagan_genotox,DTXSID30890471,"Benzenesulfonic acid, 4-chloro-2-[2-[4,5-dihydro-3-methyl-5-oxo-1-(3-sulfophenyl)-1H-pyrazol-4-yl]diazenyl]-5-methyl-, ammonium salt (1:2)",0,0.1739788194378247,0.17935037276933596,0.17223363429128957,0.17302739860603603
Hagan_genotox,DTXSID30890476,"2-Naphthalenesulfonic acid, 6-amino-5-[2-[4-[[4-[bis(2-hydroxyethyl)amino]-6-[(2-sulfoethyl)amino]-1,3,5-triazin-2-yl]amino]-2-sulfophenyl]diazenyl]-4-hydroxy-, sodium salt (1:3)",0,0.359455098725594,0.43364681102842306,0.4017787363020682,0.4198066683990557
Hagan_genotox,DTXSID30891100,"Silanetriol, 1-propyl-, potassium salt (1:3)",0,0.3437987942105432,0.33453239517025285,0.33427005161379125,0.3352061535943614
Hagan_genotox,DTXSID30891887,Zinc ricinoleate,0,0.07744809890743044,0.05584955975769652,0.05174031940473566,0.05245532402632328
Hagan_genotox,DTXSID40108418,"3-Methyl-1,5-pentanediyl diacrylate",0,0.44375641361984647,0.4741356208411059,0.575108046457184,0.5467909625165138
Hagan_genotox,DTXSID40108559,Ammonium perfluoro-2-methyl-3-oxahexanoate,1,0.25322167970742804,0.25308470206645817,0.24020395575697662,0.2422284860200734
Hagan_genotox,DTXSID40110036,L-Ascorbic acid calcium salt (2:1),1,0.45987732695918143,0.5299220336442674,0.44984693842677964,0.45605216278968214
Hagan_genotox,DTXSID40143829,"Carbanilic acid, N-ethyl-, ethyl ester",0,0.3778283836743584,0.370096801075676,0.3784360039743062,0.3519071226773802
Hagan_genotox,DTXSID40151262,"9,10-Anthracenedione, 1-amino-4-methoxy- (9CI)",1,0.5226228759353292,0.6128662815808802,0.5662459691956184,0.5658183000361638
Hagan_genotox,DTXSID40152476,"Phosphinic amide, P,P-bis(1-aziridinyl)-N,N-dimethyl-",1,0.45066997234375367,0.502323629127016,0.5031133880167277,0.5190953113246201
Hagan_genotox,DTXSID40157062,N-Ethyl-N-hydroxyethylnitrosamine,1,0.7350467902381791,0.8243534357260418,0.8436855276202789,0.8579583293316367
Hagan_genotox,DTXSID40158115,1-Hydroxybenzo(a)pyrene,1,0.832113199331206,0.908659163236394,0.8848744312226232,0.8922270337629419
Hagan_genotox,DTXSID40160713,5-Methyl-2-((2-nitrophenyl)amino)-3-thiophenecarbonitrile,1,0.6998110913326956,0.8089045238784571,0.8268595956074494,0.8315789088374254
Hagan_genotox,DTXSID40166250,"Cinchoninic acid, 2-hydroxy-",0,0.47045762928543056,0.5251307723107312,0.5596303641400876,0.5529693530125462
Hagan_genotox,DTXSID40169549,"Ethylene bis(1,3-dihydro-1,3-dioxoisobenzofuran-5-carboxylate)",0,0.3940678314385962,0.46065153561369093,0.41548372245227366,0.41711625234252986
Hagan_genotox,DTXSID40169948,Stearoxypropyl dimethylamine,0,0.07539885243658886,0.0430983996094775,0.0481788890587714,0.04983705524050425
Hagan_genotox,DTXSID40170175,Dodecyl nonan-1-oate,0,0.041801923616154736,0.031186979848600017,0.03483223985595254,0.03707315890994713
Hagan_genotox,DTXSID40172078,Nitrobenzofuroxan,1,0.8586628761984979,0.9300151934933264,0.9423076826582292,0.9412361197319666
Hagan_genotox,DTXSID40174037,Thiobenzamide-S-oxide,1,0.48560286866318664,0.6131291128466229,0.6869959448745314,0.7297262848776752
Hagan_genotox,DTXSID40174451,Ethyl 4-methyloxazole-5-carboxylate,0,0.37821029144653195,0.3850335477207241,0.389122499163659,0.37482175927742856
Hagan_genotox,DTXSID40175923,Oct-7-enal,0,0.2545909396769623,0.25957491240523617,0.3076296802901348,0.3149045923929276
Hagan_genotox,DTXSID40176011,"2,4,6-Triisopropyl-m-phenylene diisocyanate",0,0.5347847936087474,0.5855467260353353,0.7175643894858887,0.6891921977146308
Hagan_genotox,DTXSID40178873,"2H-(1)Benzothiopyrano(4,3,2-cd)indazole-5-methanol, 2-(2-(diethylamino)ethyl)-",1,0.5915290945274836,0.6644286734229267,0.6680869979617005,0.6740363728598614
Hagan_genotox,DTXSID40179163,N-Palmitoylglycine,0,0.10758301581304082,0.09691806946241376,0.10494945627772807,0.10642894282293436
Hagan_genotox,DTXSID40179168,Carbazamidine phosphate,0,0.5931979370159718,0.7368266580821602,0.6805864092500498,0.7235733240592567
Hagan_genotox,DTXSID40179380,Nifurpipone,1,0.8825362208689868,0.9551259137620303,0.9567416086311739,0.9604188397593
Hagan_genotox,DTXSID40179421,"17H-Cyclopenta(a)phenanthren-17-one, 15,16-dihydro-6-methoxy-11-methyl-",1,0.6419483962805871,0.7316169211398974,0.6807279946290686,0.6839696385234973
Hagan_genotox,DTXSID40180072,7-Methylbenz(a)anthracene,1,0.8854691685938656,0.9322169039440776,0.9180638574787512,0.9181175669897561
Hagan_genotox,DTXSID40180219,p-Fluorophenyl 4-piperidyl ketone hydrochloride,0,0.2620198055206313,0.271550662427384,0.2419961977852156,0.25676320256743607
Hagan_genotox,DTXSID40181069,Potassium carbamoylcarbamate,0,0.5190089830161967,0.5475257982271106,0.49922440846910393,0.48604314470384535
Hagan_genotox,DTXSID40182854,Capryl methicone,0,0.09088553602609094,0.061497278945745436,0.06344798586915211,0.06179816930980626
Hagan_genotox,DTXSID40184974,Tris(2-(2-(2-methoxyethoxy)ethoxy)ethyl) orthoborate,0,0.3704882450620122,0.37357910232601554,0.4361484537986615,0.46825589452357486
Hagan_genotox,DTXSID40184994,"1,3-Benzenediamine, 2,4,6-trimethyl-",1,0.540920213003005,0.5769477042531347,0.6427980870757054,0.6199655977909666
Hagan_genotox,DTXSID40184999,p-Isopropylphenyl isocyanate,0,0.48455241280205996,0.5235351718393956,0.6255931783551447,0.6034632877117899
Hagan_genotox,DTXSID40186079,"6,11-Dimethylbenzo(b)naphtho(2,3-d)thiophene",1,0.7657926712149895,0.8369393513507721,0.8034584402320976,0.8016067319996468
Hagan_genotox,DTXSID40186094,Carbidium sulfate,1,0.5042323739745151,0.5890470047211157,0.5612286196187363,0.5668890721454186
Hagan_genotox,DTXSID40186170,"15H-Cyclopenta(a)phenanthren-15-one, 16,17-dihydro-",1,0.9152751359265926,0.9592788136473717,0.951086130785539,0.949847050482885
Hagan_genotox,DTXSID40187329,"4,4''-Diaminoterphenyl",1,0.8254715570215785,0.8796769055653458,0.8750141472088068,0.8703787755798339
Hagan_genotox,DTXSID40188336,"1-Bromo-2,4-difluorobenzene",0,0.48992451483578253,0.5416265898860461,0.541806081757874,0.5230491492053825
Hagan_genotox,DTXSID40195186,"Phosphinic amide, P,P-bis(1-aziridinyl)-N-butyl-",1,0.26116684439946797,0.25724815231522796,0.23813357654791611,0.255795969311198
Hagan_genotox,DTXSID40195621,"Ethylamine, 2,2-difluoro-",0,0.4409956363425838,0.4110404572090205,0.501665362204783,0.44361738688029123
Hagan_genotox,DTXSID40196416,2-Aminopurine,1,0.6036732671333342,0.6746787940747087,0.6807455948873935,0.6758149188157657
Hagan_genotox,DTXSID40199124,Trimethyl isopropyl butanamide,0,0.34222610601475817,0.3584313248386006,0.35065216177092057,0.3545738414901092
Hagan_genotox,DTXSID40199700,3-(Tris(acetoxy)silyl)propyl methacrylate,0,0.4611044558635214,0.4964011605454464,0.5963282449734635,0.5816971375927668
Hagan_genotox,DTXSID40199902,Propyl(4-hydroxybutyl)nitrosamine,1,0.9389922626915862,0.9756604438948319,0.9759561444987854,0.9786763134418166
Hagan_genotox,DTXSID40200502,5-Nitroquinaldic acid,1,0.8365691949245108,0.9198439689944421,0.936965390782364,0.9368238085661305
Hagan_genotox,DTXSID4020119,Azathioprine,1,0.8056375976620364,0.8992138468911405,0.9070606398789985,0.9066401571200305
Hagan_genotox,DTXSID4020161,Biphenyl,0,0.5145260908127725,0.5485781476691629,0.5652799039335621,0.550934047114754
Hagan_genotox,DTXSID4020163,2-Biphenylamine hydrochloride,0,0.6828962284272443,0.7428972585507932,0.7297425612304784,0.7222480166026134
Hagan_genotox,DTXSID4020165,"1,1-Bis(tert-butylperoxy)-3,3,5-trimethylcyclohexane",0,0.30888533283328673,0.31736920267051333,0.35567994040876744,0.325283616112746
Hagan_genotox,DTXSID4020167,bis(2-Chloro-1-methylethyl) ether,1,0.629745242229361,0.6818279427378878,0.6645537016656713,0.6598771583799359
Hagan_genotox,DTXSID4020240,Caprolactam,0,0.31874986105888176,0.3220100616214348,0.3136343955044731,0.3187296836276828
Hagan_genotox,DTXSID4020242,Captafol,1,0.5045416341509589,0.6472110393284386,0.5929637417322032,0.6245913408223421
Hagan_genotox,DTXSID4020244,Semicarbazide hydrochloride,0,0.5462839209178174,0.5961697827109167,0.534974264269969,0.5459127322859465
Hagan_genotox,DTXSID4020248,Carbazole,1,0.5133912753540535,0.5481387293328802,0.5550396825941772,0.5424400623900238
Hagan_genotox,DTXSID40202889,Hycanthone N-oxide,1,0.6097504239185922,0.7035394595510102,0.6917715420004792,0.7049984963524135
Hagan_genotox,DTXSID4020290,"[4-Chloro-6-(2,3-xylidino)-2-pyrimidinylthio]acetic acid",0,0.38921901292255007,0.4123538064009102,0.38605628980219914,0.3822363621164651
Hagan_genotox,DTXSID4020292,2-Chloroacetaldehyde,1,0.667089718831387,0.7606957298746192,0.7289571989958653,0.7527788203721494
Hagan_genotox,DTXSID4020294,4'-(Chloroacetyl)acetanilide,1,0.5166871705582906,0.6142880774567948,0.5941465680166357,0.6096523106104744
Hagan_genotox,DTXSID4020296,4-Chloroaniline hydrochloride,1,0.8062885464372238,0.8845301782489382,0.8916664967241577,0.882362806501254
Hagan_genotox,DTXSID4020298,Chlorobenzene,1,0.4255163173568535,0.4351571684478266,0.4443293042320298,0.41860556662903337
Hagan_genotox,DTXSID4020321,Chlorpheniramine maleate,0,0.463497084311485,0.5010978581917892,0.5008001012908272,0.5001462616848736
Hagan_genotox,DTXSID4020325,"2-Hydroxy-N,N,N-trimethylethan-1-aminium chloride",0,0.316872011462576,0.29037341915627823,0.2920629830047393,0.28783941066254365
Hagan_genotox,DTXSID4020327,Chromium triacetate,0,0.49472220419341406,0.5241110144186157,0.5014473557423269,0.5123956205420005
Hagan_genotox,DTXSID4020371,Dapsone,1,0.5244203324927641,0.5863824492734918,0.5867737016515923,0.5872372790481867
Hagan_genotox,DTXSID4020373,"p,p'-DDD",1,0.4929736042700559,0.5167717526582011,0.5258454643330849,0.5041299013002295
Hagan_genotox,DTXSID4020375,DDT,1,0.5242456951600759,0.5685628119076794,0.5621731048471099,0.5512550249919009
Hagan_genotox,DTXSID40203896,2-Methoxy-4-(methoxymethyl)phenol,0,0.4932932004971557,0.5169538085113522,0.5102260412331654,0.4850556777447535
Hagan_genotox,DTXSID4020402,"2,4-Diaminotoluene",1,0.7770244890147318,0.8560431478445875,0.8801445680285602,0.8694162725730665
Hagan_genotox,DTXSID4020404,"2,6-Diaminotoluene dihydrochloride",1,0.698599820127034,0.7719309818320971,0.7992359454075486,0.7844570465118531
Hagan_genotox,DTXSID40205239,Tetradecyl chloroformate,0,0.048474795178300174,0.03668063056625633,0.05531719495317541,0.0592850533199338
Hagan_genotox,DTXSID4020533,"1,4-Dioxane",1,0.49492666485079057,0.4898708654863171,0.5333563979185993,0.47769351615410655
Hagan_genotox,DTXSID4020535,Bis(1-piperidinylthioxomethyl)hexasulfide,0,0.45703859237011657,0.5675755840055137,0.6238635848734825,0.653477707933937
Hagan_genotox,DTXSID4020539,Diphenylacetonitrile,0,0.43760576497449605,0.44240284255351514,0.4625770350937228,0.4370225174142204
Hagan_genotox,DTXSID4020583,Ethyl acrylate,1,0.5798176696850007,0.6610455382846283,0.6525430341849465,0.6482204822405231
Hagan_genotox,DTXSID4020589,"p,p'-Ethyl-DDD",0,0.43103128627721604,0.4422103426634498,0.43902389240380885,0.4165088839099804
Hagan_genotox,DTXSID4020616,"1,8-Cineol",1,0.303091750238112,0.27161264268890806,0.3015427971021706,0.27936693833255727
Hagan_genotox,DTXSID4020664,"3-Chloro-1,2-propanediol",1,0.6762404209769107,0.7809081160793281,0.7662276750869311,0.7696731760446394
Hagan_genotox,DTXSID4020666,Glycidol,1,0.6067161580852445,0.618462602371817,0.6959480910263788,0.6801950254442248
Hagan_genotox,DTXSID40206726,6-Hydroxyquinoline,0,0.4880519031673856,0.5504104121978642,0.5242372276896947,0.5317145372660089
Hagan_genotox,DTXSID4020743,Iodoform,0,0.5092997454162714,0.6055778764782712,0.5910539828063647,0.6130218610382072
Hagan_genotox,DTXSID4020745,"2-Amino-3-methyl-3H-imidazo[4,5-f]quinoline",1,0.7841103141167797,0.8790775810845882,0.8624162486932878,0.8697891238944234
Hagan_genotox,DTXSID4020749,Isobutylparaben,0,0.30801018168334077,0.3081330704150065,0.29398209011494164,0.2916752789352291
Hagan_genotox,DTXSID4020791,Malathion,1,0.406875398845089,0.4618341829559491,0.4303641289851594,0.43608396342563555
Hagan_genotox,DTXSID4020824,3-Methoxy-4-aminoazobenzene,1,0.59518932774044,0.7009707296581844,0.6630595846855153,0.6767687598256312
Hagan_genotox,DTXSID4020828,4-Methoxyphenol,1,0.4395158204178869,0.46025955965316045,0.49544923327560975,0.46383750049642297
Hagan_genotox,DTXSID4020870,"2,2'-Methylenebis(4-methyl-6-tert-butylphenol)",0,0.3198768906378649,0.30076877562266446,0.3082842739561424,0.29540560703846563
Hagan_genotox,DTXSID4020874,Methylhydrazine,1,0.5106607865554738,0.5926363587778197,0.6071277568175054,0.5780818956476287
Hagan_genotox,DTXSID4020876,Methylhydroquinone,0,0.5187648697522534,0.5490766442993315,0.5938950077966472,0.5695004664200846
Hagan_genotox,DTXSID4020901,Chloroacetic acid,1,0.6349128782351908,0.7418827298734764,0.7398876535839398,0.734823323785348
Hagan_genotox,DTXSID40209136,Ethyl-N2-dodecanoyl-L-argininate hydrochloride,0,0.2051711714455947,0.21170629285796658,0.2202570311328775,0.22460711043304515
Hagan_genotox,DTXSID4020951,4-(5-Nitro-2-furyl)thiazole,1,0.90002544332815,0.9628888373031618,0.947655401198273,0.9520125633383082
Hagan_genotox,DTXSID40209510,1-Naphthylhydroxylamine,1,0.6098819808571556,0.6748515627535042,0.7468847459072153,0.7387800539765944
Hagan_genotox,DTXSID4020953,N-(4-(5-Nitro-2-furyl)-2-thiazolyl)formamide,1,0.9165928704492146,0.9656564419671981,0.9681877828798083,0.9682837117100975
Hagan_genotox,DTXSID4020957,"2-Nitro-1,4-phenylenediamine",1,0.9547826978982146,0.9888188553518504,0.9906075615396509,0.9913361550177386
Hagan_genotox,DTXSID4020959,C.I. Azoic Diazo Component 12,1,0.9304852224486989,0.9801301861950358,0.9823727715950604,0.9840161278131764
Hagan_genotox,DTXSID4021000,N-Nitroso-N-methyl-N-dodecylamine,1,0.6450719339217964,0.7532692470777677,0.7878862060888827,0.806018350737681
Hagan_genotox,DTXSID4021006,N-Nitroso-N-methylurea,1,0.8746310595506185,0.9409393717263884,0.9431579537893757,0.9454043674099472
Hagan_genotox,DTXSID4021056,N-Nitrosomorpholine,1,0.8761850730629179,0.9377507563493169,0.9450316734685633,0.950157577095
Hagan_genotox,DTXSID40211072,"1-Butanol, 4-((2-hydroxyethyl)nitrosoamino)-",1,0.526228351681109,0.6228820414863717,0.717825893894437,0.7377703337518788
Hagan_genotox,DTXSID4021135,C.I. Solvent Yellow 14,1,0.4113214585452665,0.48954333577024695,0.4349756653823084,0.4567250284039753
Hagan_genotox,DTXSID4021137,"1,3-Benzenediamine",1,0.6858524296277645,0.7630485133822167,0.8000048293522205,0.7855364090516078
Hagan_genotox,DTXSID40211613,"Bux-ten, nitroso deriv. (9CI)",1,0.6254724120102271,0.7695941264400911,0.8051060625358074,0.8290901811657282
Hagan_genotox,DTXSID40211698,"2(1H)-Pyrimidinone, tetrahydro-1-nitroso-",1,0.6133786678714342,0.7213185407503273,0.7703988630590666,0.7856877027156708
Hagan_genotox,DTXSID4021189,Procarbazine,1,0.38758724751189244,0.3941629540402824,0.4052992037637486,0.3893802239337197
Hagan_genotox,DTXSID4021216,Pyrilamine maleate,0,0.5081056892558294,0.547938127250208,0.5493868639686292,0.5496974601599312
Hagan_genotox,DTXSID40212605,N-Acetoxy-N-myristoyl-2-aminofluorene,1,0.19400121045105223,0.17034701923863552,0.16885415831276854,0.16084735968606598
Hagan_genotox,DTXSID40212726,"N,N,N',N'-Tetrakis(2-hydroxyethyl)hexanediamide",0,0.335378078085565,0.34230159742423066,0.3180001859476081,0.31797581556938576
Hagan_genotox,DTXSID4021341,"4,4'-Thiobis(6-tert-butyl-m-cresol)",0,0.3650641863377991,0.3795131115378408,0.3636114119320945,0.3683682697322383
Hagan_genotox,DTXSID4021393,Triethylene glycol,0,0.4755557835756412,0.4435082859043833,0.4394352067055067,0.4107634021855522
Hagan_genotox,DTXSID4021395,Trifluralin,0,0.673592633306141,0.8075308973956773,0.8381401086579253,0.8423780432698011
Hagan_genotox,DTXSID4021426,Urea,1,0.5263599688583719,0.5907572090649387,0.6168218720595707,0.5934249441568528
Hagan_genotox,DTXSID40214664,"Benzidine, 3,3'-dichloro-, sulfate",1,0.6617417934369093,0.7206222485526185,0.7232027192533037,0.7169665533156128
Hagan_genotox,DTXSID4021470,"Nitroso-2,6-dimethylmorpholine",1,0.8732869726477982,0.9357492639409696,0.9394936865421188,0.9451818541337492
Hagan_genotox,DTXSID4021472,N-Nitroso-N-methylurethane,1,0.8532109758431554,0.9232128579287422,0.9262643005653873,0.9267411307631307
Hagan_genotox,DTXSID4021503,Bromochloromethane,1,0.6988623183545237,0.798863354138663,0.7808354550672286,0.7926003926927208
Hagan_genotox,DTXSID4021553,Decanal,1,0.13386926815995878,0.1443600162061987,0.14143923865356378,0.15559242798676595
Hagan_genotox,DTXSID4021557,Dibromomethane,1,0.5005877335955846,0.5734788388825106,0.5737704911053223,0.5825340931796202
Hagan_genotox,DTXSID40216300,"Naphthalene, 2-nitroso-",1,0.781339872945712,0.8871553308189043,0.8955684727475676,0.902598333374613
Hagan_genotox,DTXSID4021636,2-Methylpropanoic acid,0,0.5138567218900008,0.5666622205589608,0.5616265516143204,0.565102419268686
Hagan_genotox,DTXSID4021680,"1,1,3-Trichloropropanone",1,0.638583474422193,0.7243407306979193,0.6872106372177885,0.6873853439657421
Hagan_genotox,DTXSID4021688,Undecanal,0,0.27590158465760356,0.3342894366737097,0.317823395302792,0.3382683771994355
Hagan_genotox,DTXSID4021715,Menadione,0,0.5240280640208591,0.698186305900229,0.614708602625747,0.6603654829166273
Hagan_genotox,DTXSID4021717,4-Chloro-3-methylphenol,0,0.4525080414123597,0.4630216063196438,0.45658300352927167,0.4318889983136654
Hagan_genotox,DTXSID4021761,"1,2-Diaminopropane",0,0.4064677451464264,0.41004722502618046,0.47042835045522685,0.4258968935649565
Hagan_genotox,DTXSID4021767,Methyl acetate,0,0.4774354887491585,0.5640812545361898,0.5607128942613157,0.5587134254569132
Hagan_genotox,DTXSID4021842,Cyclohexanone oxime,1,0.5127701918231947,0.569277470970321,0.5447163716856291,0.5580636086696419
Hagan_genotox,DTXSID4021890,Isopropyl ether,0,0.4715491511957188,0.4680888330500377,0.43932661768194126,0.43979709726499155
Hagan_genotox,DTXSID4021892,4-Methylpyridine,0,0.4682762657001916,0.5004462253609846,0.4820740098351908,0.482553323468545
Hagan_genotox,DTXSID4021894,Cyclohexanol,1,0.49333630547444546,0.4627550934642472,0.49492198318035924,0.47879175622098513
Hagan_genotox,DTXSID4021898,1-Methylpiperazine,0,0.43717776389930424,0.4542782844560753,0.48409346048734925,0.46647166391170286
Hagan_genotox,DTXSID4021921,"2-Butyne-1,4-diol",0,0.4849055324179516,0.4750280354296203,0.5153751019667736,0.5118914888374193
Hagan_genotox,DTXSID4021923,Cyclohexane,1,0.48241162137041743,0.46115590885252883,0.5638050689981585,0.42498745811671057
Hagan_genotox,DTXSID4021925,"1,3,5-Trioxane",0,0.5043165969880746,0.5049318803802177,0.5799912442441749,0.49833046474382553
Hagan_genotox,DTXSID4021927,2-Octanone,0,0.13634596839770113,0.1467446548731194,0.150876105967793,0.16035091506705865
Hagan_genotox,DTXSID4021929,1-Bromohexane,0,0.103165922995194,0.08471531817810597,0.07262271604623638,0.08522343664343808
Hagan_genotox,DTXSID4021975,Diphenylamine,0,0.5434961568248691,0.6155690950848579,0.6282302174799569,0.6201416668428297
Hagan_genotox,DTXSID4021977,4-Ethylphenol,1,0.3985533140052538,0.4026692822154348,0.44286022407806364,0.40864409639067417
Hagan_genotox,DTXSID4021979,"2,4-Pentanedione",1,0.4453113961036333,0.5343158443935134,0.5240768765971527,0.5290958565311411
Hagan_genotox,DTXSID40219952,"7H-Benz(de)anthracen-7-one, 3-p-toluidino-",1,0.5318468081361218,0.6234224747902027,0.5768562601635959,0.588864606822612
Hagan_genotox,DTXSID4022020,Bromacil,0,0.34269591471519784,0.38650283472359154,0.4454480653265736,0.44100293857752354
Hagan_genotox,DTXSID4022107,2-Methylimidazole,1,0.4879560911589424,0.5033324191728593,0.49422834739137594,0.48973654317097276
Hagan_genotox,DTXSID4022109,gamma-Decanolactone,1,0.147907242861203,0.15214449418116852,0.1602772630520813,0.16268944320892142
Hagan_genotox,DTXSID40221575,"2,6-Dichloro-4,8-di(piperidin-1-yl)pyrimido(5,4-d)pyrimidine",0,0.41479781270071614,0.45876034924519926,0.42706093758212377,0.4302970958055496
Hagan_genotox,DTXSID4022284,2-Butanamine,0,0.36106818662323686,0.35927857538748115,0.41636336065656304,0.37169859591013593
Hagan_genotox,DTXSID4022311,Formononetin,0,0.5476866587478145,0.6196327429531442,0.5796476929186825,0.58160346189646
Hagan_genotox,DTXSID4022313,"o,p'-DDE",0,0.4661839324740975,0.505547263969912,0.5029117469089296,0.49552271563969524
Hagan_genotox,DTXSID4022361,Vinclozolin,0,0.4704038991147577,0.5175962423669667,0.5341409151441855,0.5238521494728228
Hagan_genotox,DTXSID4022527,Propylparaben,1,0.28211546056429965,0.274698826892344,0.2694256371309814,0.2675830568163537
Hagan_genotox,DTXSID4022529,Methylparaben,1,0.3599635204409834,0.378587112961851,0.3316831148142137,0.32684598372004975
Hagan_genotox,DTXSID4022600,Amphetamine,1,0.4953482757836403,0.5241925392433407,0.5182490055022464,0.4932588991645986
Hagan_genotox,DTXSID4022604,4'-(9-Acridinylamino)methanesulfon-m-anisidide,1,0.4662484174821591,0.5349958815110986,0.5045117263363776,0.5166953044699967
Hagan_genotox,DTXSID40227431,5-Methylquinoline,1,0.6510908014845523,0.7239962949167132,0.6913396453582239,0.6896978099007871
Hagan_genotox,DTXSID40231472,"5,3',4'-Trihydroxy-3,6,7,8-tetramethoxyflavone",1,0.5748583747958848,0.6623413476554415,0.6503257245677161,0.6568787311514441
Hagan_genotox,DTXSID4023381,Norethindrone acetate,1,0.27978450099095625,0.27455717070947766,0.3320499673665627,0.3365614768086147
Hagan_genotox,DTXSID4023676,Tinidazole,1,0.6863456757037371,0.7703350829286565,0.8234847620098026,0.8151825598718716
Hagan_genotox,DTXSID4023917,Bis(2-chloroethoxy)methane,1,0.6611272404627648,0.7321074883336666,0.7092018987280063,0.7032152145094511
Hagan_genotox,DTXSID4024018,Dicamba,0,0.4327710586538949,0.4776612336929151,0.4598395026664379,0.4525755423245123
Hagan_genotox,DTXSID4024062,"3,4-Dimethylphenol",0,0.4911594357438598,0.5108927739890087,0.5134548880244512,0.4850394197006198
Hagan_genotox,DTXSID4024143,"1,6-Diisocyanatohexane",0,0.3589003503989392,0.355724634014595,0.4780601440957846,0.45632491893118493
Hagan_genotox,DTXSID40241713,2-Methyl-4-amino-5-aminomethylpyrimidine,0,0.5082209871342702,0.5630949337410799,0.5595208731591083,0.5620651322247453
Hagan_genotox,DTXSID4024222,Nitroguanidine,0,0.7102297445923731,0.8037539554335781,0.8500976871008082,0.858234797144955
Hagan_genotox,DTXSID4024276,Propargite,0,0.2774714222763964,0.32138967102268734,0.3124976994532804,0.329208607953078
Hagan_genotox,DTXSID40244163,2-Hydroxyethyl picramic acid,1,0.8608043068939369,0.951860970473171,0.9605658155310799,0.9645228808539219
Hagan_genotox,DTXSID4024436,Allura Red C.I.16035,1,0.23537524371783744,0.26331167685374346,0.20554765856302035,0.2193566554494455
Hagan_genotox,DTXSID4024567,"1,4-Benzenedimethanamine",1,0.5312337177982891,0.5743153781775472,0.5756233714180321,0.5449039881451058
Hagan_genotox,DTXSID4024642,Bromochloroacetic acid,0,0.5924182911110014,0.6952256124157229,0.6778905344241322,0.6935124418991637
Hagan_genotox,DTXSID4024644,Bromodichloroacetic acid,0,0.5367853174399317,0.611892514004959,0.5710252979267367,0.5724021689610358
Hagan_genotox,DTXSID4024692,tert-Butyl glycidyl ether,1,0.5069591147537227,0.5046120516511281,0.5489309303653281,0.541055166447773
Hagan_genotox,DTXSID4024696,Butyl methacrylate,0,0.2519096022451506,0.28241266287724565,0.28578785947751023,0.2915229714053243
Hagan_genotox,DTXSID4024729,Carbendazim,1,0.3898175154796739,0.44904153628556825,0.4568217407448804,0.45451149092564863
Hagan_genotox,DTXSID4025080,Diisobutyl ketone,0,0.44000277872164245,0.5281078323286659,0.5091986307742635,0.5280031092133901
Hagan_genotox,DTXSID4025086,Diisopropylcarbodiimide,1,0.5083319913624206,0.5690913895799304,0.49640501486376404,0.5236845517956413
Hagan_genotox,DTXSID4025111,"2,2-Dimethylbutane",0,0.2428475642225174,0.17625070728080638,0.18973541619613224,0.17072635955660095
Hagan_genotox,DTXSID4025167,"8-Hydroxy-5,7-dinitro-2-naphthalenesulfonic acid",1,0.33811484908894807,0.3750504504626402,0.4493870718227912,0.44013705569524997
Hagan_genotox,DTXSID4025240,"1,2-Epoxy-3-butene",1,0.5507135496368717,0.5820854842357989,0.5464881302749579,0.5428051907600011
Hagan_genotox,DTXSID4025292,"2-Ethyl-1,3-hexanediol",1,0.2862621522480147,0.2193234197339831,0.2057183776580324,0.19121420766726024
Hagan_genotox,DTXSID4025296,2-Ethyl-2-hexenal,0,0.3858012394303229,0.4714637745235697,0.44355571776873687,0.46623881061709915
Hagan_genotox,DTXSID4025298,2-Ethylhexylamine,0,0.14025509150689838,0.09635558700621864,0.09670246197170539,0.09303512979890029
Hagan_genotox,DTXSID4025329,Fluorobenzene,0,0.4845122578088806,0.5127963804700456,0.5193585484992813,0.4908345662963494
Hagan_genotox,DTXSID4025402,1-Hexene,1,0.4860526391011166,0.5185126556121885,0.5525761364962797,0.5450375269031428
Hagan_genotox,DTXSID4025406,n-Hexyl methacrylate,0,0.05622112948171945,0.04852592786200716,0.053541122646535634,0.05454632107211543
Hagan_genotox,DTXSID4025408,Hycanthone methanesulfonate,1,0.7424551174871654,0.8296147214864651,0.8221494425588864,0.8298429810010549
Hagan_genotox,DTXSID4025450,"3-Iodo-1,2-propanediol",0,0.5018141400057311,0.5987951528181044,0.5032710876806202,0.5480086474390399
Hagan_genotox,DTXSID4025587,2-Methylcinnamic aldehyde,1,0.48600561453703833,0.5780666296781186,0.6551850454904271,0.6700476441977402
Hagan_genotox,DTXSID4025589,Methyl 2-cyanoacrylate,0,0.4365007506697671,0.48463914675207126,0.5306736382451674,0.510171368082177
Hagan_genotox,DTXSID4025662,Methyl styryl ketone,0,0.3929996959860927,0.43562395755169486,0.5245108041754816,0.5144180434966349
Hagan_genotox,DTXSID4025668,Methyl 4-methylbenzoate,0,0.3065598483886683,0.3017439851695964,0.31219170323339696,0.30716837723627505
Hagan_genotox,DTXSID4025791,2-Nitrotoluene,1,0.9097595154581467,0.9702471060038649,0.9770316244364273,0.9780423977721479
Hagan_genotox,DTXSID4025909,Picric acid,0,0.8611583497859673,0.9432584888054872,0.9617054854416258,0.9576673483403443
Hagan_genotox,DTXSID4026139,Thiocarbanilide,0,0.529914101964918,0.6611749241850835,0.6232975380030902,0.6530025578824451
Hagan_genotox,DTXSID4026183,Tributylamine,1,0.2683494466868641,0.24768067312959233,0.24394501218100104,0.25086310467623635
Hagan_genotox,DTXSID4026214,Triclocarban,0,0.44633124651421374,0.479010499946184,0.4759501325266103,0.46988953347081924
Hagan_genotox,DTXSID4026262,"Tris(2,3-epoxypropyl)isocyanurate",1,0.7723726493789277,0.836878393880244,0.8878964851753178,0.874540799029361
Hagan_genotox,DTXSID4026266,Tris(2-hydroxyethyl) isocyanurate,0,0.4952403822061093,0.5335889374444971,0.6224232710920982,0.6060002343571084
Hagan_genotox,DTXSID4026268,C.I. Direct Blue 14,0,0.1909872562770801,0.22376451276380474,0.21581976679612666,0.23503705795544136
Hagan_genotox,DTXSID4026343,2-Mercaptoethanol,0,0.40252790877884065,0.4751591566695366,0.4117096825580357,0.4496910332484006
Hagan_genotox,DTXSID4026422,Methanesulfonic acid,0,0.4143606972580134,0.4488219892851306,0.4860897128845847,0.4570925225343034
Hagan_genotox,DTXSID4026501,alpha-Pinene,1,0.4259768929269985,0.45125189477996536,0.4823242335920334,0.43698922755234676
Hagan_genotox,DTXSID4026711,"1,4-Diethylbenzene",0,0.38462976484954464,0.3728007155915883,0.37283988017127406,0.345495339929424
Hagan_genotox,DTXSID4026713,2-(Diethylamino)ethyl methacrylate,1,0.5166182263926218,0.5916412201799565,0.6561663071590126,0.6637731790336194
Hagan_genotox,DTXSID4026715,Ethyl chloroacetate,0,0.47449100792678145,0.5152289500617132,0.44555658309689955,0.4586986144600076
Hagan_genotox,DTXSID4026761,Methoxyethene,0,0.48023293597601957,0.5121477931944205,0.677178681009012,0.6324110502675463
Hagan_genotox,DTXSID4026769,Hexamethyldisiloxane,1,0.3429563298417353,0.3549738081631965,0.3909255715847573,0.3755381635240485
Hagan_genotox,DTXSID4026894,1-Octanethiol,0,0.09239480781678483,0.08921357616311289,0.06888618863437063,0.0871048387529972
Hagan_genotox,DTXSID4026921,2-[2-(Hexyloxy)ethoxy]ethanol,0,0.0751260498456826,0.0438059562389721,0.04662946442450774,0.04425488340266446
Hagan_genotox,DTXSID4026927,Dimethyl(tetradecyl)amine,0,0.07595623530688701,0.044687251245405596,0.04301875694451831,0.04322491384453289
Hagan_genotox,DTXSID4027026,"N,N-Dimethyl-1-octadecanamine",0,0.07834340357386017,0.05032916388792122,0.04964877049682411,0.049549454835130353
Hagan_genotox,DTXSID4027103,Dodecyl 2-methylacrylate,0,0.05553303715060296,0.044772397383284535,0.048716316250998114,0.05029874291395348
Hagan_genotox,DTXSID4027109,"N-(6-Aminohexyl)hexane-1,6-diamine",0,0.304661748398255,0.252542749493663,0.26049560006914496,0.2528327952512941
Hagan_genotox,DTXSID4027153,1-Bromo-4-fluorobenzene,0,0.4757228276947519,0.5159257851915319,0.5278169037884023,0.502840367182109
Hagan_genotox,DTXSID4027159,Caprolactone,0,0.31044494051693355,0.35489357157265267,0.35977888354589965,0.36102415971202423
Hagan_genotox,DTXSID4027232,"N,N-Dimethylethylamine",0,0.4030308748588993,0.40334999937016947,0.36322758009020456,0.39776626629454775
Hagan_genotox,DTXSID4027282,Phenyl phosphorus dichloride,0,0.4927410233110014,0.751273580816834,0.5635415950922832,0.744237421268343
Hagan_genotox,DTXSID4027284,"1,3-Dioxolane",0,0.5208164710532075,0.5299160632224041,0.5518492965709347,0.5035650580065366
Hagan_genotox,DTXSID4027286,1-Docosanol,0,0.10294260367455149,0.06523856724650744,0.06716227665283755,0.06290081257145634
Hagan_genotox,DTXSID4027319,"2,6-Toluenediamine",1,0.698599820127034,0.7719273255243433,0.7969748195811835,0.7819792544761519
Hagan_genotox,DTXSID4027361,"3-Hydroxy-2,2-dimethylpropyl 3-hydroxy-2,2-dimethylpropanoate",1,0.3208468971449152,0.33931459300740824,0.2896208755750036,0.30336470815020217
Hagan_genotox,DTXSID4027367,1-Tetradecene,1,0.8175020053408578,0.8876391253839332,0.8866510740176844,0.8790187434740425
Hagan_genotox,DTXSID4027490,(3-Chloropropyl)trimethoxysilane,1,0.33706571210641,0.3735578431623672,0.3398177349760363,0.3688303183252752
Hagan_genotox,DTXSID4027492,Trichloro(3-chloropropyl)silane,0,0.4205759553662511,0.4142931734936382,0.4424455434239147,0.4135726817984658
Hagan_genotox,DTXSID4027496,"2,4-D sodium salt",0,0.4333962598431222,0.4690657191037742,0.4884943493612664,0.4649459684306936
Hagan_genotox,DTXSID4027498,"1,3-Bis(2-isocyanato-2-propyl)benzene",0,0.36822553015508247,0.34982545143305965,0.5212553175239415,0.47766177433899154
Hagan_genotox,DTXSID4027529,"2,2-Dimethylpropanoyl chloride",1,0.4202212736131119,0.465914270034274,0.43782717661830356,0.444970580746549
Hagan_genotox,DTXSID4027577,3-Hydroxy-2-(hydroxymethyl)-2-methylpropanoic acid,0,0.32093391673611216,0.33820905640208027,0.2814979821177653,0.2971337692800884
Hagan_genotox,DTXSID4027600,"4-Amino-5-hydroxy-2,7-naphthalenedisulfonic acid monosodium salt",0,0.3580674985141101,0.3665625045062027,0.3746013104058809,0.36022179757937495
Hagan_genotox,DTXSID4027650,Diallyldimethylammonium chloride,0,0.38760668628586853,0.3769128546155276,0.4442961689233373,0.4127185814114527
Hagan_genotox,DTXSID4027652,Sodium 2-propenoate,1,0.5515690495749898,0.6092204152163112,0.6936723024802715,0.6757258647808061
Hagan_genotox,DTXSID4027654,Barium 4-((5-chloro-4-methyl-2-sulphonatophenyl)azo)-3-hydroxy-2-naphthoate,0,0.2963484972016295,0.35410693916469665,0.2918719064324402,0.3125130685136752
Hagan_genotox,DTXSID4027656,2-Ethylhexyl thioglycolate,0,0.13129538931160223,0.1151898374553353,0.097032467967568,0.10601030523115347
Hagan_genotox,DTXSID4027731,"Silicic acid, ethyl ester",0,0.42817376723234,0.45325787700271575,0.4151151736380679,0.4175934818796648
Hagan_genotox,DTXSID4027787,C.I. reactive black 5,0,0.45216643672787393,0.5971378905679324,0.6601272299866056,0.6702297205762083
Hagan_genotox,DTXSID4027816,"Urea, sulfate (1:1)",0,0.5535654332828804,0.5929918932472035,0.5324458017734338,0.5364356595538572
Hagan_genotox,DTXSID4027991,1-Hexadecanol,0,0.09706599167172952,0.05377836169448045,0.055783366774737025,0.05102905891655544
Hagan_genotox,DTXSID4027999,"2-Phosphono-1,2,4-butanetricarboxylic acid",0,0.3964700880898589,0.41155174570787817,0.3912864783564607,0.37437022017926136
Hagan_genotox,DTXSID4029145,Dimethyl malonate,0,0.43608874724463514,0.4319001431367016,0.4297231732818593,0.4069487100989453
Hagan_genotox,DTXSID4029149,Methyl hexadecanoate,0,0.1529547983445981,0.16338763081457547,0.16831793774540668,0.1757128688900378
Hagan_genotox,DTXSID4029191,"Phosphorothioic acid, O,O,O-triphenyl ester",0,0.4729465458777735,0.49581893339644023,0.5137777305462183,0.49490396990891977
Hagan_genotox,DTXSID4029224,Amino(imino)methanesulfinic acid,1,0.4645425873049373,0.5957906677350598,0.5386058414791792,0.5900798548060865
Hagan_genotox,DTXSID4029270,Jasmacyclen,0,0.3998265008557739,0.45222692993105756,0.45857068623715014,0.45748981959862145
Hagan_genotox,DTXSID4029309,Tris(2-hydroxyethyl)ammonium acetate,0,0.503791970453727,0.5191476581108776,0.5000124829978057,0.500641530417518
Hagan_genotox,DTXSID4029357,2-(Hydroxymethylamino)ethanol,1,0.43703733493927044,0.44720595589651824,0.507341418679628,0.5199783342441227
Hagan_genotox,DTXSID4029359,1-Methoxy-2-propylamine,0,0.4196160171830909,0.38771516491774816,0.3765557965064488,0.37120040599066323
Hagan_genotox,DTXSID4030384,4-Chloro-2-nitroaniline,1,0.6531932774045154,0.783594161005939,0.8386398428909762,0.8491360364159064
Hagan_genotox,DTXSID4031770,Propyl methanesulfonate,1,0.4706593048644369,0.4911914911582236,0.49262477686010997,0.48590424728987774
Hagan_genotox,DTXSID4032459,Phorate,1,0.3393041145975464,0.4445760962218053,0.3915307673450059,0.44302324150458156
Hagan_genotox,DTXSID4032613,Fenitrothion,0,0.8516655548274717,0.9409606592294409,0.9476521974534197,0.9510632364021653
Hagan_genotox,DTXSID4032615,Flumetsulam,0,0.41022421444385215,0.42392050633172956,0.3949477566599389,0.3832239344411141
Hagan_genotox,DTXSID40339987,Dimethyl(chloromethyl)methoxysilane,0,0.4683043520470413,0.5270091768160449,0.49189793527457865,0.5172024339349052
Hagan_genotox,DTXSID4034287,5-Heptyldihydro-2(3H)-furanone,1,0.147907242861203,0.15244812058996796,0.1602772630520813,0.1629814889794455
Hagan_genotox,DTXSID4034310,C.I. Acid Blue 9,1,0.53975680467349,0.6671447325195726,0.7063259522115005,0.7189143073677693
Hagan_genotox,DTXSID40343185,"2-Chloro-2',4'-difluoroacetophenone",0,0.5080079845808708,0.6106211342719471,0.5529601219729191,0.5707781579969512
Hagan_genotox,DTXSID40350819,N-(2-bromo-4-fluorophenyl)acetamide,0,0.5000158350119839,0.5545563380848896,0.582177685826624,0.565161827569944
Hagan_genotox,DTXSID40355283,4-Morpholinopiperidine,0,0.39735528011243265,0.3908215231294228,0.38549408919387657,0.39138829145390597
Hagan_genotox,DTXSID4035542,"N,N-Dimethyl-N-(3-(trimethoxysilyl)propyl) octadecan-1-aminium chloride",0,0.049730149898510156,0.028894029198077462,0.0319338615406158,0.031570894934131406
Hagan_genotox,DTXSID4035960,Copper gluconate,1,0.56438860270117,0.642793864981786,0.5685710725561165,0.5925355752245599
Hagan_genotox,DTXSID4036229,Sodium decyl sulfate,0,0.41709447440652475,0.44418486168577304,0.4109372549001724,0.4259619886514012
Hagan_genotox,DTXSID4036435,1-Octyl-2-pyrrolidone,0,0.22581689114226736,0.2086927406150235,0.18701163170945037,0.19958659080659955
Hagan_genotox,DTXSID4036485,C.I. Acid Blue 324,0,0.18333340761249536,0.21172271159211833,0.17497735794033265,0.1910282754954823
Hagan_genotox,DTXSID4036859,2-Nitrobenzidine,1,0.7454482798285095,0.8493724574761098,0.8634217414018167,0.8736306089825044
Hagan_genotox,DTXSID40370158,2-Chlorobenzoylacetonitrile,0,0.40885904471456147,0.47060479632943225,0.4381613417633192,0.45073285971530025
Hagan_genotox,DTXSID4037039,Sodium undecylenate,0,0.17499465074072681,0.1646511369270623,0.17935943111986496,0.17736331547525622
Hagan_genotox,DTXSID40376817,5-Hydroxymethylthiazole,0,0.4452907713975907,0.5050371337202152,0.478848166986478,0.5055363569123942
Hagan_genotox,DTXSID4037748,"2,2,4,4,6,6-Hexamethylcyclotrisilazane",0,0.5436100996364204,0.5960244956584125,0.6302347777646172,0.5991485105201889
Hagan_genotox,DTXSID4038847,(3-Isocyanatopropyl)triethoxysilane,0,0.49468449492298555,0.542811678584704,0.5620099364377108,0.580833834297359
Hagan_genotox,DTXSID4038924,Hexyl salicylate,0,0.13047102108793554,0.09675439060101311,0.0914451776265035,0.09117600322002915
Hagan_genotox,DTXSID4039231,Allyl chloride,1,0.7014579469211141,0.7757987253438415,0.8010946369427977,0.7931094200298522
Hagan_genotox,DTXSID4039233,Allyl isovalerate,1,0.45069499802959445,0.5227018519078702,0.5311344735534839,0.5232447590781303
Hagan_genotox,DTXSID4039235,"1-Amino-2,4-dibromoanthraquinone",1,0.5157138386124566,0.6103723254831809,0.5637051752309351,0.5527479872343944
Hagan_genotox,DTXSID4039237,2-Amino-4-(5-nitro-2-furyl)thiazole,1,0.9282195386969877,0.9725623329900758,0.971203021952087,0.9718372747535735
Hagan_genotox,DTXSID4040212,"Zinc carbonate, basic",0,0.5053365250862294,0.5267396371788938,0.5894270933174671,0.5887047393766771
Hagan_genotox,DTXSID4040680,Lomefloxacin,1,0.448023645947994,0.5092219066435802,0.5397662629513796,0.5424768445986626
Hagan_genotox,DTXSID4040715,2-Phenoxyethyl acrylate,0,0.4564338616032391,0.5140771186778772,0.47833853600687265,0.47489341708761873
Hagan_genotox,DTXSID4040719,"N-(2,4-Dimethylphenyl)-3-oxobutanamide",0,0.3705809294559857,0.3818738784074928,0.37533713789337336,0.3668184341179188
Hagan_genotox,DTXSID4041107,Putrescine,0,0.3690996129758412,0.33231150406872373,0.2996024723641917,0.28533238572705005
Hagan_genotox,DTXSID4041232,"1,3,5-Triisopropylbenzene",1,0.47819062193627043,0.49593338799327213,0.49269677578732773,0.4620407349205384
Hagan_genotox,DTXSID4041238,"1,3-Cyclohexanedimethanamine",1,0.440883498137198,0.4195714013886904,0.457046766280433,0.3765090718046648
Hagan_genotox,DTXSID4041280,"4-Hydroxy-2,2,6,6-tetramethylpiperidin-1-yl)oxidanyl",1,0.3844633676613154,0.3853387445712306,0.46039228789282277,0.47115891109549884
Hagan_genotox,DTXSID4041284,6:2 Fluorotelomer sulfonamide betaine,0,0.19141430404147056,0.16639657686718248,0.18039578347084181,0.1717709514524964
Hagan_genotox,DTXSID4041288,"1-Tetradecanaminium, N-(carboxymethyl)-N,N-dimethyl-, inner salt",0,0.048448369514394636,0.03929975729332536,0.045135727498782065,0.04659337749893246
Hagan_genotox,DTXSID4041363,"2,4-Dichlorophenylacetic acid",0,0.4539464913103131,0.4794506800081519,0.4911750693802123,0.4632820212558519
Hagan_genotox,DTXSID4041367,"2,4-Dinitrophenyl thiocyanate",1,0.8683139689273872,0.9549270372816752,0.9595718323816511,0.9641513387776501
Hagan_genotox,DTXSID4041442,Sodium 2-naphthalenesulfonate,0,0.32904291933872143,0.325202205510371,0.33848424264838967,0.3254674348837335
Hagan_genotox,DTXSID4041521,4-Morpholinepropanamine,0,0.2985866938742971,0.25635984196595546,0.23532872888866754,0.23401582374535904
Hagan_genotox,DTXSID4041527,"2,2,6,6-Tetramethyl-4-piperidone",0,0.39147975906236804,0.49342017901009844,0.4558590090083456,0.49476158555511635
Hagan_genotox,DTXSID4041529,4'-Sulfamylacetanilide,0,0.47815494624921273,0.5201635143026168,0.556865496098519,0.5355958055206037
Hagan_genotox,DTXSID4041571,"Acetamide, N-(4-fluorophenyl)-2-hydroxy-N-(1-methylethyl)-",0,0.41620329597683564,0.4194052259551326,0.45190594751352187,0.42101793511355234
Hagan_genotox,DTXSID4041573,Triethyl phosphonoacetate,0,0.3990530857705654,0.431733831285155,0.41223370309742213,0.416916479990705
Hagan_genotox,DTXSID4041577,"Acetic acid, isononyl ester",0,0.14700866169913676,0.13614206589403446,0.14209293601942366,0.14724781069160073
Hagan_genotox,DTXSID4041602,Ammonium benzoate,0,0.4648939520076693,0.5232723186742287,0.5110337186127856,0.5062044547439489
Hagan_genotox,DTXSID4041606,Pentyl propionate,0,0.10820259703612663,0.10590082881036024,0.11365170945692356,0.1161487654270263
Hagan_genotox,DTXSID4041608,Anisole,0,0.43426661222905527,0.4474123141412949,0.4690187781933097,0.4402939106426163
Hagan_genotox,DTXSID4041654,2-Ethylhexyl benzoate,0,0.12845003388684137,0.09536762944471705,0.08913765462651578,0.08904924446626938
Hagan_genotox,DTXSID4041731,C.I. Food Yellow 6,0,0.317107947568431,0.3512236765058158,0.2970256259014309,0.3072072803942158
Hagan_genotox,DTXSID4041733,C.I. Pigment Red 187,0,0.09531809458198241,0.09332970311098315,0.092815654648985,0.09945276940410125
Hagan_genotox,DTXSID4041735,C.I. Pigment Yellow 1,0,0.35269557873321605,0.41188722428566066,0.45910097949304723,0.46301926092079165
Hagan_genotox,DTXSID4041739,C.I. Solvent green 7,0,0.3640143924148476,0.3962916840749073,0.33992728746503026,0.33455413561290454
Hagan_genotox,DTXSID4041816,"Cyclohexanol, 4-(5,5,6-trimethylbicyclo[2.2.1]hept-2-yl)-",0,0.3874837196241237,0.33324781880961685,0.3417194201820844,0.3095073859512896
Hagan_genotox,DTXSID4041818,2-sec-Butylcyclohexan-1-one,0,0.24621487733431957,0.28827485453708285,0.28091526381241005,0.29716248466527323
Hagan_genotox,DTXSID40420187,Diethyl acetonylsuccinate,0,0.34590411198984317,0.3972793691936287,0.4107566772420721,0.40397394201728254
Hagan_genotox,DTXSID4042048,2H-Perfluoropropane,0,0.40774419821528035,0.35959003551237356,0.4364190332959707,0.360301588529961
Hagan_genotox,DTXSID4042123,Mercury(II) acetate,0,0.49425973490462605,0.521683465043692,0.48762690360029043,0.4973833779941042
Hagan_genotox,DTXSID4042177,N-(2-Hydroxyethyl)iminodiacetic acid,0,0.35253497346183976,0.37275185981478504,0.3264733953229355,0.3310581074223367
Hagan_genotox,DTXSID4042206,1-Dodecyl-2-pyrrolidinone,0,0.22581689114226736,0.20938021834132017,0.18816506032668304,0.20132557391678643
Hagan_genotox,DTXSID4042254,N-(2-Hydroxyethyl)palmitamide,0,0.08134147853144362,0.06934961437466695,0.07630260924962985,0.07616101914717743
Hagan_genotox,DTXSID4042337,Propyl propionate,0,0.3367810042527219,0.3886126013289713,0.3897033862028518,0.3948120075451773
Hagan_genotox,DTXSID4043779,N-{2-[(4-amino-3-methylphenyl)(ethyl)amino]ethyl}methanesulfonamide,0,0.5914166440344641,0.647522327138707,0.6365614808206854,0.6208328834286779
Hagan_genotox,DTXSID4043856,"2,4-Diaminoazobenzene",1,0.8167997152730618,0.9035743557134882,0.8923188868153655,0.898202136021731
Hagan_genotox,DTXSID4043937,Dimethyl sulfone,0,0.5094965755799427,0.5994744415897677,0.5998715385534602,0.5922143932547637
Hagan_genotox,DTXSID4044242,Disodium inosinate,1,0.3860335973612321,0.3955563201399909,0.35632979053323727,0.34539771717028006
Hagan_genotox,DTXSID4044371,4-Morpholinepropanesulfonic acid,0,0.229047249855592,0.21486649914384645,0.2037941325493998,0.22401113169880063
Hagan_genotox,DTXSID4044373,Tromethamine hydrochloride,0,0.37914260676589856,0.3310134382839998,0.32198466712400947,0.3047507799817622
Hagan_genotox,DTXSID4044375,Glycerol 1-allylether,1,0.4902740280073982,0.5586005543688255,0.5781556705630937,0.5625816966070508
Hagan_genotox,DTXSID4044400,Tetrabutylammonium bromide,0,0.11892413993526148,0.08307480390565203,0.08976501785820441,0.08706090545542193
Hagan_genotox,DTXSID4044402,tert-Butyl 3-oxobutanoate,0,0.3289835908287982,0.33696899538974706,0.27842277203393034,0.27543123430236544
Hagan_genotox,DTXSID4044404,2-Hydroxyethyl disulfide,0,0.4663301453003624,0.5688299741662757,0.5235453805899996,0.5743656943124543
Hagan_genotox,DTXSID40444368,"4-[(6-Oxo-1,6-dihydropyrimidin-2-yl)amino]benzonitrile",0,0.3517693637242441,0.3962521927578157,0.39442881086466075,0.3879252542053459
Hagan_genotox,DTXSID4044452,"1,6-Dibromohexane",0,0.34261939112143763,0.34855227678977596,0.3467535335703882,0.3436487785938683
Hagan_genotox,DTXSID4044458,Sodium 2-[4-(2-hydroxyethyl)piperazin-1-yl]ethanesulfonate,0,0.2575019271962653,0.2542162262714726,0.25789763024092144,0.2722292427125041
Hagan_genotox,DTXSID4044531,C.I. Vat Green 1,0,0.5170719295314646,0.6451332731697528,0.5649791489115699,0.5799967500466484
Hagan_genotox,DTXSID4044535,Sodium 2-anthraquinonesulfonate,0,0.3261900070099352,0.3781342306094871,0.3472089993768474,0.33756878225191533
Hagan_genotox,DTXSID4044539,"Bis(2,4-dichlorophenyl)peroxyanhydride",1,0.4059107232315233,0.4972817884124112,0.46835124779303183,0.4881501743149932
Hagan_genotox,DTXSID4044610,Potassium hexadecyl hydrogen phosphate,0,0.07317020353044737,0.06662986351458981,0.0635182721080742,0.0760672177292866
Hagan_genotox,DTXSID4044612,Calcium dibenzoate,1,0.4648939520076693,0.5232304624665414,0.5111863239243774,0.5063937467227339
Hagan_genotox,DTXSID4044616,Tetrabutylphosphonium chloride,0,0.2350451833101812,0.3709881899046756,0.2580058383126,0.3823954918981059
Hagan_genotox,DTXSID4044618,1-Bromo-3-methoxybenzene,0,0.48312886279560846,0.525146924352833,0.5285057223262674,0.5076843736262314
Hagan_genotox,DTXSID40447031,N-[(2-Bromo-5-hydroxy-4-methoxyphenyl)methyl]-N-[2-(4-hydroxyphenyl)ethyl]formamide,1,0.5238872680152656,0.6056819947146371,0.6196450486388295,0.6076115432611009
Hagan_genotox,DTXSID4044743,6-Aminonaphthalene-2-sulfonic acid,0,0.35247087381996645,0.36206524349985864,0.37526643226062856,0.37027974671745617
Hagan_genotox,DTXSID4044747,N-Butylphosphorothioic triamide,0,0.3130298824421124,0.369103941048059,0.29940532647681856,0.34511583900937254
Hagan_genotox,DTXSID4044791,Benzyl propanoate,1,0.3898899608581364,0.4034418092267813,0.43178574972339384,0.4045897856541438
Hagan_genotox,DTXSID4044793,Sodium 3-chloro-2-hydroxypropylsulfonate,0,0.4663559236349933,0.49094164903879606,0.48728655989997255,0.502922520382746
Hagan_genotox,DTXSID4044822,3-Methyl-5-phenylpentan-1-ol,0,0.445476714044067,0.45759108099188756,0.4918950978473889,0.46568810912597897
Hagan_genotox,DTXSID4044824,4-Methyl-1-(propan-2-yl)cyclohex-3-en-1-ol,1,0.3979517636430807,0.4501345624460409,0.4688878235457272,0.45757053141445275
Hagan_genotox,DTXSID4044826,"3,7-Dimethyloctanal",0,0.2958647766667062,0.3564437420272331,0.3352081124398795,0.3610966452754924
Hagan_genotox,DTXSID4044828,Ethyl undec-10-enoate,0,0.29400977043588633,0.31072760880737843,0.3262636133506925,0.32062175904804985
Hagan_genotox,DTXSID4044870,"Butane-1,4-diyl bis(2-methylprop-2-enoate)",1,0.4027495420790969,0.45818821498320866,0.4644874593123065,0.4545404073259651
Hagan_genotox,DTXSID4044874,"2,2-Bis(tert-butylperoxy)butane",0,0.3174998269018314,0.3377680020653398,0.3671432339590939,0.35068590946073
Hagan_genotox,DTXSID4044876,Ethylene glycol diglycidyl ether,1,0.7439972860224587,0.7702591880978703,0.8339893430477469,0.81085866291827
Hagan_genotox,DTXSID4044905,"(2,2,6,6-Tetramethyl-4-oxopiperidin-1-yl)oxidanyl",1,0.4685470569445493,0.5492756774610125,0.5954469520338775,0.6245800973515
Hagan_genotox,DTXSID4044907,Cyclohexylidenebis(tert-butyl) peroxide,0,0.3615552160332814,0.3819585423005893,0.4198905359920814,0.38759712345220887
Hagan_genotox,DTXSID4044957,Lithium benzoate,1,0.4648939520076693,0.5232719232863429,0.5110130342763303,0.5061886066171214
Hagan_genotox,DTXSID4045345,Ethambutol dihydrochloride,1,0.3370219517892373,0.3089000932229176,0.2941106124290226,0.28797203386120906
Hagan_genotox,DTXSID4046577,Acid green 50,1,0.3600424515299332,0.44709802445668195,0.39396311549227536,0.41666621571338097
Hagan_genotox,DTXSID40470389,(2-Nitrophenyl)-phosphoric triamide,0,0.8180727812688536,0.9272061431598807,0.8994245003645632,0.9114816183319204
Hagan_genotox,DTXSID4047098,3-Phenylbutyraldehyde,0,0.47376707841650445,0.5369332390250641,0.5855200137309498,0.5871213313702378
Hagan_genotox,DTXSID4047127,4-(tert-Pentyl)-cyclohexanone,0,0.25600916747543384,0.30086319742393,0.2928035348156101,0.3101421739653139
Hagan_genotox,DTXSID4047200,Dihydro-beta-ionone,0,0.3647053973577426,0.4392445300807029,0.4258532145536114,0.44555775307399975
Hagan_genotox,DTXSID4047204,Cedryl acetate,0,0.381094647639949,0.44688672724129913,0.4406008196187734,0.4557464362886378
Hagan_genotox,DTXSID40473572,"3-[(2,2-Dimethyl-1,2-azasilolidin-1-yl)(dimethyl)silyl]propan-1-amine",0,0.3300946169239996,0.33284277703774234,0.32434521137802075,0.33479533509373405
Hagan_genotox,DTXSID4047416,2-methyl-6-methylideneoct-7-en-2-yl acetate,0,0.2615947536883289,0.2820075754997654,0.2994754956584993,0.29515983244379645
Hagan_genotox,DTXSID4047462,3-Carene,0,0.43732198794310073,0.4927657703934663,0.5087598460343302,0.5000306703963617
Hagan_genotox,DTXSID4047464,2-Ethyl-3-methylpyrazine,0,0.3966802064645514,0.432124388088599,0.40315706629267783,0.4189139930063024
Hagan_genotox,DTXSID4047466,2-Isopropoxyethanol,0,0.4248859855213601,0.404813751475098,0.4677359188123487,0.4556276334616833
Hagan_genotox,DTXSID4047549,"Ethyl 2,4-dimethyl-1,3-dioxolane-2-acetate",0,0.47937714350756927,0.5800351338335065,0.5689677276089027,0.575803481688625
Hagan_genotox,DTXSID4047593,alpha-Phellandrene,1,0.47731145677901243,0.5456798082650153,0.557461821080364,0.5499830062689633
Hagan_genotox,DTXSID4047622,Oxacycloheptadecan-2-one,0,0.3632254081778042,0.4281903621595793,0.4240493943061565,0.4336106980849736
Hagan_genotox,DTXSID4047882,Phenylparaben,0,0.44854961109806024,0.49293882716773946,0.46791161074854976,0.46763685745395006
Hagan_genotox,DTXSID4047965,1-Ethyl-3-methylimidazolium trifluoromethanesulfonate,0,0.41909387703987283,0.41705698958815124,0.42373221317123394,0.4012257668522912
Hagan_genotox,DTXSID4048191,"4,4'-Methylenebis(2,6-diethylaniline)",0,0.516251418449408,0.5532625560951642,0.5531966239722602,0.5427615611368134
Hagan_genotox,DTXSID4049240,6-Chlorohexan-1-ol,1,0.25994236974059093,0.2665714633194689,0.2508733943399735,0.28759289361494866
Hagan_genotox,DTXSID4049323,"1,5-Hexadiene",0,0.4725027873063207,0.4920256878538766,0.5581429095381407,0.5327917683703746
Hagan_genotox,DTXSID4049404,"Cyanamide,cyano-,sodium salt",0,0.46108519408909787,0.5394910971940273,0.547338113922638,0.5318943379912807
Hagan_genotox,DTXSID4051293,C.I. Pigment Yellow 191,0,0.1739788194378247,0.17041693067083993,0.1567514144329876,0.15714431174901997
Hagan_genotox,DTXSID4051299,"2-(4,6-Diphenyl-s-triazin-2-yl)-5-hexyloxyphenol",0,0.20414003237583633,0.1974619801030523,0.21598752940964702,0.2139950056293408
Hagan_genotox,DTXSID4051322,"1-Propanol, 2-methyl-3-[(1,7,7-trimethylbicyclo[2.2.1]hept-2-yl)oxy]-",0,0.30965642784055736,0.2623612252389873,0.2584877069186803,0.2451599805653132
Hagan_genotox,DTXSID4051401,Rhubafuran,0,0.4654168959465735,0.4789642636900826,0.47378987087575614,0.45647404277242626
Hagan_genotox,DTXSID4051405,Cyclooct-4-en-1-yl methyl carbonate,0,0.35745524789568267,0.40444976499615115,0.41798803537094326,0.4126630043955359
Hagan_genotox,DTXSID4051530,4-Chlorobenzyl chloride,0,0.6351919212361182,0.7209307542003995,0.7061466894376046,0.69294937502324
Hagan_genotox,DTXSID4051534,Decahydro-2-naphthyl acetate,0,0.2930945519718417,0.34678837088642545,0.3481421275162299,0.35566751955139136
Hagan_genotox,DTXSID4051582,Hexadecanoyl chloride,0,0.11976394601463573,0.09919688172819663,0.08621502088870937,0.09433929445020078
Hagan_genotox,DTXSID4051615,Boron carbide,0,0.4802793019789689,0.6043972664642451,0.5700696661827319,0.6088127316617307
Hagan_genotox,DTXSID4051744,"4,4'-Bis(2-benzoxazolyl)stilbene",0,0.43179847890131756,0.48979820086467524,0.5032733004400208,0.5021504787295746
Hagan_genotox,DTXSID4051794,sec-Butyl chloroformate,0,0.32984465108782196,0.3476813261741327,0.44322947299787313,0.44248794862616564
Hagan_genotox,DTXSID4051956,"Methyl 2,6,6-trimethylcyclohex-2-ene-1-carboxylate",0,0.3704171153893574,0.43243256062909685,0.4334284899111309,0.43895094514315364
Hagan_genotox,DTXSID4052003,N-Methyl-N-vinylacetamide,0,0.5178617431073803,0.572865740687439,0.5613962061187628,0.5609720488979115
Hagan_genotox,DTXSID4052009,Tetrahydro-6-(3-penten-1-yl)-2H-pyran-2-one,0,0.3590641142845641,0.4116649979449396,0.4161631940564956,0.4189684760502284
Hagan_genotox,DTXSID4052130,C.I. Pigment Red 149,0,0.431364750844677,0.6261034408228233,0.5041043090919092,0.5750019057334672
Hagan_genotox,DTXSID4052182,"2,6-Dimethyloct-7-en-2-yl acetate",0,0.19138515774643783,0.19060755915800875,0.2091655536033705,0.2026016341078286
Hagan_genotox,DTXSID4052219,"3,3'-(1,4-Phenylenediimino)bis(4,5,6,7-tetrachloro-1H-isoindol-1-one)",0,0.4276252138225128,0.5282104419336572,0.42938088660053575,0.44342828268295104
Hagan_genotox,DTXSID4052340,6-(Butan-2-yl)quinoline,0,0.42796494993480944,0.47217551792782936,0.44128460953662807,0.4383624248157567
Hagan_genotox,DTXSID4052346,3-(p-Cumenyl)-2-methylpropionaldehyde,0,0.44338721247746316,0.49755575232230465,0.5528105734791885,0.5585874601843855
Hagan_genotox,DTXSID4052392,"1,3-Dimethyl-3-phenylbutyl acetate",0,0.23179006949854689,0.19444619314175324,0.19150932958243527,0.18026904724163506
Hagan_genotox,DTXSID4052421,"2-Ethoxy-2,6,6-trimethyl-9-methylenebicyclo[3.3.1]nonane",0,0.26402711296551723,0.2835904844748192,0.3105092348971779,0.296584899906865
Hagan_genotox,DTXSID4052502,"Diphenyl(2,4,6-trimethylbenzoyl)phosphine oxide",0,0.40827891231702257,0.46004521981940627,0.4254574434939697,0.443315530964649
Hagan_genotox,DTXSID4052504,"5,9-Dimethyl-4,8-decadienal",0,0.453428008571112,0.575263231250552,0.5400138801642408,0.5724357576960696
Hagan_genotox,DTXSID4052506,3-Methylbut-3-en-1-ol,0,0.4601780444121844,0.5106125009378029,0.5295930047820349,0.5166623482630948
Hagan_genotox,DTXSID4052508,"1,1'-(1,3-Phenylenedicarbonyl)bis[2-methylaziridine]",1,0.469731047053029,0.5098169225907377,0.4711008234228153,0.4619697856950085
Hagan_genotox,DTXSID4052550,Methyl toluene-4-sulfonate,1,0.4601914844284562,0.5036320684737735,0.5091817655661737,0.5020154503631297
Hagan_genotox,DTXSID4052633,Ethenyl 2-ethylhexanoate,0,0.25570008480842693,0.28539255413677805,0.2949796138724916,0.29514039201699055
Hagan_genotox,DTXSID4052635,1'-Acetonaphthone,1,0.480847521633127,0.5381777553509098,0.5206872056051951,0.5187429843488515
Hagan_genotox,DTXSID4052639,"1,1-Dimethoxycyclododecane",0,0.43394381815154137,0.4333178952178769,0.50727963491206,0.4133830804106749
Hagan_genotox,DTXSID4052681,"Trihexyl benzene-1,2,4-tricarboxylate",0,0.10297077584370445,0.07104091639639858,0.06669445437460918,0.06500005242749833
Hagan_genotox,DTXSID4052716,Tri(aziridin-1-yl)phosphine oxide,1,0.4757061237269012,0.5242093619912871,0.49511031623086704,0.5001546304407952
Hagan_genotox,DTXSID40552533,Docosyl 4-hydroxybenzoate,0,0.13825664125836912,0.10440399747835626,0.09883215657395812,0.09936500026196766
Hagan_genotox,DTXSID4057764,5-Chloro-1-(4-piperidyl)-1H-benzimidazol-2(3H)-one,0,0.3793653707420623,0.39920183151991023,0.3880196106309126,0.3933170401892088
Hagan_genotox,DTXSID4057972,Proclonol,1,0.41281054983999804,0.4272048640180251,0.431199466409172,0.41975368785534367
Hagan_genotox,DTXSID4058025,Isotianil,0,0.3417706066190642,0.45528000438938543,0.39389625950000345,0.431809961271645
Hagan_genotox,DTXSID4058819,Propanoyl chloride,0,0.4516416708130937,0.5027827014510561,0.5468925249824876,0.5523647226329985
Hagan_genotox,DTXSID4059178,"Benzenesulfonyl chloride, 4-nitro-",1,0.8281852125787524,0.9333704394980308,0.9067652829804467,0.9154112387585346
Hagan_genotox,DTXSID4059205,4-Anisic acid,0,0.3490348423169915,0.3761861943246676,0.3780203581984211,0.374802388770411
Hagan_genotox,DTXSID4059257,"Benzenamine, 2,5-dimethoxy-",0,0.7025947503672256,0.7810640937960699,0.8038101848587368,0.7887352807866681
Hagan_genotox,DTXSID4059338,p-Bromoclorobenzene,0,0.510708388907636,0.5641866581261767,0.5603008809675467,0.5404166226815238
Hagan_genotox,DTXSID4059758,"Dibenz[a,j]acridine",1,0.8092147370671491,0.8811868941789265,0.8597101404547072,0.8656044007743405
Hagan_genotox,DTXSID40598810,1-[tert-Butyl(dimethyl)silyl]piperazine,0,0.3419807535401241,0.37186906795080404,0.3259606551595487,0.3609562201483196
Hagan_genotox,DTXSID4060159,Ferrous oxalate,0,0.4874283948680322,0.546287697394634,0.4921282234982276,0.48929970842426856
Hagan_genotox,DTXSID4060369,8-Quinolinamine,1,0.751568213740948,0.8417012880895046,0.8397751609536916,0.8443598679279077
Hagan_genotox,DTXSID4060442,"2-Butanone, 4-hydroxy-",0,0.45271241836626824,0.5059409696043272,0.43661598940019847,0.45723879768968984
Hagan_genotox,DTXSID4060523,Ethyl 2-bromoisobutyrate,1,0.3445345871074925,0.38048317240287344,0.3388720401067625,0.3626249013606751
Hagan_genotox,DTXSID4060602,"Benzamide, N,N-dimethyl-",0,0.4523023413408232,0.47630043805387484,0.47787027455940273,0.4513922452899255
Hagan_genotox,DTXSID4060606,"Benzenemethanol, 2-methoxy-",0,0.5747003140857115,0.6241343036326634,0.6649787866643341,0.6407468737306591
Hagan_genotox,DTXSID4060735,"Ethane, 2-chloro-1,1-diethoxy-",1,0.5302382033152209,0.5998815881593922,0.5290353822602422,0.5627836732518865
Hagan_genotox,DTXSID4060789,"1-Propyne, 3-chloro-",1,0.6205851282744629,0.6856569325743651,0.6622146686767828,0.6781169896679211
Hagan_genotox,DTXSID4060866,"1,2-Ethanediol, 1,2-diformate",0,0.40244681453331604,0.44317812640740145,0.46370447544368737,0.44387274255966225
Hagan_genotox,DTXSID4060947,Benzenepropanoyl chloride,1,0.44909096313774316,0.5157320903109206,0.6094781966812097,0.6160120402004203
Hagan_genotox,DTXSID4060991,Hexafluorobutadiene,0,0.4467611590785318,0.5246281951960824,0.5230888882321906,0.5234388870747703
Hagan_genotox,DTXSID4061098,"Dodecane, 1-(ethenyloxy)-",0,0.13681947016958343,0.1295401188669799,0.14761951789649705,0.1431095025860121
Hagan_genotox,DTXSID40611159,"2-Methyl-1,4-phenylene bis(4-{[6-(acryloyloxy)hexyl]oxy}benzoate)",0,0.1947754897723839,0.17951880644420184,0.28049642605230957,0.2617259653449052
Hagan_genotox,DTXSID4061387,Cyclopentanamine,0,0.4818851501807136,0.46875249614172443,0.5094446148824293,0.46638363064689264
Hagan_genotox,DTXSID4061460,"1,3,2-Dioxathiane, 2,2-dioxide",1,0.5526074128170165,0.5818638488145097,0.535972885877598,0.534534843071719
Hagan_genotox,DTXSID4061834,"1H-Pyrrole-2,5-dione, 1-cyclohexyl-",0,0.44104628062223644,0.5203828358220529,0.6057158758855823,0.6121179120484596
Hagan_genotox,DTXSID4061836,"1,4-Butane sultone",1,0.6192462443101879,0.681629309152291,0.6692999367859437,0.6663627077924
Hagan_genotox,DTXSID4061911,"Silane, chloro(chloromethyl)dimethyl-",0,0.4225049855811851,0.44013841321484914,0.46460791221700487,0.45696880390808436
Hagan_genotox,DTXSID40621591,"1,1'-[Methylenedi(4,1-phenylene)]bis(2-hydroxy-2-methylpropan-1-one)",1,0.26869110351832387,0.27414821802206796,0.24591073120508314,0.24522245881626903
Hagan_genotox,DTXSID4062193,"Methanone, [1,1'-biphenyl]-4-ylphenyl-",1,0.4297487180318511,0.4844241400934375,0.46038732464716814,0.4652390032582372
Hagan_genotox,DTXSID4062274,"5H-Dibenzo[a,d]cyclohepten-5-one",0,0.8323893695634905,0.9029102535953616,0.8956848724217451,0.8931341808134419
Hagan_genotox,DTXSID4062278,"2-Butanone, O,O',O''-(ethenylsilylidyne)trioxime",1,0.5799266617874469,0.6269699856246259,0.6115566823617526,0.5953238654791533
Hagan_genotox,DTXSID4062301,Peroxyacetyl nitrate,1,0.6193661453710004,0.749002102977156,0.7199211962279842,0.7235243016572231
Hagan_genotox,DTXSID4062303,"Benzenesulfonamide, N-phenyl-N-[(trichloromethyl)thio]-",1,0.521050376027386,0.6123418614970332,0.6272866224408277,0.6393673119801185
Hagan_genotox,DTXSID4062357,C.I. Pigment Red 189,0,0.4387831918981664,0.536710755984738,0.4715754699523084,0.46557227745041435
Hagan_genotox,DTXSID4062359,"Anthra[2,3-d]oxazole-5,10-dione, 2-(1-amino-9,10-dihydro-9,10-dioxo-2-anthracenyl)-",0,0.541953600994911,0.6531654176317064,0.5947323781476932,0.5971114742836569
Hagan_genotox,DTXSID4062850,4-nonylphenoxy acetic acid (NP1EC),0,0.1707453332583879,0.12795906160900472,0.1306469479852863,0.126490564837789
Hagan_genotox,DTXSID4062856,Cyclohexylamine benzoate,0,0.463955496941235,0.47738932704342235,0.5422637929524871,0.4474506947477948
Hagan_genotox,DTXSID4063290,"1,3,2-Dioxaphosphorinane, 2,2'-oxybis[5,5-dimethyl-, 2,2'-disulfide",0,0.3552702242211872,0.3741690670741433,0.3327649678631654,0.3421134364358487
Hagan_genotox,DTXSID4063325,"Sodium p-((4,6-dichloro-1,3,5-triazin-2-yl)amino)benzenesulphonate",0,0.18030605749272877,0.16725302620928406,0.14417528989647152,0.1443077200177478
Hagan_genotox,DTXSID4063379,"Ethanesulfonic acid, 2-bromo-, sodium salt",0,0.30437181576196765,0.3184989307704648,0.29333368360293716,0.31222554483452214
Hagan_genotox,DTXSID4063404,"Phenol, 2,6-bis(1,1-dimethylethyl)-4-nonyl-",0,0.11079083782939823,0.06604710797499533,0.0728854605503342,0.06584118724524574
Hagan_genotox,DTXSID4063454,4-Morpholineethanesulfonic acid,0,0.26112074802931384,0.2468950475569244,0.2616121327800011,0.2772231863337667
Hagan_genotox,DTXSID4063745,C.I. Disperse Orange 30,1,0.7051164318259501,0.8270361919732324,0.8957378726449928,0.8963688501967196
Hagan_genotox,DTXSID4063820,"Bis(3,5-dimethyl-4-hydroxyphenyl)methane",0,0.4524789955750727,0.45597341576024836,0.45732599723119133,0.4411692173269511
Hagan_genotox,DTXSID4064341,C.I. Fluorescent Brightener 46,0,0.3449026620233497,0.3895759695691794,0.38889856058217126,0.3890449794434803
Hagan_genotox,DTXSID4064347,"C.I. Pigment Red 63, calcium salt (1:1)",1,0.2691249041142674,0.3171035535674401,0.28791466281803446,0.3016957233126148
Hagan_genotox,DTXSID4064420,"Benzoyl chloride, 3,5-dimethyl-",0,0.46578413309328776,0.5524081293452586,0.607154592883047,0.6237743057928675
Hagan_genotox,DTXSID4064476,"1H-Benzotriazole, 4,5,6,7-tetrahydro-",0,0.4482182894201325,0.4888235596335017,0.41020696804749895,0.4232354272011191
Hagan_genotox,DTXSID4064507,12H-Phthaloperin-12-one,0,0.5645792576829398,0.6625600944465447,0.6327171173926353,0.6319204420950224
Hagan_genotox,DTXSID4065024,"2,5-Bis(p-toluidino)terephthalic acid",0,0.3680234965690243,0.41201608629441305,0.39926465902125824,0.4057777440413197
Hagan_genotox,DTXSID4065280,C.I. Vat Yellow 33,0,0.4738297722086013,0.6387333869635508,0.5310571121241413,0.5434059135087052
Hagan_genotox,DTXSID4065288,N-(4-(Acetylamino)phenyl)-4-((5-(aminocarbonyl)-2-chlorophenyl)azo)-3-hydroxynaphthalene-2-carboxamide,0,0.41853777806409154,0.5157567517870284,0.48468731977943097,0.49280755812786303
Hagan_genotox,DTXSID4065317,"Benzonitrile, 2,2'-(1,4-phenylenedi-2,1-ethenediyl)bis-",0,0.32862524916422325,0.35106066639135375,0.36948496151338034,0.3599143093020763
Hagan_genotox,DTXSID4065319,Potassium phenylacetate,0,0.4253168404508038,0.45307210359745625,0.4592738456576375,0.44400738931595535
Hagan_genotox,DTXSID4065571,(1-Methylpropylidene)bis(tert-butyl) peroxide,0,0.3426541132566207,0.3502234911477348,0.3875932723002821,0.35787392944923174
Hagan_genotox,DTXSID4066046,"Silanetriamine, N,N',N''-tributyl-1-methyl-",0,0.2529125643201931,0.24816070579501806,0.2273950511905185,0.24642195690894417
Hagan_genotox,DTXSID4066179,"Benzoic acid, 2-(diphenylphosphino)-",0,0.45906225104804643,0.5222550869804836,0.48163695996046135,0.4938181128588324
Hagan_genotox,DTXSID4066256,"Benzamide, N,N'-[6,13-bis(acetylamino)-2,9-diethoxy-3,10-triphenodioxazinediyl]bis-",0,0.37985235448521076,0.46304598720992446,0.5963911015757376,0.5895216102549128
Hagan_genotox,DTXSID4066381,"Propanal, 3-hydroxy-2-(hydroxymethyl)-2-methyl-",1,0.25547155812941114,0.2723175486398971,0.3205470345608594,0.3446154118918428
Hagan_genotox,DTXSID4066597,"Disodium 4-hydroxynaphthalene-2,7-disulphonate",0,0.3013114903388534,0.29602305155311653,0.2962144457097035,0.2874799431891018
Hagan_genotox,DTXSID4066967,"5-Octen-2-one, 6-methyl-",0,0.3921625304100705,0.4700007287538969,0.4624671279890092,0.47185571284101996
Hagan_genotox,DTXSID4067018,"Butanamide, N,N'-1,4-phenylenebis[3-oxo-",0,0.4551629815471123,0.4932010168279497,0.5239134858489454,0.5057169790341085
Hagan_genotox,DTXSID4067191,N-(2-Acetamido)iminodiacetic acid,0,0.49583749657855747,0.5434095544918569,0.4966872049917579,0.49611324202083257
Hagan_genotox,DTXSID4067276,"Acetamide, N-[3-[bis[2-(acetyloxy)ethyl]amino]phenyl]-",0,0.46361239660739684,0.4930999478336336,0.5410112284607876,0.5177176707077774
Hagan_genotox,DTXSID4067309,"2H-1-Benzopyran-2-one, 3-(1H-benzimidazol-2-yl)-7-(diethylamino)-",0,0.39764147003751465,0.4427755506757077,0.5291462796585445,0.5290246715763685
Hagan_genotox,DTXSID4067357,"9-Octadecenoic acid (9Z)-, compd. with (9Z)-9-octadecen-1-amine (1:1)",0,0.11090176352325566,0.08354439598139381,0.08933310023474526,0.08795011519753798
Hagan_genotox,DTXSID4067430,"Silane, dimethylbis(octadecyloxy)-",0,0.11566399814766341,0.09883740425274067,0.10842397875467347,0.11083111175318927
Hagan_genotox,DTXSID4067565,Butyl decanoate,0,0.08703382409778808,0.08022041197805584,0.0851733202592548,0.08871712279844236
Hagan_genotox,DTXSID4067690,Tetrabutylammonium sulfate (1:1),0,0.11651848788699919,0.0782527554917777,0.08308081157982053,0.08152127704511399
Hagan_genotox,DTXSID40679577,"N-{3-[5-(4-Chlorophenyl)-1-(2,6-dichlorobenzoyl)-1H-pyrrolo[2,3-b]pyridine-3-carbonyl]-2,4-difluorophenyl}propane-1-sulfonamide",0,0.18442859989809093,0.17625397697428788,0.15554157850498262,0.1574121228551777
Hagan_genotox,DTXSID4067985,"Dodecanoic acid, decyl ester",0,0.04259499910258835,0.03128976138435468,0.03520960847431309,0.036624532597029
Hagan_genotox,DTXSID4068242,"2-Naphthalenecarboxamide, N,N'-(2,5-dichloro-1,4-phenylene)bis(4-((2,5-dichlorophenyl)azo)-3-hydroxy-",0,0.07111947385779557,0.06310049428295238,0.04737166913760332,0.051644703585955624
Hagan_genotox,DTXSID4068246,C.I. Disperse Orange 73,1,0.6581226933870122,0.7724227384296313,0.831268262962073,0.8381551414382398
Hagan_genotox,DTXSID4068323,"2-Naphthalenecarboxamide, N-[4-(acetylamino)phenyl]-3-hydroxy-",0,0.5429496800659274,0.6160279651942663,0.6122940636208675,0.6099903765399078
Hagan_genotox,DTXSID4068741,"1,3-Bis(3-(dimethylamino)propyl)urea",0,0.29707064974838776,0.2991271815729867,0.2993730162514765,0.3176976033948617
Hagan_genotox,DTXSID4068749,"7H-[1]Benzopyrano[3',2':3,4]pyrido[1,2-a]benzimidazole-6-carbonitrile, 3-(diethylamino)-7-oxo-",0,0.22470587925231564,0.24127401193072204,0.30573770721440924,0.30688355312316384
Hagan_genotox,DTXSID4068795,"1-(2-Hydroxyethyl)-2,2,6,6-tetramethyl-4-piperidinol",1,0.3097835693699027,0.28626842637734123,0.29035289822673094,0.30681981587613055
Hagan_genotox,DTXSID4069002,"1-Naphthalenecarbonyl chloride, 2-ethoxy-",0,0.5755524542419441,0.6623178748303661,0.7102429189454861,0.7095276327066667
Hagan_genotox,DTXSID40696901,"1-[3-Chloro-5-(trifluoromethyl)phenyl]-2,2,2-trifluoroethan-1-one",0,0.3619430385356734,0.45450449368958373,0.37208855449051664,0.4159449488915083
Hagan_genotox,DTXSID4070037,"Phosphonic acid, di-9-octadecenyl ester",0,0.11865248955331031,0.10638600907976543,0.12791375829570464,0.11806451538530821
Hagan_genotox,DTXSID4070160,"1-Octanaminium, N,N,N-trimethyl-, methyl sulfate",0,0.03766046612371646,0.02044393188549885,0.020594179179800772,0.020812275784656945
Hagan_genotox,DTXSID4070162,"1H-Naphth[2,3-f]isoindole-1,3,5,10(2H)-tetrone, 4,11-diamino-2-[3-(2-methoxyethoxy)propyl]-",1,0.4436740635060241,0.5604599964836434,0.6176502222436548,0.619753175021004
Hagan_genotox,DTXSID4070798,"Acetamide, N-[4-[(9,10-dihydro-4-hydroxy-9,10-dioxo-1-anthracenyl)amino]phenyl]-",0,0.5046049490771529,0.6254899525906493,0.5529159073447322,0.5790146160997381
Hagan_genotox,DTXSID4070950,"Acetic acid, (2-butoxyethoxy)-, sodium salt",0,0.21662442783824362,0.224948569673272,0.18041749066899124,0.19507848767162525
Hagan_genotox,DTXSID40726858,N-[3-(Dimethylamino)propyl]undec-10-enamide,0,0.15202067173939468,0.13028853515353114,0.13533702504535305,0.14249891763393005
Hagan_genotox,DTXSID4072780,"Phenol, 2-(2H-benzotriazol-2-yl)-6-(1-methyl-1-phenylethyl)-4-(1,1,3,3-tetramethylbutyl)-",0,0.1047084815260424,0.08343595085745593,0.07934830153932969,0.07921723204287912
Hagan_genotox,DTXSID4072869,"Benzene, [2-(cyclohexyloxy)ethyl]-",0,0.327319714087342,0.31385127229886595,0.32563599807719323,0.31797724802237637
Hagan_genotox,DTXSID40729788,"1~4~-Butyl-3~4~-ethyl-2~2~,2~3~-difluoro-1~1~,2~1~:2~4~,3~1~-terphenyl",0,0.2269108304605787,0.21198411397767103,0.21995165153176535,0.21027192615148338
Hagan_genotox,DTXSID4073382,"Phosphorodiamidic acid, phenyl ester",0,0.4772892757373803,0.5118267990899236,0.5439884344933329,0.5098109754112866
Hagan_genotox,DTXSID4073417,"Benzamide, 2,6-difluoro-",0,0.4892979552365777,0.5456479884656472,0.5412193092020344,0.5230353685738335
Hagan_genotox,DTXSID4073918,"2-Naphthalenamine, N-hydroxy-",1,0.6230308657017147,0.6904865770886873,0.757221234114054,0.7479407749941541
Hagan_genotox,DTXSID4074350,"6-Amino-1,3-dimethyluracil",1,0.456010817759778,0.4953736355373079,0.4826647103123199,0.4765738094539595
Hagan_genotox,DTXSID4074354,"Pentanoic acid, 5,5'-dioxybis[5-oxo-",0,0.36799788859617616,0.4131499768743623,0.42909981007684767,0.41647754780096347
Hagan_genotox,DTXSID4074641,"3H-Pyrazol-3-one, 2,4-dihydro-2,5-dimethyl-",1,0.4569629743681156,0.49171451159240354,0.4753617290362339,0.4744978932200608
Hagan_genotox,DTXSID4074647,"1,2-Ethanediamine, N1-[3-(triethoxysilyl)propyl]-",0,0.23914238121840992,0.2155369969399492,0.2439962560748766,0.25005091556503406
Hagan_genotox,DTXSID4074728,"2,3,3,3-Tetrafluoropropene",1,0.36130538905969956,0.3892850858750974,0.4224076692064315,0.3925229845043641
Hagan_genotox,DTXSID4074932,Perfluoro-2-methyl-3-pentanone,0,0.3829925483341305,0.4692129854161638,0.7238540863300001,0.6716496506509824
Hagan_genotox,DTXSID4075083,"Benzo[a]pyrene, 6-nitro-",1,0.8981754552635177,0.9566818946575809,0.9634131834317511,0.9638149423743778
Hagan_genotox,DTXSID4075401,(2-(2-Methoxyethoxy)ethoxy)acetic acid,0,0.2933565332371187,0.30366341018333715,0.25636518022873106,0.2761990325578387
Hagan_genotox,DTXSID40825830,"1-[Difluoro(trifluoromethoxy)methoxy]-1,2,2-trifluoroethene",0,0.2893379559876332,0.3020940420309833,0.324828086787921,0.3025722120106598
Hagan_genotox,DTXSID40860105,"Ethanol, 2,2'-(9-octadecen-1-ylimino)bis-",0,0.09817609128912036,0.06792724255829073,0.0891776884224922,0.0898165513514571
Hagan_genotox,DTXSID40861637,"2(3H)-Furanone, dihydro-3-hydroxy-4,4-dimethyl-",0,0.40819759881389467,0.44320923459411227,0.39869413636554835,0.40831279330765796
Hagan_genotox,DTXSID40861672,Acetyltryptophan,0,0.5420508703387944,0.5894834310582621,0.5593687322510222,0.5627373813222057
Hagan_genotox,DTXSID40861758,3-(Chloromethyl)-heptane,0,0.14087224858164604,0.1296174890961199,0.1261475625440849,0.13229680574784297
Hagan_genotox,DTXSID40862063,"2-pentadecanone, 6,10,14-trimethyl-",0,0.21357308919054363,0.2462160823579164,0.24247213699373152,0.25691706877558756
Hagan_genotox,DTXSID40862301,(1-Aminoethyl)benzene,1,0.49707667875330896,0.53502617831909,0.5687712674562014,0.534829710517998
Hagan_genotox,DTXSID40862745,"Phosphonic acid, P-ethenyl-",0,0.48011524045680726,0.589101311312451,0.5648184259113403,0.5821988390836594
Hagan_genotox,DTXSID40862765,"1-Hexanamine, 2-ethyl-N,N-bis(2-ethylhexyl)-",0,0.14704291316819715,0.11242631004151815,0.11011656934746285,0.1168293989339857
Hagan_genotox,DTXSID40863070,"Hexanoic acid, 2-ethyl-, ethyl ester",0,0.16445639347832944,0.17141742870181417,0.17679144613977368,0.1840008147341451
Hagan_genotox,DTXSID40863510,"Cyclohexanol, 1-ethynyl-, 1-acetate",0,0.4351694755817408,0.5034753573686035,0.509002212720632,0.5062560574626963
Hagan_genotox,DTXSID40863570,"Benzamide, 3,3'-[(2-chloro-5-methyl-1,4-phenylene)bis[imino(1-acetyl-2-oxo-2,1-ethanediyl)-2,1-diazenediyl]]bis[4-chloro-N-(3-chloro-2-methylphenyl)-",0,0.08496776648451417,0.08251569597364135,0.08703398528051116,0.0943689643693522
Hagan_genotox,DTXSID40863737,"Propanoic acid, 2-hydroxy-, dodecyl ester",0,0.06436653568480404,0.050865483874089124,0.04598658100587835,0.05029967259645
Hagan_genotox,DTXSID40863873,"Butanamide, 2-[2-(4-chloro-2-nitrophenyl)diazenyl]-N-(2-chlorophenyl)-3-oxo-",0,0.36342453567795113,0.4243864981050209,0.45358872240774556,0.4559057710241145
Hagan_genotox,DTXSID40863959,"1,2-Hexanediol",0,0.19222484897450678,0.13829462799657088,0.13953010750328593,0.13173765475443758
Hagan_genotox,DTXSID40864365,"Hexaneperoxoic acid, 3,5,5-trimethyl-, 1,1-dimethylethyl ester",1,0.2731135480397053,0.30534441854656985,0.30602871098246126,0.3126695777141591
Hagan_genotox,DTXSID40864845,"4H-3,1-Benzoxazin-4-one, 2,2'-(1,4-phenylene)bis-",0,0.4887740502596018,0.556865237538786,0.5314127796093004,0.5255723145776602
Hagan_genotox,DTXSID40865418,"2-Methyl-4-(2,2,3-trimethyl-3-cyclopenten-1-yl)-2-buten-1-ol",0,0.3413722589287342,0.33399041426058806,0.310421142653112,0.3000480004230482
Hagan_genotox,DTXSID40865519,"1,3-Benzenedicarboxylic acid, 5-[2-[1-[[(2,3-dihydro-2-oxo-1H-benzimidazol-5-yl)amino]carbonyl]-2-oxopropyl]diazenyl]-, 1,3-dimethyl ester",0,0.17928392611320132,0.1873674079236951,0.19290744794835413,0.20029508955056322
Hagan_genotox,DTXSID40866743,"2-Cyclohexene-1-carboxylic acid, 2-methyl-4-oxo-6-pentyl-, ethyl ester",0,0.291337955942295,0.342160740342842,0.3346298395691469,0.34246677019367994
Hagan_genotox,DTXSID40867371,[(Octyloxy)methyl]oxirane,0,0.2750388588470158,0.23956624151384487,0.2296192323560383,0.23337047330117677
Hagan_genotox,DTXSID40867432,"Butanedioic acid, 2-(2-octadecen-1-yl)-",0,0.21578840896531346,0.20813315532166457,0.1947481656650745,0.1947295015192426
Hagan_genotox,DTXSID40867497,"4-Oxazolemethanol, 4-ethyl-2-(8-heptadecen-1-yl)-4,5-dihydro-",0,0.1164522309827319,0.08131203990795421,0.10279244768593636,0.1019759786923607
Hagan_genotox,DTXSID40868964,"2,11-Dioxa-3,10-disiladodecane, 3,3,10,10-tetramethoxy-",1,0.29073028305952997,0.25784479816862516,0.2797635476660389,0.2574322573552081
Hagan_genotox,DTXSID40869077,"1H-1,2,4-Triazole-1-methanamine, N,N-bis(2-ethylhexyl)-",0,0.1365106777163493,0.10941431842172748,0.10485176236351217,0.11269896048104044
Hagan_genotox,DTXSID40870789,"Thiophene, tetrahydro-3-methyl-, 1,1-dioxide",0,0.47857189019622015,0.5113213619385413,0.5103057538979284,0.5031120375210965
Hagan_genotox,DTXSID40874045,Basic Orange 31,1,0.694596871010481,0.8033193403264277,0.737105484400276,0.7520796199294849
Hagan_genotox,DTXSID40880060,Chlordiazepoxide hydrochloride,1,0.5062738685151288,0.5686584340680506,0.5378384551312868,0.5461607407059182
Hagan_genotox,DTXSID40880146,"1,1,1,3,3-Pentafluoro-3-methoxy-2-(trifluoromethyl)propane",0,0.3620193876606324,0.3111104593464669,0.38260712542545844,0.3218052268129737
Hagan_genotox,DTXSID40883213,"3,6-Acridinediamine, N3,N3,N6,N6-tetramethyl-, hydrochloride (1:1)",1,0.6160723847724733,0.7026880926607489,0.6675737314256872,0.682673115331752
Hagan_genotox,DTXSID40883334,"Piperazine, 2-hydroxy-1,2,3-propanetricarboxylate (3:2)",0,0.42336575338189086,0.4269586104518475,0.4977118163267707,0.463011374382638
Hagan_genotox,DTXSID40883551,"2-Propanol, 1-(diethylamino)-",0,0.2626838116503714,0.217816401275882,0.2298282802798454,0.23897707517820566
Hagan_genotox,DTXSID40883637,"Oxirane, 2-propyl-",0,0.3971069639511445,0.3832918495300201,0.48737247810243683,0.433874829024197
Hagan_genotox,DTXSID40883652,"1-Octadecanaminium, N,N,N-trimethyl-, bromide (1:1)",0,0.04196946329768044,0.023700568098052738,0.023716635740080167,0.02474302057535699
Hagan_genotox,DTXSID40883733,Octadecyltrimethoxysilane,0,0.09413236313900424,0.06879892480501855,0.0695660926230466,0.06741937777245116
Hagan_genotox,DTXSID40884028,"1-Aziridinepropanenitrile, .beta.-methyl-",1,0.4029832722803923,0.454111762668278,0.3887909107830867,0.4304766639532706
Hagan_genotox,DTXSID40884104,"Sulfuric acid, monododecyl ester, potassium salt (1:1)",0,0.3428899314552683,0.3606246322403961,0.32403638986519684,0.33366432295116133
Hagan_genotox,DTXSID40884265,"Benzenamine, 4,4'-carbonimidoylbis[N,N-diethyl-, hydrochloride (1:1)",0,0.39269106965479245,0.4202918632963398,0.41659077472925654,0.4165528085788031
Hagan_genotox,DTXSID40884285,"2-Propenoic acid, 2-methyl-, (2,2-dimethyl-1,3-dioxolan-4-yl)methyl ester",0,0.4870305188026823,0.5942618093596148,0.5773622151017976,0.5865292245060986
Hagan_genotox,DTXSID40884907,"Octanoic acid, 2-butyl-",0,0.12352848970191226,0.1021105343045678,0.093477423275656,0.09904841247140787
Hagan_genotox,DTXSID40885035,"Silane, dichlorododecylmethyl-",0,0.07726870059234882,0.05265203675642522,0.054085101268476876,0.05405139073983826
Hagan_genotox,DTXSID40885393,"3(2H)-Furanone, 2-ethyl-4-hydroxy-5-methyl-",0,0.40802984416513904,0.5064256267904111,0.41451959777886604,0.43769723246530656
Hagan_genotox,DTXSID40885479,"Benzamide, 4-[2-(5-cyano-1,6-dihydro-2-hydroxy-1,4-dimethyl-6-oxo-3-pyridinyl)diazenyl]-N-(2-ethylhexyl)-",0,0.2323375320285895,0.2763017079190783,0.33361223914207033,0.3428990546025991
Hagan_genotox,DTXSID40885515,C.I. Pigment Yellow 152,0,0.20756877564772092,0.2528705690625206,0.41317966687542046,0.4248792567578026
Hagan_genotox,DTXSID40885792,"Urea, N'-[3-[[[(dimethylamino)carbonyl]amino]methyl]-3,5,5-trimethylcyclohexyl]-N,N-dimethyl-",0,0.3463138988214911,0.3375016017223276,0.3620133441357713,0.3514386436312676
Hagan_genotox,DTXSID40885999,"Butanamide, 2-[2-(4-chloro-2-nitrophenyl)diazenyl]-N-(4-ethoxyphenyl)-3-oxo-",0,0.25558000019625643,0.3019696921051946,0.3520503482138419,0.36070400602967095
Hagan_genotox,DTXSID40888142,"Benzenesulfonamide, 4-[(1-amino-9,10-dihydro-4-hydroxy-9,10-dioxo-2-anthracenyl)oxy]-N-(3-ethoxypropyl)-",0,0.5481906409271647,0.6433543426638012,0.5850109927151695,0.5895987476090644
Hagan_genotox,DTXSID40888147,"1-Hexadecanol, 2-dodecyl-",0,0.06809937409839625,0.03737664446579168,0.04056302011080155,0.03682722847671949
Hagan_genotox,DTXSID40888541,"2-Propenoic acid, 2-[[(octadecylamino)carbonyl]oxy]ethyl ester",0,0.2985944457805219,0.31335265975036375,0.3669870078286086,0.3628179268048733
Hagan_genotox,DTXSID40888723,"Tetradecanoic acid, 2-decyl-",0,0.12485516269055186,0.10138931419573505,0.08708850898759814,0.09346002707642591
Hagan_genotox,DTXSID40888728,"Hexanoic acid, 3,5,5-trimethyl-, potassium salt (1:1)",0,0.23291653996642925,0.2323572788237093,0.19319433973551506,0.20525785519760675
Hagan_genotox,DTXSID40888925,"Thieno[3,4-b]-1,4-dioxin, 2,3-dihydro-",0,0.4629029202928486,0.531667036481484,0.5172267180093932,0.5544938321165839
Hagan_genotox,DTXSID40889038,"1,3-Dioxole, 2,2,4-trifluoro-5-(trifluoromethoxy)-",0,0.31553384306703713,0.32837247555234855,0.3638194633415543,0.3286267576706912
Hagan_genotox,DTXSID40889270,"2H-Pyran-4-ol, 2-(1-ethylpropyl)tetrahydro-4-methyl-",0,0.28360488272948775,0.23672634141424434,0.21863034980580334,0.209235945391556
Hagan_genotox,DTXSID40889275,Methyl 5-(dimethylamino)-2-methyl-5-oxopentanoate,0,0.39146190382452034,0.42042028703197,0.42153901433042007,0.42497400624339843
Hagan_genotox,DTXSID40889295,"9-Decenamide, N,N-dimethyl-",0,0.20683750856634606,0.17708805746774484,0.19060512648449415,0.18143788178181738
Hagan_genotox,DTXSID40889694,"Butanedioic acid, 2-sulfo-, 4-[2-[(1-oxo-10-undecen-1-yl)amino]ethyl] ester, sodium salt (1:2)",0,0.16287937038309178,0.1441994330565074,0.12106809516347461,0.12420421822778345
Hagan_genotox,DTXSID40890043,"Tetrasodium 2-((4-((4-((4-amino-6-chloro-1,3,5-triazin-2-yl)amino)-5-sulfonato-1-naphthyl)diazenyl)-7-sulfonato-1-naphthyl)diazenyl)-1,4-benzenedisulfonate",0,0.10372964282428354,0.14542748623379695,0.11827734895531454,0.13290810413484613
Hagan_genotox,DTXSID40890124,C.I. Reactive Red 24:1,1,0.45664066236817574,0.5702763831423415,0.6869122579663306,0.6856511829633086
Hagan_genotox,DTXSID40890205,"2-Anthracenesulfonic acid, 1-amino-4-[[3-[[4-chloro-6-[(sulfophenyl)amino]-1,3,5-triazin-2-yl]amino]-2,4,6-trimethyl-5-sulfophenyl]amino]-9,10-dihydro-9,10-dioxo-, sodium salt (1:3)",0,0.17087402471576607,0.1900660420409197,0.15860494580350318,0.17366775731193784
Hagan_genotox,DTXSID40890240,C.I. Direct Yellow 157,0,0.24675874335987477,0.26530505346843875,0.24905330420757774,0.2544828001359456
Hagan_genotox,DTXSID40890503,"Acetic acid, strontium salt (2:1)",0,0.48768120663207587,0.5223515079900661,0.5175214720829518,0.5277719197473623
Hagan_genotox,DTXSID40890588,Nickel bis(2-ethylhexanoate),0,0.21437256501142277,0.23288487238884828,0.23527040527233764,0.24357115510441626
Hagan_genotox,DTXSID40890861,"Benzenesulfonic acid, 4-[[3-[2-[2-hydroxy-3-[[(4-methoxyphenyl)amino]carbonyl]-1-naphthalenyl]diazenyl]-4-methylbenzoyl]amino]-, calcium salt (2:1)",0,0.18094214546787857,0.19776484129911745,0.188934706024677,0.20062883710426496
Hagan_genotox,DTXSID501337639,Hexamethylcyclotrisiloxane,0,0.46577117428152404,0.5027668860905169,0.5450665788638293,0.5074313885641799
Hagan_genotox,DTXSID50143810,4-Nitrosobiphenyl,1,0.7144951844875509,0.8252022169244518,0.8504999243651494,0.8572795584699099
Hagan_genotox,DTXSID50144847,6-Chlorohexan-2-one,0,0.368548920533974,0.3740640065958167,0.3377031192802165,0.34830189319503857
Hagan_genotox,DTXSID50147999,4-Chlorophenylhydrazine,1,0.5423936838841539,0.5940721001252037,0.5973490537256199,0.5728740600373182
Hagan_genotox,DTXSID50155039,Tripelargonin,0,0.31937579539977645,0.34128769238868034,0.3517984905616034,0.34652274511932585
Hagan_genotox,DTXSID50157194,Oct-7-en-1-ol,0,0.22921786357711407,0.21321634070046488,0.19256286093239225,0.1927353770208614
Hagan_genotox,DTXSID50158085,"Acetic acid, (2,6-dimethylphenoxy)- (9CI)",0,0.41791664735858697,0.4316736702504455,0.4371519573467136,0.4215644689254287
Hagan_genotox,DTXSID50158429,"2',3-Dimethyl[biphenyl]-4-amine",1,0.7279192540768942,0.7804829222663444,0.7582158498724968,0.7541609485374688
Hagan_genotox,DTXSID50158641,Neopentyl glycol diacetate,0,0.3219883252229731,0.3516531566323515,0.38000875731852196,0.3604332214383681
Hagan_genotox,DTXSID50160204,N-Isopropylmethacrylamide,0,0.4651068226010631,0.5470739953348717,0.5554230959197283,0.5462670049497126
Hagan_genotox,DTXSID50168588,2-Amino-3-hydroxypyridine,1,0.647140373810043,0.7142448772860783,0.7210309063590249,0.7201341513385248
Hagan_genotox,DTXSID50169616,"3,4-Dihydroxybenzonitrile",0,0.4536097337770732,0.5134295891551074,0.43745593999922794,0.44441983681353925
Hagan_genotox,DTXSID50172403,4-Butylresorcinol,0,0.31916125857816885,0.2927262154375754,0.30066383432516175,0.2817167522608473
Hagan_genotox,DTXSID50172802,"2,2'-((1-Methylethylidene)bis(4,1-phenyleneoxy))bisethyl diacetate",0,0.20387277683290903,0.17971606895852352,0.19985206369826922,0.19288258003885508
Hagan_genotox,DTXSID50172928,Ammonium 3-nitrobenzoate,1,0.7855068783545293,0.8977750766462504,0.9272304505365363,0.9299455510099462
Hagan_genotox,DTXSID50172948,3-((2-Hydroxyethyl)amino)propanol,0,0.4199740632130749,0.40858568035661164,0.3769431264362906,0.3713996730385254
Hagan_genotox,DTXSID50173298,Megazol,1,0.8274868415068806,0.9152706499397096,0.9073917872554883,0.9075562734141197
Hagan_genotox,DTXSID50175378,Guanylthiourea,0,0.6022990456505778,0.7245205736570043,0.6971408203321139,0.7169051724679026
Hagan_genotox,DTXSID50176148,"6,6'-Diphenylfulvene",0,0.5064625360814317,0.5646294995828572,0.5658444558263199,0.5587456539787939
Hagan_genotox,DTXSID50176305,17H-Cyclopentaphenanthrene,1,0.898487503532284,0.9372576695268776,0.9379418932902231,0.9355083145360584
Hagan_genotox,DTXSID50177817,"3,6-Dioxaoctandioic acid",0,0.36132802003325776,0.3637354586077453,0.33322862818981286,0.32545147499387034
Hagan_genotox,DTXSID50179699,1-Methylbenz(a)anthracene,1,0.7967279492246004,0.8635237401359196,0.8399264331949369,0.8392703890535919
Hagan_genotox,DTXSID50183074,Sodium pidolate,0,0.37446685265002455,0.38790154747744016,0.32319387547504963,0.32321705170020826
Hagan_genotox,DTXSID50186702,Ethyl 5-sulphamoyl-o-anisate,0,0.3740026775248302,0.3988294928015996,0.37593790509430686,0.3720249380010352
Hagan_genotox,DTXSID50188029,"N,N-Bis(2-hydroxyethyl)perfluorobutanesulfonamide",0,0.1987122933484415,0.17951908958283289,0.18510647681691295,0.18955953210380408
Hagan_genotox,DTXSID50190682,"1,3-Difluorobenzene",0,0.5290128587206152,0.5792063385247815,0.5961767314604901,0.565506303240969
Hagan_genotox,DTXSID50192540,"4-Bromo-alpha,alpha,alpha-trifluoro-m-toluidine",0,0.523877027571347,0.5768005568943149,0.6113197606674066,0.5931855369295681
Hagan_genotox,DTXSID50193618,"1,1'-(Chlorophenylmethylene)bis(4-methoxybenzene)",0,0.3933932990917229,0.4191419753769503,0.40030962663841163,0.4035443670704328
Hagan_genotox,DTXSID50194069,"N,N'-(2-Chloro-5-methyl-1,4-phenylene)bis(3-oxobutyramide)",0,0.36802786864888803,0.380669803415079,0.4085983566393674,0.3934196343639537
Hagan_genotox,DTXSID50197212,4-Hydroxyemodin,1,0.5043795271453267,0.5756238477085697,0.4893419439131539,0.4768662252204054
Hagan_genotox,DTXSID5020023,Acrolein,0,0.5372119279011106,0.6178029520097646,0.67127830414874,0.6721475076618281
Hagan_genotox,DTXSID5020027,Acrylamide,1,0.5579618755930785,0.6547088598314091,0.6528161404373396,0.6453539362217178
Hagan_genotox,DTXSID5020029,Acrylonitrile,1,0.46785587224121983,0.5163431842258502,0.5525128733218106,0.5410614156350148
Hagan_genotox,DTXSID5020071,4-Biphenylamine,1,0.7738339289036942,0.8516161883070014,0.8469620718655317,0.8432979480632493
Hagan_genotox,DTXSID5020075,(p-Ammoniophenyl)bis(2-hydroxyethyl)ammonium sulphate,1,0.7701350576557954,0.8481200271476959,0.8506634429448874,0.83944031509842
Hagan_genotox,DTXSID5020077,11-Aminoundecanoic acid,0,0.15936042020685984,0.15150085714693476,0.13388922172091158,0.15111232781070505
Hagan_genotox,DTXSID5020079,Diammonium citrate,0,0.4109851656367427,0.41428875029418016,0.47911475158406464,0.46122546040423523
Hagan_genotox,DTXSID50201045,N-Fluorene-2-yl-hydroxylamine,1,0.5146627453807452,0.5563171643851311,0.6732548753465112,0.6559835279763623
Hagan_genotox,DTXSID5020106,L-Ascorbic acid,1,0.45987732695918143,0.5463300913649279,0.462065793088658,0.4704413477551738
Hagan_genotox,DTXSID5020108,Aspirin,0,0.4512534101346453,0.5014710753250475,0.48931050616380894,0.4794528364455217
Hagan_genotox,DTXSID5020152,Benzyl alcohol,1,0.47736971543432566,0.49637816503800436,0.5541747321849093,0.5238511511053142
Hagan_genotox,DTXSID50201520,N-Nitrosodibenzylamine,1,0.7351108555590672,0.8246786618105425,0.8647833756365292,0.8674039524685219
Hagan_genotox,DTXSID5020154,Clorophene,0,0.5080867998379667,0.5378208054187944,0.541875109964116,0.5254024788838986
Hagan_genotox,DTXSID5020231,"3,4-Dihydroxycinnamic acid",1,0.4532780359390638,0.51090078782745,0.6064604544110785,0.5924307363579299
Hagan_genotox,DTXSID50202693,Methanetrisulphonic acid,0,0.37443956924036564,0.382151428169486,0.44577630865911133,0.39168459764840935
Hagan_genotox,DTXSID5020281,1-Chloro-4-nitrobenzene,1,0.7843704451350076,0.8977620318995498,0.9249841573156398,0.929048481930398
Hagan_genotox,DTXSID5020283,"4-Chloro-1,2-diaminobenzene",1,0.7270674878348012,0.8077552614063078,0.842114874361394,0.8284799794951629
Hagan_genotox,DTXSID5020285,1-Chloro-2-propanol,1,0.5850164002626447,0.6592851205635301,0.6200851336602248,0.6580163929375763
Hagan_genotox,DTXSID5020287,5-Chloro-2-methylaniline,1,0.662757568849983,0.7311274023454698,0.7405861741261323,0.7208161044532305
Hagan_genotox,DTXSID50202890,IA 4 N-Oxide,1,0.6858262022015985,0.7702646899347698,0.7744311047066402,0.7803593710938529
Hagan_genotox,DTXSID5020316,Chloroprene,1,0.5614168411310327,0.6158040568618742,0.6530953064296794,0.6368041088639574
Hagan_genotox,DTXSID5020364,Cyclophosphamide,1,0.6235207223027712,0.6616793703143355,0.6765538667042433,0.667588671733086
Hagan_genotox,DTXSID5020368,Cytembena,1,0.3779234183099897,0.4276884267985969,0.5549912168946936,0.5540116171967715
Hagan_genotox,DTXSID5020449,Dichlorvos,1,0.5099499490436766,0.5844057164943538,0.587331812997136,0.5810083022053726
Hagan_genotox,DTXSID5020491,C.I. Solvent Yellow 2,1,0.6477870451052979,0.7584034811294676,0.7108036287435752,0.7263641481739415
Hagan_genotox,DTXSID5020493,Dimethyl phosphonate,1,0.4897399639430673,0.6556434063294996,0.5678671051863287,0.6606612946066356
Hagan_genotox,DTXSID5020497,"1,2-Dimethyl-5-nitroimidazole",1,0.8236885543733732,0.8908863742573874,0.9055045039265268,0.901535597461959
Hagan_genotox,DTXSID5020499,"N,N-Dimethylacetamide",0,0.5038511488685118,0.5555579966039831,0.5365887688704292,0.5421197091993947
Hagan_genotox,DTXSID5020520,"2,2-Dimethylvinyl chloride",1,0.5140026333180876,0.5971743197275323,0.6095047822116454,0.5947116725576271
Hagan_genotox,DTXSID5020570,Sodium erythorbate,1,0.45987732695918143,0.5458005562711136,0.4479855568452662,0.4592334237524831
Hagan_genotox,DTXSID5020576,17alpha-Ethinylestradiol,0,0.37863141252358323,0.3792355295023275,0.3674128120885394,0.3604927275108045
Hagan_genotox,DTXSID50205902,SW 3,1,0.5351653245295541,0.6194034081379132,0.6259398423404153,0.6370828914428688
Hagan_genotox,DTXSID5020601,"4,5-Dihydro-2-mercaptoimidazole",1,0.43712023740191636,0.5183930974258958,0.5525377916528323,0.6000777471184203
Hagan_genotox,DTXSID5020605,2-Ethyl-1-hexanol,0,0.12718133820186037,0.08959622760376856,0.13149468101308673,0.09243354723755508
Hagan_genotox,DTXSID5020607,Di(2-ethylhexyl) phthalate,1,0.2021096454174329,0.17389136853567122,0.16306022898328018,0.15779921430031088
Hagan_genotox,DTXSID5020653,Gentian Violet,0,0.48254519730589046,0.5809650034541463,0.5283345872665923,0.5485862547141305
Hagan_genotox,DTXSID5020657,Glu-P-1,1,0.5615549405661641,0.6584017013382034,0.64436334957825,0.6518665573228404
Hagan_genotox,DTXSID50206858,"Benzofurazan, 7-(4-methyl-1-piperazinyl)-4-nitro-, 1-oxide",1,0.9407869756797417,0.9766935707349323,0.9767197713098589,0.9764699575963857
Hagan_genotox,DTXSID50206873,"2-Thiazolamine, 4-(4-nitro-2-thienyl)- (9CI)",1,0.7848894432878092,0.8820670304071209,0.8875867337052622,0.8907648607886247
Hagan_genotox,DTXSID5020730,8-Hydroxyquinoline,1,0.5409519699517203,0.6143606637311247,0.5760100185780924,0.5848950363639966
Hagan_genotox,DTXSID5020732,Ibuprofen,1,0.4546771458448658,0.4885339982441554,0.4964379537346619,0.48454293664067855
Hagan_genotox,DTXSID5020815,Metepa,1,0.5094163964743198,0.5503402822025633,0.5138747529947837,0.5400806301762635
Hagan_genotox,DTXSID5020861,4-Methylcatechol,0,0.5028160259695559,0.5409937247578797,0.5756092647530039,0.5415098436346341
Hagan_genotox,DTXSID5020865,"4,4'-Methylenebis(2-chloroaniline)",1,0.6662462025164501,0.7284971497315865,0.7405050970647887,0.7289841032433814
Hagan_genotox,DTXSID5020869,"4,4'-Methylenebis(N,N-dimethylaniline)",1,0.4943209830529052,0.533822641716576,0.5293072589002135,0.5278828637958194
Hagan_genotox,DTXSID5020942,3-Nitro-p-acetophenetide,0,0.7121491425166496,0.8394023709368822,0.8749177378823102,0.8843176347146846
Hagan_genotox,DTXSID5020944,Nitrofurazone,1,0.8571709227235931,0.9326575394045112,0.9431010192076702,0.9464512276629268
Hagan_genotox,DTXSID5020946,5-Nitro-2-furanmethanediol diacetate,1,0.769886865668297,0.853308504623111,0.8705082148404579,0.8673152039297917
Hagan_genotox,DTXSID50209864,4-Amino-3-nitrophenol,1,0.9244533626115977,0.9769609364692459,0.9815140260647855,0.9826583681158563
Hagan_genotox,DTXSID5020998,N-Nitroso-3-hydroxypyrrolidine,1,0.9269504782559165,0.968563876289901,0.9706826572957685,0.9735625833623965
Hagan_genotox,DTXSID5021041,1-Nitrosohydantoin,1,0.6783913904758564,0.7653783715439317,0.8196696142748553,0.8161865011790139
Hagan_genotox,DTXSID50210470,4-Chloro-o-xylene,0,0.4961382893306136,0.5200210325230469,0.4980153868593211,0.4690115949414035
Hagan_genotox,DTXSID50210733,N-Ethyl-N-(3-hydroxypropyl)nitrosamine,1,0.9157528566710839,0.9606887058524695,0.9603535757749162,0.9640798640234264
Hagan_genotox,DTXSID50210778,"Benzofurazan, 4-(1-aziridinyl)-7-nitro-, 3-oxide",1,0.9734608407366192,0.9922687758218056,0.9919954472996285,0.9919819842845109
Hagan_genotox,DTXSID5021093,Oxprenolol hydrochloride,1,0.48466453746190563,0.5059150093937278,0.5643980910190803,0.5334683292418267
Hagan_genotox,DTXSID5021095,4-((Morpholinothio)thioxomethyl)morpholine,1,0.4618588821527563,0.6033506411067798,0.543543751039027,0.5976346019828234
Hagan_genotox,DTXSID5021122,Phenobarbital,1,0.5151628393730233,0.574565033474444,0.5519833457687509,0.5450507139222006
Hagan_genotox,DTXSID5021124,Phenol,1,0.48801308476421273,0.5187010675342832,0.5414218105099332,0.5112033999948141
Hagan_genotox,DTXSID5021126,Phenothiazine,0,0.489446130984263,0.5447719258582691,0.5274480051665691,0.5403716892055755
Hagan_genotox,DTXSID5021128,"1-Phenyl-3,3-dimethyltriazene",1,0.6882554636741283,0.7949827508553718,0.7847133443165083,0.7826584152449491
Hagan_genotox,DTXSID5021201,Gallic acid n-propyl ester,1,0.28154852278525816,0.2761717209610584,0.2308977566347434,0.2307839806899614
Hagan_genotox,DTXSID5021203,N-Propyl-N'-nitro-N-nitrosoguanidine,1,0.9036240946809956,0.9548840006000862,0.9633048719987992,0.9625928584556295
Hagan_genotox,DTXSID5021205,1-Propene,1,0.5079196938866285,0.5498674978987051,0.6305993833454838,0.6219565413225543
Hagan_genotox,DTXSID50212050,"Benzofurazan, 4-(4-(2-methoxyphenyl)-1-piperazinyl)-7-nitro-, 3-oxide",1,0.8690400852295187,0.9496917179766434,0.9610168692412872,0.9624458873815326
Hagan_genotox,DTXSID5021207,"(+/-)-1,2-Propylene oxide",1,0.4930151012724571,0.5214380768489418,0.5760168397155097,0.5095445451087172
Hagan_genotox,DTXSID5021251,Saccharin,1,0.517137559744711,0.6156955886602972,0.6027507149667394,0.5980833722319022
Hagan_genotox,DTXSID5021253,Sodium saccharin,1,0.517137559744711,0.6157000125333032,0.6027507149667394,0.5980845326534358
Hagan_genotox,DTXSID5021255,Albuterol,0,0.416094663587836,0.4162810916391071,0.48916012732055675,0.4644595421301511
Hagan_genotox,DTXSID5021330,Tetramethylolphosphonium chloride,1,0.5159411089815298,0.6867839628076419,0.6000676552599408,0.6843612096130105
Hagan_genotox,DTXSID5021332,Bis(dimethylaminothiocarbonyl) disulfide,1,0.5321355786987394,0.7036899566076039,0.6255352291630164,0.6733324406510889
Hagan_genotox,DTXSID5021334,Tetranitromethane,1,0.5499382420147828,0.6820816321687074,0.6373169440369144,0.6659571140203783
Hagan_genotox,DTXSID5021336,Theophylline,1,0.5475793531406246,0.6539951664791043,0.6436639337873123,0.64609599965737
Hagan_genotox,DTXSID5021386,"2,4,6-Trichlorophenol",0,0.4797748503547999,0.5247683097302174,0.5324082597101758,0.5118180059442072
Hagan_genotox,DTXSID5021388,"2,4,5-Trichlorophenoxyacetic acid",1,0.4097015718525923,0.4162706855731164,0.36499376316864146,0.34190556722806154
Hagan_genotox,DTXSID5021411,Tris(2-chloroethyl) phosphate,1,0.4478095354515194,0.44543338791659454,0.4323227984945919,0.40379236671762503
Hagan_genotox,DTXSID5021413,"Tris(2,3-dibromopropyl) phosphate",1,0.5864501272545871,0.6445876882851306,0.6302850479408814,0.6170610496373813
Hagan_genotox,DTXSID5021415,Triisopropanolamine,0,0.28012751674127445,0.25394818634784844,0.24347083205569034,0.24413794359944974
Hagan_genotox,DTXSID5021463,Zinc diethyldithiocarbamate,1,0.36507364184716257,0.4853115826186281,0.4321510158568223,0.4843857417439151
Hagan_genotox,DTXSID5021544,2-Chlorophenol,0,0.4917483661333805,0.5281265528691668,0.5375685122977386,0.5099606762450187
Hagan_genotox,DTXSID5021546,3-Chloropropanoic acid,1,0.6432514173598207,0.7021654670340197,0.6691231026683738,0.6686087014355945
Hagan_genotox,DTXSID5021590,Dodecanoic acid,0,0.39791375630265646,0.4593517647157799,0.4507971189382922,0.4616787510622891
Hagan_genotox,DTXSID5021594,Glyoxylic acid,0,0.5046605623424644,0.5908069856080358,0.629837776791394,0.6351874911624261
Hagan_genotox,DTXSID5021621,2-Methylbutanoic acid,0,0.36203110961292156,0.4226441981810143,0.420390694007621,0.42721036358247844
Hagan_genotox,DTXSID5021623,2-Methyldecanal,0,0.14473583853210223,0.15366499640198658,0.14229309503549528,0.16098192183090637
Hagan_genotox,DTXSID5021629,6-Methyl-5-hepten-2-one,0,0.44611253714883636,0.5434285205884203,0.5324801612989124,0.5444349389077741
Hagan_genotox,DTXSID50216477,4-Amino-2-methylquinoline,1,0.8022420763262025,0.8775508463468412,0.8739032995295902,0.8721696868207992
Hagan_genotox,DTXSID5021708,Sodium salicylate,1,0.48243899206802004,0.5479234462786472,0.533842592605882,0.5310545803392223
Hagan_genotox,DTXSID5021752,"3,3-Dimethyl-2-butanone",0,0.3529716373997929,0.3866637528592252,0.3517789684188455,0.37615439595562483
Hagan_genotox,DTXSID5021754,"5,5-Dimethylhydantoin",0,0.47721375055755316,0.5155683245405965,0.467831665375932,0.465686454068785
Hagan_genotox,DTXSID5021756,3-Methyl-1-pentyn-3-ol,0,0.25107349331759504,0.23528929676092414,0.2308971824953505,0.22925161163807453
Hagan_genotox,DTXSID5021758,Tris(2-butoxyethyl) phosphate,0,0.19729596320691298,0.17417407181481961,0.19819933779010243,0.21891264582162304
Hagan_genotox,DTXSID5021831,3-Nitrotoluene,0,0.8947468362890293,0.9640312130125478,0.9708557204987215,0.9731133065205156
Hagan_genotox,DTXSID5021835,4-Dimethylaminobenzaldehyde,0,0.5182810815870281,0.6055548002620705,0.6254373279094988,0.6323170330306451
Hagan_genotox,DTXSID5021837,"N,N-Diethylethanolamine",1,0.45612815677577734,0.46313270813914925,0.4873569377015265,0.49848314104826486
Hagan_genotox,DTXSID5021839,Benzylamine,1,0.5178387069411378,0.5584972304984116,0.5698758977145958,0.5409622529360063
Hagan_genotox,DTXSID5021883,Propargyl alcohol,1,0.4573054304539248,0.4579419432659328,0.4767449651284938,0.47605475268072533
Hagan_genotox,DTXSID5021885,"2-Methyl-2,4-pentanediol",0,0.2504612739344663,0.18886674667867484,0.18299869166505514,0.1740100861834605
Hagan_genotox,DTXSID5021889,4-Methyl-2-pentanone,0,0.4022039795227481,0.47868357815376195,0.4637606754622001,0.4797650958867667
Hagan_genotox,DTXSID5021914,5-Methyl-2-hexanone,1,0.32950461390535346,0.3832134615301288,0.37419613741256325,0.38835566639228497
Hagan_genotox,DTXSID5021916,2-Heptanone,0,0.18866116218960438,0.20590720323346115,0.2044419561078764,0.2167737216033534
Hagan_genotox,DTXSID5021918,"1,4-Dichlorobutane",0,0.49010132067652606,0.5227053096004192,0.5219384237815875,0.5155510021828354
Hagan_genotox,DTXSID5021962,N-Phenyl diethanolamine,0,0.49998215292485754,0.5299756325931458,0.5971760063058548,0.5764308988763912
Hagan_genotox,DTXSID5021968,3-Ethoxy-4-hydroxybenzaldehyde,1,0.4329553664490651,0.5179159184255382,0.4871013126634482,0.5067774738919889
Hagan_genotox,DTXSID50219928,Potassium 1-hydroxy-2-(3-sulfopropoxy)anthraquinone,1,0.2646294723561026,0.2992049085249431,0.29726661877749927,0.2977298332959857
Hagan_genotox,DTXSID50219948,3-(Ethoxycarbonylmethylthio)benzanthrone,1,0.516743984062779,0.6089375887143439,0.5597447996039571,0.5590862399496791
Hagan_genotox,DTXSID5022061,4-Nitrobenzaldehyde,1,0.9370744293052304,0.982914810234723,0.9872865624699823,0.9873660976367981
Hagan_genotox,DTXSID5022194,Hexyl acrylate,0,0.052199099679404504,0.0358692214753793,0.038322694605689815,0.039171935694971675
Hagan_genotox,DTXSID5022223,Dimethyl nitroterephthalate,0,0.7271288249792165,0.865005539653826,0.8186247424445531,0.8401008163491145
Hagan_genotox,DTXSID5022225,Dimethyl aminoterephthalate,0,0.45925301142969616,0.5174621767142233,0.5584776831637327,0.5436094450495412
Hagan_genotox,DTXSID5022227,Dimethylaminopropyl chloride hydrochloride,0,0.48897768649839807,0.571381584736213,0.5158932038707613,0.5738546875089322
Hagan_genotox,DTXSID5022279,"2,6-Diisopropylaniline",0,0.5840803820694987,0.6379226141968317,0.6501496688586924,0.6251066131149139
Hagan_genotox,DTXSID50224355,"2,2,4,4-Tetramethyl-7-oxa-3,20-diazadispiro(5.1.11.2)henicosan-21-one hydrochloride",0,0.36941411730745594,0.41444468549866587,0.352858664468294,0.38214159793358426
Hagan_genotox,DTXSID5022510,4-Chloro-2-methylphenol,0,0.4965694948739172,0.5215395170400904,0.5145659027131068,0.4901704722658746
Hagan_genotox,DTXSID5022643,Barbital,1,0.40494126490409,0.43142604306500193,0.40617944754368446,0.39658734240506516
Hagan_genotox,DTXSID50227700,Vinyl benzoate,0,0.4661682854718941,0.5300401673633129,0.5089901112798274,0.5079137848896124
Hagan_genotox,DTXSID50229163,Trichloro((perfluorohexyl)ethyl)silane,0,0.18053327688018136,0.1504700425661558,0.18320812384587903,0.1594502741694606
Hagan_genotox,DTXSID50231887,HC Violet no. 1,0,0.8538278162885576,0.9405433141580178,0.9465734966272522,0.9500008075089994
Hagan_genotox,DTXSID50232995,"2,3,3-Trimethyl-3H-indole-5-carboxylic acid",0,0.4369429922278423,0.469454177881166,0.4661003396516598,0.45582780299760733
Hagan_genotox,DTXSID50233407,"(4-((4-(Dimethylamino)phenyl)(4-(methylamino)phenyl)methylene)cyclohexa-2,5-dien-1-ylidene)dimethylammonium acetate",0,0.441713634364252,0.5314674487240637,0.47947854020924713,0.4998821964244562
Hagan_genotox,DTXSID50234050,"Quinoline, 6-methoxy-8-nitro-",1,0.7107909068216363,0.8031223822129642,0.8233140180185962,0.8203620941891298
Hagan_genotox,DTXSID50236276,4-Bromobenzyl alcohol,0,0.5030335896974581,0.5381895194521807,0.5513265864426474,0.5319419656399162
Hagan_genotox,DTXSID5023792,4-Nitrotoluene,1,0.8929377443840966,0.962029612384023,0.9704503679274108,0.9720413692591353
Hagan_genotox,DTXSID5023794,Oxymetholone,0,0.29200348646708596,0.3102089330017809,0.3677035455046555,0.3705739287365179
Hagan_genotox,DTXSID5023796,Pentamidine isethionate,0,0.27569406513033884,0.2541234347152714,0.28643309816269413,0.27152406744762997
Hagan_genotox,DTXSID5023873,Ammonium acetate,0,0.49333209125131194,0.5257423015701853,0.5163431439458369,0.5250229559050481
Hagan_genotox,DTXSID5023877,2-Anisidine,1,0.751138119059108,0.8309369539628618,0.8412463058131797,0.8281433001690878
Hagan_genotox,DTXSID5023902,Benz(a)anthracene,1,0.8831489214726199,0.933353492043845,0.9275220369692613,0.9263931833497588
Hagan_genotox,DTXSID5024055,Dimethyl sulfate,1,0.5118864117195964,0.5633142410261844,0.5990999420269991,0.5633618320192494
Hagan_genotox,DTXSID5024057,Dimethylamine,0,0.48710408230795227,0.552359287006865,0.5812388921044103,0.544361725599866
Hagan_genotox,DTXSID5024059,"3,3'-Dimethylbenzidine",1,0.7419534748315187,0.792574993473326,0.786014266794163,0.7831228382319705
Hagan_genotox,DTXSID5024182,2-Methoxyethanol,1,0.39426510319173175,0.3580676203128905,0.35353679010553646,0.3515897509219019
Hagan_genotox,DTXSID5024261,Phosmet,1,0.5386806614565519,0.6385836215354312,0.589322423916023,0.5988386404452339
Hagan_genotox,DTXSID5024344,Tri-allate,1,0.4746192579263884,0.5326989653715821,0.48980832595195745,0.49671996898731613
Hagan_genotox,DTXSID5024394,Acetic acid,1,0.48421215721673244,0.5099514550689549,0.4846213410203101,0.493279297049876
Hagan_genotox,DTXSID5024477,"2-Amino-5,6-dichlorobenzothiazole",0,0.537531378254687,0.605436908884312,0.5959933318298262,0.603651260135872
Hagan_genotox,DTXSID5024479,"2-Amino-4,6-dinitrophenol",1,0.8394494503654691,0.936169761276798,0.9402430461440409,0.9437799716689715
Hagan_genotox,DTXSID5024500,2-Amino-1-phenol-4-sulfonic acid,0,0.33434383623154457,0.3368054022839093,0.3895959144179284,0.38516162366802115
Hagan_genotox,DTXSID5024502,Dehydrothio-4-toluidine,1,0.6842406482209368,0.7681213082272169,0.7472707974487895,0.7555217795615162
Hagan_genotox,DTXSID5024504,Luminol,0,0.7564104024426229,0.8314684606635815,0.8370892353069693,0.832512872134854
Hagan_genotox,DTXSID5024506,5-Aminosalicylic acid,0,0.6519191254908191,0.7551569483883966,0.7747220445548906,0.7761039596809983
Hagan_genotox,DTXSID5024637,Bromobenzene,1,0.49899178908260877,0.5382620033146882,0.5303477103005833,0.5082361817395112
Hagan_genotox,DTXSID5024687,4-tert-Butylcatechol,1,0.3104304683902173,0.2811243509869678,0.3174248563022159,0.29870351099553205
Hagan_genotox,DTXSID5024710,Butyryl chloride,0,0.41915636701152387,0.4834606638383207,0.422066230874438,0.4497124927810714
Hagan_genotox,DTXSID5024764,2-Chlorobenzaldehyde,0,0.5134434052818388,0.6206331819528305,0.6409485195173299,0.6587675126548241
Hagan_genotox,DTXSID5024891,Cytarabine hydrochloride,1,0.5511466242226639,0.6050512826530127,0.5648231255937366,0.5563326774512113
Hagan_genotox,DTXSID5024922,"1,6-Hexanediamine",0,0.32115228661926715,0.3033625191518954,0.3665016934523055,0.2985040702272122
Hagan_genotox,DTXSID5024926,"4,4'-Diamino-2,2'-stilbenedisulfonic acid",0,0.1674863549004595,0.1463656110522632,0.1813259662548347,0.1791425668364475
Hagan_genotox,DTXSID5024976,"2,3-Dichlorobenzoic acid",0,0.4193708514724621,0.4712942555967783,0.4476459845522524,0.4491095930193019
Hagan_genotox,DTXSID5025021,Dicyclohexyl phthalate,0,0.32447305554110767,0.33017728543560754,0.3253698027271672,0.32210637149552546
Hagan_genotox,DTXSID5025023,Dicyclopentadiene,0,0.43971308148681887,0.4585579303939374,0.5057768814209821,0.4811464479169782
Hagan_genotox,DTXSID5025100,2-(Dimethylamino)ethyl acrylate,1,0.4055245255623532,0.45735874610382865,0.47612360991219876,0.4842942597148469
Hagan_genotox,DTXSID5025102,3-(Dimethylamino)propylamine,0,0.3195168932622661,0.2881558383354987,0.2646328448606197,0.2604878413742994
Hagan_genotox,DTXSID5025152,Dimethyl succinate,1,0.421389821144309,0.4644145345152298,0.49112873335691704,0.4677771516578984
Hagan_genotox,DTXSID5025231,Emodin,1,0.4744573755390172,0.5433826044501341,0.4644647559630615,0.45048569610414974
Hagan_genotox,DTXSID5025281,Ethylene bis acrylamide,1,0.5513645067855371,0.6361893673101635,0.6437520367741953,0.6328141673127233
Hagan_genotox,DTXSID5025312,N-Ethylmorpholine,0,0.3897884645129195,0.3573733597731144,0.35700602559182565,0.3583667271936712
Hagan_genotox,DTXSID5025318,Ethyl vinyl ketone,0,0.4600550041798326,0.5706467162199306,0.5447263978087614,0.5609520001553358
Hagan_genotox,DTXSID5025364,Glyoxal,1,0.49908099594772876,0.6027985917989578,0.6700807623531452,0.6676647401248674
Hagan_genotox,DTXSID5025491,"N,N-Bis(2-hydroxyethyl)dodecanamide",0,0.11556209134327537,0.11021815951849434,0.12084228602783798,0.1235849096342172
Hagan_genotox,DTXSID5025493,Laurylethanolamide,0,0.08072360434995812,0.06640938643768354,0.05992823777941914,0.06315700209071719
Hagan_genotox,DTXSID5025572,Methyl benzoate,0,0.3896963431466263,0.42142949916382966,0.4122997204617301,0.40626106362747394
Hagan_genotox,DTXSID5025574,4-Methylbenzyl alcohol,0,0.4447984703869201,0.4497001476965609,0.5139509763970088,0.4838604120677485
Hagan_genotox,DTXSID5025603,N-Methyl-N-hydroxyethylamine,0,0.45693345754247255,0.4350485652126215,0.49193696005368426,0.49202231131415836
Hagan_genotox,DTXSID5025607,Methyleugenol,0,0.4939567640820943,0.5251961396720776,0.5648422436942985,0.5252374639746832
Hagan_genotox,DTXSID5025609,Methyl formate,0,0.49514519090276243,0.5874904669727458,0.5827583752476384,0.5841140600984329
Hagan_genotox,DTXSID5025657,7-Methylquinoline,1,0.6335981672433868,0.7061424424293259,0.6712087590792724,0.6697198251203141
Hagan_genotox,DTXSID5025659,Methyl salicylate,1,0.4033112989984255,0.4414374686271898,0.43829708760628244,0.4324380411084026
Hagan_genotox,DTXSID5025738,2-Nitrobenzoic acid,1,0.896180651692803,0.9658606614852565,0.9745638645540641,0.976395898389184
Hagan_genotox,DTXSID5025780,4-Nitroquinoline-1-oxide,1,0.885247509803404,0.9484588720424578,0.9555242908016206,0.9544984620893464
Hagan_genotox,DTXSID5025819,Dibenzyl ether,1,0.47355953668689627,0.515256159763727,0.550371356009312,0.5230704947152571
Hagan_genotox,DTXSID5025992,Reactive Blue 19,0,0.21716066973257617,0.25775995095473714,0.21713635396857142,0.23402630536069446
Hagan_genotox,DTXSID5026120,"3,3',5,5'-Tetramethylbenzidine",1,0.6142807001926694,0.657864936895206,0.6783446035791352,0.6756503292517961
Hagan_genotox,DTXSID5026122,"N,N,N',N'-Tetramethylethylenediamine",1,0.39487273686965274,0.3730177444748581,0.38661285188390276,0.3912340362414457
Hagan_genotox,DTXSID5026259,Tris(2-chloroisopropyl)phosphate,1,0.5682528244939661,0.5865867613091308,0.568300960205858,0.5516218265166222
Hagan_genotox,DTXSID5026386,Propane,0,0.40345681094320357,0.38277896185195387,0.4632377751775328,0.3902149878271208
Hagan_genotox,DTXSID5026413,Methyldichlorosilane,0,0.5026090183751667,0.5673448404319333,0.5866058269132541,0.5703848667390313
Hagan_genotox,DTXSID5026415,Bromotrifluoromethane,0,0.380063348859694,0.5037544087741378,0.4504342544871098,0.4860787294903908
Hagan_genotox,DTXSID5026461,2-Methylpropanenitrile,0,0.44882249193055695,0.48605263505348534,0.47269023349706196,0.4913220298157405
Hagan_genotox,DTXSID5026548,"2,4,6-Tris(dimethylaminomethyl)phenol",0,0.4866851964518319,0.5072273832451571,0.5304357778768627,0.5068670826953178
Hagan_genotox,DTXSID5026623,4-tert-Butylcyclohexanol,0,0.4908194898215335,0.4565593144729558,0.4553177193962015,0.4224860789083267
Hagan_genotox,DTXSID5026625,alpha-Terpineol,0,0.2626822410756183,0.23998175595146867,0.21997848144827006,0.22003493382535919
Hagan_genotox,DTXSID5026702,"2,2'-[1,4-Phenylenebis(oxy)]diethanol",0,0.44907592334522795,0.4656465560656289,0.5356326568517592,0.5135340646175327
Hagan_genotox,DTXSID5026706,"1,2-Diphenoxyethane",1,0.39391290965209613,0.3517145122459591,0.36646705232414084,0.3376847992722771
Hagan_genotox,DTXSID5026750,1-Propanethiol,0,0.3355527360429249,0.40787711271345795,0.32422172599740623,0.3879945429682166
Hagan_genotox,DTXSID5026837,Isobutyl acetate,0,0.38403197310160864,0.44322717921314103,0.4475403103633708,0.4487791002904751
Hagan_genotox,DTXSID5026889,Methyl dodecanoate,0,0.14651937791297018,0.1486147868240472,0.15635000988186884,0.1615883051410525
Hagan_genotox,DTXSID5026912,2-[2-(2-Methoxyethoxy)ethoxy]ethanol,0,0.3123221996828072,0.2582893940825228,0.32393715564518394,0.3025850629471107
Hagan_genotox,DTXSID5026914,1-Dodecene,1,0.8101732774893738,0.8809662947028394,0.8805675696619403,0.8715774215939883
Hagan_genotox,DTXSID5026918,1-Dodecanol,0,0.10610442300176154,0.07107092406829506,0.10700613512490609,0.07141830975774636
Hagan_genotox,DTXSID5027019,Methyl tetradecanoate,0,0.1346958393254112,0.13337248568122806,0.13868520488269764,0.1450074927125969
Hagan_genotox,DTXSID5027061,2-Naphthalenol,0,0.582743422720647,0.67061768844271,0.6757056662841899,0.6672596796993394
Hagan_genotox,DTXSID5027140,Perfluorooctanesulfonyl fluoride,0,0.2370963240915678,0.24635664773306998,0.24677677857101385,0.24716955063266913
Hagan_genotox,DTXSID5027142,"1,2-Dichloro-4-(trifluoromethyl)benzene",0,0.34524408130849044,0.3524615076460446,0.3568981684180808,0.3426435178661033
Hagan_genotox,DTXSID5027223,Butyl propionate,0,0.24040019363971932,0.2608795041645597,0.2637319565880471,0.27145354377855685
Hagan_genotox,DTXSID5027225,"1,2-Butadiene",0,0.4984777496197958,0.5641176128641261,0.5808008584977999,0.565593931546378
Hagan_genotox,DTXSID5027306,"O,O-Dimethyldithiophosphate",0,0.4924451772829172,0.6148697801851469,0.5754349349778282,0.603126496532743
Hagan_genotox,DTXSID5027308,2-Ethylhexanoyl chloride,0,0.2445652377396739,0.2568682230356259,0.3135691459614803,0.3233073008428338
Hagan_genotox,DTXSID5027354,"5,12-Dihydroquino[2,3-b]acridine-7,14-dione",0,0.6541998769795984,0.7454019811347746,0.7078696942611549,0.7171708599834413
Hagan_genotox,DTXSID5027356,Tris(2-methoxyethoxy)vinylsilane,0,0.3851824038772096,0.3949917849087796,0.36215405462523503,0.3639782264616052
Hagan_genotox,DTXSID5027358,"Potassium 1,3-dioxo-1,3-dihydroisoindol-2-ide",0,0.522882835289217,0.5995320120028192,0.5695929707303833,0.5688415477869733
Hagan_genotox,DTXSID5027433,"N-[3-(Trimethoxysilyl)propyl]ethane-1,2-diamine",0,0.25750084366157283,0.24596044337328657,0.24910243170541835,0.26546103276353344
Hagan_genotox,DTXSID5027487,"O,O-Diethyl chlorothiophosphate",0,0.3588918439393944,0.391242276024037,0.3447014811705955,0.36250506439636926
Hagan_genotox,DTXSID5027489,Trimethoxy[3-(oxiran-2-ylmethoxy)propyl]silane,1,0.6268762465921959,0.6417207863488791,0.7006695264625993,0.6820497422999331
Hagan_genotox,DTXSID5027512,Bis[2-(dimethylamino)ethyl]ether,0,0.38079036201004673,0.3553432602808888,0.4008206440415549,0.40327287107944537
Hagan_genotox,DTXSID5027516,N-(5-Methyl-2-hexyl)-N'-phenyl-p-phenylenediamine,1,0.295101474253309,0.29739484408677896,0.29274640748505887,0.29796861609799047
Hagan_genotox,DTXSID5027564,N-tert-Octylacrylamide,0,0.1939881695264655,0.17523805795830907,0.2615550969966816,0.2518747806132562
Hagan_genotox,DTXSID5027566,"Zinc, bis[O,O-bis(2-ethylhexyl) phosphorodithioato-.kappa.S,.kappa.S']-, (T-4)-",0,0.12374250324993001,0.11267604228955141,0.09406564756694753,0.1025448191131415
Hagan_genotox,DTXSID5027568,Sarcosine sodium salt,0,0.4484175976081941,0.4924628638148214,0.505375612722173,0.5404233257872718
Hagan_genotox,DTXSID50275928,"N,N,N-trimethyl-3-[(E)-(3-methyl-5-oxo-1-phenyl-4,5-dihydro-1h-pyrazol-4-yl)diazenyl]anilinium chloride",0,0.4221189629976234,0.48141607021922805,0.4416079390744212,0.4496649864945779
Hagan_genotox,DTXSID5027641,Diisopropyl adipate,0,0.32852602253481644,0.36184190446759396,0.3837049192523703,0.3691200337927305
Hagan_genotox,DTXSID5027649,N-Methyldidecylamine,0,0.12080471475399283,0.08772094952136074,0.08982189095647646,0.09349485036462686
Hagan_genotox,DTXSID5027724,"9-Octadecenoic acid (9Z)-, copper salt",0,0.09987063347984493,0.07400636229341374,0.0717285324781115,0.0723420847970278
Hagan_genotox,DTXSID5027770,2-Acrylamido-2-methyl-1-propanesulfonic acid,0,0.1732158921977546,0.17399777650603385,0.184879232142676,0.18529148113087557
Hagan_genotox,DTXSID5027772,2-Methylpentanediamine,0,0.28900224881911596,0.269148485648328,0.33216257343992506,0.2784138842196094
Hagan_genotox,DTXSID5027774,Ethylenediaminetetraacetic acid ferric sodium salt,0,0.3452802102696029,0.3506506282819932,0.34234889179876543,0.3342589633830046
Hagan_genotox,DTXSID5027778,"Peroxydicarbonic acid, bis(2-ethylhexyl) ester",0,0.10633330618537655,0.10153847120805541,0.11046680720286882,0.11237966534936324
Hagan_genotox,DTXSID5027859,Dinitrotoluene,0,0.45834069428066787,0.4674765483735552,0.465686885096608,0.43673678364675395
Hagan_genotox,DTXSID50284838,"beta-D-Ribofuranoside, methyl 2,3-O-(1-methylethylidene)-, 5-(4-methylbenzenesulfonate)",0,0.4756857789881384,0.5022855497528184,0.49299353691590514,0.481839376041657
Hagan_genotox,DTXSID5029182,Isovaleric acid,1,0.38390104618934123,0.45053140074957687,0.450511888699078,0.45466445921938275
Hagan_genotox,DTXSID5029186,"6-Methyl-1,3,5-triazine-2,4-diamine",0,0.569606488691952,0.6170723366354354,0.6656592435580233,0.6609620171132401
Hagan_genotox,DTXSID5029211,"2,6-Naphthalenedicarboxylic acid",0,0.5551857998794928,0.6214428466853142,0.5959954687902241,0.5900564739048252
Hagan_genotox,DTXSID5029217,1-Propoxy-2-propanol,0,0.24778034383910166,0.2017759044892419,0.19840083995125787,0.18828740243036143
Hagan_genotox,DTXSID5029263,Sodium 2-(methylamino)ethanesulfonate,0,0.3156423075811301,0.3449431279435892,0.3598998738656627,0.35341595507800055
Hagan_genotox,DTXSID5029265,"4'-Chloro-2',5'-dimethoxyacetoacetanilide",0,0.40265133462104274,0.43623847431349255,0.4450597343375479,0.44059400060496406
Hagan_genotox,DTXSID5029267,(3-Chloropropyl)(triethoxy)silane,0,0.3522922905400773,0.390415675455632,0.32422607286612454,0.36843050446972475
Hagan_genotox,DTXSID5029269,Trichloro(octyl)silane,0,0.08197076380893825,0.05780131514022541,0.06302195035314247,0.061951041826442975
Hagan_genotox,DTXSID5029718,"4,4'-Methylene bis(dibutyldithiocarbamate)",0,0.2748180274047845,0.3437234326104677,0.31694675194160354,0.34913941407918586
Hagan_genotox,DTXSID5029768,"Phosphonic acid, [[(phosphonomethyl)imino]bis[2,1-ethanediylnitrilobis(methylene)]]tetrakis-, pentasodium salt",0,0.3496713613483092,0.37268373420548295,0.40408629456117245,0.4434476917331138
Hagan_genotox,DTXSID5030030,Perfluorobutanesulfonic acid,0,0.24595399542679844,0.25512205655671555,0.288860659634192,0.264202456276963
Hagan_genotox,DTXSID5030955,Camphor,1,0.3099138483164954,0.3338411157776962,0.30183774685689085,0.3278200969179666
Hagan_genotox,DTXSID5031210,Dimepranol,0,0.2779446078330602,0.23718413646635514,0.23857880572473286,0.23914878097109918
Hagan_genotox,DTXSID5032020,S-Adenosylmethionine chloride,0,0.5668664373482722,0.6546943729876772,0.5733611062061786,0.5883524948585608
Hagan_genotox,DTXSID5032365,"2,6-Dichlorobenzonitrile",0,0.4076966743666331,0.466728220270275,0.438753635037276,0.4490170354761678
Hagan_genotox,DTXSID5032498,Triclosan,1,0.5030560102534736,0.5416349065615571,0.5432482194293341,0.5322423855671606
Hagan_genotox,DTXSID5032523,"1,2-Benzisothiazolin-3-one",1,0.5985275832361504,0.693970308647779,0.6539715578601331,0.6779254771749826
Hagan_genotox,DTXSID5033701,"N,N,N',N'-Tetramethyl-1,6-hexanediamine",0,0.2788472422674538,0.23684378075758686,0.2532273670429389,0.2527769840139496
Hagan_genotox,DTXSID50338183,N-(p-Tolylsulfonylmethyl)formamide,1,0.4977798833932918,0.5672930602446834,0.5690964617269171,0.5579538516965389
Hagan_genotox,DTXSID5033836,4-Nonylphenol,0,0.1944876123793923,0.14685117911484188,0.15240713562283473,0.14061852568165986
Hagan_genotox,DTXSID50339610,3-(1H-Imidazol-1-yl)propanenitrile,0,0.31715780315577075,0.36223277370264856,0.37532256562174604,0.3713153340868313
Hagan_genotox,DTXSID50340721,Dimethyl octadecanedioate,0,0.5568180186870796,0.6363571373529134,0.6442767018783971,0.6320061107153401
Hagan_genotox,DTXSID50344547,3-Ethoxy-4-hydroxybenzyl alcohol,0,0.4306576378134163,0.43289875917336246,0.5197862713666535,0.4939640310935684
Hagan_genotox,DTXSID5034519,"D-Gluconic acid, compd with N,N''-bis(4-chlorophenyl)-3,12-diimino-2,4,11,13-tetraazatetradecanediimidamide (2:1)",0,0.32133967367508415,0.33329332106122833,0.33506833893194626,0.33771418768801476
Hagan_genotox,DTXSID50345438,"2-[2-(6-Methoxy-3,4-dihydro-2H-naphthalen-1-ylidene)ethyl]-2-methylcyclopentane-1,3-dione",0,0.374116427858271,0.3986373232333545,0.36079866018304907,0.3634500876989992
Hagan_genotox,DTXSID5034698,2-Ethylhexyl (4-chloro-2-methylphenoxy)acetate,0,0.1405212058158369,0.09578820132839388,0.09767903979778492,0.09134095601563892
Hagan_genotox,DTXSID5035618,Ammonium hydrogen carbonate,1,0.5105158093624776,0.5353914871689577,0.5730051784867404,0.5624934129523033
Hagan_genotox,DTXSID5035799,Sodium N-(hydroxymethyl)glycinate,1,0.4271451758029705,0.4914055565694088,0.40197422381753184,0.43093596998993206
Hagan_genotox,DTXSID5036684,4-Hydroxybenzophenone,0,0.4780897094528848,0.5402572941674543,0.5142443406850615,0.5179524187412943
Hagan_genotox,DTXSID5036840,4-(2-Phenylethyl)aniline,1,0.7457996108604285,0.8130961858466518,0.8070791997422225,0.8001136502544695
Hagan_genotox,DTXSID5038757,Carbonic dihydrazide,1,0.5313187778257364,0.6098440905714334,0.615245200117026,0.6066237267068043
Hagan_genotox,DTXSID5038919,"1,3-Bis(isocyanatomethyl)benzene",1,0.5473028010491467,0.5941745801373614,0.7519382803316536,0.7173692120083176
Hagan_genotox,DTXSID50389736,"2,2-Dimethyl-3-(morpholin-4-yl)propanal",0,0.309405238339627,0.35457736034914933,0.3777290464826239,0.4185583013761575
Hagan_genotox,DTXSID5039224,Acetaldehyde,1,0.5175999224625837,0.5912098822492556,0.6061296135183568,0.6154432909913247
Hagan_genotox,DTXSID5039226,1'-Acetoxysafrole,1,0.4141775829335932,0.4336680806509596,0.4414788799506974,0.42469264688198116
Hagan_genotox,DTXSID50395231,"2-Cyanoimino-1,3-thiazolidine",0,0.39305507830988845,0.4616836479205361,0.426034186424697,0.4609640217506947
Hagan_genotox,DTXSID50395695,"Methyl 2-oxo-2,3-dihydro-1H-indole-6-carboxylate",0,0.42304447361557623,0.4695580375071952,0.4554668195738956,0.45808593252110547
Hagan_genotox,DTXSID50401043,4-Pentenoyl chloride,0,0.4607166911152711,0.5257260770798623,0.5505616234956022,0.564771633103093
Hagan_genotox,DTXSID5040382,(4-(2-Hydroxyethyl)-1-piperazineethanesulfonic acid,0,0.2575019271962653,0.2509719748211842,0.25846294318879487,0.27020269808875136
Hagan_genotox,DTXSID5040623,Thiazolidinedione,0,0.4090005774403987,0.44578434394187877,0.4429836409162711,0.44177854555149065
Hagan_genotox,DTXSID5040700,Trimethoxyphenylsilane,1,0.4514149760562403,0.4766851146600846,0.5111465677665613,0.47693954487056506
Hagan_genotox,DTXSID5040702,"2,4-Dichlorotoluene",0,0.47900906599485765,0.5024906801542101,0.47760690304450765,0.4493703607338089
Hagan_genotox,DTXSID5040704,"1,4-Naphthoquinone",1,0.5603882639392538,0.6753356295411349,0.7323353093592173,0.7364793416504042
Hagan_genotox,DTXSID5040706,C.I. Solvent Orange 7,1,0.27058418031680825,0.293187664309093,0.26153251486465007,0.27365348719948834
Hagan_genotox,DTXSID5040752,Tetraacetylethylenediamine,0,0.4532335194850081,0.47328652438299174,0.48958365385742536,0.4640577234815942
Hagan_genotox,DTXSID50408653,1-(4-methoxyphenyl)-4-(4-nitrophenyl)piperazine,0,0.8853572828694741,0.953861071190025,0.9536219610754523,0.9598704199966143
Hagan_genotox,DTXSID5041221,Dipotassium hydrogen citrate,0,0.44581620200583866,0.4595044665613299,0.5155263474624356,0.48947220690332255
Hagan_genotox,DTXSID5041273,Pyrazolone T,0,0.24592313766569507,0.20371343469656408,0.19757701046664597,0.18723845416236914
Hagan_genotox,DTXSID5041275,1-Monolaurin,0,0.14362674554260493,0.15189779157871375,0.1589446791374677,0.16491198980920954
Hagan_genotox,DTXSID5041300,"2-(3-Hydroxypropyl)-6-((3-hydroxypropyl)amino)-1H-benz(de)isoquinoline-1,3(2H)-dione",0,0.5032427232521538,0.5765358721022085,0.5993020483150601,0.5958673410293547
Hagan_genotox,DTXSID5041358,"2,4-Diaminoanisole",1,0.8069462768850525,0.8832013412658264,0.9030200313444047,0.894030991435975
Hagan_genotox,DTXSID5041439,2-Methylanthraquinone,0,0.48146853152889896,0.5484063257085733,0.4832912784510506,0.46884342233478526
Hagan_genotox,DTXSID5041487,"3,7-Dimethyloctan-3-yl acetate",0,0.16461674917430283,0.17084356824228752,0.17962029469443364,0.18448615429624615
Hagan_genotox,DTXSID5041720,C.I. Acid Yellow 218,0,0.15303534952385536,0.15801915403540306,0.1338515819849385,0.13771131044059604
Hagan_genotox,DTXSID5041722,"C.I. Acid Yellow 36, monosodium salt",1,0.33777276091229447,0.44969276333142894,0.3929500888835759,0.42395346184222177
Hagan_genotox,DTXSID5041726,C.I. Direct Red 81 disodium salt,0,0.12412901091675688,0.14808977303809956,0.11189537183717801,0.1273664605021523
Hagan_genotox,DTXSID5042378,Chloro(dimethyl)vinylsilane,0,0.394156404854573,0.4411969122307033,0.46253105308714737,0.44602566206346833
Hagan_genotox,DTXSID5042405,Sodium isostearoyl-2-lactylate,0,0.35609105397052376,0.36516274052502257,0.3361167317492169,0.32864638823950076
Hagan_genotox,DTXSID50431805,"4-(Chloromethyl)-5-methyl-2H-1,3-dioxol-2-one",1,0.5306910943708347,0.5654354370926129,0.5467614118008121,0.5368946171423391
Hagan_genotox,DTXSID5043768,Trp-P-2,1,0.7609955218756775,0.8264037592858657,0.8346133548781918,0.8249552952137288
Hagan_genotox,DTXSID5044152,"2,4,5-Trichloroaniline",0,0.6160171059222436,0.6922901994212601,0.7250617967462599,0.7111715475180199
Hagan_genotox,DTXSID5044233,Antioxidant 1098,0,0.1260239220798944,0.08421908772303859,0.08682659660317388,0.08150278083546873
Hagan_genotox,DTXSID5044237,Disodium isodecyl sulfosuccinate,0,0.14759607597165272,0.12602422870702035,0.11489069385725154,0.11431116650789704
Hagan_genotox,DTXSID50442471,"6-Chloro-5-(2-chloroethyl)-1,3-dihydro-2H-indol-2-one",0,0.547569724263341,0.597756487544317,0.5936612773098896,0.5895071970776246
Hagan_genotox,DTXSID5044312,2-Methoxy-5-nitroaniline hydrochloride,0,0.8959845319146146,0.9652904232727056,0.9721187757684427,0.9751384385430139
Hagan_genotox,DTXSID5044360,"3,7-Dimethyloctan-1-ol",0,0.2618357797765634,0.22746900862498895,0.2908823882180401,0.23943484098593162
Hagan_genotox,DTXSID5044364,"1,4-Dibromobutane",1,0.42218556727399625,0.4503236945861185,0.43556592432071034,0.43135360696494524
Hagan_genotox,DTXSID5044366,Dodecyltrimethylammonium bromide,0,0.04705630823084133,0.025861081621303777,0.026264682275632164,0.027053969157662217
Hagan_genotox,DTXSID5044441,1-(Chloromethyl)-2-methylbenzene,0,0.6061942648172957,0.682255953417318,0.6436103753114689,0.6360771828609136
Hagan_genotox,DTXSID5044443,"N,N-Dibutyl-N-methylbutan-1-aminium chloride",0,0.1453907221285166,0.09789280239600719,0.1037512546827324,0.10000893346785865
Hagan_genotox,DTXSID5044445,4-Bromobenzyl bromide,1,0.5184933923837033,0.6110723938554825,0.562929431520158,0.5787080863759995
Hagan_genotox,DTXSID5044572,2-(Perfluorohexyl)ethanol,0,0.2933389409751797,0.24163521570758706,0.28990664311122133,0.2573122751003949
Hagan_genotox,DTXSID5044576,"Citric acid, triethyl ester, acetate",0,0.3592362148022142,0.35233515421715283,0.36177518562651345,0.34391410859983385
Hagan_genotox,DTXSID5044601,2-({4-[(2-Cyanoethyl)(ethyl)amino]phenyl}diazenyl)-5-nitrobenzonitrile,0,0.8626308918417096,0.9404523587448009,0.9662523797715794,0.9660892038483562
Hagan_genotox,DTXSID5044605,"1,4-Bis(butylamino)anthracene-9,10-dione",1,0.25932043799904086,0.29901824748643263,0.30283638229925797,0.31782142099922367
Hagan_genotox,DTXSID5044609,"2,6-Difluorobenzonitrile",0,0.4241700355108491,0.4882575805161011,0.46428156701601814,0.47143273861800594
Hagan_genotox,DTXSID5044651,Titanium(4+) tetrapropan-1-olate,0,0.38930574649066974,0.3709542018658378,0.35932803451269324,0.36760326325740494
Hagan_genotox,DTXSID5044659,3-(Triethoxysilyl)propyl thiocyanate,1,0.22811620757654694,0.25756047425309414,0.20430391675336912,0.23511704566701855
Hagan_genotox,DTXSID5044730,C.I. Disperse Red 86,1,0.4567664626595149,0.5380677534537165,0.4958611473720085,0.5013141788730471
Hagan_genotox,DTXSID5044736,Pigment Red 254,0,0.4813194444056356,0.5728525530272554,0.636315470497696,0.6430798072963456
Hagan_genotox,DTXSID5044786,2-Benzyl-2-(dimethylamino)-1-[4-(morpholin-4-yl)phenyl]butan-1-one,0,0.3759509704449479,0.4153887100801978,0.3646838020076581,0.3786516582281749
Hagan_genotox,DTXSID5044817,Isobornyl cyclohexanol,0,0.3998651922585654,0.3765618576121819,0.4638397031536792,0.3681178838801354
Hagan_genotox,DTXSID5044861,"Trichloro(2,4,4-trimethylpentyl)silane",0,0.20642412379617955,0.17634401086247495,0.18378649525404966,0.180927889406119
Hagan_genotox,DTXSID5044869,4-(3-Phenylpropyl)pyridine,0,0.40651570949581667,0.43530422513589934,0.42093559790857915,0.4243248206985791
Hagan_genotox,DTXSID5044940,Tricyclodecanedimethanol diacrylate,0,0.35907991553572893,0.38434876610356833,0.5035343439792844,0.49225711743418304
Hagan_genotox,DTXSID5044990,"3,3,5-Trimethylcyclohexyl 2-methylprop-2-enoate",0,0.3268182163697579,0.38277880328407643,0.3791287087245836,0.3894835336418368
Hagan_genotox,DTXSID5044992,"2,5-Bis(2-methylbutan-2-yl)benzene-1,4-diol",0,0.20936320695040936,0.1607326614188663,0.17218810545321514,0.15795630261495253
Hagan_genotox,DTXSID5044994,2-Ethylanthraquinone,1,0.40671560326202205,0.47085665640130253,0.41982572533176227,0.4078515343870175
Hagan_genotox,DTXSID5044996,"3,3,5-Trimethylcyclohexanone",1,0.3679904089312342,0.4456205763750975,0.43140445609213307,0.44796598039037644
Hagan_genotox,DTXSID50453188,Tributylmethylammonium methyl sulfate,0,0.1660002221089563,0.12974206657444468,0.12837046391711435,0.12620360392847127
Hagan_genotox,DTXSID50453547,"9,9-Bis(methoxymethyl)-9H-fluorene",0,0.4184597481021039,0.42353063901474547,0.41128034895069093,0.3917731278293095
Hagan_genotox,DTXSID5045461,Acebutolol hydrochloride,1,0.3508428615003211,0.37560906046907033,0.3932814858908315,0.39722111524613885
Hagan_genotox,DTXSID50456811,"4,4'-Disulfanediylbis{5-amino-1-[2,6-dichloro-4-(trifluoromethyl)phenyl]-1H-pyrazole-3-carbonitrile}",0,0.26634832771849615,0.2886479276960227,0.31017978912608446,0.310458231514055
Hagan_genotox,DTXSID5045914,Aminolevulinic acid hydrochloride,0,0.42121000609181314,0.47069649736655267,0.4626430570002571,0.4803278319564108
Hagan_genotox,DTXSID5045960,Alizarin,0,0.5004633475151125,0.5896568130478542,0.5342844260367733,0.5301943641852215
Hagan_genotox,DTXSID5046510,Etiracetam,0,0.3567184695409497,0.3366004323803402,0.3307879764452739,0.3257505740205499
Hagan_genotox,DTXSID5046512,1-Thioglycerol,0,0.47355538452863727,0.5833324858747833,0.4652377888174817,0.5368970456618509
Hagan_genotox,DTXSID5046560,1-Bromoheptadecafluorooctane,0,0.2893098135962307,0.37560735626695557,0.3165892273525351,0.3531335832439437
Hagan_genotox,DTXSID5046566,Methyl 10-undecenoate,0,0.2161091703562277,0.23152183183168829,0.24368503895784635,0.24394340792652983
Hagan_genotox,DTXSID50467068,(2-Butyl-5-nitro-1-benzofuran-3-yl)(4-hydroxyphenyl)methanone,1,0.6481832877699998,0.7560304945958863,0.7992259642085212,0.8020897340060312
Hagan_genotox,DTXSID5046982,"1,5-Naphthalenedisulfonic acid",0,0.3653409064046311,0.3761862464715396,0.4025236303139592,0.38126663829678425
Hagan_genotox,DTXSID5047039,N-Ethyl-2-(isopropyl)-5-methylcyclohexanecarboxamide,0,0.34823286777565565,0.36508363431592966,0.33918342540765417,0.34202295844436814
Hagan_genotox,DTXSID5047114,Palmityl palmitate,0,0.03943965545890962,0.029606419087637725,0.03232635225004185,0.035122622018727075
Hagan_genotox,DTXSID5047116,(-)-Isopulegol,0,0.4221795274257558,0.4733940078989854,0.4940076555491168,0.47597456404471833
Hagan_genotox,DTXSID5047164,delta-Octanolactone,0,0.2831221796904506,0.3225474985781591,0.32168644752457526,0.3312442803455318
Hagan_genotox,DTXSID5047166,4-(4-Methoxyphenyl)-2-butanone,1,0.41003339873492894,0.42485566998100927,0.39036864007019806,0.3814791514097859
Hagan_genotox,DTXSID5047168,"rel-(2R,4aR,8aR)-Hexahydro-1,1,5,5-tetramethyl-2H-2,4a-methanonaphthalen-8(5H)-one",0,0.4212750352881576,0.5141443910853066,0.491881277598595,0.5160462780425846
Hagan_genotox,DTXSID5047403,Myristyl myristate,0,0.037885156860746644,0.026376926324651318,0.028784527862423148,0.03115722275122811
Hagan_genotox,DTXSID5047405,Citronellyl butyrate,0,0.44632400394282784,0.5368615940864138,0.5292663747217383,0.5404500617575306
Hagan_genotox,DTXSID5047582,Hexyl propanoate,0,0.049048333910650964,0.04008420737618775,0.045267981798685984,0.046783263309760625
Hagan_genotox,DTXSID5047613,3-Methylbutyl propanoate,1,0.3991665325133585,0.4624580920471814,0.4617138333025286,0.4643610626037605
Hagan_genotox,DTXSID5047748,Methyl phosphonic acid,0,0.5009046029057967,0.6729501995592146,0.5900954919785052,0.6768688992632136
Hagan_genotox,DTXSID5048182,Cyclohexylphenylketone,0,0.43952606411320944,0.49337817793122785,0.46191233419881456,0.4759473051619081
Hagan_genotox,DTXSID5048687,Fotretamine,1,0.4689252575968867,0.5129158010127053,0.5196412763346487,0.5286784511065904
Hagan_genotox,DTXSID5049316,5-Nitroindazole,1,0.9303464156548706,0.9699798529448449,0.9747052211576049,0.9751329241272882
Hagan_genotox,DTXSID50504366,N-[3-(Triethoxysilyl)propyl]formamide,0,0.3000322710245268,0.32730767102778896,0.3378901367729228,0.33824710492114535
Hagan_genotox,DTXSID5051490,"3-(6,6-Dimethylbicyclo[3.1.1]hept-2-en-2-yl)-2,2-dimethylpropanal",0,0.33670494883195184,0.41735573774929086,0.3890496578012212,0.4236405451644747
Hagan_genotox,DTXSID5051521,Phenyl isocyanate,0,0.641408697112495,0.721628220760282,0.7139697207465051,0.6947596394639914
Hagan_genotox,DTXSID5051527,2-cyclohexylidene-2-phenylacetonitrile,0,0.4171271669438565,0.44720624811709353,0.4381194286104275,0.440082374273771
Hagan_genotox,DTXSID5051575,Butyl vinyl ether,0,0.25911896143221713,0.25245750656607874,0.2496882068971282,0.24825499973576096
Hagan_genotox,DTXSID5051650,"4,4'-(Isopropylidenebis(4,1-phenyleneoxy))dianiline",0,0.4291679460760281,0.45359137723968096,0.4856032620659833,0.4720503723928969
Hagan_genotox,DTXSID5051739,Citronellyl acetate,1,0.3335243104898891,0.3787423982074177,0.38641085254548835,0.38617454952999264
Hagan_genotox,DTXSID5051785,"2,5-Dihydrofuran",0,0.4932240037597335,0.5401185248768691,0.5868170025556679,0.5664299208607612
Hagan_genotox,DTXSID5051810,"4,4a,5,9b-Tetrahydroindeno(1,2-d)-1,3-dioxin",0,0.5614827115397398,0.6006992568073327,0.6159807894676064,0.6039139323164743
Hagan_genotox,DTXSID5051814,Ethoxytrimethylsilane,0,0.36575643852558243,0.3723965600084412,0.35030713099863453,0.3690709836700606
Hagan_genotox,DTXSID5051818,"(9Z)-N,N-Bis(2-hydroxyethyl)-N-methyloctadec-9-en-1-aminium chloride",0,0.06222176387982242,0.042849400682405246,0.05183821207628667,0.050909622926807674
Hagan_genotox,DTXSID5051862,"Bis(2,6-diisopropylphenyl)carbodiimide",0,0.510757884409404,0.5431732248460691,0.5343914768796437,0.5193615062007024
Hagan_genotox,DTXSID5051993,"4,11-Dichloro-5,12-dihydroquinolino[2,3-b]acridine-7,14-dione",0,0.5218040519984024,0.6071672215833669,0.5634031199490684,0.575790889145829
Hagan_genotox,DTXSID5051997,"Bis[(3,4-epoxycyclohexyl)methyl] adipate",1,0.39691762110164125,0.41137242872929186,0.5255993549868787,0.5105444940616307
Hagan_genotox,DTXSID5051999,C.I. Disperse Orange 25,1,0.850397902923525,0.9336446410245932,0.9618210867055875,0.9618516350766849
Hagan_genotox,DTXSID5052040,"2-Hydroxy-N-(4H-1,2,4-triazol-3-yl)benzamide",0,0.4616760023166023,0.5106504965869195,0.5361322988462313,0.5309507307328617
Hagan_genotox,DTXSID5052048,Methyl 2-hexyl-3-oxocyclopentanecarboxylate,0,0.21411155365419163,0.23813318454736487,0.24801919610002968,0.2512018159989004
Hagan_genotox,DTXSID5052098,C.I. Solvent Yellow 16,0,0.5285873811324405,0.5993789760058775,0.5514579189358494,0.5594190969363538
Hagan_genotox,DTXSID5052125,"2,4,6-Trimethylbenzaldehyde",1,0.4628707299728885,0.5503048262807515,0.5259355428450211,0.5392133465511243
Hagan_genotox,DTXSID5052129,5-Methyl-5-phenylhexan-3-one,0,0.24962541012536885,0.22396590242792547,0.22863805156824432,0.2224828281937227
Hagan_genotox,DTXSID5052173,Bis(2-propylheptyl) phthalate,0,0.21253728803404184,0.18561730469480395,0.17406645108351482,0.16861968634501578
Hagan_genotox,DTXSID5052206,Octaphenylcyclotetrasiloxane,0,0.5307349888093388,0.6192639306746683,0.6273941734414318,0.6185949745438655
Hagan_genotox,DTXSID5052254,"3,5-Dimethylpyridine",0,0.4563702698958685,0.490556395771627,0.46778647143989005,0.4730334749613998
Hagan_genotox,DTXSID5052339,"2-Methyl-4-(2,6,6-trimethylcyclohex-2-en-1-yl)butanal",0,0.3716969189640312,0.4640749705299039,0.4359500055682978,0.46754809736398933
Hagan_genotox,DTXSID5052383,C.I. Solvent Yellow 107,0,0.20910223887927834,0.23905899652253357,0.19024837589603796,0.20614284308618055
Hagan_genotox,DTXSID5052412,"Decahydrospiro[furan-2(3H),5'-[4,7]methano[5H]indene]",0,0.3644091034158579,0.3384411978899378,0.3662002585833048,0.3333362341434123
Hagan_genotox,DTXSID5052414,"2,4,6-Trimethylcyclohex-3-ene-1-methanol",0,0.4104741934607475,0.4284462870973928,0.3900335291388401,0.3992420070724152
Hagan_genotox,DTXSID5052466,3(or 4)-(4-Methylpenten-3-yl)cyclohex-3-ene-1-methyl acetate,0,0.3717770228194515,0.4315012242206027,0.4351627049224845,0.43947819359191964
Hagan_genotox,DTXSID5052547,4-Methylpent-4-en-2-yl 2-methylpropanoate,0,0.3743484533937715,0.43119904137098536,0.43805743535582004,0.4366972184851024
Hagan_genotox,DTXSID5052591,Diethyl ethoxymethylenemalonate,0,0.3912956939677805,0.405607922904686,0.5077267375836801,0.49328292448922006
Hagan_genotox,DTXSID5052593,2-Chlorobenzonitrile,0,0.41012018691809643,0.4632960073557695,0.44024053604455,0.4473732003626569
Hagan_genotox,DTXSID5052624,(2-Methoxy-4-prop-2-enylphenyl) acetate,0,0.48761775830576554,0.530456233018186,0.5769991493159732,0.55822986879379
Hagan_genotox,DTXSID5052674,2-Allyloxymethyl-2-ethylpropanediol,0,0.32574612480425413,0.32379728197966656,0.2973932004456142,0.29620590160312676
Hagan_genotox,DTXSID5052678,"2,4,6-Trimethylcyclohex-3-enecarbaldehyde",0,0.41951699358345934,0.5236880508727704,0.4969819004777765,0.5243884037395078
Hagan_genotox,DTXSID5052703,"N,N-Bis[3-(dimethylamino)propyl]-N',N'-dimethylpropane-1,3-diamine",0,0.3553077789354853,0.32618291597453836,0.36120651000117565,0.36572435450118196
Hagan_genotox,DTXSID5052751,Silicon carbide,0,0.5054786908682862,0.7025100219356991,0.6016089121711151,0.6855599125521428
Hagan_genotox,DTXSID50569718,2-Diazonio-4-{[4-(2-phenylpropan-2-yl)phenoxy]sulfonyl}naphthalen-1-olate,0,0.3759104665158675,0.44797944681187296,0.359270521414345,0.3720519282823893
Hagan_genotox,DTXSID50572040,1-Chloro-3-iodo-5-(trifluoromethyl)benzene,0,0.34409125057272744,0.3514817279629742,0.3549630906808314,0.33944944304848573
Hagan_genotox,DTXSID5057757,"3-(2-Chloroethyl)quinazoline-2,4(1H,3H)-dione",0,0.6501294148053541,0.7268966609656813,0.7419602775409125,0.7367283173934315
Hagan_genotox,DTXSID5058773,Phenethylamine,0,0.5075202819000515,0.5443949965321321,0.5551061349861635,0.5262019830636405
Hagan_genotox,DTXSID5058777,"3,5-Dimethylpyrazole",0,0.4714828775531794,0.4956927967669185,0.4606793950575912,0.4672915571585132
Hagan_genotox,DTXSID5058856,"3H-Dibenz[f,ij]isoquinoline-2,7-dione, 6-bromo-3-methyl-",1,0.557164292346357,0.644274624624361,0.6073559601805579,0.6051727799347821
Hagan_genotox,DTXSID5058987,"Benzene, 1,4-dimethoxy-2-nitro-",0,0.8717035422520153,0.9525107950987755,0.9627199299023124,0.965171791033641
Hagan_genotox,DTXSID5059034,"Butanamide, N,N'-(3,3'-dimethyl[1,1'-biphenyl]-4,4'-diyl)bis[3-oxo-",0,0.2531047303357631,0.26044935870451785,0.26369940813959303,0.26049656665654936
Hagan_genotox,DTXSID5059036,"Ethanol, 2,2'-[(3-methylphenyl)imino]bis-",0,0.4679184944625308,0.4869579374515114,0.5408179210657933,0.5199093113770265
Hagan_genotox,DTXSID5059080,2-Naphthalenesulfonyl chloride,0,0.5747604722467379,0.6561049537600411,0.6277501541615585,0.6253037047391045
Hagan_genotox,DTXSID5059119,"2H-Benzimidazol-2-one, 5-amino-1,3-dihydro-",0,0.6761128960132702,0.7531151937337371,0.7849435217566628,0.7777451626521706
Hagan_genotox,DTXSID5059167,"Benzenesulfonic acid, 4-amino-3-methyl-",0,0.33704904583052553,0.32888253549202634,0.34997869812507787,0.34106239395076265
Hagan_genotox,DTXSID5059298,"Formic acid, phenylmethyl ester",0,0.4602228752974756,0.5019796748927293,0.5036418687430283,0.48811122308173266
Hagan_genotox,DTXSID5059458,"4-Quinolinecarboxylic acid, 3-hydroxy-2-methyl-",0,0.5119857448115367,0.573114241789349,0.5339502203944592,0.5309375404066456
Hagan_genotox,DTXSID5059533,3-Hydroxyacetophenone,0,0.4655160322522203,0.5359616302527958,0.506333646957831,0.5138985246375588
Hagan_genotox,DTXSID50595835,"1-[(trans,trans)-4â€²-(3-Buten-1-yl)[1,1â€²-bicyclohexyl]-4-yl]-4-methylbenzene",0,0.30250755959282843,0.2861124591377961,0.2965222475918105,0.27860684633198507
Hagan_genotox,DTXSID5059610,Benz[cd]indol-2(1H)-one,1,0.5409192425207486,0.6074871837301171,0.6549622182928271,0.6428138231256574
Hagan_genotox,DTXSID5059741,Disodium succinate,0,0.42041696225561936,0.4322742757582663,0.41437574668210075,0.3981141340902136
Hagan_genotox,DTXSID5059745,"Benzeneacetic acid, 4-hydroxy-",0,0.4405594996985695,0.46885672794984085,0.47104939944503776,0.456247387559184
Hagan_genotox,DTXSID5059901,Disodium (2Z)-but-2-enedioate,0,0.5009772583859432,0.5607506019004189,0.6439410395410876,0.6351758400253447
Hagan_genotox,DTXSID5059905,"Ethyl 4,4,4-trifluoroacetoacetate",0,0.2952093283622912,0.33169990097043284,0.265383420196208,0.2799058926807306
Hagan_genotox,DTXSID5059957,"(2,2,2-Trifluoroethoxy)ethene",1,0.2678017485340307,0.25683592815858347,0.3962075760875408,0.3454467213085715
Hagan_genotox,DTXSID5060013,4-(Trifluoromethyl)aniline,1,0.5403941471112945,0.5867557109962251,0.6168461782189189,0.5903673051467467
Hagan_genotox,DTXSID5060142,Ethanethioic acid,0,0.5116322678732775,0.681695154436701,0.607069955437075,0.6702953194551297
Hagan_genotox,DTXSID5060190,"Benzene, 1,1'-ethenylidenebis-",0,0.5550080940596552,0.6060569291838617,0.6227405266143428,0.6063341327193451
Hagan_genotox,DTXSID5060435,"Cyclohexanone, 4-methyl-",0,0.36340051443676175,0.44084345863933944,0.42553358658723456,0.4430641842779828
Hagan_genotox,DTXSID5060487,Ethanesulfonic acid,0,0.33239285639487776,0.3140497445794372,0.2863757581657825,0.2836136650262527
Hagan_genotox,DTXSID5060510,Methylurea,0,0.5180252127431281,0.5706202993010118,0.5039839642413758,0.5157096980816646
Hagan_genotox,DTXSID5060801,"Propanoyl chloride, 3-chloro-",1,0.5452640436763329,0.6206389938316085,0.6542412540003286,0.6628164164000653
Hagan_genotox,DTXSID5061451,N-Sodiohexamethyldisilazane,0,0.4581906589777301,0.49203307220779685,0.5325323428518028,0.509512306277823
Hagan_genotox,DTXSID5061457,"1H-Imidazole, 2-ethyl-",0,0.4168942069546717,0.4294433205506096,0.4413207562334313,0.43526965925235594
Hagan_genotox,DTXSID5061908,"Nitric acid, 1-methylethyl ester",0,0.7095890008370946,0.8137000959353102,0.823133215810925,0.8356797755228312
Hagan_genotox,DTXSID5062007,Dimethyl 3-oxoglutarate,0,0.4338071855677284,0.4576885423832158,0.418372141221438,0.40658051753208807
Hagan_genotox,DTXSID50620974,"4-Pentyl-4'-propyl-1,1'-bi(cyclohexane)",0,0.16648974336713326,0.11079311685568939,0.1102616849616317,0.10185711388655282
Hagan_genotox,DTXSID5062184,Methyl 2-hydroxy-2-methylpropionate,0,0.34544574523001975,0.3654889227041222,0.3116864769514612,0.32639331449359155
Hagan_genotox,DTXSID5062213,Dibutyl itaconate,0,0.2406572300540887,0.27349495899246384,0.276141210723203,0.2829549883088846
Hagan_genotox,DTXSID5062346,1-Oxa-4-azaspiro[4.5]decane-4-ethanol,0,0.3943358295950561,0.3651326871742173,0.38948357095046116,0.3883925442256981
Hagan_genotox,DTXSID50623728,"Ethyl 1-(4-methoxyphenyl)-7-oxo-6-[4-(2-oxopiperidin-1-yl)phenyl]-4,5,6,7-tetrahydro-1H-pyrazolo[3,4-c]pyridine-3-carboxylate",0,0.4049641408586606,0.4550598218621178,0.4053328714946089,0.40844823159846805
Hagan_genotox,DTXSID50624098,"4,6-Dichloro-5-nitro-2-(propylsulfanyl)pyrimidine",1,0.6235773738559414,0.7218405431888719,0.7871612626279662,0.7830804834260401
Hagan_genotox,DTXSID5062475,"Disulfide, dioctadecyl",0,0.10918126073959393,0.1262083817246619,0.1064015016404249,0.13738422651554613
Hagan_genotox,DTXSID5062639,Stearyl stearate,0,0.04207577726814719,0.028011908647909246,0.029439584163984716,0.032191237614668654
Hagan_genotox,DTXSID5062895,"1-Propanol, 3-(dimethylamino)-",0,0.32656368207328373,0.28806068688160663,0.3272135686908942,0.32890552203155227
Hagan_genotox,DTXSID5063237,"1,9-Nonanediol",0,0.29089893004841694,0.22589880768458326,0.2353505525973519,0.211471423030643
Hagan_genotox,DTXSID5063281,"3,3'-((4-((2-Chloro-4-nitrophenyl)azo)phenyl)imino)bis(propiononitrile)",1,0.857437244318017,0.9381690895828164,0.9688832770330907,0.9694707779317112
Hagan_genotox,DTXSID5063287,"2-Propyn-1-amine, N,N-diethyl-",0,0.41724315483789054,0.44013843753227516,0.4304064922877137,0.4460834458023382
Hagan_genotox,DTXSID5063360,Algol Bordeaux RR,0,0.5428150345586656,0.6563543214914714,0.5789254737937167,0.6012615294382342
Hagan_genotox,DTXSID5063364,"Benzoic acid, 3,5-bis(1,1-dimethylethyl)-4-hydroxy-, 2,4-bis(1,1-dimethylethyl)phenyl ester",0,0.22925437839202648,0.22194934059837498,0.2153874643201523,0.21343852969418056
Hagan_genotox,DTXSID5063499,"Ethanol, 2,2'-(cyclohexylimino)bis-",0,0.42184940139692717,0.4068897714251889,0.39872339069575374,0.40624984005552206
Hagan_genotox,DTXSID5063526,"Zinc, bis(O,O-didodecyl phosphorodithioato-.kappa.S,.kappa.S')-, (T-4)-",0,0.08617514434242812,0.07018339954953103,0.06117916397007314,0.06759379167608749
Hagan_genotox,DTXSID5063570,"2-Naphthalenecarboxamide, N-(4-ethoxyphenyl)-3-hydroxy-",0,0.40354944257120756,0.45120631695129765,0.45519215528476414,0.45512482879253896
Hagan_genotox,DTXSID5064176,"2-Naphthalenesulfonic acid, 4-hydroxy-6-(methylamino)-",0,0.35111822795965447,0.3591116962571678,0.3004091093881443,0.2934216147680709
Hagan_genotox,DTXSID5064201,"N-Methyl-1,3-propanediamine",1,0.3720928543828883,0.34052229034818415,0.31181080511221554,0.3078937158645498
Hagan_genotox,DTXSID5064209,2-(Carboxymethylthio)benzothiazole,0,0.4612985378439842,0.5205841335315896,0.5000528268695236,0.5126942327521016
Hagan_genotox,DTXSID5064332,C.I. Pigment Red 8,0,0.5562359335090626,0.6805693372905147,0.7067812575785375,0.710682051175355
Hagan_genotox,DTXSID5064417,Butyl cyanoacrylate,0,0.26187882834370646,0.32441975718126476,0.30583918045254344,0.3291839870690261
Hagan_genotox,DTXSID5064542,"4-((2,5-Dichlorophenyl)azo)-N-(2,3-dihydro-2-oxo-1H-benzimidazol-5-yl)-3-hydroxynaphthalene-2-carboxamide",0,0.4044311797510247,0.4823232269680339,0.4550763048036793,0.4604043116733787
Hagan_genotox,DTXSID5065271,C.I. Disperse Blue 60,1,0.4931827977482784,0.6178318003530765,0.5605074825132037,0.5811993639294551
Hagan_genotox,DTXSID5065273,C.I. Direct Blue 80,0,0.39030469121028827,0.5088066172002254,0.4158382225866217,0.4259462584344215
Hagan_genotox,DTXSID5065277,C.I. Pigment Red 176,0,0.12565355741752945,0.14294120720328288,0.13445637727637047,0.14329586593501695
Hagan_genotox,DTXSID5065512,"1-Propanamine, 3-(triethoxysilyl)-N-[3-(triethoxysilyl)propyl]-",0,0.32631570832855444,0.3119473181298606,0.3481952334087641,0.34732141871195726
Hagan_genotox,DTXSID50661165,"Ethyl N-[4-(5-oxo-2,5-dihydro-1,2,4-oxadiazol-3-yl)phenyl]glycinate",0,0.4574377795354602,0.4916199330557193,0.4988405711417441,0.49060614245611145
Hagan_genotox,DTXSID5066245,Sodium 3-nitro-4-chlorobenzenesulfonate,0,0.7114811411820585,0.8449077036418163,0.8803843368814391,0.8809091167931283
Hagan_genotox,DTXSID5066299,"Silane, ethenyltris(1-methylethoxy)-",0,0.3780021660273373,0.3854063172303877,0.387328735126413,0.3845316131246603
Hagan_genotox,DTXSID5066328,"Silane, chlorodimethyloctyl-",0,0.07794497126692175,0.05966503020526046,0.05883257508992442,0.06065972026254696
Hagan_genotox,DTXSID5066405,"Silane, trimethyl(octadecyloxy)-",0,0.11877261954127316,0.1090336244542902,0.12460573540750804,0.12523094811808808
Hagan_genotox,DTXSID5066407,"Silicic acid (H4SiO4), tetrakis(2-butoxyethyl) ester",0,0.18777098616888646,0.15234083692096193,0.18227862477988133,0.18436238441271705
Hagan_genotox,DTXSID5066532,C.I. Disperse Orange 29,1,0.7080972410532791,0.848471507856289,0.8451688491379873,0.8584090067836776
Hagan_genotox,DTXSID5066586,"2-Naphthalenesulfonic acid, 6-(acetylamino)-4-hydroxy-3-[[4-[[2-(sulfooxy)ethyl]sulfonyl]phenyl]azo]-, disodium salt",1,0.25542884209652456,0.29546874136428164,0.33512138978367306,0.34216033701026244
Hagan_genotox,DTXSID5066663,2-Thiopheneacetonitrile,0,0.38901439714343294,0.4281273443204588,0.4063465638547637,0.4141758488313651
Hagan_genotox,DTXSID5066792,"Dodecanoic acid, tetradecyl ester",0,0.04440133880088062,0.03341545034574242,0.03715286595355473,0.03919909756813895
Hagan_genotox,DTXSID5066794,Docosyl stearate,0,0.03770356432352707,0.02658754142535678,0.029396007147946837,0.03157695682819333
Hagan_genotox,DTXSID5066906,"Benzenesulfonamide, 3,3'-[(9,10-dihydro-9,10-dioxo-1,4-anthracenediyl)diimino]bis[N-cyclohexyl-2,4,6-trimethyl-",0,0.34770030539354285,0.40164251019978364,0.3427223331649491,0.351031147380824
Hagan_genotox,DTXSID5066952,"Pyridine, 4-methylbenzenesulfonate",0,0.4724540418122379,0.5103029464801822,0.4616732741046357,0.4586045516385622
Hagan_genotox,DTXSID50670439,"4-[(4-Hydroxy-6-oxo-1,6-dihydropyrimidin-2-yl)amino]benzonitrile",0,0.2598937560890078,0.23147840631223926,0.22723969832352633,0.21576874009445815
Hagan_genotox,DTXSID5067182,"Benzenesulfonamide, 4-amino-2,5-dichloro-N,N-dimethyl-",0,0.520580590675288,0.5744768566213095,0.6169832609997973,0.5980422183441986
Hagan_genotox,DTXSID5067635,"Acetic acid, isooctyl ester",0,0.14344163812300256,0.13970687044943528,0.1475914417113604,0.15042392036453042
Hagan_genotox,DTXSID5067710,"9,10-Anthracenedione, 1,4-bis[(2,6-diethyl-4-methylphenyl)amino]-",0,0.4640776090971371,0.5621408889879514,0.4844495978946581,0.5024546489735472
Hagan_genotox,DTXSID5068231,"1,1'-Biphenyl, 4,4'-bis[2-(2-methoxyphenyl)ethenyl]-",0,0.480172553108199,0.5289471982066883,0.5499782894445778,0.5360691772444789
Hagan_genotox,DTXSID5068235,"Carbonic acid, 2-[(1-amino-9,10-dihydro-4-hydroxy-9,10-dioxo-2-anthracenyl)oxy]ethyl ethyl ester",1,0.5218762770849746,0.6059641133310537,0.4885311773448368,0.48348993341263835
Hagan_genotox,DTXSID5068784,"N-(2-((2-Bromo-4,6-dinitrophenyl)azo)-5-(diethylamino)phenyl)acetamide",1,0.5380644125149457,0.6612376338003634,0.6788238056092899,0.6830587056270888
Hagan_genotox,DTXSID5069122,"3,14-Dioxa-8,9-dithia-4,13-disilahexadecane, 4,4,13,13-tetraethoxy-",0,0.3465207365042626,0.4135201922798292,0.34676672437088474,0.3774813285297453
Hagan_genotox,DTXSID5069207,"Benzoic acid, 4-[[(methylphenylamino)methylene]amino]-, ethyl ester",1,0.44743143152705517,0.49696053678385516,0.47437191933556916,0.4753382685104722
Hagan_genotox,DTXSID5070367,"1,2-Propanedione, 1-phenyl-, 2-[O-(ethoxycarbonyl)oxime]",0,0.48132094046873974,0.5900040004328406,0.549400870404037,0.5684893039217664
Hagan_genotox,DTXSID5070735,Diisotridecyl phenyl phosphite,0,0.23092150040188442,0.2001143323583536,0.19486087524486093,0.19091975205571446
Hagan_genotox,DTXSID5071046,Tributylethylammonium ethyl sulphate,0,0.13942425767190722,0.10146609476003456,0.10611127503256822,0.10266583816554285
Hagan_genotox,DTXSID50721910,Prop-2-yn-1-ol--2-methyloxirane (1/1),1,0.4930151012724571,0.521438840681986,0.5760168397155097,0.5095441972077862
Hagan_genotox,DTXSID5074056,"Methanone, 1,4-phenylenebis[(4-phenoxyphenyl)-",0,0.46383697615360425,0.533012143554555,0.5651777909099884,0.5640387159762081
Hagan_genotox,DTXSID5074058,"1,3-Propanediol dicaprylate",0,0.07459283110127278,0.06343912987996932,0.07525639881932673,0.07269196912276164
Hagan_genotox,DTXSID5074501,"N,N'-Dimethyl-N-nitrosourea",1,0.9014082387896626,0.9593399108564343,0.9435667565688176,0.9494317004940326
Hagan_genotox,DTXSID5074630,"1,3,4-Thiadiazole-2(3H)-thione, 5,5'-dithiobis-",0,0.44641526797326736,0.8120448501132881,0.525589605273669,0.7572577128666763
Hagan_genotox,DTXSID5074636,"Ethanol, 2-[2-[(1,1-dimethylethyl)amino]ethoxy]-",0,0.3499028190318687,0.32003438012705665,0.3556386655365795,0.35548305606973885
Hagan_genotox,DTXSID5074682,"1-Hexadecanaminium, N-(2-hydroxyethyl)-N,N-dimethyl-, phosphate (1:1)",0,0.04375826988469209,0.023143619150728486,0.02477132977110981,0.025997535528636328
Hagan_genotox,DTXSID5074761,"2,2'-Dibromobiphenyl",0,0.519227864481394,0.5548053760390411,0.5689937653490155,0.5521977856589532
Hagan_genotox,DTXSID5074896,"Palladium(2+), tetraammine-, (SP-4-1)-, carbonate (1:2)",0,0.5053365250862294,0.5267242910953795,0.5923826284251913,0.5923093872617474
Hagan_genotox,DTXSID5074921,"Benzenesulfonic acid, 2-amino-4,5-dichloro-",0,0.30579545324593904,0.29714622474694646,0.34407987326875594,0.3308289995008514
Hagan_genotox,DTXSID5074923,"(5-Ethyl-1,3-dioxan-5-yl)methyl 2-propenoate",0,0.4513911615717603,0.5106801905360511,0.47948914354963995,0.489464624324674
Hagan_genotox,DTXSID5075234,4-Biphenylmethanol,1,0.4912581199378352,0.5099662848863337,0.530902397533722,0.5150535509382018
Hagan_genotox,DTXSID5075313,"Peroxydicarbonic acid, dibutyl ester",0,0.24526837745002825,0.25898209006390766,0.2751877323400473,0.26701441686839594
Hagan_genotox,DTXSID5075365,Salicylhydroxamic acid,1,0.49861099118281443,0.5510186440320294,0.7047854020332694,0.6823813406226572
Hagan_genotox,DTXSID50858831,(2-Octadecen-1-yl)succinic anhydride,0,0.18262182659820378,0.2096247149391298,0.19863674735250433,0.21364912724382293
Hagan_genotox,DTXSID50858851,L-Ornithine monohydrochloride,0,0.34057921686336873,0.4198718204061637,0.40032027593396885,0.4259712604095614
Hagan_genotox,DTXSID50862175,"3H-Pyrazol-3-one, 2,4-dihydro-5-methyl-4-nitro-2-(4-nitrophenyl)-",1,0.6054771007589449,0.6981111821877951,0.7345715015012934,0.7195874517912707
Hagan_genotox,DTXSID50862559,"Phenol, 4-cyclohexyl-",0,0.3651636643265535,0.36866327791784137,0.36807506197372386,0.3606514078401453
Hagan_genotox,DTXSID50862630,"Propanoic acid, 2-hydroxy-, tetradecyl ester",0,0.0609175390390261,0.046417368973508476,0.042357125182879575,0.04544417360398877
Hagan_genotox,DTXSID50862832,"2-Oxiranemethanamine, N-(2-oxiranylmethyl)-N-phenyl-",1,0.7767173562021656,0.8346210812727682,0.8698819085063721,0.8687143295488405
Hagan_genotox,DTXSID50862872,"1,1'-[1,3-Phenylenebis(1-methylethylidene)]bis[2-(1,1-dimethylethyl) peroxide]",0,0.3786248241798243,0.3765713711839862,0.41727321635054465,0.38217683781557193
Hagan_genotox,DTXSID50863546,"Ethanol, 2-butoxy-, 1-benzoate",0,0.19539501688348163,0.1702857566869932,0.17414519236393045,0.1731614000996674
Hagan_genotox,DTXSID50864412,2-Isobutyl-4-methyltetrahydro-2H-pyran,0,0.40181107724609116,0.38246472213273536,0.41174528076290673,0.3663927890858796
Hagan_genotox,DTXSID50864876,"Ethanol, 2-(1-methylethoxy)-, 1-acetate",0,0.3830139006772819,0.45049645231341867,0.44395189560457426,0.4546687086748691
Hagan_genotox,DTXSID50864997,"4-Cyclohexene-1,2-dicarboxylic acid, 1,2-bis(2-oxiranylmethyl) ester",1,0.6393326545516367,0.6944800476341498,0.7307558030912974,0.7222205859397165
Hagan_genotox,DTXSID50865666,"Phenol, 2,2'-(2-methylpropylidene)bis[4,6-dimethyl-",0,0.4829233393198183,0.49682901650424566,0.4969645643724518,0.4800705586362713
Hagan_genotox,DTXSID50866451,"Cyclohexanemethanamine, 1,3,3-trimethyl-N-(2-methylpropylidene)-5-[(2-methylpropylidene)amino]-",0,0.4539587150492659,0.48548996515782755,0.4910403335657229,0.48625208861604863
Hagan_genotox,DTXSID50866653,"Hexanediamide, N1,N1,N6,N6-tetrakis(2-hydroxypropyl)-",0,0.21966291994233453,0.18890893573948672,0.18147732960733806,0.17650798668706089
Hagan_genotox,DTXSID50866835,"Benzenesulfonic acid, 4-[4,5-dihydro-4-[2-[2-methoxy-5-methyl-4-[[2-(sulfooxy)ethyl]sulfonyl]phenyl]diazenyl]-3-methyl-5-oxo-1H-pyrazol-1-yl]-",0,0.22797321292218176,0.23877306616137675,0.2247368292504948,0.22670103766671454
Hagan_genotox,DTXSID50866895,"1,6-Nonadien-3-ol, 3,7-dimethyl-, 3-acetate",0,0.3441201998173251,0.3947550523070619,0.405981818508759,0.4036497382124797
Hagan_genotox,DTXSID50867206,2-Hydroxyethylamino-5-nitroanisole,1,0.8037557196154422,0.9092016028379469,0.9325431145170021,0.9378486701084529
Hagan_genotox,DTXSID50867488,"Butanamide, N-(2,3-dihydro-2-oxo-1H-benzimidazol-5-yl)-3-oxo-2-[2-[2-(trifluoromethyl)phenyl]diazenyl]-",0,0.14035497888968743,0.14173401242385691,0.14038413057445873,0.14862017054644477
Hagan_genotox,DTXSID50867605,"Butanedioic acid, 2-[(dipropoxyphosphinothioyl)thio]-, 1,4-dibutyl ester",0,0.24268005134979986,0.26919119784581075,0.23610790228489142,0.2550603159163171
Hagan_genotox,DTXSID50868051,Octadecyltrichlorosilane,0,0.0808092248348387,0.05964908939720174,0.06011797600266225,0.05798387854091983
Hagan_genotox,DTXSID50868293,"Propanedinitrile, 2-[2-[[4-(dihexylamino)-2-methylphenyl]methylene]-1,1-dioxidobenzo[b]thien-3(2H)-ylidene]-",0,0.2459615311104104,0.2899202566569333,0.3292996451439867,0.345324294536101
Hagan_genotox,DTXSID50871863,"Benzene, 1-chloro-2-(trichloromethyl)-",1,0.4522603910179734,0.4895835615390205,0.49660155077265394,0.474334416688474
Hagan_genotox,DTXSID50872532,"2,5-Diaminotoluene sulfate",1,0.8144571928562673,0.8903626244567033,0.9069458718581641,0.898688639547626
Hagan_genotox,DTXSID50874031,"1-Adamantanamine, hydrochloride",0,0.4483486620827859,0.448511386172858,0.47231552522469783,0.44246326813993936
Hagan_genotox,DTXSID50875583,"2-ME-N,N'-DINITROSOPIPERAZINE",1,0.8377805528572636,0.9018419815838304,0.9179868147020738,0.9178301939696815
Hagan_genotox,DTXSID50878372,Ammonium Oleate,0,0.09715952299532711,0.06603588714189058,0.06431344284172466,0.06507200984837026
Hagan_genotox,DTXSID50879783,Basic Violet 11,1,0.5080048731775477,0.5920788957992233,0.5720764748645815,0.5710785338291869
Hagan_genotox,DTXSID50880076,1-Ethyl-3-(3'-dimethylaminopropyl)carbodiimide hydrochloride,1,0.4482481024992732,0.4980335604965858,0.450538348009727,0.485633945902725
Hagan_genotox,DTXSID50880152,"2,2,3,3-Tetrafluorooxetane",1,0.3837427740032496,0.3783772690713512,0.4605723808027054,0.3831944746111984
Hagan_genotox,DTXSID50880218,"1H,1H,2H-Perfluorocyclopentane",0,0.5419636427203053,0.5138478824966081,0.6039766282966906,0.5309246525619297
Hagan_genotox,DTXSID50881407,C.I. Direct Yellow 34,1,0.16482249986648387,0.174111297785321,0.1528458241896046,0.15906456273970596
Hagan_genotox,DTXSID50883325,"1-Hexadecanaminium, N,N,N-trimethyl-, 4-methylbenzenesulfonate (1:1)",0,0.039781282527379495,0.02289002595116014,0.023798526971144488,0.024464335211154282
Hagan_genotox,DTXSID50883380,"Ethanaminium, N,N,N-triethyl-, tetrafluoroborate(1-) (1:1)",0,0.3069050408275945,0.2690700256334315,0.2644908178679082,0.2605745331998351
Hagan_genotox,DTXSID50883421,"C.I. Acid Orange 20, monosodium salt",0,0.28931449301505197,0.33878166140092675,0.29048130429430064,0.31073790903036064
Hagan_genotox,DTXSID50883608,"Carbonodithioic acid, O-(3-methylbutyl) ester, potassium salt (1:1)",0,0.4178286001091221,0.5038970318171336,0.5751910949333351,0.6045030496377477
Hagan_genotox,DTXSID50883784,"1,3-Benzenedicarboxylic acid, 5-nitro-, 1-methyl ester",0,0.7987764485577112,0.9066373809755349,0.9204303360553262,0.9229121204566519
Hagan_genotox,DTXSID50883961,Calcium tartrate,1,0.5267903608431522,0.5687314461868404,0.529080872619029,0.5149976434460494
Hagan_genotox,DTXSID50883981,"Formic acid, cesium salt (1:1)",0,0.5117733705212135,0.6017549232243694,0.5982389579288173,0.589934202666162
Hagan_genotox,DTXSID50884271,"Benzenesulfonic acid, 4-[4,5-dihydro-3-methyl-4-[2-[4-methyl-3-[(phenylamino)sulfonyl]phenyl]diazenyl]-5-oxo-1H-pyrazol-1-yl]-, sodium salt (1:1)",0,0.247973699080872,0.27465171299362834,0.2604427720483606,0.2654772231680637
Hagan_genotox,DTXSID50884655,"2-Propenoic acid, 2-methyl-, 3-(chlorodimethylsilyl)propyl ester",0,0.39089027862456566,0.43075765517268866,0.5144458006876368,0.5124369150885595
Hagan_genotox,DTXSID50884731,".beta.-Alanine, N-dodecyl-, compd. with 2,2',2''-nitrilotris[ethanol] (1:1)",0,0.2550592121034708,0.27340573112525673,0.22529971665318257,0.24984917582371105
Hagan_genotox,DTXSID50885369,"1,3-Diazetidine-2,4-dione, 1,3-bis(3-isocyanatomethylphenyl)-",0,0.6045392240734437,0.6927587694827606,0.7691864205952189,0.7688841399790193
Hagan_genotox,DTXSID50885389,"Ethanesulfonic acid, 2-[[4-[3-(4-chlorophenyl)-4,5-dihydro-1H-pyrazol-1-yl]phenyl]sulfonyl]-, sodium salt (1:1)",0,0.3143368205380986,0.3323053915074395,0.3106871742147906,0.3177448067593717
Hagan_genotox,DTXSID50885607,"Propanamide, 2-hydroxy-N,N-dimethyl-",0,0.5250326847250298,0.5830542945646079,0.5252548909884586,0.5342402847181938
Hagan_genotox,DTXSID50886290,"3H-Indolium, 2-[[2-(4-methoxyphenyl)-2-methylhydrazinylidene]methyl]-1,3,3-trimethyl-, acetate (1:1)",0,0.4716516975671681,0.5527771789825212,0.47797015565783063,0.48553022241229904
Hagan_genotox,DTXSID50886477,"1-Propanaminium, 2-hydroxy-N,N,N-trimethyl-, formate (1:1)",0,0.3290011513888818,0.30089635399976106,0.3185363708080907,0.3215988534761607
Hagan_genotox,DTXSID50887909,"Benzenesulfonic acid, 3,3'-[carbonylbis[imino(3-methoxy-4,1-phenylene)-2,1-diazenediyl]]bis-, compd. with 2,2'-iminobis[ethanol] (1:2)",0,0.4492407293601,0.5625603284653397,0.448621526029781,0.4764027365698012
Hagan_genotox,DTXSID50887929,"Benzoic acid, 3,3'-[(2,5-dichloro-1,4-phenylene)bis[iminocarbonyl(2-hydroxy-3,1-naphthalenediyl)-2,1-diazenediyl]]bis[4-methyl-, 1,1'-bis(1-methylethyl) ester",0,0.058489583858963745,0.04554064173882786,0.04095610826460746,0.04314334607612108
Hagan_genotox,DTXSID50888638,"Phenol, 2-[4,6-bis(2,4-dimethylphenyl)-1,3,5-triazin-2-yl]-5-[3-[(2-ethylhexyl)oxy]-2-hydroxypropoxy]-",0,0.29056991285043393,0.31153666839838295,0.38281322910850896,0.3788879718246215
Hagan_genotox,DTXSID50888719,"Oxirane, 2,2'-[methylenebis[(2,6-dimethyl-4,1-phenylene)oxymethylene]]bis-",1,0.778758607286748,0.8302054633644755,0.8764185394203858,0.8651184720638878
Hagan_genotox,DTXSID50888951,"Carbonic acid, 2-methoxy-4-methylphenyl methyl ester",0,0.46572039223988093,0.5035404762216961,0.5296580176111876,0.5009026486811844
Hagan_genotox,DTXSID50889064,"Benzenebutanoic acid, 4-methyl-.gamma.-oxo-, compd. with 4-ethylmorpholine (2:1)",0,0.3517350024076935,0.3757537552403483,0.3555163635174039,0.35823818334980534
Hagan_genotox,DTXSID50889100,"Cyclohexanol, 4-(3-methylbutyl)-",0,0.3442479421370319,0.2861082641330465,0.2904932171625005,0.2671826385224209
Hagan_genotox,DTXSID50889165,"5H-Cyclopenta[h]quinazoline, 6,6a,7,8,9,9a-hexahydro-7,7,8,9,9-pentamethyl-",0,0.3542244314829135,0.37445762934584303,0.3387873279436662,0.3416966939123976
Hagan_genotox,DTXSID50889241,"1,3-Dioxolane-2-propanoic acid, 4-(hydroxymethyl)-2-methyl-, ethyl ester",0,0.4378628593649157,0.49693901406125596,0.43187688718377676,0.4525014397164153
Hagan_genotox,DTXSID50889302,"Benzene, 1-(decyloxy)-2-(1-methylpropyl)-4-(triphenylmethyl)-",0,0.12020792718304628,0.0955777772950935,0.10020432185650392,0.09385604107481293
Hagan_genotox,DTXSID50889307,"Furan, 5-(hexyloxy)tetrahydro-2,2-dimethyl-",0,0.11780402053657031,0.0804072690341766,0.11450970398946596,0.07881663494678111
Hagan_genotox,DTXSID50889443,"Ethanedioic acid, ammonium salt (1:2)",0,0.49910789283064044,0.5715846630935418,0.5137852549959896,0.5137111099171202
Hagan_genotox,DTXSID50889463,Diammonium tartrate,0,0.5183979453526845,0.564551923608327,0.5324376717237572,0.5227577238298259
Hagan_genotox,DTXSID50889509,"7-Amino-4-hydroxy-3-(4-(4-(sulfophenyl)azo)phenylazo)-2-naphthalenesulfonic acid, disodium salt",0,0.24984535984617093,0.3230940495840809,0.27357588410441486,0.29898622290225424
Hagan_genotox,DTXSID50889660,"Decanedioic acid, sodium salt (1:2)",0,0.24648353095903616,0.2588037347384263,0.28097079474913106,0.2720907637282204
Hagan_genotox,DTXSID50889701,C.I. Direct Red 239,0,0.1652281504799271,0.18673864902963225,0.17613462391456824,0.181912808423245
Hagan_genotox,DTXSID50889706,"Pentanedioic acid, lithium salt (1:2)",0,0.37715776428326747,0.3787539044600572,0.3528535171770019,0.3401896180641979
Hagan_genotox,DTXSID50889963,C.I. Reactive Blue 176,0,0.19810943478198276,0.278526667095051,0.2990935834431558,0.3329541719441173
Hagan_genotox,DTXSID50890554,Sodium caprolactamate,0,0.31874986105888176,0.3219996875424356,0.3138232935370627,0.31820690715821687
Hagan_genotox,DTXSID50890559,Strontium 2-ethylhexanoate,0,0.13494711706059973,0.13639298904297015,0.14409249860872342,0.14766850661925457
Hagan_genotox,DTXSID50890791,"Octadecanoic acid, 12-hydroxy-, barium salt (2:1)",0,0.1058208884079262,0.09235064669306686,0.0784671949040584,0.08641018651821325
Hagan_genotox,DTXSID50890796,"Acetic acid, yttrium(3+) salt (3:1)",0,0.49050803291439743,0.5259293251118421,0.5065365749257729,0.5141645662206452
Hagan_genotox,DTXSID50892018,Sodium D-glycero-D-guloheptanoate,0,0.556929016640895,0.622150981850612,0.5519379292444161,0.5720466006888424
Hagan_genotox,DTXSID60108450,"Phosphoric acid, P,P'-1,3-phenylene P,P,P',P'-tetrakis(2,6-dimethylphenyl) ester",0,0.4782559517951907,0.5419759505468229,0.5614971770477092,0.54418847128934
Hagan_genotox,DTXSID60152650,"Phenol, p-(3-methyl-2-butenyl)-",0,0.4844429409375591,0.5096987419062072,0.5853635329993333,0.5563728635891917
Hagan_genotox,DTXSID60156279,"4-Amino-5-hydroxynaphthalene-1,7-disulphonic acid",0,0.30489241024196473,0.30228145817342184,0.3484315418358266,0.3381294409113638
Hagan_genotox,DTXSID60162451,Methylcyclohexylacetate,0,0.4104845241404998,0.4839594161585458,0.4804573310723043,0.4870900527074978
Hagan_genotox,DTXSID60164697,"4-Pipecoline, 1-nitroso-",1,0.8352985963140037,0.9090867140683421,0.9153101756277312,0.9232218193715455
Hagan_genotox,DTXSID60166272,"Valeryl chloride, 5-chloro-",0,0.3352747421018362,0.38067605660470544,0.4494566731256128,0.47018427886759184
Hagan_genotox,DTXSID60170778,"Benzimidazole, 2-methyl-5-nitro-",1,0.8433372744648757,0.909114951402941,0.9248090894367583,0.921085673664147
Hagan_genotox,DTXSID60179908,4-Hydroxy-6-(3-sulphoanilino)naphthalene-2-sulphonic acid,0,0.21895065322174445,0.21633471647188615,0.20823360066407473,0.20833089488562803
Hagan_genotox,DTXSID60184012,3-(4-Amino-2-methylpyrimidin-5-ylmethyl)-5-(2-hydroxyethyl)-4-methylthiazole-2(3H)-thione,0,0.5088249472501964,0.6464195430196201,0.6039787671654859,0.6366605933266339
Hagan_genotox,DTXSID60184294,"Phosphinic amide, P,P-bis(1-aziridinyl)-N-ethyl-",1,0.40211532742310513,0.4299308865976168,0.39101396977683284,0.416206759638917
Hagan_genotox,DTXSID60184370,Diethylamino hydroxybenzoyl hexyl benzoate,0,0.21066572068099118,0.20247715004732078,0.2112869444465231,0.21189659809464598
Hagan_genotox,DTXSID60184850,"17H-Cyclopenta(a)phenanthren-17-one, 15,16-dihydro-7-methyl-",1,0.7880673114819569,0.8713206132278432,0.8581098604514735,0.8545420323006502
Hagan_genotox,DTXSID60185120,"3-Amino-2,4,6-triiodobenzoic acid",0,0.49834932396925025,0.587882425377917,0.6282056695630306,0.6424014605566056
Hagan_genotox,DTXSID60187104,"p-(2-(3,4-Dihydro-7-methoxy-4,4-dimethyl-1,3-dioxo-2(1H)-isoquinolyl)ethyl)benzenesulphonamide",0,0.3476283351593563,0.37294762928082537,0.37721097633756706,0.3713988037297537
Hagan_genotox,DTXSID60188898,"Trinonyl benzene-1,2,4-tricarboxylate",0,0.10297077584370445,0.07146483049155827,0.06709368850579449,0.06542226254814254
Hagan_genotox,DTXSID60189769,"2,6-Dichlorobenzoxazole",0,0.4623693691245185,0.5076630715209124,0.4969759237593765,0.49563959255693907
Hagan_genotox,DTXSID60190638,N-Nitrosoethylenethiourea,0,0.806300204549085,0.8999823382712631,0.9177741254694229,0.9216576689210645
Hagan_genotox,DTXSID60190673,"trans-5,6-Dihydro-5,6-dihydroxydibenz[a,h]anthracene",1,0.6398169689734771,0.7015433313265178,0.7057597802748873,0.6956575069890687
Hagan_genotox,DTXSID60192278,2-Acetyl-6-methoxynaphthalene,0,0.46454649501623546,0.5189413729329907,0.4924407427561223,0.4970757706351289
Hagan_genotox,DTXSID60192950,"Phenol, 4-amino-3-fluoro-",1,0.6782528681724451,0.7577610530360991,0.7875267364519442,0.7723862751155636
Hagan_genotox,DTXSID60196514,"1-Butanol, 4-(butylamino)-",0,0.27351112341866335,0.23269718689295513,0.20988602099260603,0.21241474002305757
Hagan_genotox,DTXSID60199904,Butyl(2-oxopropyl)nitrosamine,1,0.9464484919013536,0.9805206003274528,0.983865214453936,0.9840046908650794
Hagan_genotox,DTXSID6020010,Acetoxime,0,0.5992454644195425,0.7094899043949993,0.7019075335142292,0.702440698078568
Hagan_genotox,DTXSID60200145,"2-((4-(Bis(2-hydroxyethyl)amino)phenyl)amino)-5-((2-hydroxyethyl)- amino)-2,5-cyclohexadiene-1,4-dione",1,0.5691354464794999,0.6962779148063323,0.763292902318463,0.7737220692371002
Hagan_genotox,DTXSID6020062,2-Amino-4-nitrophenol,1,0.9019436286197342,0.9682006731164999,0.9735927908301583,0.9764932656799464
Hagan_genotox,DTXSID6020064,4-Amino-2-nitrophenol,1,0.9513121327631041,0.9885384293055915,0.989860999411461,0.991099012407051
Hagan_genotox,DTXSID6020066,"2-Amino-5-nitro-1,3-thiazole",1,0.8412872514982014,0.9178070020242738,0.9173657419423398,0.9153272308231531
Hagan_genotox,DTXSID6020068,2-Aminoanthraquinone,1,0.6191984522367492,0.7192164877030857,0.6726212765659688,0.6696493549975672
Hagan_genotox,DTXSID6020143,Benzoic acid,1,0.4648939520076693,0.5242205011294977,0.5173546810505937,0.5115322815721607
Hagan_genotox,DTXSID6020145,"1,4-Benzoquinone",1,0.4918956331233339,0.6664383515783366,0.5720690005136924,0.6296270789242401
Hagan_genotox,DTXSID6020147,"1,2,3-Benzotriazole",1,0.5016245525256515,0.5644626767621003,0.5266580239967674,0.52648259597654
Hagan_genotox,DTXSID6020193,HC Blue 2,1,0.8703963284890687,0.9523832819172089,0.9629896390070337,0.9667455162280375
Hagan_genotox,DTXSID6020199,Bromoethane,0,0.4344134374065309,0.5143769957683898,0.46670274603469397,0.5064135524684338
Hagan_genotox,DTXSID6020220,tert-Butylhydroquinone,1,0.24563106687758862,0.20904314741135843,0.24455048872276955,0.22133822058521982
Hagan_genotox,DTXSID6020222,N-Butylurea,0,0.37223452146427255,0.38380657986911654,0.36110883637195973,0.3608182495271815
Hagan_genotox,DTXSID6020224,gamma-Butyrolactone,1,0.38004195590108253,0.4426103429497026,0.4476937287994367,0.4470977819066813
Hagan_genotox,DTXSID6020276,3-Chloro-4-(dichloromethyl)-5-hydroxy-2(5H)-furanone,1,0.5378643994320047,0.6127531999897532,0.7211248255682721,0.7129541799790595
Hagan_genotox,DTXSID6020278,"1-Chloro-2,4-dinitrobenzene",1,0.8474870005288286,0.9371997462117619,0.9540301677010249,0.9534332441794534
Hagan_genotox,DTXSID6020301,Chlorodifluoromethane,1,0.5211405460424673,0.5741628629787342,0.5968778928426365,0.6044586998430951
Hagan_genotox,DTXSID6020309,3-(Chloromethyl)pyridine hydrochloride,1,0.5161598926717313,0.5642710511453505,0.5548120044780622,0.5495274550064528
Hagan_genotox,DTXSID6020355,Sodium cyclamate,0,0.39042787080695285,0.42640212713393216,0.4569100128034645,0.42654454393727
Hagan_genotox,DTXSID6020359,Cyclohexanone,1,0.3332728032633546,0.4010342549109338,0.3880293961580977,0.4047736268773107
Hagan_genotox,DTXSID6020430,"1,2-Dichlorobenzene",1,0.4963468517215537,0.537453953718337,0.5494714925584486,0.5215117432814628
Hagan_genotox,DTXSID6020432,"3,3'-Dichlorobenzidine",1,0.6617417934369093,0.7206222744323645,0.7242108689115841,0.71882398991126
Hagan_genotox,DTXSID6020436,Dichlorodifluoromethane,0,0.3956978198855627,0.4685088856200268,0.4657677063043752,0.4662501090235851
Hagan_genotox,DTXSID6020438,"1,2-Dichloroethane",1,0.7001370410749755,0.7905583041369938,0.7960489799578822,0.7862640017262774
Hagan_genotox,DTXSID6020480,Dimethoxane,1,0.44673009109946715,0.528839304058881,0.5218112501503409,0.5260139198796571
Hagan_genotox,DTXSID6020484,"3,3'-Dimethoxybenzidine-4,4'-diisocyanate",1,0.4826811804978593,0.5201747900445013,0.605511036954777,0.592329950231373
Hagan_genotox,DTXSID6020517,"1,2-Dimethylhydrazine dihydrochloride",1,0.4766495937383137,0.5230895446600884,0.5330322782074187,0.5233351865513467
Hagan_genotox,DTXSID60205418,Benzo(a)pyren-12-ol,1,0.7907107294472104,0.8758317051862244,0.8575559162069114,0.8613576395065308
Hagan_genotox,DTXSID6020569,"1,2-Epoxybutane",1,0.48750257895772814,0.4772163889103764,0.5507980855311708,0.5316161808296519
Hagan_genotox,DTXSID6020640,Formic acid 2-[4-(5-nitro-2-furyl)-2-thiazolyl]hydrazide,1,0.8770911594889936,0.9561185293523972,0.9332707725948001,0.9443333130715851
Hagan_genotox,DTXSID6020646,Furan,1,0.554623741366186,0.6321692642593209,0.6523953541375311,0.6264477849816129
Hagan_genotox,DTXSID6020648,Furosemide,0,0.2870568433239004,0.30351345876127783,0.2849322346583659,0.28637753446001074
Hagan_genotox,DTXSID6020692,Methenamine,1,0.5400171369984771,0.5684368840425053,0.6284647209915305,0.5671088829026868
Hagan_genotox,DTXSID6020694,Hexamethylphosphoramide,1,0.5488211181068977,0.6870661460364635,0.5694053797743592,0.6491315942967707
Hagan_genotox,DTXSID6020698,N-Hexylnitrosourea,1,0.7427175596280255,0.8484102040779646,0.8607760084933628,0.8690538319370456
Hagan_genotox,DTXSID60207038,"15H-Cyclopenta(a)phenanthrene, 12,17-dimethyl-",1,0.8998661791614803,0.9381691691916242,0.9294355074052869,0.9259267349632347
Hagan_genotox,DTXSID6020727,4-(2-Hydroxyethylamino)-2-(5-nitro-2-thienyl)quinazoline,1,0.8451519916800997,0.9308463001929247,0.9364015028619784,0.9348270757117799
Hagan_genotox,DTXSID6020773,Lead(II) acetate,1,0.4894651363233274,0.5007029496171307,0.48396628492093474,0.4884368181019787
Hagan_genotox,DTXSID6020775,Lead dimethyldithiocarbamate,1,0.550742713915203,0.6926053450517987,0.6417635202319057,0.6839969512747569
Hagan_genotox,DTXSID6020800,MeIQ,1,0.765741193267515,0.8640452947543547,0.8472885615217024,0.8545438397090009
Hagan_genotox,DTXSID6020802,Melamine,0,0.6047899375017103,0.6550175709904185,0.7083277861862239,0.6945921482875511
Hagan_genotox,DTXSID60208424,"4-Ethyl-2,3-dioxopiperazine-1-carbonyl chloride",0,0.3725295919446833,0.4056235700257739,0.5533874004349896,0.5428429096817308
Hagan_genotox,DTXSID6020850,N-Methyl-N-nitrosobenzamide,1,0.6893664579965947,0.8188397784163076,0.8679284393459435,0.8753948178977531
Hagan_genotox,DTXSID6020856,N-Methyl-2-pyrrolidone,0,0.4369973337218185,0.4756367084612682,0.45918375036551334,0.4649626057132408
Hagan_genotox,DTXSID6020981,2-Nitropropane,1,0.6129336899371466,0.7036310435427064,0.7422589812229267,0.7438246865022791
Hagan_genotox,DTXSID6020983,1-Nitropyrene,1,0.9424889466633797,0.9779758911377735,0.9781128496545799,0.9782065566005413
Hagan_genotox,DTXSID6020985,8-Nitroquinoline,1,0.9207621872458492,0.9661894089219137,0.9732563595511271,0.973136787925634
Hagan_genotox,DTXSID6020989,"1-Nitroso-5,6-dihydrouracil",1,0.6700292410217226,0.7609361390438344,0.812163144968754,0.8093574378451228
Hagan_genotox,DTXSID60210108,3-Methylquinoline,1,0.5478402096404084,0.6052847864105413,0.5676093655718127,0.566327204046354
Hagan_genotox,DTXSID6021030,N-Nitrosodiphenylamine,0,0.8327069216082471,0.9203480565731704,0.8963289956979769,0.9076042805638168
Hagan_genotox,DTXSID6021032,N-Nitrosodi-n-propylamine,1,0.9017066936708632,0.9592498902031243,0.9603363306811664,0.965784889357299
Hagan_genotox,DTXSID6021038,N-Nitrosoguvacoline,1,0.7625445813628492,0.8418677412056889,0.870900636173647,0.8698724251562945
Hagan_genotox,DTXSID60210441,Monalazone disodium,1,0.4065950496675011,0.4470033934148914,0.38920589518618476,0.3748038957524619
Hagan_genotox,DTXSID60210724,Fluvoxketone,0,0.27778322065724936,0.2849971208795762,0.24796967188663122,0.2574164680680478
Hagan_genotox,DTXSID60210784,"Benzofurazan, 7-(4-benzyl-1-piperazinyl)-4-nitro-, 1-oxide",1,0.8774413947613072,0.9481920238849618,0.9484597065839485,0.9487583224176704
Hagan_genotox,DTXSID6021082,C.I. Acid Orange 10,0,0.20416561667092037,0.22808381845427342,0.17700814103411763,0.18528799414935737
Hagan_genotox,DTXSID60211074,"beta-Alanine, N-butyl-N-nitroso-",1,0.9379434987626203,0.9744617173119042,0.9772372774801302,0.9774872697595439
Hagan_genotox,DTXSID6021111,N-Pentyl-N'-nitro-N-nitrosoguanidine,1,0.8913886594967747,0.9522639217696426,0.960274063179206,0.9600304757532764
Hagan_genotox,DTXSID6021117,Phenazone,0,0.4825774140279398,0.5059210426378997,0.5006623320361306,0.4941065120910631
Hagan_genotox,DTXSID6021165,Piperidine,0,0.38064142729151534,0.36718047870983916,0.40365285336796886,0.3749311277917067
Hagan_genotox,DTXSID6021292,Sulfisoxazole,0,0.6915318652700781,0.7693124427639244,0.7669288551098964,0.7572676510750842
Hagan_genotox,DTXSID6021325,Tetrafluoroethylene,0,0.46511415318723354,0.5300845280825887,0.5450788940589997,0.5204472635939641
Hagan_genotox,DTXSID6021375,Tricaprylin,0,0.5448576288521062,0.6282690924670855,0.6354392627967912,0.6269601462447915
Hagan_genotox,DTXSID6021379,"2,4,6-Trichloroaniline",1,0.5405434640098322,0.5993287100350365,0.6445452860416202,0.6283265000748234
Hagan_genotox,DTXSID6021402,"1,2,4-Trimethylbenzene",0,0.49849503743657,0.5321147414402794,0.5706886631942755,0.5330005649341562
Hagan_genotox,DTXSID6021450,C.I. Disperse Yellow 3,1,0.46515292589095947,0.5486357092847501,0.5134842736258013,0.5237234494551241
Hagan_genotox,DTXSID6021456,FD&C Yellow 6,1,0.21573478401249413,0.2414694681285016,0.1942837264688209,0.2138580039831275
Hagan_genotox,DTXSID6021458,HC Yellow 4,1,0.8100058335539967,0.9135665950895532,0.9369910355087797,0.94202967028003
Hagan_genotox,DTXSID6021583,"2,3-Butanedione",1,0.4776295172819635,0.604162854052509,0.5540304193796602,0.5764327564504445
Hagan_genotox,DTXSID6021618,4-Methylbenzoic acid,1,0.3443333776203592,0.3697798362540472,0.37214125923765035,0.36792022995642104
Hagan_genotox,DTXSID60216327,1-(3-Sulphonatopropyl)-2-vinylpyridinium,0,0.4058846153142108,0.44439327748921986,0.47050594472548274,0.45902526107828184
Hagan_genotox,DTXSID6021749,Tetramethylammonium chloride,0,0.39019004578345123,0.38723920810207263,0.45735484921208025,0.37386313379492675
Hagan_genotox,DTXSID6021793,1-Naphthol,1,0.7290980307620817,0.8218312634151271,0.8205022119555062,0.8151818280393518
Hagan_genotox,DTXSID6021828,Acetophenone,1,0.44279167491192545,0.503936714432566,0.47497852003898516,0.4806298040264649
Hagan_genotox,DTXSID6021872,4-Methylbenzenamine,1,0.757253980872827,0.8333677941341499,0.8389700085501253,0.8256008735575491
Hagan_genotox,DTXSID6021874,1-Bromopropane,1,0.34279202371571954,0.37553953518661937,0.34300953560278574,0.3572773608284807
Hagan_genotox,DTXSID6021878,Propylamine,0,0.3314425614734135,0.2978215803966806,0.29027806229939745,0.29423373991854546
Hagan_genotox,DTXSID6021901,Propyl acetate,0,0.33559334874080776,0.375715425928752,0.38093588056750805,0.3820209379620149
Hagan_genotox,DTXSID6021903,1-Bromobutane,0,0.294166564274446,0.3237157214593154,0.29538461319904524,0.3225709945437935
Hagan_genotox,DTXSID6021909,Diethylamine,0,0.4051018476287315,0.4287908026146436,0.47643969258075547,0.4113504194512861
Hagan_genotox,DTXSID6021953,Fensulfothion,0,0.3873631854247536,0.4201664153861691,0.3795752577176177,0.3860289811083309
Hagan_genotox,DTXSID6021959,"2,4,6-Tribromophenol",1,0.4961926764279252,0.5836323884318886,0.5676744326728603,0.5707481754282262
Hagan_genotox,DTXSID6022000,Ethanolamine,1,0.39326358811914536,0.36232359091989935,0.36597283779128736,0.35725269995523884
Hagan_genotox,DTXSID6022002,"2,6-Dimethyl morpholine",0,0.4407047745671699,0.4365895307126295,0.46287910232147295,0.4306061078927234
Hagan_genotox,DTXSID6022004,"1,3-Dichloropropane",1,0.4914934810240185,0.5055188682709227,0.51404232548589,0.4870847800720179
Hagan_genotox,DTXSID6022006,Hexyl acetate,0,0.05613724529202435,0.039317783797315466,0.0424220928092389,0.04429319451373643
Hagan_genotox,DTXSID6022056,"1,3-Dichlorobenzene",1,0.4128990925017419,0.42682694339306826,0.4473567650108494,0.41965376391587883
Hagan_genotox,DTXSID6022187,"2,3,6-Trimethylphenol",1,0.5028907961590975,0.5380470669521512,0.5760459361403725,0.539032027159407
Hagan_genotox,DTXSID60222160,Ethyl diphenylphosphinite,0,0.40621302011372556,0.4473971772882947,0.4114660791195089,0.4241881601385092
Hagan_genotox,DTXSID6022345,"o,p'-DDT",1,0.5120604839629541,0.5535963589050397,0.5500772050314554,0.5379216995269598
Hagan_genotox,DTXSID6022420,Dopamine,0,0.5209828099354957,0.5328058947893904,0.6250327982167766,0.594040010039403
Hagan_genotox,DTXSID6022422,"4,4'-Diaminobiphenyl methane",1,0.7868656354213363,0.8497051694358224,0.8555556767412075,0.8476896426150198
Hagan_genotox,DTXSID6022557,Adenine,0,0.6300082328836464,0.7242554105954798,0.7173276969851196,0.7159623916541215
Hagan_genotox,DTXSID60225818,"2,4-Dihydro-4-(4-(4-(4-methoxyphenyl)piperazin-1-yl)phenyl)-3H-1,2,4-triazol-3-one",0,0.48818763423379546,0.6323070390204822,0.5586876251181568,0.6088398474557195
Hagan_genotox,DTXSID6023028,Etidronic acid,0,0.32794369426899106,0.37784695156648135,0.3766707168201822,0.3844232419616011
Hagan_genotox,DTXSID6023155,Iodoquinol,0,0.5704332276037153,0.6522540824545683,0.6204781007797148,0.6213748365497728
Hagan_genotox,DTXSID6023157,Iohexol,0,0.4108420381021805,0.4750830458653256,0.5781599652152648,0.5896765099810312
Hagan_genotox,DTXSID60231671,"2-Ethylcyclopentane-1,3-dione",0,0.45068464723246726,0.5397217166916451,0.5360985455104389,0.5399900812780892
Hagan_genotox,DTXSID6023234,Mandelic acid,0,0.5053989585670119,0.5560416514838433,0.5492673652491558,0.5381258526097047
Hagan_genotox,DTXSID60232820,"Methyl 4-(((2,5-dichlorophenyl)amino)carbonyl)-2-nitrobenzoate",0,0.3336403324694455,0.41196810137081546,0.445673744053559,0.4622796781521646
Hagan_genotox,DTXSID60233397,((9-Oxo-9H-thioxanthen-2-yl)oxy)acetic acid,1,0.4981744002616413,0.5738737408562279,0.5244059660040704,0.5392778499476437
Hagan_genotox,DTXSID6023367,Nicotinyl alcohol,0,0.480250100314846,0.5192195584967285,0.5240652420664125,0.5249712838605481
Hagan_genotox,DTXSID6023602,Butanedioic acid,0,0.43047445370649795,0.4356792594176957,0.4146343355701585,0.39511937893542415
Hagan_genotox,DTXSID6023652,6-Thioguanine,1,0.6098798733498559,0.7461445614274234,0.6973662704638918,0.7318013047988718
Hagan_genotox,DTXSID60236883,"5,9-Dimethyldibenzo(c,g)carbazole",1,0.669612792764002,0.7388176469701669,0.7083572700837285,0.7062718228290484
Hagan_genotox,DTXSID60236984,2-[(5-Chloro-8-quinolinyl)oxy]acetic acid,0,0.4850581066859268,0.5357138151925626,0.5334604550864637,0.5380210023417523
Hagan_genotox,DTXSID6023733,Valproic acid,0,0.3598117096954713,0.3915168905952869,0.3606863834902779,0.3792771605693807
Hagan_genotox,DTXSID6023810,Benzethonium chloride,0,0.21486844593321963,0.17934803441143057,0.22165500461922183,0.2070919230923199
Hagan_genotox,DTXSID6023947,Carbon disulfide,0,0.5043318590468316,0.7031602326326087,0.5973630150651908,0.6828424361900979
Hagan_genotox,DTXSID60240602,"Tri(tridecyl) benzene-1,2,4-tricarboxylate",0,0.10297077584370445,0.07189931376309501,0.06824325852374374,0.06678626079408977
Hagan_genotox,DTXSID6024127,Heptane,0,0.10221122690484104,0.0638777112296936,0.09449553904994878,0.07182857122527884
Hagan_genotox,DTXSID6024200,m-Cresol,1,0.4646113453224306,0.4770492073786428,0.4784794502152872,0.45170394533151087
Hagan_genotox,DTXSID6024254,Phenanthrene,0,0.9390632432309428,0.9720472024881901,0.9706052065435614,0.9685397568732063
Hagan_genotox,DTXSID6024460,C.I. Solvent Yellow 1,1,0.8372412382882053,0.9169208505416285,0.8943569008724834,0.898788251412361
Hagan_genotox,DTXSID6024462,3-Aminobenzenesulfonic acid,1,0.2808539364321524,0.267140821472528,0.28772649031162323,0.2837403265773396
Hagan_genotox,DTXSID6024464,4-Aminobenzenesulfonic acid,0,0.2862505024754623,0.2679688331921221,0.29293945893768636,0.2841252305198411
Hagan_genotox,DTXSID6024591,Benzoyl peroxide,1,0.4403677687908338,0.5237694691261883,0.5093539267808663,0.519390503994316
Hagan_genotox,DTXSID6024597,Benzyl phenylacetate,0,0.36585746114562984,0.363620015245869,0.3801994573562643,0.3659908030085539
Hagan_genotox,DTXSID6024624,Bisphenol A diglycidyl ether,1,0.7780604424899614,0.8370265224924337,0.8752659343152329,0.8662749215234578
Hagan_genotox,DTXSID6024626,"1,2-Bis(tetrabromophthalimido)ethane",0,0.4994621956128216,0.7233115228882557,0.5883272310498605,0.7010273920118882
Hagan_genotox,DTXSID6024670,"1,2,3,4-Butanetetracarboxylic acid",0,0.4661398146241554,0.47520831282599524,0.4533628021288538,0.4248911512693214
Hagan_genotox,DTXSID6024676,Butyl acrylate,0,0.38244229147565384,0.40866277507921867,0.3812994204394287,0.3909507402631052
Hagan_genotox,DTXSID6024836,"3,7-Dimethyl-2,6-octadienal",1,0.45058046861840656,0.5792872997075004,0.5377988018111652,0.5708601307492954
Hagan_genotox,DTXSID6024838,C.I. Solvent Red 80,0,0.33008860025984377,0.38624971601231217,0.336307674318618,0.35901653463951394
Hagan_genotox,DTXSID6024880,Cyclohexene oxide,1,0.4048941301458022,0.39926008959828563,0.49766719154490685,0.46357501341480667
Hagan_genotox,DTXSID6024888,Cyclophosphamide monohydrate,1,0.6235207223027712,0.6605430862283929,0.6779041522957695,0.6646497270371735
Hagan_genotox,DTXSID6024913,Decane,0,0.09884506066118366,0.06367980566816255,0.10136129377322362,0.0657919927702716
Hagan_genotox,DTXSID6024915,Decyl methacrylate,0,0.04717825490271871,0.03400693125689096,0.03727016772221516,0.03870032069620855
Hagan_genotox,DTXSID6024917,Diacetone alcohol,0,0.2759314976533589,0.32254247254224966,0.3165730672036706,0.3304214172884617
Hagan_genotox,DTXSID6025010,"1,3-Dichloro-2-propanol",1,0.6848141998907241,0.7277851914372606,0.7276913237877607,0.7242152655967864
Hagan_genotox,DTXSID6025012,"2,3-Dichloro-1-propene",1,0.6843683794259122,0.7556648935994557,0.7305924965939772,0.7309067292916285
Hagan_genotox,DTXSID6025014,Benzal chloride,1,0.5763727334146442,0.6423178634148944,0.6490684258348106,0.622827239686257
Hagan_genotox,DTXSID6025018,Dicyclohexylamine,1,0.3139358933541126,0.29247740861779736,0.31778795449411945,0.2815223753382972
Hagan_genotox,DTXSID6025064,"2,4-Difluoroaniline",0,0.7448657057678797,0.8288364352369507,0.8451061603168063,0.8325925984037091
Hagan_genotox,DTXSID6025141,"1,3-Dimethylolurea",1,0.49736313386647596,0.5690427078661441,0.5820376734125342,0.5699017515080431
Hagan_genotox,DTXSID6025143,"2,3-Dimethylphenol",0,0.45917246683804325,0.4824326149550506,0.5212213653011678,0.4852476507418361
Hagan_genotox,DTXSID6025145,"2,5-Dimethylphenol",0,0.5013035726245828,0.537076946733528,0.5738646816427811,0.5375626705972399
Hagan_genotox,DTXSID6025220,1-Dodecanethiol,0,0.09742905574779459,0.09920123006216859,0.07905622905931499,0.10388602823505612
Hagan_genotox,DTXSID6025276,N-Ethyl-N-butylamine,0,0.2853218161070732,0.24232124477024217,0.2583064492508489,0.2548916445398037
Hagan_genotox,DTXSID6025309,Ethyl methanesulfonate,1,0.5923800354653744,0.6506145185573292,0.592128513066545,0.5951018304980664
Hagan_genotox,DTXSID6025355,Glutaraldehyde,1,0.3669464480941527,0.42746569007340884,0.4258954497672929,0.43129114628299065
Hagan_genotox,DTXSID6025434,6-Hydroxy-4(1H)-pyrimidinone,0,0.48846379755247105,0.5234918775286873,0.5096759501529328,0.5025460918048953
Hagan_genotox,DTXSID6025436,8-Hydroxyquinoline sulfate,1,0.5409519699517203,0.6132986798722105,0.5793046610784872,0.5861906697641095
Hagan_genotox,DTXSID6025438,Hydroxyurea,1,0.5158970706540803,0.549038884181506,0.6143577841139231,0.6115605299401716
Hagan_genotox,DTXSID6025480,Isopropyl glycidyl ether,1,0.5771250096626472,0.5868345111709082,0.6795453465000424,0.670070335997211
Hagan_genotox,DTXSID6025513,Malachite green oxalate,0,0.4646608003442923,0.565272331233429,0.502369183103217,0.5238424312182274
Hagan_genotox,DTXSID6025565,"Phenol, p-(methylamino)-, sulfate (2:1) (salt)",0,0.48390681114458295,0.5105962938098921,0.472845010037586,0.4529617694662725
Hagan_genotox,DTXSID6025567,Methyl 2-aminobenzoate,1,0.5099054770174273,0.5872739454118335,0.5846468233568224,0.5776891124615692
Hagan_genotox,DTXSID6025642,3-Nitro-p-toluic acid,1,0.820515419738118,0.9188600292935615,0.9408854638367977,0.9430704102461993
Hagan_genotox,DTXSID6025690,Musk ketone,1,0.5963875657580971,0.7351790970827813,0.6863201277214501,0.7032638061964026
Hagan_genotox,DTXSID6025692,Myrcene,1,0.446010259122717,0.5160433000923478,0.5236713496341002,0.5209881911251601
Hagan_genotox,DTXSID6025725,3-Nitroaniline,1,0.9110162609119703,0.9725920833391325,0.9768277658558504,0.979283816479426
Hagan_genotox,DTXSID6025773,"5-(4-Nitrophenyl)-2,4-pentadien-1-al",1,0.8527265335806334,0.9437780211684039,0.95792926226256,0.958384506560296
Hagan_genotox,DTXSID6025804,1-Octene,1,0.821414462031078,0.8899541878016614,0.8914690385353735,0.8825311099380381
Hagan_genotox,DTXSID6025806,Octyl methacrylate,0,0.057239261648361406,0.04344532547029295,0.047952718999630765,0.04979886809361269
Hagan_genotox,DTXSID6025808,C.I. Solvent Orange 2,1,0.28111358269896414,0.31798380383550834,0.27499610619166126,0.2953260792196274
Hagan_genotox,DTXSID6025983,Pyrogallol,1,0.5469525888390017,0.599965711931993,0.6294604398388736,0.5965629995999667
Hagan_genotox,DTXSID6025985,2-Methoxy-6-chloro-9-(4-diethylamino-1-methylbutylamino)acridine dihydrochloride,1,0.6071179305128714,0.6897464362756937,0.670429585879233,0.6791961354501884
Hagan_genotox,DTXSID6026080,Terephthalic acid,1,0.41859228307086305,0.47834920133376196,0.46877215334205063,0.4608069134128116
Hagan_genotox,DTXSID6026084,"4,5,6,7-Tetrabromo-1,3-Isobenzofurandione",0,0.49021764813301755,0.6914088658607844,0.5729360382932033,0.6489802022122982
Hagan_genotox,DTXSID6026298,m-Xylene,0,0.5406535416312838,0.5756919877449763,0.5637899420831454,0.5370540990244517
Hagan_genotox,DTXSID6026373,Cobalt(II) acetate,1,0.4838445476462445,0.5215161316801717,0.49947489592949595,0.5099990159193495
Hagan_genotox,DTXSID6026450,Tetraethyl orthosilicate,0,0.31362281189942465,0.2685824879605161,0.2678049358832713,0.25969480525979144
Hagan_genotox,DTXSID6026537,Isoascorbic acid,1,0.45987732695918143,0.5461352933811324,0.4479916817389529,0.45692326990562243
Hagan_genotox,DTXSID6026612,Isobutyl isobutyrate,0,0.3755064707855807,0.4323618069089725,0.4282628653787662,0.4362670979430898
Hagan_genotox,DTXSID6026795,"Hexanedioic acid, bis(1-methylheptyl) ester",1,0.12583245691619252,0.11148957182097918,0.12725751345235245,0.12354678794418035
Hagan_genotox,DTXSID6026797,"1,3,5-Trimethylbenzene",0,0.4826814047314844,0.49654332855728356,0.5079417902845877,0.47870583745002815
Hagan_genotox,DTXSID6026878,"2,2'-Thiobisethanol",1,0.45093233934206683,0.5801630446974084,0.5225122725761627,0.5800144154318446
Hagan_genotox,DTXSID6026901,Hexadecyl trimethyl ammonium chloride,0,0.03953280643383924,0.023633774934147495,0.024739071818494548,0.02580889474830675
Hagan_genotox,DTXSID6026905,2-(2-Ethoxyethoxy)ethyl acetate,0,0.3651306996923071,0.42482125829096945,0.4178990272567811,0.4295974534989226
Hagan_genotox,DTXSID6026955,"2H-3,1-Benzoxazine-2,4(1H)-dione",0,0.4407872768505001,0.48917877125243886,0.47441149561955126,0.47715819069611953
Hagan_genotox,DTXSID6027050,Sodium dimethyldithiocarbamate,1,0.5389860743238558,0.6744011175793171,0.6304599003545291,0.667216783544562
Hagan_genotox,DTXSID6027052,"2,6-Di-tert-butylphenol",0,0.23530309676192931,0.18981720775769176,0.20848539241873457,0.19093834927214903
Hagan_genotox,DTXSID6027131,"1H-1,2,4-Triazole",0,0.46042063048471094,0.4846639060091702,0.4393989375202092,0.43790642968155047
Hagan_genotox,DTXSID6027181,Isobutylbenzene,0,0.47935614968329565,0.5020098463825757,0.49281060056267245,0.4656341985850754
Hagan_genotox,DTXSID6027183,Dodecamethylcyclohexasiloxane,0,0.4754279160706449,0.5014387199360599,0.5562598806824723,0.508079802615465
Hagan_genotox,DTXSID6027260,"Octadecanoic acid, 1,2-ethanediyl ester",0,0.09081706649919812,0.07348489329172951,0.08231077987615236,0.08183304949811161
Hagan_genotox,DTXSID6027264,Ethylene glycol dinitrate,1,0.5497726554292875,0.6467884222742429,0.6379152530253149,0.616722101222737
Hagan_genotox,DTXSID6027266,Tridecane,0,0.10970660452199489,0.060643138968818865,0.0682378401359454,0.06044365905001286
Hagan_genotox,DTXSID6027268,Pentadecane,0,0.10895200480560696,0.06381353375072404,0.07680860446624439,0.06677812103719087
Hagan_genotox,DTXSID6027341,2-(2-Aminoethoxy)ethanol,0,0.3411948768570117,0.29823941482838146,0.3654703550466767,0.35800489827197807
Hagan_genotox,DTXSID6027343,4-tert-Butylbenzaldehyde,0,0.3235102152521834,0.35259547251046036,0.3661282195183542,0.3797482505275298
Hagan_genotox,DTXSID6027474,"2,3,4-Trichloro-1-butene",1,0.695578542674664,0.7569966218032217,0.7477247437923115,0.7420302023805799
Hagan_genotox,DTXSID6027503,Isophorone diamine,0,0.4081217355980941,0.38112708983025695,0.4210701869245807,0.34421156980224277
Hagan_genotox,DTXSID6027509,Methyl 3-mercaptopropionate,0,0.40110533258998854,0.4441339659481716,0.39595291547179473,0.4147819317602702
Hagan_genotox,DTXSID6027551,"Sodium 3,5-bis(methoxycarbonyl)benzenesulfonate",0,0.3233492407130349,0.3466739829588827,0.3449456963591618,0.33434907679392256
Hagan_genotox,DTXSID6027765,"2,2-Bis(((1-oxononyl)oxy)methyl)propane-1,3-diyl dinonan-1-oate",0,0.11898556456689653,0.10734157114035232,0.1253969159751955,0.11935337533741423
Hagan_genotox,DTXSID60278268,N-Phenylacrylamide,0,0.532984053694773,0.6067643376550365,0.7206815452062357,0.7087916452459142
Hagan_genotox,DTXSID6027842,"Zinc, bis(O,O-diisodecyl phosphorodithioato-.kappa.S,.kappa.S')-",0,0.15623394937202675,0.16233997342997453,0.14763891849012625,0.16193590849508535
Hagan_genotox,DTXSID6027923,Dodecylbenzenesulfonic acid,0,0.11582907096177487,0.0732175009879174,0.11179690527542618,0.0756182544845949
Hagan_genotox,DTXSID6027975,Stearyl methacrylate,0,0.056401003869724575,0.04039765051453051,0.04271287116275519,0.04520993464675407
Hagan_genotox,DTXSID6027979,"Benzenepropanoic acid, 3,5-bis(1,1-dimethylethyl)-4-hydroxy-, 2-[3-[3,5-bis(1,1-dimethylethyl)-4-hydroxyphenyl]-1-oxopropyl]hydrazide",0,0.21490912099302975,0.1875762117956594,0.17927147197000703,0.1771004236695294
Hagan_genotox,DTXSID6028028,Sodium 3-(allyloxy)-2-hydroxypropanesulphonate,0,0.4060788623631042,0.3964231835891376,0.37555841258804595,0.3598413059047383
Hagan_genotox,DTXSID6028995,Tetraethylene glycol diheptanoate,0,0.08611433371863485,0.07669119645069662,0.08640529794913161,0.08629864387045953
Hagan_genotox,DTXSID6029123,"2-Methyl-1,4-benzenediamine",1,0.8144571928562673,0.8903679095161591,0.9069322607495102,0.8986788284216667
Hagan_genotox,DTXSID6029127,Ethyl lactate,0,0.3744974930331863,0.4039237601296835,0.3429117690636265,0.35773836186381325
Hagan_genotox,DTXSID6029171,Cyclopentene,0,0.42093906843923495,0.4408933284813222,0.47926812107211725,0.45951038935936994
Hagan_genotox,DTXSID6029173,Dichloromethylphenylsilane,0,0.4447099643202422,0.47151936197345196,0.5026857141819,0.4678736747358047
Hagan_genotox,DTXSID6029177,Trifluoro(trifluoromethyl)oxirane,0,0.29679999475258145,0.27651756949117184,0.3406652527732669,0.2844323866022578
Hagan_genotox,DTXSID6029202,"Dimethyl 2,6-naphthalenedicarboxylate",0,0.5276713215113494,0.5877926417113147,0.5689640550089513,0.5609859377252897
Hagan_genotox,DTXSID6029204,"Ethanol, 2,2'-[(1-methylethylidene)bis(4,1-phenyleneoxy)]bis-",0,0.2547148700665222,0.22733749406592274,0.31748966552487007,0.2990464836406211
Hagan_genotox,DTXSID6029250,Vinylnorbornene,0,0.48761551436767164,0.5165783523341199,0.5594916974680543,0.5353055196775104
Hagan_genotox,DTXSID6029258,C.I. Pigment Orange 5,1,0.6420489680860823,0.7681532780216961,0.783686323630635,0.7972716129136419
Hagan_genotox,DTXSID6029597,Difluoromethane,0,0.4423437028168036,0.40106477073367186,0.47615132781190944,0.40785055268564346
Hagan_genotox,DTXSID6029626,"Formic acid, potassium salt",0,0.4936208273619284,0.5852564737380149,0.5799185078376018,0.5767831540308023
Hagan_genotox,DTXSID6029670,Bis(4-amino-3-methylcyclohexyl)methane,0,0.3716987286439595,0.3242743020744177,0.3155697062769754,0.2942300346646596
Hagan_genotox,DTXSID6030607,Acetal,0,0.3638255571093842,0.3490478538634745,0.42399985651517363,0.35546474208616674
Hagan_genotox,DTXSID6031255,DL-Alanine,1,0.4969283176718431,0.6126749623189915,0.5880607324226138,0.60834667607203
Hagan_genotox,DTXSID6031461,1-Butyl-3-methylimidazolium chloride,0,0.2888966539303888,0.2664477912827495,0.28000423651593886,0.2651945760130943
Hagan_genotox,DTXSID60318158,MLS000758486,0,0.4948293364429562,0.5582178772390726,0.5152395119418777,0.5227125629768222
Hagan_genotox,DTXSID60323626,3-phenylpropyl benzoate,0,0.23637037087777868,0.24298783003119082,0.24518234363836497,0.24670978801344737
Hagan_genotox,DTXSID6032510,Aspon,0,0.33026047517433094,0.3295737070743711,0.32328605742774835,0.32739645798273087
Hagan_genotox,DTXSID6032514,"1,2-Benzenedicarboxaldehyde",1,0.5275888269927114,0.6414150843459016,0.7065899008955646,0.7159112025702425
Hagan_genotox,DTXSID6032516,2-Hydroxyethyl octyl sulfide,0,0.10983729522466507,0.11513359861425822,0.07515289265398263,0.10178328861091791
Hagan_genotox,DTXSID6032722,"1,2,4-Triazole, sodium salt",0,0.46042063048471094,0.48508149167392367,0.43984866596586986,0.4380350326737064
Hagan_genotox,DTXSID6033241,Benzylacetone,0,0.45072877091536795,0.4794616790313481,0.44961271895713795,0.4385945067384378
Hagan_genotox,DTXSID6033825,3-(Trimethoxysilyl)-N-[3-(trimethoxysilyl)propyl]propan-1-amine,0,0.34537948391340617,0.32057571487423436,0.38236484804225584,0.373571917419753
Hagan_genotox,DTXSID6034554,Diquat,0,0.4643940382966146,0.521468869047089,0.48066510485884856,0.45613671790623744
Hagan_genotox,DTXSID6034924,Sodium trichloroacetate,1,0.5176618162463856,0.6202342355001583,0.608700263047263,0.6128295944067047
Hagan_genotox,DTXSID6034972,Thymol,1,0.47903220094061544,0.49353673520694724,0.48501951722475445,0.4562076521816505
Hagan_genotox,DTXSID6035106,4-Aminobutanoic acid,0,0.3009919875965009,0.3147541789985429,0.3093844527780692,0.32200191672351564
Hagan_genotox,DTXSID6035156,2-Phenylethyl propionate,0,0.3413086212428676,0.32982339802132704,0.34713421939537076,0.32746634823024806
Hagan_genotox,DTXSID6035491,Dioctyldimethylammonium chloride,0,0.04295159083990157,0.02634590712579706,0.030028817366109278,0.030480992977566707
Hagan_genotox,DTXSID6036205,"N,N'-Ethylenebis(12-hydroxyoctadecanamide)",0,0.0744353500726,0.05077151475181715,0.049917679834842965,0.04822730595564107
Hagan_genotox,DTXSID6036384,Tetradecyldimethylbenzylammonium chloride,0,0.14232703900941668,0.09708668378028751,0.09980946451762544,0.0921840899541388
Hagan_genotox,DTXSID60364039,"4,4'-Bis(methoxymethyl)-1,1'-biphenyl",0,0.4468817925478393,0.4584976934113494,0.45795471142366173,0.4415767394256795
Hagan_genotox,DTXSID6036831,4-Amino-4'-chlorobiphenyl,1,0.7936564562308085,0.8536706576600288,0.8316789026828545,0.8287914019323691
Hagan_genotox,DTXSID60371405,2-Fluoro-6-(trifluoromethyl)pyridine,1,0.3402135025317617,0.35377296160569977,0.35744707103694034,0.34753106759700564
Hagan_genotox,DTXSID6037564,Mefenpyr-diethyl,0,0.3311328944595617,0.36667737056565364,0.35002530054922937,0.3554111319783386
Hagan_genotox,DTXSID6037728,"2,3,4-Trihydroxbenzophenone",1,0.42825858532424027,0.4824944722299061,0.4498400299328314,0.457026849850864
Hagan_genotox,DTXSID6038798,"1,2-Diethoxybenzene",0,0.42156562012374593,0.42577514781373127,0.45863801657721387,0.43248909351308557
Hagan_genotox,DTXSID6038877,3-Hydroxy-2-naphthoic o-anisidide,0,0.3995450051766653,0.4438295689866549,0.4391002102447063,0.4373136628610749
Hagan_genotox,DTXSID60394134,4-decanoyloxybenzoic Acid,1,0.24601191393304447,0.23029619117022104,0.21532227496551623,0.21308779830677296
Hagan_genotox,DTXSID6040111,Ethyl butyrate,1,0.3441406349536216,0.3892483354592781,0.39162889668405615,0.39518022345106435
Hagan_genotox,DTXSID6040115,"2,5-Dimercapto-1,3,4-thiadiazole",0,0.40090235771960797,0.476981759103768,0.38683594952605854,0.41541114391498635
Hagan_genotox,DTXSID6040117,Ethyl formate,0,0.38115028225432374,0.45020735830231273,0.44771657734301745,0.4510549924354333
Hagan_genotox,DTXSID6040161,Ethyl valerate,0,0.2410296830455552,0.25564176269235256,0.26180620747944966,0.2667139321338487
Hagan_genotox,DTXSID6040163,"2,3,4,5-Tetrabromo-6-methylphenol",0,0.48225020444733974,0.5458794659564026,0.5630962719138437,0.5641054609163566
Hagan_genotox,DTXSID60402228,(6-Hydroxynaphthalen-2-yl)boronic acid,1,0.5718508137366696,0.6288085838113229,0.6183483916955558,0.6120249601198128
Hagan_genotox,DTXSID6040321,Chloramine-T,0,0.45490017971230245,0.5294799522479937,0.5072369895063064,0.5285072223544316
Hagan_genotox,DTXSID6040371,Fenaminosulf,1,0.4513465958657063,0.5529728310062184,0.47454448793695553,0.5005935456258682
Hagan_genotox,DTXSID6040375,"1,2-Butanediol",0,0.3769532775562178,0.3403101088628959,0.32795856613208435,0.32034012685792285
Hagan_genotox,DTXSID60404641,"Benzonitrile, 2-(diphenylphosphino)-",0,0.37649469806498487,0.4664599631261886,0.44132174796527907,0.4625255502427865
Hagan_genotox,DTXSID6040614,Sodium pyruvate,0,0.4837886134411032,0.5608449232050269,0.48787206661728,0.49882697182405106
Hagan_genotox,DTXSID6040959,Aflatoxin G1,1,0.5631915163326723,0.6905743157534866,0.6607699884542533,0.6703704055299259
Hagan_genotox,DTXSID6041137,Tetraethylammonium chloride,0,0.29265015535067346,0.2530784168133639,0.2564378767377825,0.24867675417103915
Hagan_genotox,DTXSID6041210,gamma-Terpinene,0,0.5096883043167749,0.5461498938492436,0.5653537854466355,0.5482877815250309
Hagan_genotox,DTXSID6041260,C.I. Solvent Red 135,0,0.45481422937095806,0.5403611291648347,0.5034403291677575,0.49590457352907896
Hagan_genotox,DTXSID6041262,Titanium(IV) n-butoxide,0,0.24529758386371134,0.1921572403302431,0.22808752259417894,0.2191982484005666
Hagan_genotox,DTXSID6041266,"1-Dodecanaminium, N-(carboxymethyl)-N,N-dimethyl-, inner salt",0,0.057168662545670046,0.04458948254706321,0.05003714441319887,0.0517325107352253
Hagan_genotox,DTXSID6041391,"2-Amino-4,5-dihydro-6-methyl-4-propyl-5-triazolo-(1,5-c)-pyramidin-5-one",0,0.4704928893101508,0.5139219899732587,0.5247654087806161,0.5164251045744193
Hagan_genotox,DTXSID6041420,2-Furancarboxylic acid,0,0.5145542248090803,0.6193781529959893,0.6090292226539283,0.6117295764351426
Hagan_genotox,DTXSID6041424,"2,6-Dimethyl-2-heptanol",0,0.15275162311059895,0.09933343770368706,0.09291339514371255,0.08488415882381443
Hagan_genotox,DTXSID6041476,3-[5-(Aminosulfonyl)benzoxazol-2-yl]-7-(diethylamino)coumarin,1,0.31232360550714017,0.3394831954523083,0.44927628055519103,0.4407251865266535
Hagan_genotox,DTXSID6041551,"6-tert-Butyl-2,4-xylenol",0,0.1610370360583278,0.10880043719133069,0.12295752417281709,0.11148990925581002
Hagan_genotox,DTXSID6041638,3-Phenyl-1-propanol,0,0.3877253580752649,0.37939597348396004,0.4222505344976309,0.3984861329005258
Hagan_genotox,DTXSID6041717,C.I. Acid Violet 43,1,0.43849822463410787,0.5370321326925578,0.44081091012267154,0.46259416370779766
Hagan_genotox,DTXSID6041719,"C.I. Acid Yellow 17, disodium salt",0,0.1611379025473997,0.15637027092409278,0.13368239546290595,0.13483116089078687
Hagan_genotox,DTXSID6041761,Cetylpyridinium chloride,0,0.20652435756349588,0.20505051836765542,0.18218074347623095,0.18373208691406925
Hagan_genotox,DTXSID6041763,Chloramine B,0,0.485638595672444,0.5854256186353396,0.5543925542052691,0.5725531661699752
Hagan_genotox,DTXSID6041892,Diphenylsulfone,0,0.49325271820508604,0.5942887687678442,0.586978733092174,0.5906371221464392
Hagan_genotox,DTXSID6042074,Isopropyl-o-cresol,1,0.4807984872077462,0.5103803134350685,0.5482667244995015,0.5119650931382878
Hagan_genotox,DTXSID6042107,Disodium manganese EDTA,0,0.41517681719074284,0.4452660244676103,0.41945535813017054,0.41870701966590085
Hagan_genotox,DTXSID6042151,Methyl cinnamate,1,0.38533694601357826,0.41742276763444974,0.5510269900819628,0.5304550683722927
Hagan_genotox,DTXSID6042232,Hydroxycitronellal,0,0.18285881672093884,0.20634108370771007,0.19732299137639986,0.2150820262825384
Hagan_genotox,DTXSID6042313,Potassium bitartrate,1,0.5245241019198902,0.568115970186709,0.533182571458663,0.5201659523545276
Hagan_genotox,DTXSID6042369,Rhodamine B,1,0.5329450228390423,0.6492548172211109,0.6125680285844598,0.6157971153146248
Hagan_genotox,DTXSID6042490,Triethoxymethylsilane,0,0.33847759293594204,0.3265929464063049,0.3003417571663185,0.30874395062798377
Hagan_genotox,DTXSID6042494,Trimethoxypropylsilane,0,0.29587015990355464,0.013959565426081849,1.1991577908379058e-122,2.16225772129062e-06
Hagan_genotox,DTXSID60435935,allyl 2-hydroxyisobutyrate,0,0.32410647021781674,0.3176639224627211,0.28349940053014644,0.2797418199395229
Hagan_genotox,DTXSID60436245,2-[(Acetyloxy)methyl]-4-(2-amino-6-chloro-9H-purin-9-yl)butyl acetate (non-preferred name),0,0.43412340489727147,0.46979732799534196,0.5051876510276186,0.4927526651539054
Hagan_genotox,DTXSID6043832,Improsulfan,1,0.5317942323663887,0.556416067291326,0.5381441460615434,0.5250290462254451
Hagan_genotox,DTXSID6043913,Carbadox,1,0.4107962120684367,0.4937659368002554,0.42013970451745597,0.4398182435578401
Hagan_genotox,DTXSID6044199,"2-Methyl-4,6-bis[(octylthio)methyl]phenol",0,0.1261617850307969,0.08766541501318918,0.08817227228328785,0.08608931851403694
Hagan_genotox,DTXSID6044353,Ethyl phenylacetate,0,0.3611901217521147,0.3668028053673924,0.3939388355649296,0.37060032920614033
Hagan_genotox,DTXSID6044355,Dibenzylamine,0,0.5098922200090837,0.5256005702940664,0.5699950181163013,0.5402601226968492
Hagan_genotox,DTXSID6044357,(4-Methoxyphenyl)methanol,1,0.4350451324955376,0.4396789444817817,0.479080956579109,0.4543376888102237
Hagan_genotox,DTXSID6044359,Pentadecan-15-olide,0,0.3515111748006811,0.4217187092580012,0.41720543699725715,0.4296948375585536
Hagan_genotox,DTXSID6044432,"1,8-Naphthalenediamine",1,0.7691786168365516,0.8408459683770525,0.8504516589539048,0.8460041193067033
Hagan_genotox,DTXSID6044436,3-Acetyldihydro-2(3H)-furanone,0,0.42898886891644067,0.5151393472063922,0.5069235543065832,0.5135135397817676
Hagan_genotox,DTXSID6044438,Tetrahydro-2H-pyran-2-one,0,0.435261354804414,0.5159082255581365,0.5095354174510541,0.5153411804693161
Hagan_genotox,DTXSID6044513,"3,7-Dimethyloctane-1,7-diol",0,0.1724631560302751,0.12755225769645806,0.1737090191503118,0.1336765321579633
Hagan_genotox,DTXSID6044515,Tetraethyleneglycol dimethacrylate,0,0.34997921780737856,0.3893302815234136,0.3950539696351249,0.3907512215805788
Hagan_genotox,DTXSID6044517,3-Methyl-1-phenyl-1H-pyrazol-5-amine,0,0.6563371724628059,0.710008240180312,0.7459559779346393,0.7369045098034692
Hagan_genotox,DTXSID6044563,"6H-Dibenzo[c,e][1,2]oxaphosphinine 6-oxide",0,0.5504392234469058,0.6225762860920302,0.5989215254876696,0.6041357741825262
Hagan_genotox,DTXSID6044565,"3,3'-[Oxybis(ethane-2,1-diyloxy)]dipropan-1-amine",0,0.23319235764695342,0.22037883371077938,0.27454011859200617,0.23156429993964886
Hagan_genotox,DTXSID6044567,3-(4-Methoxyphenyl)-2-methylpropanal,0,0.3994683552506249,0.4365126120809249,0.49157424620752804,0.4947232304888767
Hagan_genotox,DTXSID6044642,Disperse Red 82,0,0.8202237629729517,0.9079437115645139,0.9420362887982741,0.941246920289437
Hagan_genotox,DTXSID6044648,N-[3-(Trimethoxysilyl)propyl]aniline,0,0.40098198389849077,0.3985613283999845,0.4356592607567926,0.4130060222971485
Hagan_genotox,DTXSID6044694,"Benzoic acid, aluminum salt (3:1)",0,0.4648939520076693,0.5235536058211081,0.5128021889040623,0.5076552081885288
Hagan_genotox,DTXSID6044721,2-(Dimethylamino)-2-methylpropan-1-ol,0,0.31413694205404963,0.2882657689113639,0.2869920499388543,0.3016451804440487
Hagan_genotox,DTXSID6044725,Butyl hydroxyacetate,0,0.22261754357718214,0.2102621782401952,0.1743665068226742,0.18272876119595946
Hagan_genotox,DTXSID6044727,N-Cyclohexyl-N-methylcyclohexanamine,0,0.31200158618430124,0.30071140229672405,0.31170357342387156,0.29629995670675147
Hagan_genotox,DTXSID6044771,N-(4-Methyl-2-pentanylidene)hydroxylamine,0,0.5261759242652277,0.5888066516453037,0.5595408458237251,0.5694109949810773
Hagan_genotox,DTXSID6044773,Ethylene glycol phenyl ether methacrylate,0,0.40212204135796675,0.4396066513910335,0.47100084893872446,0.465761696858964
Hagan_genotox,DTXSID6044777,2-Hydroxy-1-[4-(2-hydroxyethoxy)phenyl]-2-methylpropan-1-one,0,0.38182885877813816,0.4237182184061412,0.4323227626113644,0.44580251155212053
Hagan_genotox,DTXSID6044779,"1,4-Butanediol diacrylate",0,0.3118273303171106,0.31908137206932247,0.4156083498566289,0.3995817841973323
Hagan_genotox,DTXSID6044804,N-(2-Hydroxyethyl)acetamide,0,0.4311672929723665,0.4651024595470888,0.42071865642299305,0.4345389769875874
Hagan_genotox,DTXSID6044808,3-(4-tert-Butylphenyl)propanal,0,0.3001680586869267,0.3071737575225401,0.35916378413566186,0.36478153678202235
Hagan_genotox,DTXSID6044850,"4,4'-Propane-1,3-diyldipiperidine",0,0.28323222697178224,0.23779803151384238,0.2667675420474828,0.23980404917913115
Hagan_genotox,DTXSID6044854,4-(Ethenyloxy)butan-1-ol,0,0.27860019997222185,0.26704587161367704,0.24630314485429916,0.24745004372600074
Hagan_genotox,DTXSID6044931,2-(tert-Butylamino)ethyl 2-methylprop-2-enoate,1,0.28684204884107406,0.30552460304736223,0.34125187440037047,0.3485406966618252
Hagan_genotox,DTXSID6044933,"1,3-Bis(isocyanatomethyl)cyclohexane",0,0.5360911231117207,0.5737103134168587,0.6811956995387307,0.6568146607545433
Hagan_genotox,DTXSID6044983,2-(2-Ethoxyethoxy)ethyl prop-2-enoate,1,0.41493278115196147,0.46309881675631887,0.4068275932765944,0.41672525699147694
Hagan_genotox,DTXSID6044985,{2-[2-(Ethenyloxy)ethoxy]ethoxy}ethene,0,0.3891848837525386,0.386288246899021,0.4518105677501425,0.4377072000860534
Hagan_genotox,DTXSID6044987,Phenyl phosphorodichloridate,0,0.419959962039462,0.46979965249197964,0.47060595065701505,0.4661007129140664
Hagan_genotox,DTXSID6045244,Niridazole,1,0.7800258207867309,0.8725107949582068,0.8990386490097162,0.9003527019479792
Hagan_genotox,DTXSID6045400,Ronidazole,1,0.7404359732802052,0.8288288765102121,0.87280062264974,0.87012236187911
Hagan_genotox,DTXSID6046397,Thiamine monophosphate,0,0.41488887041156924,0.5502737157845035,0.48111456725652263,0.5252978521330927
Hagan_genotox,DTXSID6046555,Climbazole,0,0.5640480170716361,0.6495770457159492,0.5917917500728949,0.601415286274874
Hagan_genotox,DTXSID60469235,"1,5,2,4-dioxadithiane 2,2,4,4-tetraoxide",1,0.5797205143380996,0.6415857968701998,0.6759023178981282,0.6358452011615697
Hagan_genotox,DTXSID6046975,"1-Propanol, zirconium(4+) salt",0,0.37323596166348766,0.31812980951530184,0.34148953439936225,0.3308620315531933
Hagan_genotox,DTXSID6047107,"3,5,5-Trimethylhexanal",0,0.18473950523859892,0.2220999564722578,0.2131162741416511,0.230958181131828
Hagan_genotox,DTXSID60471712,Triethylmethylammonium Tetrafluoroborate,0,0.3122470992669288,0.278865871142752,0.27083990355722837,0.2665840182547871
Hagan_genotox,DTXSID6047440,4-Isopropylbenzonitrile,0,0.38228058829837,0.41610246239257825,0.3921923766754643,0.39693564618538324
Hagan_genotox,DTXSID6047490,Linalyl isobutyrate,0,0.311045147472322,0.3582240483806385,0.3699480481513491,0.36687124429594226
Hagan_genotox,DTXSID6047523,Sodium 4-isopropylbenzenesulfonate,0,0.3288531137086422,0.3249785080179292,0.32123658690430307,0.3095818052475562
Hagan_genotox,DTXSID6047575,"3,3,4,4,5,5,6,6,6-Nonafluorohexene",0,0.23938364165304657,0.19366384249876903,0.2703748247000944,0.24559937117190844
Hagan_genotox,DTXSID6047602,Benzyl 2-methylpropanoate,0,0.40440591999235603,0.4244325561807985,0.45091267689365905,0.4247265121472846
Hagan_genotox,DTXSID6047604,2-Phenylethyl butanoate,0,0.36783864705311675,0.376545784461622,0.40251607644036325,0.379773034905796
Hagan_genotox,DTXSID6047656,9-Decen-1-ol,0,0.23655419833233207,0.22363987662015558,0.20487263794128763,0.20808520045685985
Hagan_genotox,DTXSID6047739,2-Chloropropane,1,0.5353383642061814,0.6009152223908129,0.5285554730119877,0.5611306437750899
Hagan_genotox,DTXSID6047945,Tetrabutylphosphonium bromide,0,0.25775587115091264,0.3488258355505751,0.29676687086151393,0.3578973356812997
Hagan_genotox,DTXSID6048202,Isopropyl phenyl ketone,0,0.4552406947442187,0.5214019255818291,0.49030778355030286,0.5001587053226166
Hagan_genotox,DTXSID6048208,Methyl 2-methylbenzoate,0,0.4100806768138214,0.44120970447010377,0.4059145537591431,0.4026488350196608
Hagan_genotox,DTXSID6048389,3-[(4-Amino-2-methyl-5-pyrimidinyl)methyl]-4-methyl-5-[2-(phosphonooxy)ethyl]thiazolium,0,0.41488887041156924,0.5547301753637904,0.48111456725652263,0.5285197107575031
Hagan_genotox,DTXSID6049307,9-Fluorenone,0,0.5425284939381688,0.6294388232122407,0.5879331498810597,0.5964665761593398
Hagan_genotox,DTXSID6049646,Sodium sesquicarbonate,0,0.5109255045437984,0.5219601611649262,0.5785572458758089,0.579396011972016
Hagan_genotox,DTXSID6051435,"2,3-Pentanedione",0,0.42173782319232317,0.5497997067803712,0.49931837070603136,0.5421284311846508
Hagan_genotox,DTXSID6051481,Dioctyl phosphonate,0,0.099324052625398,0.10828719710832142,0.07487811576835342,0.11292762027204852
Hagan_genotox,DTXSID6051512,Isobutyl phenylacetate,0,0.3657875768195579,0.36414787787261593,0.35388654217899135,0.3376655626667424
Hagan_genotox,DTXSID6051514,Trimethoxycyclotriboroxane,0,0.4701071834010602,0.5215253147694895,0.5598872747958946,0.5142998503793099
Hagan_genotox,DTXSID6051516,"2,6-Dimethylheptan-4-yl acetate",0,0.40100441110548074,0.4701481902739648,0.46955348678133085,0.47306802115852076
Hagan_genotox,DTXSID6051560,"1,3,5-Trimethyl-1,3,5-triazacyclohexane",1,0.5196412695608313,0.5210812351943831,0.5595553156875318,0.5275888778710565
Hagan_genotox,DTXSID6051566,Benzyltriphenylphosphonium chloride,0,0.4481985165890221,0.5133089045819585,0.4753512574789338,0.4924367074740965
Hagan_genotox,DTXSID6051691,C.I. Pigment Yellow 73,0,0.3796410028069274,0.4488801033830507,0.5140007888339757,0.5196445769883165
Hagan_genotox,DTXSID60516975,"2-Acetyl-1,2,3,6,7,11b-hexahydro-4H-pyrazino[2,1-a]isoquinolin-4-one",0,0.41887660823906464,0.4002844081666612,0.4054965338025565,0.3886699141842955
Hagan_genotox,DTXSID6051699,"N,N,N-Trimethylanilinium chloride",0,0.47622618216702134,0.5084963715816239,0.5401769517544526,0.5068555011711289
Hagan_genotox,DTXSID6051728,"Bis(2,4-di-tert-butyl-6-methylphenyl)ethyl phosphite",0,0.21355936000908002,0.18768153568914184,0.1885893263391362,0.1833295087460091
Hagan_genotox,DTXSID6051807,"1,1,1,3,5,5,5-Heptamethyl-3-octyltrisiloxane",0,0.10361880247508475,0.0711753651707168,0.0790540710368921,0.07426721672033257
Hagan_genotox,DTXSID6051851,"3,7-Dimethyloctyl acetate",0,0.2867404276406845,0.32201297381914884,0.32175180257053126,0.3311948141922186
Hagan_genotox,DTXSID6051857,"1,1,1,5,5,5-Hexamethyl-3-phenyl-3-(trimethylsilyloxy)trisiloxane",0,0.42409616568248465,0.43994954956636856,0.476234629858554,0.44473730880338674
Hagan_genotox,DTXSID6051930,[2-(1-Ethoxyethoxy)ethyl]benzene,0,0.3963714536439575,0.39077992612121043,0.3817791298479696,0.3563798947377046
Hagan_genotox,DTXSID6051986,2-Isocyanatoethyl methacrylate,0,0.5680209249917428,0.636418151811729,0.7011930722697697,0.6973308210358851
Hagan_genotox,DTXSID6052031,C.I. Pigment Orange 13,0,0.4504444378486346,0.5455031761796147,0.4525351783228157,0.4689711873626914
Hagan_genotox,DTXSID6052033,"1,1'-Propane-1,3-diylbis(3-octadecylurea)",0,0.13078037644690693,0.09930216162190571,0.10745427675499492,0.102560723957231
Hagan_genotox,DTXSID6052039,"4-(1-Ethoxyethenyl)-3,3,5,5-tetramethylcyclohexanone",0,0.3565936414533189,0.4264542090111512,0.4168117848215183,0.4311913766817934
Hagan_genotox,DTXSID6052081,"2,2'-Methanediylbis(6-cyclohexyl-4-methylphenol)",0,0.3116664659187344,0.2971938911562679,0.28709258452656844,0.28026984202375554
Hagan_genotox,DTXSID6052083,Pigment Yellow 147,1,0.42027593665838237,0.523309264470237,0.45762849701168556,0.4596708317260189
Hagan_genotox,DTXSID6052112,Diethoxymethane,1,0.4095940317807045,0.37155526265484523,0.3632351127302515,0.34991216301833306
Hagan_genotox,DTXSID6052114,4-Chlorobutyryl chloride,0,0.49001168531175904,0.565207865970459,0.6150678627075753,0.6313326403578285
Hagan_genotox,DTXSID6052166,C.I. Pigment Yellow 95,0,0.08394250877435668,0.08189748585056235,0.08706626480086872,0.09481546862327099
Hagan_genotox,DTXSID6052291,1-Methylimidazole,0,0.4631808604130064,0.5274507060888787,0.5450089562257869,0.5320734569388876
Hagan_genotox,DTXSID6052324,"Octahydro-4,7-methano-1H-inden-5-yl acetate",0,0.34602190300727625,0.40969575661074575,0.41005002113668126,0.41903837285537904
Hagan_genotox,DTXSID6052326,"Toluene-2,4-dimaleimide",1,0.5287939696558543,0.6412645403041851,0.7238812374944494,0.7205737148916879
Hagan_genotox,DTXSID6052376,2-tert-Butylcyclohexyl ethyl carbonate,0,0.27899771447545085,0.3131182630367122,0.3185998122865524,0.3217800607797843
Hagan_genotox,DTXSID6052405,5(or 6)-Methyl-7(or 8)-(1-methylethyl)bicyclo[2.2.2]oct-5-ene-2-carbaldehyde,0,0.3906322038472158,0.48389038828247316,0.45790166199315235,0.48181901004974187
Hagan_genotox,DTXSID6052453,"4-Benzylidene-2,6-di-tert-butylcyclohexa-2,5-dien-1-one",1,0.37906679005690513,0.4223092142383238,0.4906319131740767,0.4930243315144886
Hagan_genotox,DTXSID6052538,Diethoxy(dimethyl)silane,0,0.3225699569862872,0.3065217482785953,0.2887963907510771,0.29788664812786086
Hagan_genotox,DTXSID6052584,Biphenyl-2-yl methyl ether,0,0.4564157277490634,0.4834489879864643,0.49957286989209887,0.4881899082525886
Hagan_genotox,DTXSID6052588,3-Methyl-1-p-tolyl-5-pyrazolone,0,0.4680613880720294,0.4919967001085268,0.48818778408772195,0.48446794690329625
Hagan_genotox,DTXSID6052829,Sodium DL-lactate,1,0.5516764221897045,0.6184047493314959,0.5547492304032519,0.571030542209975
Hagan_genotox,DTXSID60556851,Bis(nonafluorobutyl)phosphinic acid,0,0.28458381718495634,0.3000688679215846,0.3192308611842213,0.3017599659236212
Hagan_genotox,DTXSID60556977,"1,1,1,3,4,4,4-Heptafluoro-3-(trifluoromethyl)butan-2-one",0,0.3710804420637992,0.47030749845736136,0.6546170158621348,0.6177199560864622
Hagan_genotox,DTXSID60558971,"N,N'-[Methylenedi(4,1-phenylene)]bis[N'-(4-methylphenyl)urea]",0,0.4082590541487566,0.41747839009023596,0.4032713664097021,0.3936264371494171
Hagan_genotox,DTXSID60561824,1-Methoxy-1-[(2-methylbutan-2-yl)peroxy]cyclohexane,0,0.43505962812411386,0.49088124224358015,0.5043906256213107,0.49005993491484895
Hagan_genotox,DTXSID6057588,Dehydrolinalool,0,0.2821680196905502,0.2822626955370558,0.3151479314894787,0.29254620004377746
Hagan_genotox,DTXSID6057617,6-Methoxy-alpha-tetralone,0,0.40947793704160906,0.45138169731511296,0.43505015099127703,0.4435219822695229
Hagan_genotox,DTXSID6057663,3-Phenyl-5-methylisoxazole-4-carbonyl chloride,0,0.4748821085472192,0.5277643468504042,0.5431758618198154,0.5427835099694867
Hagan_genotox,DTXSID6058003,Ethiprole,0,0.21119377944534448,0.21035908940535056,0.20438655019588836,0.20500505722807863
Hagan_genotox,DTXSID6058893,"Naphthalene, 1,4-dibromo-",0,0.6542708855534697,0.7350241815139399,0.7215979310719569,0.7158357940957377
Hagan_genotox,DTXSID6058924,"Benzoic acid, 2-benzoyl-",1,0.4024480369910546,0.4379058689727873,0.4198929991337006,0.4158051999263024
Hagan_genotox,DTXSID6059021,"Benzenesulfonic acid, 5-amino-2-(phenylamino)-",0,0.24234849404415368,0.24666431329580485,0.23478550151674504,0.2413044153831417
Hagan_genotox,DTXSID6059231,"4-Aminoazobenzene-3,4'-disulphonic acid",1,0.2826664049792342,0.3104760181566393,0.2603246147501191,0.26816186393046076
Hagan_genotox,DTXSID6059289,4-Nitrophenylacetic acid,1,0.9099429244377549,0.9701485892545688,0.9772640756545768,0.9781604517342393
Hagan_genotox,DTXSID6059360,"Benzene, 1-bromo-3-chloro-",0,0.36846188967632815,0.3740592488496852,0.38577393838311963,0.36455335368411745
Hagan_genotox,DTXSID6059522,Vanillic acid,0,0.40369996754579196,0.4409339969483559,0.38810988933761936,0.3890148487463085
Hagan_genotox,DTXSID60598337,"Strontium bis(7,7-dimethyloctanoate)",0,0.6500163414451539,0.7373308868947337,0.694283762474189,0.7116010328807599
Hagan_genotox,DTXSID6060000,4-Chloro-2-(trifluoromethyl)aniline,0,0.5077568917216807,0.5549508212487216,0.5910212303589956,0.5729014267272358
Hagan_genotox,DTXSID6060393,"Ethanedioic acid, potassium salt (1:2)",0,0.4890744883598542,0.5366088190935904,0.49308506275014663,0.48418342592535973
Hagan_genotox,DTXSID6060470,"1-Propene, 3,3'-thiobis-",1,0.5060149843809073,0.590615163792628,0.6079816327458244,0.6316687937468649
Hagan_genotox,DTXSID6060769,"1,4-Benzenedicarboxaldehyde",0,0.509216633230701,0.6178323874761092,0.6463991908218427,0.6465343206871711
Hagan_genotox,DTXSID6061026,Trichloro-p-tolylsilane,0,0.40159285751243745,0.4087487461682762,0.43180693952773114,0.4092925925456388
Hagan_genotox,DTXSID6061238,"Benzenesulfinic acid, sodium salt",0,0.45533069862941816,0.5644155929268643,0.516470154503912,0.5603963240359674
Hagan_genotox,DTXSID6061490,"Silane, tetraethenyl-",0,0.45352377938089977,0.5078484210766611,0.5238939572001312,0.513661205241628
Hagan_genotox,DTXSID6061810,"9,10-Anthracenedione, 1-hydroxy-4-[[4-[(methylsulfonyl)oxy]phenyl]amino]-",1,0.43524281155926675,0.5386453714145932,0.4615921571206012,0.4931816620076494
Hagan_genotox,DTXSID6061864,"Diselenide, diphenyl",1,0.5431759482640791,0.697676714362137,0.63552841270885,0.6758951948651544
Hagan_genotox,DTXSID60619152,"4,4'-(9H-Fluorene-9,9-diyl)bis(2-chloroaniline)",0,0.6233210428027892,0.6943301914459742,0.6821603402359084,0.6802641368012118
Hagan_genotox,DTXSID6061941,"4-Aminonaphthalene-1,8-dicarboximide",0,0.5927841113726143,0.6710321291580282,0.6615787682404942,0.6568719307670167
Hagan_genotox,DTXSID6062591,3-Phenylallyl chloride,0,0.5184850196241253,0.5746618026019717,0.6076461281400896,0.5847206045146683
Hagan_genotox,DTXSID6062620,"Benzenesulfonamide, 4-[3-(4-chlorophenyl)-4,5-dihydro-1H-pyrazol-1-yl]-",0,0.4298093106332712,0.48126295695627735,0.4511913868904867,0.46057503703499636
Hagan_genotox,DTXSID6062838,Diethyl (hydroxymethyl)phosphonate,0,0.4058073494715459,0.5330184444335474,0.48756422002699024,0.5317535391491015
Hagan_genotox,DTXSID6062969,N-(3-Aminopropyl)cyclohexylamine,0,0.43265511078022406,0.4125806907328969,0.39123561362728493,0.3895284031022308
Hagan_genotox,DTXSID6063143,5-Methylchrysene,1,0.9225601642266654,0.9555329735493295,0.9460212035205657,0.945545578855108
Hagan_genotox,DTXSID6063147,"1,7-Octadiene",0,0.3823303128448175,0.3762261861293847,0.39755835704795967,0.37043657332609775
Hagan_genotox,DTXSID6063436,"2-Propenoic acid, 3-(trimethoxysilyl)propyl ester",0,0.44130506449492213,0.4971595738695714,0.4702113166691156,0.4753766284686393
Hagan_genotox,DTXSID6063694,"2-Propanamine, N-hydroxy-",1,0.5048158149817964,0.5241733916691644,0.5225108310818092,0.5382593541565627
Hagan_genotox,DTXSID6064038,C.I. Pigment Red 57,0,0.4231012311907918,0.5161046409279645,0.45044066882678085,0.4726641931164386
Hagan_genotox,DTXSID6064084,-(4-((2-Chloro-4-nitrophenyl)azo)-N-(2-cyanoethyl)anilino)ethyl acetate,0,0.764118568921688,0.8679276040225371,0.9097088141825475,0.9096297759653198
Hagan_genotox,DTXSID6064088,"Bis(p-aminophenyl)-4-methylenecyclohexa-2,5-dienylideneammonium acetate",0,0.6086784932238285,0.7041394253575497,0.6998471996080307,0.7074583560579306
Hagan_genotox,DTXSID6064242,"2-Naphthalenesulfonic acid, 7-(acetylamino)-4-hydroxy-",0,0.2578069537806222,0.24115579676180107,0.2681345996643106,0.2588901962724945
Hagan_genotox,DTXSID6064294,"Acetamide, N-[3-(diethylamino)phenyl]-",0,0.43237141937981255,0.4603828019101435,0.4938416363583029,0.4828614404964629
Hagan_genotox,DTXSID6064537,"1,3-Propanediol, 2-[bis(2-hydroxyethyl)amino]-2-(hydroxymethyl)-",0,0.42388070604038086,0.4281190173535859,0.3854509323736159,0.3933466980309206
Hagan_genotox,DTXSID6064664,"2-Pentanone, 4-methyl-4-phenyl-",0,0.24864028984627418,0.2189057998016878,0.20514085169674864,0.199444049396876
Hagan_genotox,DTXSID6065393,"Octadecanamide, N-octadecyl-",0,0.082338199059682,0.07261618329791443,0.0793202353291287,0.08405253288756513
Hagan_genotox,DTXSID6065684,Lauryl laurate,0,0.03866356319920921,0.029735962834683206,0.03284002442027325,0.03492869143023228
Hagan_genotox,DTXSID60658041,"3',4',5'-Trifluoro[1,1'-biphenyl]-2-amine",0,0.5263348058559374,0.5837571067294737,0.5549485884116127,0.5494625645075658
Hagan_genotox,DTXSID6065921,Cyclohexylidenebis(tert-amyl) peroxide,0,0.370639938456145,0.3984995280782903,0.4280998940250587,0.4030953339911205
Hagan_genotox,DTXSID6065979,"9,10-Anthracenedione, 1,5-bis(cyclohexylamino)-",0,0.4073607189856853,0.4925073360394235,0.35793890651770316,0.37541331819707563
Hagan_genotox,DTXSID6066028,p-Phenylenediamine sulfate,0,0.8324878485932811,0.9056841896127809,0.9212907956063491,0.9144242262412948
Hagan_genotox,DTXSID6066232,"1-Propanesulfonic acid, 3-mercapto-, monosodium salt",0,0.21839560079319428,0.2433576958844974,0.20281868370383713,0.2325763447483995
Hagan_genotox,DTXSID6066369,"2,7-Dioxa-3,6-disilaoctane, 3,3,6,6-tetramethoxy-",0,0.41592170126940803,0.4320676812250665,0.489856512939993,0.43549726244522574
Hagan_genotox,DTXSID60670506,5-[(4-Ethylpiperazin-1-yl)methyl]pyridin-2-amine,1,0.48859423294747145,0.5351641333712784,0.4663730851093772,0.4792088623873279
Hagan_genotox,DTXSID6067206,Diisotridecyl adipate,0,0.08655906796346385,0.07915159455510544,0.08967477916902694,0.08858690106053203
Hagan_genotox,DTXSID6067331,6:2 Fluorotelomer sulfonic acid,1,0.1776204689094766,0.1388309361287475,0.17714450452580802,0.1486726564097115
Hagan_genotox,DTXSID6067385,"Phenol, 2-amino-5-chloro-",0,0.649414916529898,0.723487390161545,0.7697065362526784,0.7511120665023704
Hagan_genotox,DTXSID6067830,Hexyl laurate,0,0.035082102884438034,0.023024845266770715,0.02562305532166119,0.027833922519636015
Hagan_genotox,DTXSID6067884,"1,3-Cyclohexadiene-1-carboxylic acid, 2,6,6-trimethyl-, ethyl ester",0,0.33812149545710163,0.3879805355577879,0.38795676789838557,0.3940681629518576
Hagan_genotox,DTXSID6068014,C.I. Pigment Red 266,0,0.22051878731960542,0.2576393054209676,0.2408700600401105,0.25022737806076073
Hagan_genotox,DTXSID60680640,Ethyl N-[2-(chloromethyl)-1-methyl-1H-benzimidazole-5-carbonyl]-N-pyridin-2-yl-beta-alaninate,0,0.5933908269783148,0.657956100325385,0.6397622401358269,0.6286696998641466
Hagan_genotox,DTXSID6068147,"Ethanone, 1-[4-(2-methylpropyl)phenyl]-",0,0.4031374452586014,0.44861462060575713,0.4064767536730387,0.41361595663210265
Hagan_genotox,DTXSID6068513,"1-Ethyl-1,2-dihydro-6-hydroxy-4-methyl-5-((2-nitrophenyl)azo)-2-oxonicotinonitrile",0,0.569324685008348,0.6554262407647237,0.7227311619498845,0.7083445188090414
Hagan_genotox,DTXSID6068515,1-((4-Methoxy-2-nitrophenyl)azo)-2-naphthol,1,0.4324729357934871,0.5421168090924712,0.5512320468210133,0.575918241174668
Hagan_genotox,DTXSID6068725,C.I. Disperse Blue 148,1,0.7685829223754613,0.886632498466231,0.9126124064114176,0.9159539866760521
Hagan_genotox,DTXSID6068777,"Sulfamic acid, compd. with morpholine (1:1)",0,0.4786080728012972,0.5123739122493839,0.5635539753520078,0.5107205252779272
Hagan_genotox,DTXSID6068806,"Butanamide, N-(5-chloro-2-methoxyphenyl)-3-oxo-",0,0.4057690187363016,0.43799930936327297,0.4511856789069173,0.4439750205285848
Hagan_genotox,DTXSID6070275,"[1,1'-Biphenyl]-4,4'-diamine, N,N'-bis(3-methylphenyl)-N,N'-diphenyl-",0,0.4995603019784321,0.529031848724266,0.4907816759460641,0.4816140755574489
Hagan_genotox,DTXSID6070485,"Anthra[2,1,9-def:6,5,10-d'e'f']diisoquinoline-1,3,8,10(2H,9H)-tetrone, 2,9-bis(2-phenylethyl)-",0,0.4275367643844943,0.5481152418442523,0.46012213549333164,0.48995836473518706
Hagan_genotox,DTXSID6070510,2-(N-Methylperfluorobutanesulfonamido)ethyl methacrylate,0,0.24564613351309048,0.24384981067607536,0.3056225532512619,0.3002403349456291
Hagan_genotox,DTXSID6070647,"2-Anthracenesulfonic acid, 1-amino-4-[[3-[(benzoylamino)methyl]-2,4,6-trimethylphenyl]amino]-9,10-dihydro-9,10-dioxo-, monosodium salt",0,0.256074124261042,0.3024424994483865,0.25257989247368967,0.27225440301638626
Hagan_genotox,DTXSID6070930,"2-Anthracenesulfonic acid, 1-amino-4-[[4-[[(4-methylphenyl)sulfonyl]oxy]phenyl]amino]-9,10-dihydro-9,10-dioxo-, monosodium salt",0,0.16602840310913913,0.18676936348787054,0.16479037600471272,0.17220003231952233
Hagan_genotox,DTXSID6071459,"N-(2-((2,6-Dicyano-p-tolyl)azo)-5-(diethylamino)phenyl)methanesulphonamide",0,0.44047597390258114,0.522088750869253,0.5739793596193515,0.5653190262345619
Hagan_genotox,DTXSID6071538,"Phosphoric acid, monodecyl ester, potassium salt",0,0.07963841004861887,0.06811872312894067,0.0714058997290254,0.07520371244592584
Hagan_genotox,DTXSID6072421,"Ethanone, 1-(3-hydroxyphenyl)-2-[methyl(phenylmethyl)amino]-, hydrochloride",0,0.4515022356824474,0.5226250624402349,0.4886735889269549,0.5033241664063061
Hagan_genotox,DTXSID6072502,"5-((2,3-Dihydro-6-methyl-2-oxo-1H-benzimidazol-5-yl)azo)barbituric acid",1,0.43024048991146707,0.4935328296672732,0.4467810498236277,0.46023034250096634
Hagan_genotox,DTXSID6072687,"Methyl 4-cyano-5-((5-cyano-2,6-bis((3-methoxypropyl)amino)-4-methyl-3-pyridyl)azo)-3-methyl-2-thenoate",0,0.3903429163026571,0.4932377386884652,0.5272531945272797,0.5445503542158154
Hagan_genotox,DTXSID6072845,"(4-((4-(Diethylamino)phenyl)phenylmethylene)-2,5-cyclohexadien-1-ylidene)diethylammonium acetate",0,0.3555025697082567,0.4267386272231232,0.5414053105694921,0.5533020147219321
Hagan_genotox,DTXSID6072893,"(4-((4-Anilino-1-naphthyl)(4-(dimethylamino)phenyl)methylene)cyclohexa-2,5-dien-1-ylidene)dimethylammonium acetate",0,0.4291307982379613,0.5437065207092783,0.46979923822453235,0.5008586658060944
Hagan_genotox,DTXSID60732779,"1~4~-Butyl-3~4~-ethyl-2~2~-fluoro-1~1~,2~1~:2~4~,3~1~-terphenyl",0,0.23256133337388415,0.2157055305399086,0.22700272163657506,0.2166790373687705
Hagan_genotox,DTXSID60735801,"N-([1,1'-Biphenyl]-2-yl)-9,9-dimethyl-9H-fluoren-2-amine",0,0.4079653356939319,0.43233920224635797,0.40542039128564983,0.39982294932955914
Hagan_genotox,DTXSID6074330,"1,2,3-Propanetricarboxylic acid, 2-hydroxy-, bismuth(3+) salt (1:1)",0,0.44616813191881505,0.46431464909844267,0.5372316383832975,0.5145122706237181
Hagan_genotox,DTXSID6074332,"Peroxide, bis(4-methylbenzoyl)",0,0.41753196102335194,0.49767243764809627,0.4822074365866638,0.4942009435684802
Hagan_genotox,DTXSID6074592,"Carbonic acid, ethyl methyl ester",0,0.40587838252604574,0.46797397676963776,0.4798509910779143,0.46908429112146083
Hagan_genotox,DTXSID6074623,"9,10-Anthracenedione, 1,4-bis[(2-ethyl-6-methylphenyl)amino]-",0,0.4712873113002711,0.5789869536601217,0.4909565663098598,0.5113957764219053
Hagan_genotox,DTXSID6074629,"Trisiloxane, 1,5-diethenyl-3,3-bis[(ethenyldimethylsilyl)oxy]-1,1,5,5-tetramethyl-",0,0.4046413580394841,0.4270889352855575,0.46298042817182833,0.4379068728639132
Hagan_genotox,DTXSID60746295,"6,6â€²-[[3,3â€²-Bis(1,1-dimethylethyl)-5,5â€²-dimethoxy[1,1â€²-biphenyl]-2,2â€²-diyl]bis(oxy)]bis[dibenzo[d,f][1,3,2]dioxaphosphepin]",0,0.40510135626392874,0.43255390572727076,0.41067019866397625,0.4020061274631332
Hagan_genotox,DTXSID6074883,"Benzenepropanal, 4-(1-methylethyl)-",0,0.43888499115049795,0.5033519489203003,0.4948571683273584,0.5003553543515776
Hagan_genotox,DTXSID6074885,"1,3-Benzenedicarbonitrile, 2-[[4-(diethylamino)-2-methylphenyl]azo]-5-nitro-",1,0.6027626304244001,0.7185040977181889,0.7475397975221764,0.7458126322250581
Hagan_genotox,DTXSID6074889,"Phosphorus(1+), tris(N-methylmethanaminato)(phenylmethyl)-, (T-4)-, tetrafluoroborate(1-)",0,0.42806081410512187,0.4421550440576793,0.454761862303895,0.43137952726809375
Hagan_genotox,DTXSID6075190,"1,1'-Biphenyl, 4-(chloromethyl)-",0,0.5611194820671938,0.6064914385636161,0.6061110022783244,0.5952161559378194
Hagan_genotox,DTXSID60793709,"N,N,2,8-Tetramethyl-5,11-dioxa-2,8-diazatridecan-13-amine",0,0.3578395420880876,0.32204593798994746,0.38303290790214867,0.37744301204553915
Hagan_genotox,DTXSID60859935,"1-Butanol, 2-amino-",0,0.4181882313394034,0.39219653462265885,0.4023028499625972,0.4039179072118236
Hagan_genotox,DTXSID60862368,"Hexaneperoxoic acid, 2-ethyl-, 1,1-dimethylpropyl ester",0,0.3823305178911905,0.44782865217783835,0.4379538643394971,0.4490194988170489
Hagan_genotox,DTXSID60862984,Triethoxypropylsilane,0,0.2616543056166809,0.24420294420017433,0.24298320065547005,0.23745038880610628
Hagan_genotox,DTXSID60863057,"Butanedioic acid, 1,4-bis(2-ethylhexyl) ester",0,0.23586264680104777,0.24695075951024706,0.26425152372925603,0.25676613107065527
Hagan_genotox,DTXSID60863279,"Peroxide, bis(3,5,5-trimethyl-1-oxohexyl)",0,0.28062100609980406,0.3124113801382618,0.31956251049328427,0.321148295586741
Hagan_genotox,DTXSID60863411,C.I. Pigment Yellow 17,0,0.15874540284194752,0.17601545491548154,0.1631161735459428,0.16590457866728647
Hagan_genotox,DTXSID60863512,"Oxirane, 2-[(4-nitrophenoxy)methyl]-",1,0.7390110504039612,0.8335489305781042,0.884236015517209,0.8806111306119742
Hagan_genotox,DTXSID60863673,"2-Furanmethanol, 5-ethenyltetrahydro-.alpha.,.alpha.,5-trimethyl-",0,0.2767202812947706,0.29217703792979793,0.3135052368283733,0.29986365151576694
Hagan_genotox,DTXSID60863890,C.I. Pigment Orange 16,0,0.20845512815295653,0.23817006543721078,0.21704300767208196,0.22323354363847958
Hagan_genotox,DTXSID60864049,"2H-Azepin-2-one, 1,1'-(1,3-phenylenedicarbonyl)bis[hexahydro-",0,0.4189143783485774,0.4486984387015636,0.4436836204610452,0.4343158709394439
Hagan_genotox,DTXSID60864589,"3-Cyclopentene-1-acetonitrile, 2,2,3-trimethyl-",0,0.32485226248095345,0.3393619785335385,0.35056000238091434,0.33659789991612515
Hagan_genotox,DTXSID60864640,C.I. Pigment Orange 34,0,0.41878295661545634,0.5104838580030694,0.4319578035593625,0.4462373239418275
Hagan_genotox,DTXSID60865612,"2-â€‹[2-â€‹[1-â€‹[[(2,â€‹3-â€‹Dihydro-â€‹2-â€‹oxo-â€‹1H-â€‹benzimidazol-â€‹5-â€‹yl)â€‹amino]â€‹carbonyl]â€‹-â€‹2-â€‹oxopropyl]â€‹diazenyl]â€‹-benzoic acid",0,0.15361175673550473,0.15002683839086592,0.14346581699996416,0.15062824720801024
Hagan_genotox,DTXSID60867974,"3,5,5-Trimethylhexanoic acid, 2-ethylhexyl ester",0,0.1115077422901335,0.10806781710275827,0.11392011525227082,0.11993008593898835
Hagan_genotox,DTXSID60868724,"P,P-Bis(2,4,4-trimethylpentyl)phosphinic acid",0,0.27201403648588096,0.3134411850356056,0.2774578875984335,0.3175317447341767
Hagan_genotox,DTXSID60870302,"Propanoic acid, 3-[[bis(2-methylpropoxy)phosphinothioyl]thio]-2-methyl-",0,0.41433647280226976,0.46606307544786424,0.42777851290889163,0.4357098871548481
Hagan_genotox,DTXSID60870822,"Silane, trimethyl-",0,0.48940268447495866,0.5603577913739229,0.5821541339158254,0.5553963179868556
Hagan_genotox,DTXSID60870842,"Butanedioic acid, 2-acetyl-, 1,4-diethyl ester",0,0.35441709793310167,0.4096381650338243,0.4132378380206064,0.4113324367531807
Hagan_genotox,DTXSID60873919,6-Methylbenz[a]anthracene,1,0.730367722722566,0.8072457748928253,0.8028214577589085,0.8001483329350144
Hagan_genotox,DTXSID60874042,Basic Blue 99,0,0.46208079610139025,0.5469449578950416,0.5530454681943647,0.5533515832915525
Hagan_genotox,DTXSID60877972,"1,2-ETHANEDIOL, DIBENZOATE",0,0.35095246530270024,0.3627003485992287,0.36672502117915173,0.35691779456925277
Hagan_genotox,DTXSID60879799,HC Orange 3,0,0.7325592816747499,0.8582308935970188,0.8956055169546113,0.9044742581766334
Hagan_genotox,DTXSID60879810,Pigment Red 90:1,0,0.40785623093010753,0.4846813324282702,0.43173691247912727,0.42980669371146485
Hagan_genotox,DTXSID60880229,"Methyl 4-trifluoroethenoxy-2,2,3,3,4,4-hexafluorobutanoate",0,0.25462641196927616,0.2611022072894707,0.27436057760925353,0.2577159458418338
Hagan_genotox,DTXSID60881271,3-Nitrobenzanthrone,1,0.795075428535965,0.8692593525082675,0.9034741378326837,0.8970726218624212
Hagan_genotox,DTXSID60883437,C.I. Acid Orange 52,0,0.5230026631119243,0.6229468275662725,0.564780434338076,0.5811293294746822
Hagan_genotox,DTXSID60883518,"Butanedioic acid, 2-phenyl-",0,0.45340208856355485,0.47781557688741,0.44099388444049975,0.4141834963900451
Hagan_genotox,DTXSID60883598,"Butanedioic acid, 2,3-dihydroxy- (2R,3R)-, strontium salt (1:1)",0,0.538395076797114,0.5841116688851143,0.5445540654059978,0.5352324179763007
Hagan_genotox,DTXSID60883836,"Methanesulfonic acid, silver(1+) salt (1:1)",1,0.3799632683345708,0.39363786568261233,0.43720014848767735,0.39805943759907364
Hagan_genotox,DTXSID60884984,"Glycine, N-methyl-N-[(9Z)-1-oxo-9-octadecen-1-yl]-, compd. with 2,2',2''-nitrilotris[ethanol] (1:1)",0,0.07466725791213591,0.053908206490224604,0.04855618454163659,0.05015846178124277
Hagan_genotox,DTXSID60885355,"Carbonotrithioic acid, bis(phenylmethyl) ester",0,0.5294178643598033,0.6720345428542784,0.685594332740637,0.7402835928483595
Hagan_genotox,DTXSID60885537,"1-Octadecanol, 2-tetradecyl-",0,0.06888428567985035,0.031418278674572205,0.03378970582891783,0.030051904233202618
Hagan_genotox,DTXSID60886261,"1-Propanesulfonic acid, 2-methyl-2-[(1-oxo-2-propen-1-yl)amino]-, ammonium salt (1:1)",0,0.1787180256251639,0.17842152272200343,0.18823856635324518,0.18881107784201812
Hagan_genotox,DTXSID60886281,"1-Tetradecanol, 2-decyl-",0,0.07118409023501963,0.0397202646263333,0.04376032835008964,0.039764390561945806
Hagan_genotox,DTXSID60886362,"Benzoic acid, 2-amino-4-[[(2,5-dichlorophenyl)amino]carbonyl]-, methyl ester",0,0.3384547256516088,0.36502649553714944,0.4142000151737184,0.4087602531017221
Hagan_genotox,DTXSID60886367,"Pyridinium, 1-[2-[[4-[2-(2-chloro-4-nitrophenyl)diazenyl]phenyl]ethylamino]ethyl]-, acetate (1:1)",1,0.78092789932637,0.8823910830786685,0.9326165538094365,0.9332780579171153
Hagan_genotox,DTXSID60886483,"Butanedioic acid, 2-(2-octen-1-yl)-",0,0.2912201544360519,0.3001058839459911,0.2742377206100851,0.2755576811650713
Hagan_genotox,DTXSID60886625,"Butanedioic acid, 2-[(6-oxido-6H-dibenz[c,e][1,2]oxaphosphorin-6-yl)methyl]-, 1,4-bis(2-hydroxyethyl) ester",0,0.443694687297812,0.4677483502792828,0.5377154065131575,0.5186801135359671
Hagan_genotox,DTXSID60887773,"1,2-Cyclohexanedicarboxylic acid, 1,2-bis(2-methylpropyl) ester",0,0.3450663830304994,0.38366455839883457,0.4005041776375533,0.3922307340134939
Hagan_genotox,DTXSID60888048,"3-Cyclopentene-1-butanol, .beta.,2,2,3-tetramethyl-",0,0.2990661950521627,0.29452512633914596,0.2605341295372416,0.26306285442567967
Hagan_genotox,DTXSID60888169,"Benzonitrile, 4-hydroxy-3,5-dimethoxy-",0,0.46810880317427467,0.5380367631356225,0.5057828538321275,0.5168695666977693
Hagan_genotox,DTXSID60888563,"3-Furancarboxaldehyde, tetrahydro-",0,0.5173642628201092,0.6033429804823898,0.5913464837512529,0.6224889004405395
Hagan_genotox,DTXSID60888700,"2-Anthracenesulfonic acid, 1-amino-9,10-dihydro-9,10-dioxo-4-[[3-[(1-oxopropyl)amino]phenyl]amino]-, sodium salt (1:1)",1,0.21288265190254818,0.25585110029776936,0.22938725621652997,0.24673494554462283
Hagan_genotox,DTXSID60888962,"3H-1,2,4-Triazol-3-one, 2,4-dihydro-5-methoxy-4-methyl-",0,0.5201094962795202,0.7021425614289419,0.6169780239551655,0.6804520819897714
Hagan_genotox,DTXSID60889055,"Phosphinic acid, P-[3-(acetyloxy)-3-cyanopropyl]-P-methyl-, butyl ester",0,0.27906434543845354,0.2667436917927604,0.26114689916080547,0.2622415729996605
Hagan_genotox,DTXSID60889116,"Alanine, N-[5-(acetylamino)-4-[2-(2-chloro-6-cyano-4-nitrophenyl)diazenyl]-2-methoxyphenyl]-N-(2-methoxy-2-oxoethyl)-, methyl ester",1,0.4928099611775505,0.6312165099274991,0.6712440453006255,0.6899899437846576
Hagan_genotox,DTXSID60889252,"2H-1,5-Benzodioxepin-3(4H)-one, 7-(1-methylethyl)-",0,0.4797171679504535,0.5500002225667423,0.5100474681567583,0.528369798840043
Hagan_genotox,DTXSID60889393,"Chromic acid (H2Cr2O7), compd. with pyridine (1:2)",1,0.4724540418122379,0.5114886866490546,0.45993024364707097,0.45731436883725546
Hagan_genotox,DTXSID60889651,"Disodium 1,2-benzenedicarboxylate",0,0.4837619269181337,0.5405182790943993,0.534264974801228,0.5176370913575966
Hagan_genotox,DTXSID60889696,"Benzenesulfonic acid, 2,2'-(1,2-ethenediyl)bis[5-[[4-[(3-amino-3-oxopropyl)(2-hydroxyethyl)amino]-6-(phenylamino)-1,3,5-triazin-2-yl]amino]-, sodium salt (1:2)",0,0.3148802090673683,0.3264961087588854,0.42426854258620383,0.4149248580845186
Hagan_genotox,DTXSID60889833,"L-Cystine, sodium salt (1:2)",1,0.4878973928054135,0.5967060305855926,0.5674048129301621,0.5943308043500566
Hagan_genotox,DTXSID60889999,"2,7-Naphthalenedisulfonic acid, 3-[2-[2,4-bis(2-methylphenoxy)phenyl]diazenyl]-4-hydroxy-5-[[(4-methylphenyl)sulfonyl]amino]-, sodium salt (1:2)",0,0.23855333023556727,0.27666446281962126,0.2228210252774286,0.23438537824566888
Hagan_genotox,DTXSID60890065,"2-Naphthalenesulfonic acid, 6-amino-5-[2-[4-[(2-bromo-1-oxo-2-propen-1-yl)amino]-2-sulfophenyl]diazenyl]-4-hydroxy-, sodium salt (1:2)",1,0.33092504396858796,0.39724263673102705,0.42605093187927084,0.4453066535622767
Hagan_genotox,DTXSID60890262,"2-Anthracenesulfonic acid, 1-amino-4-[[3-[[4-chloro-6-[(3-sulfophenyl)amino]-1,3,5-triazin-2-yl]amino]-2,4,6-trimethyl-5-sulfophenyl]amino]-9,10-dihydro-9,10-dioxo-, sodium salt (1:3)",0,0.14412337010685425,0.15467613789861587,0.13244305052980007,0.145416843999381
Hagan_genotox,DTXSID60890464,"2-Naphthalenesulfonic acid, 7-[[4-chloro-6-(dodecylamino)-1,3,5-triazin-2-yl]amino]-4-hydroxy-3-[2-[4-[2-(4-sulfophenyl)diazenyl]phenyl]diazenyl]-, sodium salt (1:2)",0,0.22705023294972673,0.2960063531971275,0.38964442863644644,0.3913848757024485
Hagan_genotox,DTXSID60890500,"Benzoic acid, barium salt (2:1)",1,0.4648939520076693,0.5235484302102066,0.5125146744818373,0.5073611553896474
Hagan_genotox,DTXSID60890601,"Carbonic acid, praseodymium(3+) salt (3:2)",0,0.5058508303737889,0.5272799124243974,0.5912006301746007,0.5863688275205623
Hagan_genotox,DTXSID60890944,"Benzoic acid, 3-methyl-, barium salt (2:1)",1,0.3772372231569073,0.4006024178986162,0.37664485385014596,0.3771236386814973
Hagan_genotox,DTXSID60891037,"Benzenesulfonic acid, 4-[2-[1-[[(2-chlorophenyl)amino]carbonyl]-2-oxopropyl]diazenyl]-3-nitro-, calcium salt (2:1)",0,0.2763427955639371,0.31459014605934504,0.35133888147638176,0.35189210848468805
Hagan_genotox,DTXSID60892009,Dipalmitoylethyl dimonium chloride,0,0.06351001246690308,0.04967211896898934,0.058118100085450236,0.05852116386604934
Hagan_genotox,DTXSID70145795,"N,N-Naphthaloylhydroxylamine",1,0.5849212336779788,0.6444714584215488,0.7185505362680176,0.7039467171781894
Hagan_genotox,DTXSID70151952,4-Amino-2-nitrodiphenylamine-2'-carboxylic acid,1,0.6798859353843375,0.7918205437266165,0.8018133790396194,0.810721342694706
Hagan_genotox,DTXSID70157954,2-Propylvaleronitrile,0,0.31685217956611994,0.34259875083312874,0.30468345866570196,0.33066054562471603
Hagan_genotox,DTXSID70162785,Tritylolmesartan medoxomil,0,0.31873804131447053,0.31677487584455005,0.302608452418661,0.2917742878958542
Hagan_genotox,DTXSID70165852,Cesium bicarbonate,0,0.5089190656423435,0.5289494579077436,0.5646093514950197,0.5542594015241896
Hagan_genotox,DTXSID70167573,"Pentylamine, N-butyl-N-nitroso-",1,0.9773458991864971,0.9921124061641895,0.9921065040211072,0.9928676748681307
Hagan_genotox,DTXSID70173811,"Anthracene, 9-chloro-10-chloromethyl-",1,0.6233339143355243,0.7144526265426477,0.7055803889115966,0.7042939301891638
Hagan_genotox,DTXSID70175491,6-(Hydroxymethyl)benzo(a)pyrene,1,0.8239516005866859,0.8999627002155389,0.8980963757586875,0.8987002943782979
Hagan_genotox,DTXSID70176423,"Benzenamine, 4-(9H-pyrido(3,4-b)indol-9-yl)-",1,0.6396325495103896,0.7086810550558477,0.6956753356184374,0.697012676926095
Hagan_genotox,DTXSID70177819,"1-Naphthonitrile, 5-nitro-",1,0.8507702748766878,0.9250349423074131,0.9385586889556752,0.9368128049421554
Hagan_genotox,DTXSID70178881,"Anthracene, 9-bromomethyl-",1,0.7114571913683151,0.8011441230368715,0.7915078118454275,0.7903102857187623
Hagan_genotox,DTXSID70181017,6-Chrysenamine,1,0.8802183090310907,0.9264014282457224,0.9079829856150353,0.9078991937785043
Hagan_genotox,DTXSID70181198,Thioacetamide-S-oxide,1,0.5264054794243719,0.6798116734870346,0.6208752166492727,0.6687298371109497
Hagan_genotox,DTXSID70181557,"N-Methyl-7H-dibenzo(c,g)carbazole",1,0.8517871336686013,0.9132520801746451,0.902084065728657,0.9030906493060477
Hagan_genotox,DTXSID70187074,3-Methylcholanthrene-1-one,1,0.9480055949936433,0.9804785779441927,0.9750179905778872,0.9744903823651448
Hagan_genotox,DTXSID70188304,Trimethylnitrosourea,1,0.8790373413988889,0.9548976967562055,0.9386504427534957,0.9457676179744686
Hagan_genotox,DTXSID70194041,"3-(2-Chloroethyl)-2-methyl-4H-pyrido(1,2-a)pyrimidin-4-one",1,0.48783581380803004,0.5339422902498888,0.5912937196102205,0.5790360823626846
Hagan_genotox,DTXSID70194945,4-tert-Butylbenzonitrile,0,0.28587623444364635,0.28580791189833304,0.28026048068917103,0.28646577505471393
Hagan_genotox,DTXSID70196560,2-Chloro-4'-fluoroacetophenone,0,0.45435400930939024,0.5437882887184656,0.49802659217330963,0.5189868975987343
Hagan_genotox,DTXSID7020001,2-Amino-alpha-carboline,1,0.781427211958888,0.842272898877063,0.8442890295101911,0.8381042500223564
Hagan_genotox,DTXSID7020005,Acetamide,1,0.5028402783943926,0.5720601132414245,0.582538931460279,0.5707506776945391
Hagan_genotox,DTXSID7020009,Acetonitrile,1,0.4529127961025445,0.5432606978698238,0.5385428312296493,0.5415344338661858
Hagan_genotox,DTXSID7020053,3-Amino-4-ethoxyacetanilide,0,0.553647653346507,0.6178793917591144,0.6762305294802174,0.6654156119752531
Hagan_genotox,DTXSID7020057,1-Amino-2-methylanthraquinone,1,0.5191201069931254,0.6088423985658018,0.5668756522126094,0.5656141210457637
Hagan_genotox,DTXSID70201062,"1-(2,6-Dimethylphenoxy)acetone",0,0.4408956703999313,0.47032525119070795,0.4450073826099647,0.43979626501932617
Hagan_genotox,DTXSID7020130,Barium acetate,0,0.49050803291439743,0.525922930464119,0.5065582352757251,0.5141909871215368
Hagan_genotox,DTXSID7020138,Benzidine dihydrochloride,1,0.7825345086997114,0.8386963767300216,0.8374818388059988,0.8334790861507905
Hagan_genotox,DTXSID7020182,Bisphenol A,0,0.36248084757739724,0.38527798683608244,0.41558370041319104,0.3957555359465754
Hagan_genotox,DTXSID7020184,C.I. Direct Black 38,1,0.8181662335718064,0.943138202512973,0.9040828439261723,0.921268457516577
Hagan_genotox,DTXSID7020186,C.I. Direct Blue 15,1,0.2092206202750477,0.2703772700247285,0.22932033311325906,0.25632419772151555
Hagan_genotox,DTXSID7020188,C.I. Disperse Blue 1,1,0.5538467148590899,0.6544467079445894,0.6514243329099642,0.6638424070320523
Hagan_genotox,DTXSID7020211,"2,6-Di-tert-butyl-4-(hydroxymethyl)phenol",0,0.16389904962558907,0.11174858898633344,0.14464502687643938,0.1323111359619835
Hagan_genotox,DTXSID7020213,N-Butyl-N'-nitro-N-nitrosoguanidine,1,0.9506563853355475,0.9799035005281609,0.9825938615914529,0.9820799430639257
Hagan_genotox,DTXSID7020261,Chloral hydrate,1,0.5122551035825308,0.6019975801832498,0.6003186239552898,0.5949169319014264
Hagan_genotox,DTXSID7020263,Chlorambucil,1,0.5359567631192225,0.5914763376696394,0.5825793360371869,0.575191559139521
Hagan_genotox,DTXSID70203288,Galangin,1,0.5905502884929422,0.6944052993783698,0.6396704167220049,0.6432118723961388
Hagan_genotox,DTXSID7020348,Coumarin,1,0.6423758790738875,0.7151084565022416,0.7351560471080655,0.7233997920165484
Hagan_genotox,DTXSID70203829,(3H)-Benzofuran-2-one,0,0.532983861850672,0.583684872737147,0.5843657768030445,0.575521331610446
Hagan_genotox,DTXSID70203849,2-Methyl-5-hydroxyethylaminophenol,1,0.4502029685772542,0.46292685482920337,0.5146654144094803,0.4915581132293935
Hagan_genotox,DTXSID7020390,"N,N'-Diacetylhydrazine",0,0.48670953609125917,0.5176528203429387,0.4812406320871616,0.47185227012004244
Hagan_genotox,DTXSID7020392,Diallyl phthalate,1,0.419636541518661,0.45396024630621007,0.5147792801751675,0.49783971812104605
Hagan_genotox,DTXSID7020396,"4,6-Diamino-2-(5-nitro-2-furyl)-s-triazine",1,0.8723235746191943,0.9396999090071327,0.9360759631431651,0.9376796312115112
Hagan_genotox,DTXSID7020398,C.I. Oxidation Base 12A,0,0.8069462768850525,0.883215737641574,0.9031119466010172,0.8941070071395062
Hagan_genotox,DTXSID7020425,Dichlone,0,0.5160842921526817,0.6320936589214438,0.6746361086296758,0.6809512778872359
Hagan_genotox,DTXSID7020427,"2,6-Dichloro-1,4-benzenediamine",1,0.5811725096953427,0.6460758499212941,0.7120928230256295,0.6954645090181154
Hagan_genotox,DTXSID7020479,Dimethoate,1,0.5335774295672772,0.6244331380881599,0.598283585299232,0.6156129048479326
Hagan_genotox,DTXSID7020556,Trisodium ethylenediaminetetraacetate,0,0.4252897006219669,0.45017637542114564,0.4316738982028347,0.42606211236593455
Hagan_genotox,DTXSID7020681,Heptylamine,0,0.0926438535642994,0.053898293196696305,0.054183737970629337,0.05374257563274212
Hagan_genotox,DTXSID70206870,"Formamide, N-(4-(5-nitro-2-thienyl)-2-thiazolyl)-",1,0.8064584519839527,0.8975723506843193,0.9079401641637622,0.9070937369315138
Hagan_genotox,DTXSID70206875,"Acetamide, N-(4-(4-nitro-2-thienyl)-2-thiazolyl)-",1,0.6824689989104344,0.7858498405646389,0.8037364850708704,0.8060991643115467
Hagan_genotox,DTXSID7020689,Hexachloroethane,0,0.5223040146039549,0.605790268931405,0.6155523502776199,0.6013250416008831
Hagan_genotox,DTXSID7020710,"1,2-Diphenylhydrazine",1,0.5450514679355506,0.6231828637738861,0.6370672311951988,0.6257481766868929
Hagan_genotox,DTXSID7020712,"2,2-Dichloro-1,1,1-trifluoroethane",1,0.35975215160573987,0.3739157779549512,0.3621020971011028,0.3676027867383918
Hagan_genotox,DTXSID7020716,Hydroquinone,1,0.5168153145315929,0.5550355723183977,0.5237464446409636,0.49818448500217616
Hagan_genotox,DTXSID7020760,Ifosfamide,1,0.6348511560892484,0.6798469526383063,0.6926811470668626,0.6885265117229431
Hagan_genotox,DTXSID7020762,Isopropanol,1,0.4771353222075177,0.4483346755825613,0.449484144310843,0.44774291516943765
Hagan_genotox,DTXSID7020768,Kaempferol,1,0.5995737583507426,0.7055809128700385,0.6411405877078441,0.6474526703088399
Hagan_genotox,DTXSID7020845,Methyl methanesulfonate,1,0.524307677516275,0.5869180155901672,0.6110417360474306,0.5876745249285868
Hagan_genotox,DTXSID7020847,2-Methyl-1-nitroanthraquinone,1,0.7425579792186697,0.8276439777996756,0.8583110023398962,0.8468095968172326
Hagan_genotox,DTXSID7020895,Mirex,0,0.49868459317097863,0.5655285036794051,0.579710246151127,0.5633214744140086
Hagan_genotox,DTXSID7020920,1-Naphthylamine,1,0.8155530727653861,0.8819535436051273,0.8803207651279847,0.8759592858098514
Hagan_genotox,DTXSID7020926,Nickel(II) acetate,0,0.49369970082179987,0.5141891160753437,0.5028179427584444,0.5094295742401517
Hagan_genotox,DTXSID70209386,Zinc 5-nitroisophthalate,0,0.8649478921282703,0.9476908844965459,0.9552346988815104,0.9561691594895794
Hagan_genotox,DTXSID7020970,Nitrofen,1,0.8277250122208445,0.903409595439793,0.9182321438064736,0.920342836344123
Hagan_genotox,DTXSID7020972,Nitrofurantoin,1,0.8795628745538746,0.9403348392021581,0.9512885159619344,0.9487231216933202
Hagan_genotox,DTXSID7020978,1-Nitronaphthalene,1,0.9146989302184045,0.9639254009205996,0.9678010342917335,0.9675139878915847
Hagan_genotox,DTXSID7021027,N-Nitrosodiethanolamine,0,0.9002307933042969,0.9599976672504905,0.9603071475107946,0.9667040351920732
Hagan_genotox,DTXSID7021029,N-Nitrosodimethylamine,1,0.8378767737447711,0.9279535515088014,0.909151668785631,0.9182158453408054
Hagan_genotox,DTXSID70210775,"Benzofurazan, 4-nitro-7-(4-propyl-1-piperazinyl)-, 1-oxide",1,0.8532326624511187,0.9291853526642294,0.9338310119149685,0.9351623369659826
Hagan_genotox,DTXSID7021104,Pentachloroethane,0,0.6214058561576676,0.6811923870043382,0.6913821537652791,0.6805322283939118
Hagan_genotox,DTXSID7021106,Pentachlorophenol,0,0.4741861728793189,0.5254849996677667,0.48656513298483883,0.4721592756575584
Hagan_genotox,DTXSID7021152,4-Phenylphenol,0,0.5047406471191808,0.5404537979298861,0.5476594561480655,0.5363839618203108
Hagan_genotox,DTXSID7021156,Phosphamidon,1,0.5113731396104272,0.5511153269211096,0.6646051468159714,0.6495437009498041
Hagan_genotox,DTXSID7021231,Ponceau 3R,0,0.2060459534082899,0.22912697364857237,0.187590556833255,0.20026495006394598
Hagan_genotox,DTXSID7021233,FD&C Red 3,1,0.44198058796695955,0.5503709448020141,0.5219007353730349,0.548062031618293
Hagan_genotox,DTXSID7021235,C.I. Acid Red 52,1,0.4417461828408132,0.5147984850869362,0.5751999589591287,0.5558408420216511
Hagan_genotox,DTXSID7021287,Succinic anhydride,0,0.49735519255645716,0.5821413565799275,0.5849046079907249,0.5734950114260994
Hagan_genotox,DTXSID7021289,Sulfallate,1,0.576064778954331,0.7047625549076448,0.6632137760723396,0.6915240512401942
Hagan_genotox,DTXSID7021318,"1,1,2,2-Tetrachloroethane",1,0.5612162325687243,0.6074652012856401,0.6275591991741666,0.6086465118149395
Hagan_genotox,DTXSID7021360,1-Methylbenzene,1,0.45834069428066787,0.4674795122886796,0.4657335309032185,0.4367856837919717
Hagan_genotox,DTXSID7021362,o-Toluenesulfonamide,0,0.41894809875794375,0.4374301884511354,0.41785719532704285,0.40462187212580575
Hagan_genotox,DTXSID7021441,Benzyl Violet 4B,0,0.5059227365100013,0.6150718872976662,0.649066984430046,0.6632595806551883
Hagan_genotox,DTXSID7021491,Benzonitrile,0,0.3713193950984193,0.4046982009760318,0.4041835024087524,0.40664406018064714
Hagan_genotox,DTXSID7021495,Bromoacetic acid,1,0.4569848667618818,0.49376549193223734,0.4582625861020497,0.46716600983567247
Hagan_genotox,DTXSID7021499,2-Bromobutane,0,0.35768886498062563,0.40875283958155034,0.35692863095433786,0.39449715879666286
Hagan_genotox,DTXSID7021520,2-[2-(2-Butoxyethoxy)ethoxy]ethanol,0,0.20836010361168814,0.16017937160170456,0.1629740415268424,0.15089936521059188
Hagan_genotox,DTXSID7021524,Chloroacetonitrile,0,0.5822508027783635,0.6544055584828805,0.6131279803864272,0.6281245591905408
Hagan_genotox,DTXSID7021605,Hexanedioic acid,1,0.30033104897712476,0.3196746773326346,0.34289262218195476,0.3291091524206848
Hagan_genotox,DTXSID7021607,Hexanoic acid,0,0.4357466350677491,0.5182313634784836,0.5126204385912966,0.5190917611939634
Hagan_genotox,DTXSID7021653,Pentanal,0,0.41795101086800407,0.5108426297809097,0.48852776158368966,0.5087554191226258
Hagan_genotox,DTXSID7021655,Pentanoic acid,1,0.2693176345721173,0.29996347892756353,0.30356785118557517,0.30832647213359426
Hagan_genotox,DTXSID7021659,Propanedioic acid,0,0.45970612287476165,0.47456017885012053,0.4508279702697553,0.43208741013563867
Hagan_genotox,DTXSID70217764,"Benzo(h)quinoline, 2-amino-",1,0.8488565377321192,0.9116762789273755,0.8994815572442268,0.8995457399935284
Hagan_genotox,DTXSID7021780,Diethyl phthalate,0,0.35147046952308497,0.36925183079887436,0.3549886696479237,0.349253984578235
Hagan_genotox,DTXSID7021788,3-(Trifluoromethyl)-4-nitrophenol,0,0.7347347215002378,0.8587435347495392,0.8849921404433427,0.8886341124298761
Hagan_genotox,DTXSID7021811,2-Fluorotoluene,0,0.5005138895651985,0.5261679283904717,0.5135155853072196,0.4856623581483543
Hagan_genotox,DTXSID7021815,"3,4-Dichloroaniline",1,0.73261865342279,0.8175314700459841,0.8360944648945031,0.8243679774328584
Hagan_genotox,DTXSID7021817,"2,3-Dibromopropanol",1,0.5691936509336323,0.6368603394865531,0.6068194364781627,0.6074313846509979
Hagan_genotox,DTXSID7021861,5-Ethyl-2-methylpyridine,0,0.4505167624089927,0.5257231779967863,0.5248347972463018,0.526310824402009
Hagan_genotox,DTXSID7021863,Diethyl propanedioate,0,0.39246005827038194,0.43603381504172245,0.4561155290415467,0.4382838066343135
Hagan_genotox,DTXSID7021869,p-Cresol,1,0.44519800905211165,0.45214300971538707,0.45702425217223447,0.43348295659955977
Hagan_genotox,DTXSID7021940,1-Octanol,0,0.11588254786399484,0.07852026669424474,0.12128180005031959,0.08467398326133835
Hagan_genotox,DTXSID7021946,1-Decanol,0,0.09476782063304734,0.054758622435102926,0.08397993629735412,0.05969240511577251
Hagan_genotox,DTXSID7021948,Propoxur,1,0.4894373459079692,0.5161127373560817,0.5046100614516985,0.4738721090488875
Hagan_genotox,DTXSID7021996,Sodium propionate,1,0.46324486628530687,0.5043224210368037,0.4882702939199419,0.49962939333589773
Hagan_genotox,DTXSID7022043,"2,6-Pyridinedicarboxylic acid",0,0.5068755677769257,0.5659452583710115,0.525697838936192,0.5187789496264194
Hagan_genotox,DTXSID7022049,"2,4,6-Trimethylphenol",0,0.4409917131808226,0.4556326008239131,0.4981137690089903,0.4608329340174608
Hagan_genotox,DTXSID7022091,"alpha,alpha'-Dichloro-p-xylene",0,0.6580363407290845,0.7404955456573509,0.7300320677607127,0.7111274568304187
Hagan_genotox,DTXSID7022097,Suberonitrile,0,0.23531610459543018,0.2089336769100628,0.21128922765518568,0.20738548081351516
Hagan_genotox,DTXSID7022128,2-Hydroxyethyl methacrylate,1,0.38986721609232017,0.41567366600012295,0.48289815971330624,0.4718054789233463
Hagan_genotox,DTXSID70221705,4-Aminomethyl-2-methoxyphenol hydrochloride,0,0.5000382818109047,0.5381546981188562,0.5722144703894027,0.5390768513996888
Hagan_genotox,DTXSID7022178,Lauryl acrylate,0,0.04715551708518253,0.03326104442567303,0.032759717603740766,0.03427009966651357
Hagan_genotox,DTXSID7022411,"4,4'-Methylenebis(2,6-di-t-butylphenol)",0,0.21589475103098935,0.18268415685877507,0.18987084076015873,0.17963102734725156
Hagan_genotox,DTXSID7022413,Isoeugenol,1,0.5018556429324872,0.541525297150109,0.5872636076428353,0.5607797094754702
Hagan_genotox,DTXSID7022546,Acetohydroxamic acid,0,0.49513556590470476,0.5407908990507301,0.6052629137368225,0.6043756169335898
Hagan_genotox,DTXSID7022679,Biotin,1,0.3402718091877412,0.38067021672006446,0.30243671599684263,0.326888488440855
Hagan_genotox,DTXSID7022706,Bupropion,1,0.29072744102712356,0.3091737797304521,0.28352539843773145,0.29970303453058816
Hagan_genotox,DTXSID7022837,Clioquinol,0,0.4449230025850004,0.5013726998816409,0.47143385880055794,0.4753851252372656
Hagan_genotox,DTXSID7023063,Flufenamic acid,0,0.3218500826073492,0.34746004183258594,0.32588299492470424,0.3343673487738532
Hagan_genotox,DTXSID70231622,Hydroxypyridinone,1,0.4998512013119985,0.5434377438309679,0.6357147951951453,0.6151854015070458
Hagan_genotox,DTXSID7023192,Lactic acid,1,0.5359593915231605,0.6059398254717653,0.55351314708089,0.5630679523223803
Hagan_genotox,DTXSID70233747,Lithium isooctadecanoate,0,0.24991284085886453,0.28010250886931964,0.2759052570528635,0.2906803025398406
Hagan_genotox,DTXSID70233924,"Sodium 2-(2,3-dihydro-1,3-dioxo-1H-inden-2-yl)quinoline-6-sulphonate",0,0.3318598784150861,0.37684989594057194,0.34766047502805425,0.35794160369465705
Hagan_genotox,DTXSID7023510,Primidone,1,0.49884193503702007,0.5145634826623452,0.52547903751642,0.49715174919925725
Hagan_genotox,DTXSID70236339,"2â€²-[(4,6-Dimethoxy-1,3,5-triazin-2-yl)carbonyl]-1,1,6â€²-trifluoro-N-methylmethanesulfonanilide",0,0.34397056483233257,0.39978862423352873,0.35392726599188823,0.3677019578541394
Hagan_genotox,DTXSID7023645,Tetracycline,0,0.46945336298826734,0.5379941520883363,0.4684336625809569,0.47351199630865576
Hagan_genotox,DTXSID70238671,"3,3-Dimethylbutyne",0,0.36249157627819845,0.3543776491612163,0.32653730030928846,0.3343413509005686
Hagan_genotox,DTXSID70239305,Pirenzepine monohydrochloride,0,0.3799479657968645,0.41619054019239304,0.40649268829583124,0.41620496278713276
Hagan_genotox,DTXSID70239729,N-(4-(Aminocarbonyl)phenyl)-4-methoxy-3-nitrobenzamide,1,0.5061122538030559,0.6090536174402144,0.6711308608325931,0.6791947280111379
Hagan_genotox,DTXSID7024035,"2,4-Dichlorophenoxybutyric acid",0,0.40675908542085776,0.41565192345623564,0.4216428193989438,0.3974464810467071
Hagan_genotox,DTXSID7024085,Ethephon,0,0.5972435181191574,0.6883568794575714,0.6221222108579089,0.6656643602980089
Hagan_genotox,DTXSID7024160,Lactofen,0,0.2625465330427758,0.30768137034597814,0.353849314384519,0.3549165847287082
Hagan_genotox,DTXSID7024166,"2,5-Furandione",1,0.5678261539773707,0.643801431322477,0.6941313576097711,0.6794963073479657
Hagan_genotox,DTXSID7024243,Paraquat dichloride,1,0.4628097158082132,0.559178234466264,0.528956947338645,0.5322108874358462
Hagan_genotox,DTXSID7024247,Pentachlorobenzene,0,0.45566130953789985,0.500713674296422,0.4781701296930205,0.4610406510659601
Hagan_genotox,DTXSID7024320,"1,2,4,5-Tetrachlorobenzene",0,0.46969085286749523,0.5157187266154937,0.5148847181012287,0.49686360477916747
Hagan_genotox,DTXSID7024370,"2,2,4-Trimethylpentane",0,0.2288416860969377,0.17080979085343884,0.19197801388405433,0.17214467430321245
Hagan_genotox,DTXSID7024372,"2,4,6-Trinitrotoluene",1,0.8659279834579401,0.9427674249788168,0.9607297808374842,0.9547948756681776
Hagan_genotox,DTXSID7024455,4-Aminoacetanilide,0,0.6944521404661566,0.780860690504137,0.8076694689833926,0.7985188193654714
Hagan_genotox,DTXSID7024532,4-Methoxybenzenamine,1,0.7363827508569908,0.820069131779804,0.8303617800485664,0.8116759466824143
Hagan_genotox,DTXSID7024538,Anthralin,0,0.6077189972569691,0.6961456658502058,0.6675342482495513,0.6764883000224774
Hagan_genotox,DTXSID7024586,Benzothiazole,0,0.5327826814757036,0.6128741842038781,0.5846395918361852,0.6030360378258071
Hagan_genotox,DTXSID7024665,Butane,0,0.376629139275696,0.32770745902810117,0.3221204512254234,0.3021659658620173
Hagan_genotox,DTXSID7024667,"1,4-Butanediol diglycidyl ether",1,0.7876783358023619,0.828725909439723,0.8775080768882727,0.8691143839836268
Hagan_genotox,DTXSID7024744,Chloral,0,0.5522832645488062,0.6345075539261794,0.6850640200219859,0.6675358313797307
Hagan_genotox,DTXSID7024821,1-Chloro-4-(trifluoromethyl)benzene,1,0.4346182705462453,0.4655213107238693,0.4730254131766701,0.4508175666337064
Hagan_genotox,DTXSID7024873,Cyanuric acid,0,0.4895948933984718,0.5242020692666353,0.47888200318527385,0.4665718851482847
Hagan_genotox,DTXSID7024904,C.I. Solvent Red 72,0,0.5257965591023733,0.5880733357813445,0.559603672896671,0.5588067686527096
Hagan_genotox,DTXSID7024952,N-Butyl-1-butanamine,1,0.24137221681912702,0.2009649977278524,0.21810112140436863,0.2233980052580674
Hagan_genotox,DTXSID7024956,"N,N'-Bis(1-methylpropyl)-1,4-benzenediamine",0,0.3207858539381275,0.2955244967802429,0.29027477005805175,0.275748338398817
Hagan_genotox,DTXSID7025051,Diethyl ethylphosphonate,0,0.40615734745383025,0.47184182309900596,0.4305326500377919,0.47999695038317675
Hagan_genotox,DTXSID7025053,2-Ethyl-N-(2-ethylhexyl)-1-hexanamine,0,0.11071607263829099,0.06468192178640482,0.07082920955855021,0.06954084594833716
Hagan_genotox,DTXSID7025055,Bis(2-ethylhexyl) decanedioate,0,0.3484990944794673,0.3891211810029434,0.40324680284083975,0.39413200830048173
Hagan_genotox,DTXSID7025132,"1,2-Dimethyl-3-nitrobenzene",1,0.9242610314929927,0.9769600282212815,0.9809122763876738,0.981820232462295
Hagan_genotox,DTXSID7025180,"4,4'-Diphenylmethane diisocyanate",1,0.42269054083264423,0.4234380412767244,0.5355808200962527,0.5089716740027778
Hagan_genotox,DTXSID7025215,Diundecyl phthalate,0,0.15701748332744395,0.12261108332675441,0.11805084381476909,0.11463218298581246
Hagan_genotox,DTXSID7025217,(2-Dodecenyl)succinic anhydride,0,0.18262182659820378,0.20698955871930583,0.19863674735250433,0.21129945941631031
Hagan_genotox,DTXSID7025390,Hexadecylamine,0,0.08757511196840177,0.0496465192975617,0.05703891496607232,0.04978112564123563
Hagan_genotox,DTXSID7025394,Triazinetriethanol,1,0.38759084323359305,0.3495204912658154,0.3942089250819775,0.3827494517823637
Hagan_genotox,DTXSID7025421,Benzohydroxamic acid,1,0.4824138431371198,0.5306726829843779,0.68809662281025,0.665635679373488
Hagan_genotox,DTXSID7025427,2-Hydroxy-2-methylpropanenitrile,0,0.3082835736365668,0.3357037667499947,0.29400156658537774,0.3277841664618341
Hagan_genotox,DTXSID7025502,Linalool,1,0.21985353949472655,0.21636612640958997,0.24918098849123663,0.23090523257656762
Hagan_genotox,DTXSID7025508,(+-)-Lipoic acid,0,0.3412847117250874,0.40462034298080524,0.3083395510667661,0.339862010251826
Hagan_genotox,DTXSID7025554,2-Methoxyethyl acrylate,1,0.44377634293833396,0.497982404052625,0.5236728187366656,0.5251176456507168
Hagan_genotox,DTXSID7025558,4-Methoxy-3-nitro-N-phenylbenzamide,1,0.5312017732885203,0.6430553683434663,0.7029862407731121,0.7156959343697212
Hagan_genotox,DTXSID7025631,2-Methyl-6-nitroaniline,1,0.856095554019994,0.9408977800042817,0.9534245593348897,0.9558876268352109
Hagan_genotox,DTXSID7025635,N-Methyl-4-nitroaniline,0,0.7793847106933329,0.8893145837048397,0.8997010278331521,0.9044819937531979
Hagan_genotox,DTXSID7025843,Pentaethylenehexamine,1,0.3900079554351333,0.35273166319437327,0.4585040561063858,0.4424653971117167
Hagan_genotox,DTXSID7025849,1-Pentene,0,0.4543224124067102,0.47989476960541827,0.525663350879919,0.5051582186014751
Hagan_genotox,DTXSID7025895,"N-Phenyl-1,4-benzenediamine",1,0.7603552008558049,0.8289100352951223,0.8106128351385758,0.8080417529681724
Hagan_genotox,DTXSID7025920,C.I. Pigment Yellow 74,0,0.467262983456657,0.5726458625090733,0.634142351878204,0.6417490588854737
Hagan_genotox,DTXSID7025924,Piperonal,1,0.5099398270324487,0.5931288843324264,0.5882207176540147,0.6000355910164826
Hagan_genotox,DTXSID7025972,3-Propylidenephthalide,1,0.4321545424715268,0.48095638600444274,0.454905480519389,0.4538581183972576
Hagan_genotox,DTXSID7026029,Sodium dehydroacetate,0,0.5066759212263515,0.6159152893938915,0.5889360049215921,0.6002970679814849
Hagan_genotox,DTXSID7026102,Tetrachlorophthalic anhydride,0,0.4695596321724045,0.6463436819721595,0.5493103867172865,0.6145407696757338
Hagan_genotox,DTXSID7026156,"Toluene 2,4-diisocyanate",1,0.6448914423248819,0.7163561255967249,0.8214895616639474,0.8007798412139229
Hagan_genotox,DTXSID7026231,"1,8,9-Trihydroxyanthracene",0,0.669601848563262,0.7479791905700804,0.7324569256962388,0.730157737992657
Hagan_genotox,DTXSID7026235,Trimellitic anhydride,0,0.4704993714019257,0.5484463069630701,0.49016739017437216,0.498439591000408
Hagan_genotox,DTXSID7026281,Vat Blue 20,0,0.46635297819189275,0.5784100467393299,0.5060386415302246,0.5179783140222357
Hagan_genotox,DTXSID7026285,Veratraldehyde,1,0.506286186345358,0.6146464363750448,0.5802073139366767,0.5996865808698034
Hagan_genotox,DTXSID7026312,Zinc myristate,1,0.33465186615339254,0.38997890619455267,0.3875496768872388,0.39912082328750254
Hagan_genotox,DTXSID7026368,Salicylic acid,0,0.48243899206802004,0.5479860010091857,0.5421742888683553,0.5384998391244783
Hagan_genotox,DTXSID7026499,"4,4'-Oxybis(benzenesulfohydrazide)",1,0.5667151308215926,0.6544079301333595,0.648543596576198,0.6441605637618774
Hagan_genotox,DTXSID7026520,7-Amino-4-hydroxynaphthalene-2-sulfonic acid,0,0.33322114960843874,0.3378758491658964,0.3742882447563745,0.3669462683063551
Hagan_genotox,DTXSID7026526,2-Amino-5-methylbenzenesulfonic acid,1,0.3231424365741689,0.31356394669037924,0.3356536295390664,0.3261987395393101
Hagan_genotox,DTXSID7026528,2-Amino-5-chloro-4-methylbenzenesulfonic acid,0,0.29786053702546883,0.276658674940105,0.3050552623485949,0.29049352610669676
Hagan_genotox,DTXSID7026572,N-tert-Butyl-2-benzothiazolesulfenamide,1,0.3119280320669009,0.3515883018397692,0.3001684129964625,0.31883459521762175
Hagan_genotox,DTXSID7026653,"1,4-Benzenedicarbonyl dichloride",0,0.507073138476819,0.6168543185077504,0.714283355846587,0.7144827520986082
Hagan_genotox,DTXSID7026867,Decanedioic acid,0,0.2606225511170335,0.2626851808063633,0.28221233892590886,0.2717940404879365
Hagan_genotox,DTXSID7026940,Ethyl silicon trichloride,0,0.34632139456588007,0.3350783431315018,0.3385967440157687,0.33565619151444376
Hagan_genotox,DTXSID7026946,Linalyl acetate,1,0.22436785861586048,0.23319812993586297,0.24825372070551532,0.24617271327389098
Hagan_genotox,DTXSID7027041,"2,4,7,9-Tetramethyl-5-decyne-4,7-diol",0,0.2374109012971759,0.2070760971597623,0.1807711762284109,0.18776561207476192
Hagan_genotox,DTXSID7027043,Potassium acetate,0,0.4940165817857882,0.5282502537822239,0.5163000099124432,0.5254869020451753
Hagan_genotox,DTXSID7027047,alpha-Isomethylionone,0,0.3882384645914474,0.47291080169418914,0.4561146852547637,0.4736819270624886
Hagan_genotox,DTXSID7027049,beta-Pinene,1,0.34080965499314936,0.3432967435494318,0.34466499615556057,0.3425933449383222
Hagan_genotox,DTXSID7027093,"Carbamothioic acid, ethyl-, O-(1-methylethyl) ester",0,0.3549359070540465,0.41189845473716097,0.4855393906708376,0.519257812853704
Hagan_genotox,DTXSID7027095,Diallyl diglycol carbonate,1,0.3806599307638799,0.40526357456850687,0.4411826353836055,0.41120968640725025
Hagan_genotox,DTXSID7027097,Magnesium acetate,0,0.4987672383980968,0.5417716521587762,0.5232560444445995,0.5368130427439337
Hagan_genotox,DTXSID7027120,Sodium hydroxymethanesulfinate,1,0.4849323863852017,0.6709654554629902,0.5789903781089943,0.6617225619650574
Hagan_genotox,DTXSID7027122,Trimethoxymethane,0,0.45412114493749933,0.4567788703571762,0.5371392730311741,0.47277467184739946
Hagan_genotox,DTXSID7027170,Sodium D-gluconate,1,0.5529678683286049,0.6361829368778659,0.5641520939813582,0.5852624567163116
Hagan_genotox,DTXSID7027178,"1,1-Dimethoxyethane",0,0.4702380678321849,0.46890584701190363,0.5543898734124008,0.4825326148948344
Hagan_genotox,DTXSID7027201,Methyl propanoate,0,0.4058667453973737,0.4689491073148427,0.47098146683477493,0.47147023260221105
Hagan_genotox,DTXSID7027209,"Octadecanoic acid, zinc salt",1,0.4442115295945978,0.5356234863426125,0.5214029100077947,0.5374600572852454
Hagan_genotox,DTXSID7027332,"Ethanesulfonic acid, 1-hydroxy-, monosodium salt",1,0.3850240927928061,0.4155799100182455,0.458596180624165,0.4231029746403891
Hagan_genotox,DTXSID7027334,3-(Triethoxysilyl)propionitrile,0,0.22113861930153403,0.2210217275671413,0.18064637681878026,0.19783857904789912
Hagan_genotox,DTXSID7027338,"1,3-Dichloro-2-butene",1,0.6074596230065752,0.6771467349142971,0.6432694422316785,0.6441334791287606
Hagan_genotox,DTXSID7027411,Dichloro(chloromethyl)methylsilane,0,0.39379534056596704,0.40193775955000427,0.42427209132400306,0.41419419688392556
Hagan_genotox,DTXSID7027413,Sodium 2-hydroxyethanesulfonate,0,0.2800488347724819,0.28288520313539495,0.31281298475335806,0.2951461230424795
Hagan_genotox,DTXSID70274135,beta-Ocimene,0,0.42252769426503,0.4512607758725415,0.521767865010233,0.5007535323770776
Hagan_genotox,DTXSID7027419,Calcium stearate,0,0.3806677926404925,0.44850491298744455,0.4404391442659277,0.4517334328613936
Hagan_genotox,DTXSID7027465,"Butanedioic acid, sulfo-, 1,4-bis(1,3-dimethylbutyl) ester, sodium salt",0,0.3666549776970272,0.3790190218747913,0.3715683968202437,0.3599341594873575
Hagan_genotox,DTXSID7027467,"2,3,5,6-Tetrachloropyridine",0,0.43304377721561166,0.4812982879011443,0.46367056548670577,0.46457452107011576
Hagan_genotox,DTXSID7027540,N-Butylbenzenesulfonamide,0,0.3189747638468973,0.31324186971147777,0.30279859483384625,0.29246821120275274
Hagan_genotox,DTXSID7027542,"Disodium 4,4'-dinitro-2,2'-stilbenedisulfonate",0,0.4609242030385718,0.5181266613351568,0.5947007192481929,0.580809282188798
Hagan_genotox,DTXSID7027546,m-Bis(1-methylvinyl)benzene,0,0.47264794296525303,0.49844017429455745,0.5762431061588732,0.5433337185662411
Hagan_genotox,DTXSID7027548,"1,3,5-Triazine-2,4,6(1H,3H,5H)-trione, 1,3,5-tris(6-isocyanatohexyl)-",0,0.3541059721372582,0.3634675762901609,0.4908863037441578,0.4731830643053425
Hagan_genotox,DTXSID7027594,"C.I. Pigment Red 57, calcium salt (1:1)",1,0.4231012311907918,0.5185414726611813,0.45297228007386775,0.4746273291705277
Hagan_genotox,DTXSID7027596,3-Methoxypropylamine,0,0.3494400166555227,0.31709850244021726,0.30480197874224496,0.3010531383784865
Hagan_genotox,DTXSID7027623,"Methyl 3,5-bis(tert-butyl)-4-hydroxyhydrocinnamate",0,0.13605878711943675,0.09469657599033243,0.09784105642667969,0.09479386480236429
Hagan_genotox,DTXSID7027625,Bis(2-ethylhexyl) terephthalate,0,0.12031861636987384,0.08844776392091519,0.08208492635570597,0.08063440969404505
Hagan_genotox,DTXSID7027750,Dechlorane Plus,0,0.4100191900921373,0.4287634228306548,0.39298947003929846,0.38265657364852945
Hagan_genotox,DTXSID7027756,3-Phenoxybenzenemethanol,0,0.5070959919878548,0.5250046943909676,0.5798701707911199,0.5576150074875176
Hagan_genotox,DTXSID7027833,2-Ethyl-6-methylaniline,0,0.5319996267950485,0.5711512413044478,0.5960104977468091,0.5697636948121957
Hagan_genotox,DTXSID7027835,"Potassium (E,E)-hexa-2,4-dienoate",1,0.5500331713791314,0.6137182314154694,0.676706138103426,0.6683619827930144
Hagan_genotox,DTXSID7027887,Bis(2-ethylhexyl) tetrabromophthalate,1,0.1637891722902806,0.16011480975475337,0.12242394244986805,0.1356542884080851
Hagan_genotox,DTXSID7027966,Monosodium D-glucoheptonate,0,0.5308187076510823,0.5862286248491865,0.5246574804058243,0.5390197551839309
Hagan_genotox,DTXSID7028011,"Thiodiethylene bis(3-(3,5-di-tert-butyl-4-hydroxyphenyl)propionate)",0,0.14812899882493621,0.13426595296291713,0.1285837212481348,0.12815219507989753
Hagan_genotox,DTXSID7029110,"3,7-Dimethyl-3-octanol",0,0.11175448262722532,0.07671061944233026,0.11192439161122307,0.08068595411869071
Hagan_genotox,DTXSID7029166,Sodium 6-hydroxynaphthalene-2-sulfonate,0,0.3283484574774125,0.32857614567269844,0.32660835130235827,0.3190907999636787
Hagan_genotox,DTXSID7029168,Pseudoionone,0,0.4679455655770985,0.5776863202493273,0.5464034729452409,0.5689919154569688
Hagan_genotox,DTXSID7029243,C.I. Pigment Red 170,0,0.266616232645569,0.31637688504011785,0.2944304791959278,0.3039044988112481
Hagan_genotox,DTXSID7029249,"1,1,4,7,7-Pentamethyldiethylenetriamine",0,0.42472592273137705,0.4156764657607881,0.456614497153694,0.45866474265963647
Hagan_genotox,DTXSID7029320,2-Ethylhexyl 4-(dimethylamino)benzoate,0,0.191482075187824,0.16141828491378643,0.14850046815159965,0.14826747443246238
Hagan_genotox,DTXSID7029661,"3,5,5-Trimethyl-1-hexanol",0,0.19756729574099188,0.16102429298813165,0.22040981651162525,0.1792460442945515
Hagan_genotox,DTXSID7029667,Lithium docosanoate,0,0.4492241037617495,0.543415324608069,0.5275570536562977,0.5478300896268555
Hagan_genotox,DTXSID7030197,2-Bromopropane,1,0.5051226721744564,0.5739490116962811,0.5150355905300426,0.5308941582022201
Hagan_genotox,DTXSID7031290,Isocyclemone E,1,0.2923131929632241,0.3296704001162611,0.3226309483417451,0.33839897589587387
Hagan_genotox,DTXSID7031458,Indole-3-carbinol,0,0.5907968345007534,0.6329164704994353,0.6671727876098857,0.6613108967193716
Hagan_genotox,DTXSID7031531,Leucomalachite green,1,0.5182122036364057,0.5729970858424526,0.5562896663612267,0.5625760723154897
Hagan_genotox,DTXSID7031903,Picolinic acid,0,0.502631312823642,0.6122260932419175,0.5838751704859623,0.5987943488619183
Hagan_genotox,DTXSID7032004,Flutamide,0,0.4894542640280903,0.6087272444935894,0.6759350139471154,0.6959274719137514
Hagan_genotox,DTXSID7032474,Siduron,0,0.3802906065545429,0.3816201622783794,0.37058484263567454,0.3593277004554791
Hagan_genotox,DTXSID7034042,Tetra-N-octylammonium bromide,0,0.0584983876975371,0.03324065593787905,0.036220207556211394,0.03639596732700598
Hagan_genotox,DTXSID7034549,Dinotefuran,0,0.5483051892898284,0.621442657593373,0.6745893717081278,0.6850533614640866
Hagan_genotox,DTXSID70346346,"1-Bromo-3,4,5-trifluorobenzene",0,0.4486704309834983,0.49938722458209545,0.5007088411228988,0.4883558789979842
Hagan_genotox,DTXSID7034676,Isazofos,1,0.2989977075045687,0.28564249118465806,0.280715201574159,0.2751509926514879
Hagan_genotox,DTXSID7034834,Potassium dimethyldithiocarbamate,1,0.5484426971870838,0.6928842265811127,0.6430606205522738,0.6811302292056679
Hagan_genotox,DTXSID70349837,"1,1-Cyclohexanediacetic acid monoamide",0,0.3899038307545763,0.40653903993815527,0.365289947269642,0.3653640871305013
Hagan_genotox,DTXSID70350105,"4-(Naphthalen-2-yl)-1,3-thiazol-2-amine",1,0.6950195847638261,0.7787345197462727,0.7596628735801754,0.763811313254699
Hagan_genotox,DTXSID7035272,"2,6-Diisopropylnaphthalene",0,0.614286609512253,0.6749850044993694,0.6477482835143059,0.6372365152777029
Hagan_genotox,DTXSID7035696,Sodium p-chloro-m-cresolate,0,0.4525080414123597,0.4629632918184947,0.45224283735963405,0.4274753579181694
Hagan_genotox,DTXSID70369818,4-Chloro-3-(trifluoromethyl)phenyl isocyanate,0,0.37156032511273657,0.383149319843441,0.5040889233748036,0.4772092120243812
Hagan_genotox,DTXSID7037551,Fenuron,1,0.4548033417640571,0.47178801418525856,0.42578714288261416,0.3923543909738629
Hagan_genotox,DTXSID7037717,Bisphenol AF,0,0.366127354087556,0.35900258258559753,0.3760804531629868,0.35396663922168475
Hagan_genotox,DTXSID70382365,"1-Butoxy-2,3-Difluorobenzene",0,0.22762902658093156,0.19051681661003214,0.2032207582087433,0.18844722191143268
Hagan_genotox,DTXSID7038319,3-Hydroxybenz[a]pyrene,1,0.832113199331206,0.9101280643896611,0.895007371883333,0.8984955286285112
Hagan_genotox,DTXSID7038739,Diethyl ethylpropanedioate,0,0.33060836499072127,0.35542456717310195,0.3755112306902751,0.3617715089143077
Hagan_genotox,DTXSID7038789,Diphenylphosphinous chloride,0,0.5238296102200208,0.687292197978382,0.6159073944805821,0.6674153246867992
Hagan_genotox,DTXSID7038810,Divinyltetramethyldisiloxane,0,0.4322285969301673,0.4703148540549636,0.5016295974832309,0.47585999883583313
Hagan_genotox,DTXSID7038814,4-Aminobenzamide,0,0.5403483895746438,0.6022688652692688,0.6124031126523491,0.6006258766563703
Hagan_genotox,DTXSID7038864,"2,2'-Methylenebis(ethyl-6-tert-butylphenol)",0,0.2055772125110926,0.17516340062276514,0.17943776324906968,0.17004644743333322
Hagan_genotox,DTXSID7040108,N-Ethyl acetoacetamide,0,0.4014693905403422,0.4294580018811054,0.3724840627445423,0.3730413338854377
Hagan_genotox,DTXSID7040154,N-(3-Dimethylaminopropyl)methacrylamide,0,0.3613043254859476,0.38391388355006456,0.44534448137994764,0.44575743478560703
Hagan_genotox,DTXSID7040360,"Ethyl 5,5-diphenyl-2-isoxazoline-3-carboxylate",0,0.39468956024178814,0.4431549345600095,0.3890472441632203,0.4006652604623416
Hagan_genotox,DTXSID7040362,5-Chloro-N-(2-chloro-4-nitrophenyl)-2-hydroxybenzamide,1,0.5539851750542537,0.6617426416233249,0.6960176732515619,0.7026736500732859
Hagan_genotox,DTXSID7040732,4-Chlorophenyl isocyanate,0,0.5558183999130465,0.6222758131941718,0.7227569488375335,0.7016413767737365
Hagan_genotox,DTXSID7040734,2-Ethylhexyl salicylate,0,0.17853212737430757,0.14979993502565422,0.1377885946155933,0.13776771891914838
Hagan_genotox,DTXSID7040788,2-tert-Butyl-4-methoxyphenol,0,0.23521842036703408,0.19322982151167803,0.20715382400214252,0.19375480174162696
Hagan_genotox,DTXSID7041128,Sorafenib,0,0.366535625473813,0.3839358795172983,0.3801657590654732,0.37481376215147777
Hagan_genotox,DTXSID7041178,"6-Diazo-5,6-dihydro-5-oxo1-naphthalenesulfonic acid sodium salt",0,0.3652115048356599,0.45445047862892096,0.4207320346803458,0.4438290610634635
Hagan_genotox,DTXSID7041207,"beta-Alanine, N-(2-carboxyethyl)-N-dodecyl-, monosodium salt",0,0.21790382792905105,0.21405502344402802,0.18846177542107892,0.19286006128941127
Hagan_genotox,DTXSID7041255,"1,5-Naphthalenedisulfonic acid, disodium salt",0,0.3653409064046311,0.3762068699406807,0.40465376890667715,0.3831945382788609
Hagan_genotox,DTXSID7041388,2-((2-Methyl-1-oxoallyl)oxy)ethyl acetoacetate,0,0.3364779383054146,0.3496363447134559,0.4434953112416617,0.43039145597891904
Hagan_genotox,DTXSID7041463,"3,3'-Dimethyl-4,4'-diphenylene diisocyanate",1,0.5144968742753093,0.5433216162925458,0.6290440396429321,0.6127609276444685
Hagan_genotox,DTXSID7041542,8-Hydroxyquinoline-5-sulfonic acid,1,0.2584194904462547,0.25475639955093216,0.24413098633082309,0.24318622190882933
Hagan_genotox,DTXSID7041544,Tonalide,0,0.29657004696541933,0.31098244605146635,0.29596709256620485,0.2977432275062437
Hagan_genotox,DTXSID7041629,"2,2'-Dibenzoylaminodiphenyl disulfide",0,0.43749891118044304,0.5050978721919265,0.49172783152445715,0.5006867335087674
Hagan_genotox,DTXSID7041702,Butyric acid n-butyl ester,0,0.30700148592523674,0.3505118019053219,0.3527280749640833,0.3581922677372018
Hagan_genotox,DTXSID7041758,Cerium carbonate,0,0.5058508303737889,0.5272651060109593,0.5918676556741413,0.5853320622518973
Hagan_genotox,DTXSID7041914,"2,2'-Oxybis(ethylamine)",0,0.38355394548259764,0.3554137677480606,0.4210276483789823,0.41411686461056196
Hagan_genotox,DTXSID7042013,"Glycine, N-methyl-N-(1-oxotetradecyl)-, sodium salt",0,0.09552791586151647,0.06838581070062397,0.06198541150661204,0.06290932336113865
Hagan_genotox,DTXSID7042190,"N,N-Dimethyldecylamine oxide",0,0.042003851511676536,0.02447416159190437,0.02392454541195567,0.02567476009157565
Hagan_genotox,DTXSID7042279,2-Phenoxyethyl isobutyrate,0,0.4147234016707693,0.42978217205696123,0.46351158157245287,0.44526670232366233
Hagan_genotox,DTXSID7042510,Vamidothion,1,0.4623618502979423,0.5182347452822326,0.5041636679466183,0.5157442772050986
Hagan_genotox,DTXSID70432258,Methyltriphenylphosphonium chloride,0,0.5045824692135773,0.6246207154930662,0.5909299661006678,0.6171522949431067
Hagan_genotox,DTXSID70436630,"6-nitro-1,2,3,4-tetrahydroquinoxaline",1,0.8225341265742113,0.9063276881846977,0.9167425172422542,0.9195783606169549
Hagan_genotox,DTXSID70437889,5-Bromo-7-azaindole,0,0.5005674612627521,0.5620613007194591,0.5438875583808306,0.5479477073559351
Hagan_genotox,DTXSID7043829,"2,4-Dimethoxyaniline",1,0.7515666555243374,0.833036730641343,0.8495211552195845,0.8380254804764897
Hagan_genotox,DTXSID7043902,"1,1,3,3-Tetrabutylurea",0,0.29269124408450536,0.3042375200528982,0.2995389871798922,0.3118776739914149
Hagan_genotox,DTXSID7043908,"3-(3,4-Methylenedioxyphenyl)-2-methylpropanal",0,0.4149280385282444,0.45899958154933046,0.4738070509166581,0.48102307397613725
Hagan_genotox,DTXSID7043950,Tiron,0,0.28652003934644177,0.2741569106844909,0.2973667324153746,0.2744354102674822
Hagan_genotox,DTXSID7044213,Quinine hydrochloride (1:1),1,0.42632204340236163,0.47940232309984054,0.44199713309547656,0.4502976837139901
Hagan_genotox,DTXSID7044390,N-Methylhydrazinecarbothioamide,0,0.5300687004098511,0.6678907877395698,0.6236266575992927,0.6674321537216096
Hagan_genotox,DTXSID7044392,2-Methoxynaphthalene,0,0.6323125790280962,0.7002131983910482,0.7034377321649328,0.6937836903420465
Hagan_genotox,DTXSID7044394,4-tert-Butylcyclohexanone,0,0.2840068567553076,0.3100349559162952,0.2830896505177553,0.304164646426949
Hagan_genotox,DTXSID7044396,"2,5,8,11,14-Pentaoxapentadecane",0,0.3048440394598078,0.2595318915891382,0.33420682507128935,0.3170903513957834
Hagan_genotox,DTXSID7044421,3-Acetylpyridine,0,0.4409468699439376,0.5039386971117237,0.5052747942584238,0.5143376499660159
Hagan_genotox,DTXSID7044427,4-Morpholinecarboxaldehyde,0,0.5028678009176584,0.5579089122189478,0.5630247441252011,0.5749786041781354
Hagan_genotox,DTXSID7044471,Methyl nicotinate,0,0.4543811812404792,0.5551680225018213,0.5291784910924735,0.5440008284576648
Hagan_genotox,DTXSID7044479,3-(Triethoxysilyl)propane-1-thiol,0,0.2589967031414607,0.3080865162675253,0.24230452369294184,0.2989599403780075
Hagan_genotox,DTXSID7044502,"2,2'-[Benzene-1,3-diylbis(oxy)]diethanol",0,0.47144598939746035,0.49459510369396026,0.5729283664884047,0.5497766575335322
Hagan_genotox,DTXSID7044506,2-Phenylethyl acetate,0,0.3732488485255707,0.3648949822276353,0.3561228101482005,0.3355068663680421
Hagan_genotox,DTXSID7044556,Tetrahydro-3-pentyl-2H-pyran-4-yl acetate,0,0.22449011903257562,0.2516744217593477,0.25541192856531963,0.26156112731492703
Hagan_genotox,DTXSID7044631,"3-Oxo-N-(2-oxo-2,3-dihydro-1H-benzimidazol-5-yl)butanamide",0,0.3417666550735851,0.3593535202515678,0.38301460404979376,0.3800304046945193
Hagan_genotox,DTXSID7044635,Sodium 4-vinylbenzenesulfonate,0,0.36725104747834236,0.3755334627802211,0.452108906759295,0.4205032371726933
Hagan_genotox,DTXSID7044637,D&C Red No. 36,1,0.6235655320191685,0.7699881912194723,0.7620806521725502,0.7785476826252169
Hagan_genotox,DTXSID7044639,"2,4-Dichloro-1,3-dinitro-5-(trifluoromethyl)benzene",0,0.6323596416921521,0.754492788687737,0.8378235163037376,0.8267195753333302
Hagan_genotox,DTXSID7044689,N-(4-Methoxyphenyl)-3-oxobutanamide,0,0.4049048748025488,0.43756846298400404,0.4588037470839679,0.4564310843450949
Hagan_genotox,DTXSID7044712,"1,4-Bis(methoxymethyl)benzene",1,0.45663055339091535,0.46743052768651444,0.46464282392581596,0.4345786792562099
Hagan_genotox,DTXSID7044762,"2-(3,4-Epoxycyclohexyl)ethyltriethoxy silane",0,0.345938531654729,0.33340763309713145,0.41695155852000737,0.38958095133443377
Hagan_genotox,DTXSID7044764,2-Phenylethyl 2-methylpropanoate,0,0.37496458744007116,0.3745536262311841,0.3950847149455912,0.3740962735947113
Hagan_genotox,DTXSID7044920,C.I. Acid Blue 113,0,0.3532322212655347,0.4404597962208477,0.3879845006484666,0.38536530939825414
Hagan_genotox,DTXSID7044922,1-(2-Hydroxyethyl)pyrrolidin-2-one,1,0.3847673730256291,0.4008585251640778,0.4200886177945353,0.4363947465436677
Hagan_genotox,DTXSID7044926,"N-Butyl-2,2,6,6-tetramethylpiperidin-4-amine",0,0.26251767315680313,0.2159014992856971,0.20572232870157525,0.2054786501344481
Hagan_genotox,DTXSID7044972,"1,10-Decanediol dimethacrylate",0,0.53930623031725,0.6221320944724499,0.6181747196943195,0.6155505476313445
Hagan_genotox,DTXSID7044974,"N'-[3-(Dimethylamino)propyl]-N,N-dimethylpropane-1,3-diamine",0,0.32009049466814954,0.27512741573590616,0.312811805936218,0.31356698073853106
Hagan_genotox,DTXSID7044976,"2,2-Bis[(prop-2-en-1-yloxy)methyl]butan-1-ol",0,0.31908313446424486,0.2987869760643891,0.2905771243575781,0.27363460036410187
Hagan_genotox,DTXSID70450351,"3-(3-Hydroxypropyl)-1,3-oxazolidin-2-one",0,0.3918388439499639,0.41649136563279265,0.42389781687312006,0.4358926524498483
Hagan_genotox,DTXSID7045077,2-Bromo-2-methylpropionyl bromide,1,0.3987173759211473,0.4401496056738235,0.5013832859443548,0.4947623317094603
Hagan_genotox,DTXSID70451969,4-[2-Ethoxy-5-(4-methylpiperazine-1-sulfonyl)benzamido]-1-methyl-3-propyl-1H-pyrazole-5-carboxamide,0,0.28632586286388134,0.2878003567114022,0.3483434033975654,0.3444821723929595
Hagan_genotox,DTXSID70454758,"(trans,trans)-4-Butyl-4'-propyl-1,1'-bicyclohexyl",0,0.21271224888240337,0.17360053971432712,0.23308741233838082,0.18702515081605228
Hagan_genotox,DTXSID7046548,Perfluorohexane,0,0.28305264385152845,0.23746369184401817,0.3218560601285083,0.24687762404725175
Hagan_genotox,DTXSID70467621,"4,4-DIMETHYL-7-METHOXYISOCHROMAN-1,3-DIONE",0,0.3974066799093605,0.44605870293256206,0.3981589913461184,0.40770159488518337
Hagan_genotox,DTXSID7047061,Heptadecane,0,0.09845913225784227,0.055104479404669476,0.05874332857954125,0.053403411975572135
Hagan_genotox,DTXSID7047063,Docosane,0,0.1030194775206384,0.05863882027653535,0.08249369432094313,0.06326242420186483
Hagan_genotox,DTXSID7047065,"1,2-Dimethoxybenzene",0,0.4992979215661548,0.5362349431601162,0.5712982561959047,0.5366895965987598
Hagan_genotox,DTXSID7047067,Lepidine,1,0.6758565419399177,0.7466690708065865,0.714835551047943,0.7126217048514106
Hagan_genotox,DTXSID7047144,Chlorhexidine dihydrochloride,0,0.32133967367508415,0.3295753809979069,0.33261689388551136,0.3313502851005296
Hagan_genotox,DTXSID7047148,Ferrous fumarate,0,0.49129624447436765,0.5386804041333211,0.629875160517138,0.6114624916613057
Hagan_genotox,DTXSID7047190,gamma-Dodecalactone,0,0.147907242861203,0.15272761683737746,0.1602772630520813,0.16325635114750217
Hagan_genotox,DTXSID7047198,Ethyl 2-methylpentanoate,0,0.3071668368922813,0.3398449452978069,0.34236385223925475,0.34754782723255034
Hagan_genotox,DTXSID7047510,Benzyl butyrate,1,0.4387564831344924,0.4617081653048187,0.4492701038444571,0.4286577738086204
Hagan_genotox,DTXSID70475140,Ethyl N-[3-amino-4-(methylamino)benzoyl]-N-pyridin-2-yl-beta-alaninate,1,0.4225163044694434,0.474448319082123,0.47349146587443286,0.4824804441468104
Hagan_genotox,DTXSID7047643,1-Cyclohexylethanol,0,0.43941500183010795,0.3962711597020094,0.4166678022241867,0.39716077457540094
Hagan_genotox,DTXSID7047649,4-Methoxybenzyl formate,0,0.4048458384369266,0.42951619361143134,0.41597745115967893,0.4066634149665476
Hagan_genotox,DTXSID7047728,Ethyl isobutyrate,0,0.33513502796308847,0.39087391223993256,0.3912935532297017,0.39625228137976026
Hagan_genotox,DTXSID7049423,3-Hydroxy-4-methoxy-benzaldehyde,0,0.5290522950365891,0.6301682511496036,0.587674839956654,0.6039573924079401
Hagan_genotox,DTXSID7051218,"2-Hydroxy-N1,N1,N1,N3,N3-pentamethyl-N3-{3-[(2-methylacryloyl)amino]propyl}propane-1,3-bis(aminium) dichloride",0,0.2509495724734082,0.24039518388943484,0.3081793551798561,0.30525830470165594
Hagan_genotox,DTXSID7051341,"1-Propanol, 2-[1-(3,3-dimethylcyclohexyl)ethoxy]-2-methyl-, 1-propanoate",0,0.2338676768557811,0.2639984430724309,0.2605779057526827,0.27390918788519447
Hagan_genotox,DTXSID7051476,1-Dodecylpyridinium chloride,0,0.20652435756349588,0.203491849382895,0.1863184638997413,0.18655511652810972
Hagan_genotox,DTXSID7051507,Cyclohexyl methacrylate,0,0.4003337376269407,0.47450945362270347,0.4685275441607486,0.4776243296363631
Hagan_genotox,DTXSID7051551,"3,3-Dimethyl-5-(2,2,3-trimethyl-3-cyclopenten-1-yl)-4-penten-2-ol",0,0.30617928538795447,0.2890945500062178,0.2714600114339163,0.2580862412985582
Hagan_genotox,DTXSID7051559,Diallyl isophthalate,1,0.40813965462354745,0.44077796412322234,0.4908217060787832,0.4749676619657472
Hagan_genotox,DTXSID7051630,"1-[2-{1-[2-Hydroxy-3,5-bis(2-methylbutan-2-yl)phenyl]ethyl}-4,6-bis(2-methylbutan-2-yl)phenyl]but-3-en-2-one",0,0.22258848483587368,0.23307384271940226,0.26837151286128375,0.27887766237598516
Hagan_genotox,DTXSID7051632,beta-Methyl-3-(1-methylethyl)benzenepropanal,0,0.48488600437991325,0.5552781286613157,0.6112397944680003,0.6140752380103814
Hagan_genotox,DTXSID7051688,1-Cyclohexylethyl acetate,0,0.4076928279257997,0.4781430468165226,0.47673455099245254,0.4814742622759878
Hagan_genotox,DTXSID7051711,"2,6,10-Trimethylundec-9-enal",0,0.5101811252377113,0.6256146261392881,0.5999385340335928,0.6188802476362768
Hagan_genotox,DTXSID7051763,"1,2-Bis(triethoxysilyl)ethane",0,0.34032304928070783,0.3180810830953076,0.31059346820149525,0.30276580524394203
Hagan_genotox,DTXSID7051846,"2,2-Dimethyl-1,3-dioxane-4,6-dione",0,0.40100121955792617,0.40583087859018696,0.41133731691021697,0.3945122932677128
Hagan_genotox,DTXSID7051848,tert-Pentylbenzene,0,0.24378430578037427,0.2007351979551323,0.20421462454979242,0.18780223092658657
Hagan_genotox,DTXSID7051892,"2,4,6-Trimethyl-2,4,6-tris(3,3,3-trifluoropropyl)cyclotrisiloxane",0,0.31182527615159555,0.3149709471859752,0.3567994761137984,0.3269934057217701
Hagan_genotox,DTXSID7051977,"4-(Octahydro-5H-4,7-methanoinden-5-ylidene)butanal",0,0.45702062946030164,0.5643957847166003,0.5347071735809356,0.563499643433361
Hagan_genotox,DTXSID7052022,"3-(6,6-Dimethylbicyclo[3.1.1]hept-2-en-2-yl)propanal",0,0.42889279786974416,0.5381735305763223,0.5028421626543602,0.5394374657352518
Hagan_genotox,DTXSID7052024,Harmine hydrochloride,1,0.5366773057793952,0.6425281659283096,0.6342789967659148,0.6378589515580594
Hagan_genotox,DTXSID7052101,"2,2,4,4,6,8,8-Heptamethylnonane",0,0.2248528636909349,0.16514069931027578,0.1802184819801912,0.1603148337455471
Hagan_genotox,DTXSID7052103,Tetrazol-5-ylamine,0,0.5442836568918876,0.6075929381023101,0.610554974793713,0.6151922831547726
Hagan_genotox,DTXSID7052105,Octahydro-2H-1-benzopyran-2-one,1,0.43504165126449273,0.5196953714269518,0.5122621814909449,0.5204283207583088
Hagan_genotox,DTXSID7052151,Cobalt(II) carbonate,1,0.5017895896929434,0.5260953216029199,0.5908807025255691,0.5883328649882896
Hagan_genotox,DTXSID7052155,"3,7-Dimethyloct-6-enenitrile",1,0.43433561924610853,0.4985686530444049,0.5047038855172482,0.5038864719721305
Hagan_genotox,DTXSID7052159,Pigment Red 242,0,0.08003622627593428,0.07345554842311974,0.06205633692000365,0.0666347948527057
Hagan_genotox,DTXSID7052230,"1-(5,5-Dimethyl-1-cyclohexen-1-yl)pent-4-en-1-one",0,0.3462875820953187,0.4152521979015385,0.4022219808025489,0.4174178600535287
Hagan_genotox,DTXSID7052280,Calcium octanoate,0,0.4442115295945978,0.5304144962503186,0.5214029100077947,0.5313772678224008
Hagan_genotox,DTXSID7052282,2-tert-Butyl-6-(3-tert-butyl-2-hydroxy-5-methylbenzyl)-4-methylphenyl prop-2-enoate,0,0.33808998829445125,0.36774038940868836,0.4256265298346633,0.42761892894318426
Hagan_genotox,DTXSID7052311,1-Ethoxybutane,0,0.27986206352272436,0.2273080104699624,0.25691871884635936,0.24865512041828355
Hagan_genotox,DTXSID7052317,4-(Isopropyl)cyclohexyl propionate,0,0.36997540691744374,0.43281504880151145,0.4314883548453936,0.43792070334907435
Hagan_genotox,DTXSID7052367,"Ethyl 3,5,5-trimethylhexanoate",0,0.22416720124892275,0.24439517887103102,0.24956931151047743,0.25449420854999544
Hagan_genotox,DTXSID7052369,"3-Methyl-5-(2,2,3-trimethyl-3-cyclopenten-1-yl)pent-4-en-2-ol",0,0.39968354899772535,0.40037240018959186,0.37405281938274926,0.3586556312933995
Hagan_genotox,DTXSID7052446,"2,3,5-Trimethylhydroquinone",0,0.5037574996594172,0.5265045389115356,0.5443524594740254,0.5158527359000061
Hagan_genotox,DTXSID7052494,Dimethylamine-borane (1:1),0,0.4832925792470863,0.5379872467642003,0.564545983606611,0.5279768773965844
Hagan_genotox,DTXSID7052529,2-Methoxy-4-vinylphenol,1,0.5318464557821617,0.5922069439451613,0.6114864303229445,0.586094784322036
Hagan_genotox,DTXSID7052602,"1,4-Dichloro-2-nitrobenzene",1,0.6142756363532064,0.754729052731328,0.8072780436796664,0.8233293895413597
Hagan_genotox,DTXSID7052650,2-Benzyl-2-methyl-3-butenitrile,0,0.3789949876989831,0.3809093071976126,0.42966202010019394,0.4048857375402061
Hagan_genotox,DTXSID7052652,Citronellyl isobutyrate,0,0.4466030102187701,0.5282079685741187,0.5265787746167604,0.5325476386960001
Hagan_genotox,DTXSID7052733,"2,5-Bis(1,1,3,3-tetramethylbutyl)hydroquinone",0,0.1998575982740474,0.15051015035495333,0.16850474337814045,0.15421404757538912
Hagan_genotox,DTXSID70543318,3-Methyl-1-benzofuran-5-ol,0,0.5212635002717393,0.5514457348484342,0.533194154578276,0.5227148681498283
Hagan_genotox,DTXSID70554727,"2,2,6,6-Tetramethylpiperidin-4-yl dodecanoate",1,0.17096952898667747,0.17682944892134778,0.1518962435303692,0.17067808975735277
Hagan_genotox,DTXSID70558068,2-Chloro-4-(methanesulfonyl)-3-methylbenzoic acid,0,0.34241592408863575,0.3613838810981358,0.3431874406264895,0.34263176020728725
Hagan_genotox,DTXSID70571737,3-(Difluoromethyl)-1-methyl-1H-pyrazole-4-carbonyl chloride,0,0.3673616594693268,0.39831885239877907,0.4459257497744362,0.43732073754776773
Hagan_genotox,DTXSID7057606,2-Aminoethyldiethylamine,0,0.37280999151000144,0.3642996881795643,0.3622319947356947,0.3645414750587314
Hagan_genotox,DTXSID7057656,2-Bromo-4'-chloro-2'-(2-fluorobenzoyl)acetanilide,0,0.35486894690878934,0.39702824962544114,0.3604224925949652,0.35705310894039516
Hagan_genotox,DTXSID7057733,4-(4-Chlorophenyl)-4-piperidinol,0,0.41749811707192,0.4440626465836211,0.44139929536261385,0.43854947095016944
Hagan_genotox,DTXSID7057739,Methyl 4-acetamido-o-anisate,0,0.5066218023105863,0.5694215262269126,0.5877103556177099,0.5767026348470137
Hagan_genotox,DTXSID7057781,"2,3-Dihydroxypropyl methacrylate",0,0.4399769423910766,0.518417926731768,0.5086081254500648,0.515928778635084
Hagan_genotox,DTXSID70583436,(2-tert-Butoxy-2-oxoethyl)(triphenyl)phosphanium chloride,0,0.2884279302637693,0.3169939426141047,0.28614440926437806,0.30121323395034505
Hagan_genotox,DTXSID7058757,Guanidine monohydrochloride,0,0.46427436378453696,0.5196005499670926,0.5439531885628149,0.5221631536240391
Hagan_genotox,DTXSID7058961,o-(Trifluoromethyl)aniline,0,0.5053239595280571,0.5477475030365474,0.5838795606051629,0.561904961745091
Hagan_genotox,DTXSID7058969,"2,5-Diaminobenzenesulfonic acid",0,0.2622296707554717,0.24044663003406133,0.29279576565941745,0.2868333887138164
Hagan_genotox,DTXSID7059010,"2-Propenoic acid, 3-(3,4,5-trimethoxyphenyl)-",0,0.43846577856122176,0.4959845352783876,0.6137404438072673,0.6028617326545649
Hagan_genotox,DTXSID7059012,"6,6'-Di-tert-butyl-2,2'-thiodi-p-cresol",0,0.4271950990437979,0.4603072666274783,0.4419198921669716,0.446097533389411
Hagan_genotox,DTXSID7059014,"Methanone, bis[4-(diethylamino)phenyl]-",0,0.47169936433594434,0.5419437458269579,0.5171057089525809,0.5333025768139943
Hagan_genotox,DTXSID7059066,"2-Naphthalenecarboxamide, N-(4-chlorophenyl)-3-hydroxy-",0,0.5622605360663004,0.6377084051677153,0.6257784406201131,0.6233245621234283
Hagan_genotox,DTXSID7059141,"Benzenesulfonic acid, 5-(acetylamino)-2-amino-",0,0.3557277870996844,0.352363753092438,0.4163900071571623,0.39446532744605106
Hagan_genotox,DTXSID7059143,"Benzoic acid, 4-chloro-3-nitro-",0,0.7620055426595508,0.8818794073182401,0.9121509109319801,0.9170905733063003
Hagan_genotox,DTXSID7059145,"Benzoic acid, 2-hydroxy-5-sulfo-",0,0.42636149845425236,0.4919452479348325,0.4786412501265224,0.47742061153280585
Hagan_genotox,DTXSID7059274,2-(Cyclohexylamino)ethanesulfonic acid,0,0.27541845615918664,0.26115840549817976,0.26102313813352046,0.27954643356257153
Hagan_genotox,DTXSID7059303,"1,3-Propanediamine, N,N-diethyl-",0,0.3542334423415034,0.33341197522177773,0.3399573936135803,0.3529499231966457
Hagan_genotox,DTXSID7059355,3-Methyl-1-butanamine,0,0.34880608386011586,0.3448761559041003,0.4041012263975019,0.358816105395179
Hagan_genotox,DTXSID7059430,"1,3-Propanediol, 2-amino-2-methyl-",0,0.2945100809084333,0.2466152188622388,0.22362109379728523,0.21581256772475008
Hagan_genotox,DTXSID7059569,(2-Hydroxyethyl)ammonium mercaptoacetate,0,0.4646825954368498,0.5216939141945264,0.454324063181011,0.4706047571109559
Hagan_genotox,DTXSID7059856,"2,2,2-Trifluoroethyl methacrylate",0,0.3098933041869023,0.35771827451905774,0.35164110818722155,0.35976649036960867
Hagan_genotox,DTXSID7060170,"1H-Isoindole-1,3(2H)-dione, 2-hydroxy-",0,0.5030330063190506,0.5806414518788211,0.6648800864544694,0.6603961814170817
Hagan_genotox,DTXSID7060255,"Carbonic acid, dibutyl ester",0,0.2545885438411766,0.2837276360119112,0.2909445931582385,0.2973276346943147
Hagan_genotox,DTXSID7060330,"Oxirane, 2,2-dimethyl-",1,0.37442133812714,0.3396202094540983,0.3958411135420719,0.38286141083234176
Hagan_genotox,DTXSID7060380,7-Quinolinol,0,0.5337183948253394,0.6051460118929045,0.5763144230264837,0.5823124512895644
Hagan_genotox,DTXSID7060461,n-Butyl chloroformate,0,0.22490460711717064,0.22855130851460914,0.29238151686710223,0.29212914077862234
Hagan_genotox,DTXSID7060590,"Acetic acid, 2-nitrophenyl ester",0,0.9164860774520275,0.9735018753087278,0.9785600734030733,0.9795457700766468
Hagan_genotox,DTXSID7060968,"1H-Imidazole, 2-phenyl-",0,0.5195168104927359,0.6042169392992242,0.6168607387757045,0.6053533084465368
Hagan_genotox,DTXSID7061275,Lanthanum acetate,0,0.4939726398167981,0.5208124507122127,0.51880400190048,0.5255591678064798
Hagan_genotox,DTXSID7061279,"Butane, 2-ethoxy-2-methyl-",0,0.3739990106929382,0.35299203766902104,0.35212107928657804,0.34740329744457776
Hagan_genotox,DTXSID7061306,"Cyclopentane, chloro-",0,0.4391980846549404,0.4875124550580547,0.4651860411198816,0.4873738635833182
Hagan_genotox,DTXSID7061356,"Diethyl ((3,5-bis(1,1-dimethylethyl)-4-hydroxyphenyl)methyl)phosphonate",0,0.18023793040384017,0.1287934375338655,0.14311752630533262,0.12896948188254093
Hagan_genotox,DTXSID7061433,Trimethylsilanol,0,0.47461129632040117,0.5251738355421423,0.5456000708877363,0.5345312629656321
Hagan_genotox,DTXSID7061516,Copper dioleate,0,0.1060909588802837,0.08505173553519148,0.08099492329645575,0.0833474324303004
Hagan_genotox,DTXSID7062401,"Benzene, 1,1',1''-methylidynetris[4-isocyanato-",0,0.46777010041235495,0.49649238975835547,0.5688484646767771,0.5560698163238627
Hagan_genotox,DTXSID7062742,"Methanone, (2-amino-5-chlorophenyl)(2-chlorophenyl)-",0,0.4877720847616153,0.5613309606965999,0.527932743287672,0.5344959254830624
Hagan_genotox,DTXSID7062823,"Thioperoxydicarbonic diamide ([(H2N)C(S)]2S2), tetrakis(2-methylpropyl)-",0,0.3737381502854939,0.44959239293032494,0.5447179544446038,0.5724883110337723
Hagan_genotox,DTXSID7062825,Hexyltrimethoxysilane,0,0.08877993447338055,0.06358032697634973,0.06472636825120898,0.06473574578974234
Hagan_genotox,DTXSID7063007,"Trisiloxane, 1,3,5-trimethyl-1,1,3,5,5-pentaphenyl-",0,0.4687933239864415,0.5183159753475202,0.5452221838591332,0.5230375400493658
Hagan_genotox,DTXSID7063136,"7H-Benz[de]anthracen-7-one, 3-methoxy-",1,0.5750922889379505,0.6650742495809492,0.6242780896634957,0.6227102052722219
Hagan_genotox,DTXSID7063685,1H-Imidazole-1-propanamine,0,0.3612534809904065,0.37330982530609286,0.31559362123611817,0.3156569735662589
Hagan_genotox,DTXSID7063714,"Benzeneacetic acid, pentyl ester",0,0.15432866314701607,0.11425808480037924,0.11500469771443929,0.1093694151507492
Hagan_genotox,DTXSID7063764,"Dodecanoic acid, octyl ester",0,0.03436297492893522,0.024074083127693224,0.026611855169103554,0.02827211469217609
Hagan_genotox,DTXSID7063766,"1,4-Benzenediamine, 2-methoxy-",0,0.8266024815379538,0.9006566866016329,0.9165370165506417,0.9093330060886372
Hagan_genotox,DTXSID7063970,"Glycine, N,N'-1,2-ethanediylbis-",0,0.4738113333666334,0.5218277819520817,0.4593208272861711,0.46441511537192676
Hagan_genotox,DTXSID7064079,Glycine hydrochloride,0,0.4702370581714619,0.49058716667754093,0.629395196684767,0.6238828136862101
Hagan_genotox,DTXSID7064102,"2,5-Pyrrolidinedione, 1-hydroxy-",0,0.48271802623301446,0.5181911047682596,0.5672765526883953,0.5533901306425433
Hagan_genotox,DTXSID7064318,"9,10-Anthracenedione, 1-(methylamino)-4-[(3-methylphenyl)amino]-",0,0.45547389567669705,0.5564943088779599,0.49015781952451437,0.5136213470486096
Hagan_genotox,DTXSID7064522,"Acetamide, N-(2-methoxy-5-methylphenyl)-",0,0.5454906782890115,0.6085144804176963,0.6372008980195895,0.6244490391587317
Hagan_genotox,DTXSID7064948,"2,5-Dianilinoterephthalic acid",0,0.4245431458977668,0.49229579414012054,0.45377253135705997,0.462174214585459
Hagan_genotox,DTXSID7065380,Ethyldimethyl(2-((2-methyl-1-oxoallyl)oxy)ethyl)ammonium ethyl sulphate,0,0.2730805291069905,0.27819504324677596,0.3581300355728895,0.35322437400304524
Hagan_genotox,DTXSID7065548,"1,3-Bis[1-methyl-1-(4-hydroxyphenyl)ethyl]benzene",0,0.3283956474405704,0.3145255570224091,0.30676248632012243,0.2908565483579629
Hagan_genotox,DTXSID70659822,"5-Amino-N1,N3-bis(2,3-dihydroxypropyl)benzene-1,3-dicarboxamide hydrogen chloride (1/1)",0,0.5979484035325008,0.6748666520201857,0.7085333914881788,0.6933782449783177
Hagan_genotox,DTXSID7066227,3-Sulfobenzoic acid monosodium salt,0,0.301941034748278,0.3070910156955076,0.2979575689621044,0.2951126235750798
Hagan_genotox,DTXSID7066435,Sodium 3-(((dimethylamino)thioxomethyl)thio)propanesulphonate,0,0.29270130725218174,0.360074623998244,0.3242799109339642,0.3610696253040661
Hagan_genotox,DTXSID7066645,"Ethanol, 2,2'-[[4-[(4-aminophenyl)azo]phenyl]imino]bis-",1,0.7967900325498739,0.8870456914640639,0.8546455460812696,0.8598142168599271
Hagan_genotox,DTXSID7066805,"2H-Isoindole-2-carboxylic acid, 1,3-dihydro-1,3-dioxo-, ethyl ester",0,0.4380000494624949,0.5010400259182656,0.43957420495807065,0.4383779540672494
Hagan_genotox,DTXSID7066809,"Benzenamine, N-(2-chloroethyl)-N-ethyl-3-methyl-",1,0.5651365538354477,0.6160316858339865,0.5655425784208657,0.5510176835957459
Hagan_genotox,DTXSID70668237,"3,3'-[[3,4-Dihydro-1,1'-biphenyl]-4,4-diylbis(oxy)]dianiline",0,0.6581867014109423,0.7327170401005704,0.735078669503184,0.7315466094156754
Hagan_genotox,DTXSID7067087,Dimethyl octadecylphosphonate,0,0.2759049165768415,0.33983906196601793,0.23531738119606924,0.3207353137233575
Hagan_genotox,DTXSID7067249,"Neodecanoic acid, potassium salt",0,0.2546079340095619,0.25483878602218324,0.21541158303460914,0.23099654232926006
Hagan_genotox,DTXSID7067451,"Propaneperoxoic acid, 2,2-dimethyl-, 1,1-dimethylpropyl ester",1,0.410370229514292,0.4874385414863367,0.4840796749568419,0.49074435079509465
Hagan_genotox,DTXSID7067823,"9,10-Anthracenedione, 1-amino-4-hydroxy-2-[(6-hydroxyhexyl)oxy]-",0,0.43937685216484396,0.5098248867904545,0.4333748860751401,0.4306486669552725
Hagan_genotox,DTXSID70680196,"2H-â€‹1-â€‹Benzopyran, 6-â€‹fluoro-â€‹3,â€‹4-â€‹dihydro-â€‹2-â€‹[(2S)â€‹-â€‹2-â€‹oxiranyl]â€‹-â€‹, (2S)â€‹-",1,0.4157835303218647,0.43008123529166054,0.5365354719377103,0.5250434237949967
Hagan_genotox,DTXSID7068263,"Acetamide, N-(2,2,6,6-tetramethyl-4-piperidinyl)-",0,0.34750055263762714,0.379629186823122,0.324073117756798,0.349616824785061
Hagan_genotox,DTXSID7068500,"1-Propanesulfonic acid, 3-(2-benzothiazolylthio)-, sodium salt",0,0.3418567806537878,0.3804269545026331,0.36261125703729663,0.3799213394474674
Hagan_genotox,DTXSID7068637,"Propane, 2-(2-ethoxyethoxy)-2-methyl-",0,0.31968878922552446,0.28719300482709303,0.3180957012090922,0.30543366220704143
Hagan_genotox,DTXSID7068766,"Glycine, N-methyl-N-(1-oxotetradecyl)-",0,0.10037315038834212,0.08188012791197306,0.07620899656977025,0.07904215729248953
Hagan_genotox,DTXSID7068847,Isobutyl sodium phosphorothioate,0,0.3721914438479666,0.4217118916098927,0.3985919642287216,0.41807725103892146
Hagan_genotox,DTXSID7069150,"5-Chloro-2-(2,4-dichlorophenoxy)aniline",1,0.619027473847111,0.6808361511081681,0.6717204390234329,0.66250917693378
Hagan_genotox,DTXSID70693024,1-methyl-4-[4-(4-propylcyclohexyl)cyclohexyl]benzene,0,0.2349667848375437,0.20371987190605326,0.2134060449637006,0.2051497475852868
Hagan_genotox,DTXSID7070507,2-(N-Methylperfluorobutylsulfonamido)ethyl acrylate,0,0.2962363134814594,0.29423387559540526,0.3332314064825906,0.31780951654667056
Hagan_genotox,DTXSID70705297,"1~4~-Butyl-3~4~-ethoxy-3~2~,3~3~-difluoro-1~1~,1~2~,1~3~,1~4~,1~5~,1~6~,2~1~,2~2~,2~3~,2~4~,2~5~,2~6~-dodecahydro-1~1~,2~1~:2~4~,3~1~-terphenyl",0,0.16184323953030805,0.13700248757323402,0.1408577438703952,0.1346640236274801
Hagan_genotox,DTXSID7070682,Strontium 4-((4-chloro-5-methyl-2-sulphonatophenyl)azo)-3-hydroxy-2-naphthoate (1:1),0,0.2977319157225524,0.3483724302530266,0.27383202801932555,0.2887878826584345
Hagan_genotox,DTXSID7070846,"3,3'-((4-((2,6-Dichloro-4-nitrophenyl)azo)phenyl)imino)bispropiononitrile",1,0.7824745942673875,0.8953824500960176,0.9539546756552411,0.9557066146152765
Hagan_genotox,DTXSID7070975,Ammonium N-methyl-N-(1-oxododecyl)glycinate,0,0.09751332059298057,0.08107198033305058,0.07289513695372905,0.07585369349665806
Hagan_genotox,DTXSID7071367,"(2-Hydroxy-1,1-dimethylethyl)ammonium toluene-4-sulphonate",0,0.30472448042277406,0.287381609355747,0.30803970923544854,0.29488998187056487
Hagan_genotox,DTXSID7071810,"1,3-Decanedione, 1-phenyl-",0,0.2056161369087035,0.18694974083962537,0.1649714680200597,0.1693893290210274
Hagan_genotox,DTXSID7072416,"Propanoic acid, 3-[[bis(1-methylethoxy)phosphinothioyl]thio]-, ethyl ester",0,0.35487087382323973,0.39641619399932254,0.3546450222391309,0.3789368199858732
Hagan_genotox,DTXSID7072969,Ditrimethylolpropane tetraacrylate,1,0.4692695987185133,0.5022525049158447,0.5622495092447509,0.5403443785582728
Hagan_genotox,DTXSID7073301,4-Ethenyl-phenol,1,0.5124921708692992,0.5656489611571649,0.5878573539755975,0.5604951457865996
Hagan_genotox,DTXSID7073517,"2-Ethyl-2-methyl-2,3-dihydroperimidine",1,0.6643295161821718,0.7366271333263185,0.7374114274465361,0.7345802813876423
Hagan_genotox,DTXSID7074379,Potassium L-Lactate,0,0.5619714197195123,0.6360621558702287,0.5772719118230506,0.5921878916192419
Hagan_genotox,DTXSID7074402,"2H-Cyclododeca[b]pyran, 3,4,5,6,7,8,9,10,11,12,13,14-dodecahydro-",1,0.3995630122016642,0.41708889565416896,0.4080567142418811,0.4049272036305056
Hagan_genotox,DTXSID7074406,"Propanedioic acid, 2,2'-(1,4-phenylenedimethylidyne)bis-, tetraethyl ester",1,0.39438425684882694,0.4343450954455516,0.5847675834624996,0.5592101179692706
Hagan_genotox,DTXSID7074581,"Ethanone, 1-(1-chlorocyclopropyl)-",0,0.43955360521628584,0.4910752278854722,0.49915305304826685,0.5098395193638389
Hagan_genotox,DTXSID7074822,Cyclopenta[cd]pyrene,1,0.7345122344589955,0.8165708261425967,0.8193341991411446,0.818429168442668
Hagan_genotox,DTXSID7074953,"Dodecanoic acid, ethenyl ester",1,0.20111414036358874,0.21316620857186017,0.2196905977122631,0.22369415319982536
Hagan_genotox,DTXSID7075183,"2-Propenoic acid, 4-[[(4-benzoylphenoxy)carbonyl]oxy]butyl ester",0,0.2712532830045998,0.31318752195578886,0.3037734697944859,0.3080361687600495
Hagan_genotox,DTXSID70863109,"1,2,4,5-Benzenetetracarboxylic acid, 1,2,4,5-tetrakis(2-ethylhexyl) ester",0,0.14635165426766297,0.11649823432307653,0.10564576472875853,0.10300226821174846
Hagan_genotox,DTXSID70863149,"2H-Pyran-2-one, 6-butyltetrahydro-",0,0.22350570444171816,0.2450871087041748,0.2467465405744228,0.2561371839258768
Hagan_genotox,DTXSID70863644,"Phenol, 2,4,6-tris(1-methylpropyl)-",0,0.3372823882199622,0.3139336429209399,0.3196691386515343,0.2944337969470033
Hagan_genotox,DTXSID70865007,"1-Propanesulfonic acid, 3-((aminoiminomethyl)thio)-",0,0.2029675195529498,0.21307332848493363,0.16879842821754687,0.1987435592451148
Hagan_genotox,DTXSID70865769,"Silane, triethoxy(2,4,4-trimethylpentyl)-",0,0.15416311444529837,0.1229758786761196,0.12427246741619365,0.1305785747567821
Hagan_genotox,DTXSID70865966,Ethyltriglycol methacrylate,0,0.43412204256844394,0.5209815673726053,0.504827182473392,0.5166083153738414
Hagan_genotox,DTXSID70866473,C.I. Disperse Orange 61,0,0.7440090604355712,0.86169586739896,0.9302987341012731,0.9300879556669231
Hagan_genotox,DTXSID70866751,"Hexanoic acid, 3,5,5-trimethyl-, isotridecyl ester",0,0.06473409052255193,0.0564372285788726,0.060582091747177325,0.06547678530419997
Hagan_genotox,DTXSID70867985,"4,8-Dimethyl-4,9-decadienal",0,0.39906881516470166,0.4967764914669314,0.47388113381974034,0.4984807437012979
Hagan_genotox,DTXSID70870934,valeric anhydride,0,0.26709968733172446,0.2994071857959608,0.29693073093446626,0.30428018735051393
Hagan_genotox,DTXSID70875580,3-OH-N-NITROSOPIPERIDINE,1,0.835155724812004,0.9094759382909253,0.9234638010085807,0.9309558019707627
Hagan_genotox,DTXSID70875601,"3,4-DIBROMO-N-NITROSOPIPERIDINE",1,0.8443870030250826,0.9095095249547173,0.933603548499509,0.9341539765588057
Hagan_genotox,DTXSID70880972,2-Mercaptoethanol sodium salt,0,0.4409852539333147,0.5275014359394986,0.4552192427459389,0.513897508844816
Hagan_genotox,DTXSID70881404,C.I. Direct Violet 35,0,0.2297833615043435,0.3016305438222719,0.23702243993426445,0.24150542815810253
Hagan_genotox,DTXSID70883185,"1,2,3-Propanetricarboxylic acid, 2-hydroxy-, lithium salt (1:3)",1,0.4076422620360302,0.3994509049162229,0.46436420415779783,0.4242373236289689
Hagan_genotox,DTXSID70883549,"Silane, 1,1'-(1,2-ethanediyl)bis[1,1-dichloro-1-methyl-",0,0.37061813481854883,0.39785896320455666,0.4379925295098494,0.40224712763012044
Hagan_genotox,DTXSID70884137,"1,4-Pentadien-3-ol, 3-methyl-1-(2,6,6-trimethyl-1-cyclohexen-1-yl)-",0,0.2619563469574972,0.23522146230939345,0.2585012655269107,0.24995823169419626
Hagan_genotox,DTXSID70884935,"Benzenesulfonamide, 4-amino-N-(4-aminophenyl)-",1,0.5703113438328141,0.6349125005531526,0.6432176200608453,0.6456086452571306
Hagan_genotox,DTXSID70887244,"Sulfuric acid, mono(2-ethylhexyl) ester, ammonium salt (1:1)",0,0.5314163420946999,0.5758513794051874,0.582214930229469,0.572671727280451
Hagan_genotox,DTXSID70887789,"4-Morpholineethanesulfonic acid, sodium salt (1:1)",0,0.26112074802931384,0.24651521492980585,0.261130609556754,0.2766632747079587
Hagan_genotox,DTXSID70888690,"Acetamide, N,N'-(ethenylmethylsilylene)bis[N-ethyl-",0,0.3997246759412442,0.40542352046134633,0.402475484386883,0.38883232602189777
Hagan_genotox,DTXSID70888892,"Hexadecanamide, N-(3,5-dichloro-4-ethyl-2-hydroxyphenyl)-",0,0.1311039164665717,0.09092265603581318,0.10240233532931627,0.09686658767975913
Hagan_genotox,DTXSID70888973,"1H-Benz[e]indolium, 1,1,2,3-tetramethyl-, 4-methylbenzenesulfonate (1:1)",1,0.773168370119293,0.853073327110275,0.8407077969778475,0.8370033807340471
Hagan_genotox,DTXSID70889127,"2(3H)-Benzofuranone, 3-[2-(acetyloxy)-5-(1,1,3,3-tetramethylbutyl)phenyl]-5-(1,1,3,3-tetramethylbutyl)-",0,0.21594423266691784,0.20445277476562418,0.19654736422943941,0.19162188416138273
Hagan_genotox,DTXSID70889283,"Benzoic acid, 3,5-bis(1,1-dimethylethyl)-4-hydroxy-, 4-(1,1-dimethylethyl)-2-[5-(1,1-dimethylethyl)-2,3-dihydro-2-oxo-3-benzofuranyl]phenyl ester",0,0.23156729835655523,0.21470450538571076,0.21333417389808787,0.20535969815181254
Hagan_genotox,DTXSID70889288,"5H-Cyclopenta[h]quinazoline, 6,7,8,9-tetrahydro-7,7,8,9,9-pentamethyl-",0,0.3496315904033494,0.3736628005858302,0.34547166829314374,0.3449527851070706
Hagan_genotox,DTXSID70889667,"Benzenesulfonic acid, 2,2'-(1,2-ethenediyl)bis[5-[[4-[(2-hydroxyethyl)amino]-6-(phenylamino)-1,3,5-triazin-2-yl]amino]-, sodium salt (1:2)",0,0.29112795021020044,0.293228534725185,0.38346827502906633,0.3745018611863096
Hagan_genotox,DTXSID70889748,"Benzenesulfonic acid, 4-[[4-chloro-6-[(4-sulfophenyl)amino]-1,3,5-triazin-2-yl]amino]-2-[2-[1-(2,5-dichloro-4-sulfophenyl)-4,5-dihydro-3-methyl-5-oxo-1H-pyrazol-4-yl]diazenyl]-, sodium salt (1:3)",0,0.13255832996060277,0.11444204066623063,0.1057905566426034,0.09885038863004945
Hagan_genotox,DTXSID70889945,C.I. Direct Red 253,0,0.20895743608645,0.27079396635616554,0.4314994751444394,0.43519883522116865
Hagan_genotox,DTXSID70890112,"Benzenesulfonic acid, [(9,10-dihydro-9,10-dioxo-1,4-anthracenediyl)bis[imino(3-methyl-3,1-propanediyl)]]bis-, sodium salt (1:2)",0,0.5303626542306165,0.6355411871687623,0.6092075809286284,0.6223955913511084
Hagan_genotox,DTXSID70890455,"Benzenesulfonic acid, 3,3'-[[6-(4-morpholinyl)-1,3,5-triazine-2,4-diyl]bis[imino[2-(acetylamino)-4,1-phenylene]-2,1-diazenediyl]]bis-, sodium salt (1:2)",1,0.2759093752435949,0.33274272963008367,0.280002344007562,0.2989075503841206
Hagan_genotox,DTXSID70890576,Chromium(III) 2-ethylhexanoate,0,0.2486252000679805,0.27531913940723757,0.2747196354777453,0.2854382641494418
Hagan_genotox,DTXSID70890632,"Hexanoic acid, 2-ethyl-, iron(3+) salt (3:1)",0,0.21053876287327586,0.2361110155298207,0.24272483482649787,0.24883396410464984
Hagan_genotox,DTXSID70890950,"Hexanoic acid, 2-ethyl-, bismuth(3+) salt (3:1)",0,0.18432620620656115,0.20113025142335875,0.20416625072813702,0.21149090187274786
Hagan_genotox,DTXSID80147947,"1,4-Dimethylpyrazole",0,0.4648011077601429,0.4967021074082683,0.47821937401666226,0.4851366063489844
Hagan_genotox,DTXSID80149648,Mgk glyceride,0,0.45714235034592,0.5446097495946106,0.5361047571884837,0.5435407914787087
Hagan_genotox,DTXSID80150835,"Acetamide, N-(5-hydroxy-9H-fluoren-2-yl)-",1,0.39417278751432794,0.41182159627151965,0.42998485248144663,0.41888805945555224
Hagan_genotox,DTXSID80151125,4-Anilino-1-benzylpiperidine,0,0.36472524857644056,0.3514556702342113,0.3694087736703791,0.36339510218482407
Hagan_genotox,DTXSID80152475,"Phosphonic diamide, P-(1-aziridinyl)-N,N,N',N'-tetramethyl-",1,0.5239148318217803,0.6326683312588749,0.5772037182377115,0.6288832825656231
Hagan_genotox,DTXSID80154792,Rotigotine hydrochloride,0,0.36988054965525774,0.4121445765321399,0.36703451101140566,0.39329459870078104
Hagan_genotox,DTXSID80157187,Hexafluoroisopropyl methyl ether,0,0.352252725712241,0.2805944833273599,0.2966930046518315,0.2800485630162526
Hagan_genotox,DTXSID80161921,Codeine sulfate,0,0.4885216869442111,0.5129592101183525,0.5447153190608747,0.53865747911543
Hagan_genotox,DTXSID80170013,"7,8-Dihydrobenzo(a)pyrene",1,0.8283679225181589,0.9035843422396724,0.9021392147683193,0.90145976498111
Hagan_genotox,DTXSID80176858,Ethyl 3-((5-chloro-2-nitrophenyl)phenylamino)-3-oxopropionate,0,0.6492371803226803,0.7555964368709697,0.780900665214213,0.7818913031433522
Hagan_genotox,DTXSID80180076,"1-Butanamine, N-nitroso-N-propyl-",1,0.97944837790798,0.9942395354863528,0.9940664684268355,0.9947027110518865
Hagan_genotox,DTXSID80184892,"2,4-Pentanedione, 3-vanillyl-",0,0.41094850623756196,0.45339173601993005,0.38525261563066704,0.3852624050488383
Hagan_genotox,DTXSID80185905,"Ketone, methyl (5-nitro-2-pyrrolyl)",1,0.7227688511861379,0.8224027555803949,0.8845947883031333,0.8812074371842785
Hagan_genotox,DTXSID80188254,"2-Pyrrolidinone, 1-butyl-",0,0.30242218800937465,0.30012916671473633,0.27766424567339876,0.2907545485867921
Hagan_genotox,DTXSID80191647,Butyl(3-carboxypropyl)nitrosamine,1,0.9437623819245952,0.9761529766806195,0.9780602887591291,0.9784882938736322
Hagan_genotox,DTXSID80192694,1-(3-Chlorophenyl)-4-(3-chloropropyl)-piperazine,0,0.5256084154402471,0.5788092909267657,0.5867120240640887,0.59320749890315
Hagan_genotox,DTXSID80193060,Isopropyl trifluoroacetate,0,0.3006163470335237,0.30906010177629845,0.28987179013920067,0.29626419288353
Hagan_genotox,DTXSID80193429,2-(2-Thienyl)ethyl toluene-p-sulphonate,1,0.4356422442189205,0.47020338601194145,0.47627636493623204,0.4646577831073511
Hagan_genotox,DTXSID80194855,"Cyclopenta(a)phenanthren-17-one, 15,16-dihydro-11-ethyl-",1,0.8114723966069852,0.8903150457388235,0.8633443897384655,0.8627882035036092
Hagan_genotox,DTXSID80196172,2-Phthalimidoethanesulfonamide,0,0.48718175604824493,0.5606729459650294,0.5253732626591291,0.5263119142336693
Hagan_genotox,DTXSID80196571,Trihexadecyl citrate,0,0.08281296778606077,0.07401191019750165,0.06798374699260233,0.06862845264147999
Hagan_genotox,DTXSID80199380,Isopropyl 2-bromo-2-methylpropionate,1,0.3808848763092601,0.41531108464931044,0.3834298482135663,0.38356803685765256
Hagan_genotox,DTXSID80199966,Diosmetin,0,0.5261144405313584,0.6409652222442291,0.6105435882544724,0.6297629591521471
Hagan_genotox,DTXSID8020044,Allyl alcohol,1,0.5008001137685204,0.5628688366187506,0.5838540109973547,0.5652050213431382
Hagan_genotox,DTXSID8020090,Aniline,1,0.7375923691297626,0.8179427495658667,0.8263980819190707,0.8108580977796654
Hagan_genotox,DTXSID8020092,2-Methoxyaniline hydrochloride,0,0.751138119059108,0.8309382827129713,0.8412417809362295,0.8281378160079101
Hagan_genotox,DTXSID8020094,Anthranilic acid,0,0.5235443117888504,0.5952230774165148,0.6191370291820235,0.616885410023874
Hagan_genotox,DTXSID8020098,Arecoline hydrochloride,1,0.4689847500034115,0.5653254182071049,0.54235195668441,0.5596980454437649
Hagan_genotox,DTXSID8020123,Azobenzene,1,0.6289789604398596,0.777617593312559,0.7323847007515768,0.7601058735384747
Hagan_genotox,DTXSID8020129,Barbituric acid,0,0.4113086034522018,0.40292620289895015,0.39115608000359137,0.38336485703025275
Hagan_genotox,DTXSID8020173,bis(Chloromethyl) ether,1,0.6581836584008163,0.7188856234639838,0.7386080530052733,0.722159033573586
Hagan_genotox,DTXSID8020179,Diisopropanolamine,0,0.41353610714138617,0.3917565809761849,0.37038024845551454,0.3638193588866298
Hagan_genotox,DTXSID80201851,2-Methoxy-5-nitrophenol acetate,1,0.835511378680765,0.9297173004066847,0.9429172188401433,0.9460951725200326
Hagan_genotox,DTXSID8020200,2-Bromo-1-ethanol,1,0.4963165726673684,0.5628477007710209,0.5196694620290224,0.5508701754471046
Hagan_genotox,DTXSID8020204,tert-Butyl alcohol,1,0.31761095369797854,0.29373620270631506,0.36412572683618566,0.28868785360434557
Hagan_genotox,DTXSID8020206,1-Chlorobutane,0,0.2721985961785748,0.2763967761790013,0.26434509527393146,0.28123922820434516
Hagan_genotox,DTXSID8020250,Carbon tetrachloride,1,0.5185247298247609,0.5999050236807596,0.6008226268334881,0.589693413949998
Hagan_genotox,DTXSID8020418,"1,3-Dibutyl-1-nitrosourea",1,0.8423853641025872,0.917991670164493,0.9274920307771376,0.9292373319458975
Hagan_genotox,DTXSID8020462,Diethylene glycol,0,0.4504237243249157,0.4376269094704736,0.5003593540857271,0.4918306745216294
Hagan_genotox,DTXSID8020466,"N,N'-Diethylthiourea",0,0.4183485613939952,0.492722880459433,0.510756215545429,0.5660331854257424
Hagan_genotox,DTXSID8020541,"5,5-Diphenylhydantoin",0,0.5055122065586636,0.5523394122178766,0.543634783803543,0.5384036497423639
Hagan_genotox,DTXSID80205415,2-Hydroxybenzo(a)pyrene,1,0.8154840165536587,0.89612302214594,0.8704321426004137,0.8776290680986051
Hagan_genotox,DTXSID8020591,Ethyl methylphenylglycidate,1,0.3418797438946772,0.39145024968876907,0.39847251458669924,0.3973697908495297
Hagan_genotox,DTXSID8020593,1-Ethyl-1-nitrosourea,1,0.8759789587341057,0.9380100784697798,0.9381687644081165,0.9413239347378016
Hagan_genotox,DTXSID8020595,3-O-Ethylascorbic acid,0,0.37117568361059966,0.426965350740309,0.34671277607044537,0.35782508418666503
Hagan_genotox,DTXSID8020597,Ethylene glycol,0,0.4865358446150026,0.4573417117731231,0.4845275002213985,0.4689235257252822
Hagan_genotox,DTXSID8020599,Ethyleneimine,1,0.38215132345498,0.36976837849536165,0.40359255204111855,0.370701121706512
Hagan_genotox,DTXSID8020620,Fenthion,1,0.4578429446353369,0.4821705295585079,0.46938636589395366,0.45278731186816773
Hagan_genotox,DTXSID8020624,Ferbam,1,0.5307121375065981,0.6585477283022382,0.6169473584673296,0.6486513016548217
Hagan_genotox,DTXSID8020628,Fluometuron,1,0.3091169135797021,0.2896400508318698,0.30438723280178404,0.2820871562067116
Hagan_genotox,DTXSID8020672,FD&C Green No. 2,0,0.5122361135671066,0.6416331328940988,0.6886931476897572,0.7036855566386383
Hagan_genotox,DTXSID8020751,N-Isobutyl-N'-nitro-N-nitrosoguanidine,1,0.7641244794396851,0.8492177298136889,0.8839175422929421,0.877034423479717
Hagan_genotox,DTXSID8020755,Isoniazid,1,0.4688781107672851,0.5135367206075463,0.46968702444289145,0.4656229264270437
Hagan_genotox,DTXSID8020757,Isonicotinic acid,0,0.5421100330725391,0.6173540235351687,0.5672446925758128,0.5731200403188415
Hagan_genotox,DTXSID8020830,8-Methoxypsoralen,1,0.650547340655506,0.7358760419641248,0.7498518020832834,0.7443552460547136
Hagan_genotox,DTXSID8020832,Methyl bromide,1,0.4989668247088919,0.6001935765978067,0.5752273116354943,0.5915186091779338
Hagan_genotox,DTXSID8020834,Methyl carbamate,0,0.5009371667521036,0.5733423350150044,0.5949810151634131,0.5712207359406012
Hagan_genotox,DTXSID8020838,3'-Methyl-4-(dimethylamino)azobenzene,1,0.5628580227382635,0.6631641821461854,0.5882266262954422,0.6025445433852075
Hagan_genotox,DTXSID80208527,Propionyl bromide,0,0.4360280336488335,0.47939213523451746,0.5613362255854472,0.5660357417696515
Hagan_genotox,DTXSID8020884,Methylnitrosocyanamide,1,0.7978894904129344,0.9029995367632089,0.8696085624177022,0.8818118957908098
Hagan_genotox,DTXSID8020886,Methylphenidate hydrochloride,0,0.3047438875488752,0.30578073386418486,0.3102529129063676,0.3148395446669469
Hagan_genotox,DTXSID8020888,8-Methylquinoline,1,0.5644277065981161,0.6255072770900497,0.5923010105019272,0.5908632081591602
Hagan_genotox,DTXSID80208880,Gabapentin hydrochloride,0,0.38327247177797213,0.4088645257250718,0.3510227088363043,0.3807346404899879
Hagan_genotox,DTXSID80209054,Ethyl diphenylcarbamate,0,0.3744331681253792,0.3808141025413036,0.38250328573023223,0.3716007854640106
Hagan_genotox,DTXSID8020913,Naphthalene,0,0.6560269210134093,0.7485644951034374,0.7518747301018293,0.7426570051815613
Hagan_genotox,DTXSID8020917,N-(1-Naphthyl)ethylenediamine dihydrochloride,1,0.5190179433220224,0.5686889017730801,0.5680242032733486,0.5651468669382388
Hagan_genotox,DTXSID80209236,Isoamyl phthalate,0,0.3999042675512408,0.4273999802552952,0.40380516289280416,0.3905249387667211
Hagan_genotox,DTXSID8020961,4-Nitrobenzenamine,1,0.9666117590962887,0.9923306467512765,0.993432397392472,0.9937960058909749
Hagan_genotox,DTXSID8020963,4-Nitroanthranilic acid,1,0.8669796258201057,0.951577415839449,0.9547456528615278,0.9580298985895251
Hagan_genotox,DTXSID8020965,6-Nitrobenzimidazole,1,0.8996241540128002,0.9502936288191218,0.9552814225401427,0.9540394097049671
Hagan_genotox,DTXSID8020969,Nitroethane,0,0.6804660839128611,0.7710066504104978,0.7996658417505366,0.7977656234790468
Hagan_genotox,DTXSID8021010,"Nitroso-1,2,3,6-tetrahydropyridine",1,0.8122270419410347,0.8924834468214726,0.8986825054126711,0.9027426399202397
Hagan_genotox,DTXSID80210201,Benzyl 2-naphthyl ether,0,0.4252393418788747,0.4376857523371595,0.4397067117978822,0.4261233106928121
Hagan_genotox,DTXSID80210403,5-Nitroindole,1,0.8710033728554062,0.9317319257791076,0.9436895987570239,0.9457967375442631
Hagan_genotox,DTXSID80210423,Cobalt(II) acetate tetrahydrate,1,0.48769785329762777,0.5065444447149243,0.4912071805424576,0.5035065399544959
Hagan_genotox,DTXSID8021060,N-Nitrosopiperidine,1,0.8683148858946245,0.9311701956801341,0.9358171011234487,0.941836370389136
Hagan_genotox,DTXSID8021062,N-Nitrosopyrrolidine,1,0.9291742031930926,0.9740576620008038,0.9628991006033063,0.9673639398149964
Hagan_genotox,DTXSID80210701,Dimethyl itaconate,1,0.413166942857041,0.47828679609770797,0.4806163865606032,0.4743654238282466
Hagan_genotox,DTXSID8021145,Phenyl glycidyl ether,1,0.7661511916888908,0.8226943758374593,0.8309161695568544,0.819871093251049
Hagan_genotox,DTXSID8021147,Phenylhydrazine,1,0.5643690579901864,0.6219501297050694,0.6498898003502731,0.6190001583241723
Hagan_genotox,DTXSID80211738,"Carbamic acid, (2-(acetyloxy)ethyl)nitroso-, ethyl ester (9CI)",1,0.8045383799521982,0.8878210469332402,0.9082009379752178,0.904526732807402
Hagan_genotox,DTXSID8021195,"1,3-Propane sultone",1,0.614447561945462,0.6712095109935591,0.666932645077546,0.6622341340442559
Hagan_genotox,DTXSID8021197,beta-Propiolactone,1,0.47660545580152675,0.5128456703902383,0.4457195218584043,0.4541268407722315
Hagan_genotox,DTXSID8021224,C.I. Acid Red 114,0,0.2572386992814843,0.31914864635866264,0.2986478967134294,0.306289591831945
Hagan_genotox,DTXSID8021226,C.I. Pigment Red 3,1,0.3971453710982893,0.4932808652056114,0.511155185200398,0.5347078284409948
Hagan_genotox,DTXSID8021228,Acid Red 26,0,0.25113445804461376,0.28664953863291764,0.24397174425186482,0.25555897010813494
Hagan_genotox,DTXSID8021359,Tolbutamide,1,0.23584216124468907,0.2046328731674326,0.19323126906536672,0.1866854127798844
Hagan_genotox,DTXSID8021432,Vinyl bromide,0,0.5375864617376916,0.5951073742798023,0.5441648027656889,0.5534443935950871
Hagan_genotox,DTXSID8021434,Vinyl chloride,1,0.5519700647308251,0.5924296527396952,0.5368374091855365,0.5388645151293595
Hagan_genotox,DTXSID8021438,"1,1-Dichloroethylene",1,0.5468987917391296,0.6244628247095244,0.6288598867973065,0.6215019185149029
Hagan_genotox,DTXSID80214683,"3,4,5-Trimethoxytoluene",0,0.4652025146749234,0.4806877724010555,0.4730499495679891,0.44795965835774215
Hagan_genotox,DTXSID8021482,Acetone,1,0.48639325380296095,0.5447819324160056,0.5446564211598729,0.556886216375296
Hagan_genotox,DTXSID8021484,Phthalic acid,0,0.4837619269181337,0.5370599203996155,0.5313202312728152,0.5130018398114896
Hagan_genotox,DTXSID8021488,"1,3,5-Benzenetricarboxylic acid",0,0.47507796365659605,0.5249764180837854,0.4795704913297982,0.4534318607978191
Hagan_genotox,DTXSID8021513,Butyraldehyde,0,0.38147642382870445,0.47930919764860475,0.45274530007199315,0.4803253692399314
Hagan_genotox,DTXSID8021515,Butanoic acid,1,0.4335818950939363,0.5105175592574305,0.505737410835808,0.5101140144451645
Hagan_genotox,DTXSID8021519,2-(2-Butoxyethoxy)ethanol,0,0.20561849689495923,0.15333839154113607,0.13930041351746622,0.1328505430538247
Hagan_genotox,DTXSID80215771,4-Chloronitrosopiperidine,1,0.8217482293894248,0.8960666718851525,0.9075130831354036,0.9145483457077916
Hagan_genotox,DTXSID8021640,Nonanedioic acid,0,0.2605360337479334,0.2642967549336676,0.29156104060149746,0.27542408397550744
Hagan_genotox,DTXSID8021642,Octadecanoic acid,1,0.28611966123330607,0.32025242680568217,0.32036131316652455,0.33176578611014546
Hagan_genotox,DTXSID8021644,Octanedioic acid,0,0.24913742414427462,0.25737770363767315,0.27920782364220537,0.26911761351196767
Hagan_genotox,DTXSID8021646,2-Oxobutanedioic acid,0,0.46900642265804754,0.5413899385517507,0.5747027996056819,0.5677169626834171
Hagan_genotox,DTXSID8021648,4-Oxopentanoic acid,0,0.4313055261615619,0.49618570863332573,0.5056695715029109,0.49775981432308597
Hagan_genotox,DTXSID8021725,Nicotine sulfate (2:1),0,0.38668062369229245,0.4250389837919737,0.40937459486537614,0.43016648077617536
Hagan_genotox,DTXSID8021771,4-(2-Methylbutan-2-yl)phenol,0,0.23681774887995566,0.19319366452332198,0.20221980145202575,0.1872893313669829
Hagan_genotox,DTXSID8021773,"alpha,alpha-2,6-Tetrachlorotoluene",0,0.5250560279829504,0.5817323868134413,0.5828809667140314,0.5571621037236681
Hagan_genotox,DTXSID8021775,3-Methylindole,1,0.6679222037557825,0.7522796630364592,0.7539855205963636,0.7470171993357834
Hagan_genotox,DTXSID80217795,Cyclopropylacetylene,0,0.43535939942681073,0.44017082476172814,0.46245740708477207,0.44421509139355414
Hagan_genotox,DTXSID8021800,"N,N-Diethylaniline",0,0.38374398957922606,0.37485851621971883,0.4007985161811776,0.3782628490023207
Hagan_genotox,DTXSID8021808,o-Cresol,1,0.5069129572376615,0.5322777076603251,0.5296760164992733,0.503199180851161
Hagan_genotox,DTXSID8021854,"N,N-Dimethylbenzylamine",1,0.4509425989983821,0.46075458441021494,0.4771793378277847,0.45132050337274254
Hagan_genotox,DTXSID8021931,1-Hexanol,0,0.11299905255614147,0.07651084720427809,0.11780152563057229,0.08868696455389219
Hagan_genotox,DTXSID8021937,1-Heptanol,0,0.10929711005533371,0.07005578655695893,0.10022012822898511,0.07635838626550001
Hagan_genotox,DTXSID8021939,1-Octanamine,0,0.08938627223306277,0.049629799075558055,0.05514716807575074,0.05052367138710637
Hagan_genotox,DTXSID80220022,Hydroxyphenyl propamidobenzoic acid,1,0.3401545622559697,0.37290068253621894,0.35469438285605276,0.3570403639511168
Hagan_genotox,DTXSID8022088,Benzyl sulfoxide,0,0.45706434062111717,0.4954819456527438,0.4899397149575487,0.49109247269618317
Hagan_genotox,DTXSID8022111,"N-(3,4-Dichlorophenyl)propanamide",0,0.37339314035250853,0.3780926039763041,0.42129752326118813,0.4025950683817243
Hagan_genotox,DTXSID8022113,"3,4-Dichloro-1-butene",1,0.7002277622143005,0.7860198200289709,0.8103499444331104,0.8067545274812277
Hagan_genotox,DTXSID8022117,Amantadine,0,0.4483486620827859,0.44851056561042507,0.47192404786798375,0.4414759533181624
Hagan_genotox,DTXSID80222389,"4,6-Dichloro-N-(1,1,3,3-tetramethylbutyl)-1,3,5-triazin-2-amine",0,0.2927958552734828,0.3107237402382874,0.2958647185385187,0.29622218453055
Hagan_genotox,DTXSID8022246,"1,4-Piperazinedipropanamine",0,0.34901266946263426,0.32081405936918744,0.30223918344339934,0.29130596325234775
Hagan_genotox,DTXSID8022248,1-(2-Chloroethyl)pyrrolidine hydrochloride,1,0.5788556038580919,0.6631550819734898,0.5881805851647788,0.6371974171749372
Hagan_genotox,DTXSID80223018,Potassium myristoyl glutamate,0,0.09878336236725616,0.08268251614904937,0.09226532509466716,0.09273499219315774
Hagan_genotox,DTXSID80223634,"Disodium 2,2'-((9,10-dihydro-9,10-dioxo-1,4-anthrylene)diimino)bis(3-bromo-5-butyltoluene-4-sulphonate)",0,0.3537795446450234,0.42537010073760567,0.35633261387524656,0.36621572021881715
Hagan_genotox,DTXSID8022666,Betaine,0,0.35813865268249323,0.4190502830572147,0.42399702137511985,0.42696154232830313
Hagan_genotox,DTXSID80226862,2-nitro-7-methoxynaphtho(2-1b)furan,1,0.7353494597142983,0.8356804417288743,0.862267308872943,0.865501971354937
Hagan_genotox,DTXSID8022743,"N,N'-Bis(2-chloroethyl)-N-nitrosourea",1,0.8940345408508558,0.9494668117662498,0.9588816113311583,0.9610764405652913
Hagan_genotox,DTXSID8022824,Ciprofloxacin,1,0.39801047538097395,0.444655178116953,0.4631945741690098,0.4720702038830451
Hagan_genotox,DTXSID80228306,"(2,3-Dichlorophenyl)oxoacetonitrile",0,0.4254558103370541,0.5446953893807885,0.45956778855202934,0.5085637465071381
Hagan_genotox,DTXSID80232706,Ethyl 9-oxo-9H-thioxanthene-2-carboxylate,0,0.47158319574922664,0.5397904445377878,0.48636141554572926,0.49531605749358526
Hagan_genotox,DTXSID80232968,Norcyclizine,0,0.4380736154765419,0.45704824306178954,0.4737468468169701,0.4660196638784597
Hagan_genotox,DTXSID80233157,"Benzenesulfonic acid, 4-dodecyl-, cerium(4+) salt, basic",0,0.12508835456362846,0.08699130798313386,0.08635219481410639,0.08427547021077293
Hagan_genotox,DTXSID80233172,"1'-(Phenylmethyl)-(1,4'-bipiperidine)-4'-carbonitrile",1,0.3088923061377928,0.29801074107123876,0.2970024699386468,0.30391241812167524
Hagan_genotox,DTXSID80233450,"3,4,5,6-Tetrachloro-2-(2,4,5,7-tetrabromo-3,6-dihydroxyxanthen-9-yl)benzoic acid, aluminium salt",0,0.4619283101342299,0.5095241750178584,0.4552066937079419,0.446341844987471
Hagan_genotox,DTXSID80233531,5-Amino-6-chloro-o-cresol,1,0.6084982450418509,0.6743603946437314,0.7238453360174866,0.705114271542854
Hagan_genotox,DTXSID80234088,"Dodecanedioic acid, compound with 2,2',2''-nitrilotriethanol (1:2)",0,0.25098568415495304,0.26592138466716214,0.29059851357044164,0.27908038780932076
Hagan_genotox,DTXSID8023509,Primaquine,1,0.33682943329766646,0.3668818751691217,0.35003817179402663,0.3625870172494272
Hagan_genotox,DTXSID80235136,Trimethoxy((perfluorohexyl)ethyl)silane,0,0.19685084328605496,0.14919250777511758,0.19898664555677514,0.15834952980173275
Hagan_genotox,DTXSID8023686,Tolperisone,0,0.3641422050944932,0.3996899746054677,0.36346224276500577,0.37569771257267776
Hagan_genotox,DTXSID8023846,Acephate,0,0.5117979062466959,0.5594172297035146,0.5282943588373857,0.5430920992481986
Hagan_genotox,DTXSID8023848,Acetochlor,1,0.4596956193055428,0.501465824703567,0.47663014936431747,0.465715026688927
Hagan_genotox,DTXSID80239730,N-(4-(Aminocarbonyl)phenyl)-4-nitrobenzamide,0,0.6322389851118393,0.7516311626515954,0.7812871336343964,0.786818910881039
Hagan_genotox,DTXSID8023977,2-Chlorotoluene,0,0.45347425813611747,0.4646584692207491,0.4494372936058421,0.42340743754260096
Hagan_genotox,DTXSID8024105,Fluorene,0,0.518347812584622,0.5497888969914406,0.5619836294314835,0.5437238073304255
Hagan_genotox,DTXSID80241419,Trimethyl-3-((1-oxo-10-undecenyl)amino)propylammonium methyl sulphate,0,0.12207116887418923,0.10102171844577296,0.11795182685156191,0.1116809407641181
Hagan_genotox,DTXSID80242002,Sodium methylesculetin acetate,0,0.47112782605131814,0.5131578673586397,0.5161136706490909,0.519934383405929
Hagan_genotox,DTXSID8024284,1-Methoxy-2-propanol,0,0.3683471780686815,0.3398934357131083,0.3648371428607746,0.3554082084160986
Hagan_genotox,DTXSID8024286,Propyleneimine,1,0.44036223156303267,0.4214872928640998,0.41354646865509315,0.4099902205376216
Hagan_genotox,DTXSID8024440,Allylamine,1,0.494277446384029,0.5301440192826626,0.5681444038779871,0.5649465970558639
Hagan_genotox,DTXSID8024442,Allyl bromide,1,0.5301670968594919,0.5967913576222124,0.6156362356986119,0.6152497273738499
Hagan_genotox,DTXSID8024490,2-Amino-4-(methylsulfonyl)phenol,0,0.5711013423022047,0.6510162301660246,0.6852623713253018,0.6834429349976214
Hagan_genotox,DTXSID8024521,tert-Amyl methyl ether,1,0.29490551120131997,0.25769208117215214,0.247821701650237,0.24678965196317404
Hagan_genotox,DTXSID8024529,3-Methoxyaniline,1,0.6300761586849971,0.698451044661751,0.7276136113315438,0.709712091559855
Hagan_genotox,DTXSID8024573,Benzimidazole,0,0.5531585010985599,0.6049351291862903,0.5746081091712184,0.5707994433617757
Hagan_genotox,DTXSID8024600,Benzyltrimethylammonium chloride,1,0.4173030769107983,0.42635989163774207,0.44391335983494074,0.41261831986719066
Hagan_genotox,DTXSID8024602,Berberine chloride,0,0.6011477963752331,0.6927208256307497,0.6550819122339677,0.6639629421407524
Hagan_genotox,DTXSID8024608,Pentaerythrityl tetrabenzoate,0,0.33364066023798494,0.339452865765362,0.3363738928083908,0.3212419567122304
Hagan_genotox,DTXSID8024652,Bronopol,0,0.6171981237408859,0.7172101534372016,0.7572374652814564,0.7499599575605779
Hagan_genotox,DTXSID8024733,Carisoprodol,0,0.31497660264344063,0.3062957804186804,0.3091259322674967,0.2958193544030106
Hagan_genotox,DTXSID8024810,2-Chloropyridine,1,0.5269335553913141,0.5831850071295666,0.5711091925535418,0.5729282618739234
Hagan_genotox,DTXSID8024814,4-Chlorotoluene,0,0.4646300020746074,0.47926751312598465,0.47695899341138953,0.4498579689877331
Hagan_genotox,DTXSID8024862,o-Cresyl glycidyl ether,1,0.6574453638682117,0.7075424963016643,0.7528393552539115,0.7451625569327064
Hagan_genotox,DTXSID8024864,Crotonaldehyde,1,0.5208750745778721,0.5907089477030312,0.6330071946089278,0.6313841819773259
Hagan_genotox,DTXSID8024997,"2,3-Dichloronitrobenzene",0,0.8002863101293515,0.9122382374790309,0.932379792842486,0.937820804584697
Hagan_genotox,DTXSID8024999,"3,4-Dichloronitrobenzene",1,0.9432375379385127,0.9853259839789406,0.9881095320477117,0.9889671859771516
Hagan_genotox,DTXSID8025040,"N,N'-Diethylcarbanilide",0,0.41649436991976985,0.4322951623374554,0.46966361191330425,0.44864483018932755
Hagan_genotox,DTXSID8025046,Diethylene glycol dibutyl ether,0,0.19638069309211736,0.16603263337214513,0.2165344486165691,0.16496240874355209
Hagan_genotox,DTXSID8025258,Ethidium bromide,1,0.6355307513418896,0.7323612005613794,0.7185769197366079,0.7263351561240845
Hagan_genotox,DTXSID8025337,Formamide,1,0.5284971563017398,0.6177471844321637,0.6180438850695235,0.6128157817216474
Hagan_genotox,DTXSID8025468,2-Methylbutane,0,0.30227234552087917,0.2335280228566988,0.2835135389004946,0.24388394031758112
Hagan_genotox,DTXSID8025541,Oxydemeton-methyl,1,0.4619848877408443,0.5455000348927103,0.4829667991657307,0.5137921439005197
Hagan_genotox,DTXSID8025591,N-Methyldiethanolamine,0,0.45442782303418855,0.457941779509619,0.45882409466655466,0.45753480495272636
Hagan_genotox,DTXSID8025595,"N,N'-Methylenebisacrylamide",1,0.5537233925148867,0.6106387805379264,0.6572574606475,0.6385495440973444
Hagan_genotox,DTXSID8025599,Methylene bis(thiocyanate),0,0.4325011668986298,0.5101741367330773,0.40773923423271174,0.42846349719054927
Hagan_genotox,DTXSID8025757,Nitrogen mustard hydrochloride,1,0.708063737865278,0.7736073067625906,0.7584165658755916,0.7667735644496796
Hagan_genotox,DTXSID8025886,"Ethyl 2,3-epoxy-3-phenylpropionate",1,0.3685855897340684,0.38969390328731285,0.4432913351008487,0.4347039296578468
Hagan_genotox,DTXSID8025913,C.I. Pigment Orange 43,0,0.5633161600568198,0.6748332440266479,0.6117283722234604,0.6302493283187641
Hagan_genotox,DTXSID8025961,Propionic acid,1,0.44449048699814303,0.4785215574741359,0.4783941263584885,0.4801923171094831
Hagan_genotox,DTXSID8025967,1-tert-Butoxy-2-propanol,1,0.2871106275433563,0.23870988693898765,0.21516906008245826,0.21033266042365203
Hagan_genotox,DTXSID8026193,"1,2,3-Trichlorobenzene",1,0.46996398238459786,0.5082763025691567,0.5180972399375404,0.493424949789232
Hagan_genotox,DTXSID8026195,"1,3,5-Trichlorobenzene",1,0.47791903216625514,0.5195260037923346,0.5359168314378979,0.5108886113128184
Hagan_genotox,DTXSID8026224,Triethylene glycol dimethyl ether,0,0.3535486483553878,0.3072912689637213,0.36591094964709425,0.345187707553233
Hagan_genotox,DTXSID8026270,Uracil mustard,1,0.4526685677613321,0.5383976105521541,0.5296129529700445,0.536062205035825
Hagan_genotox,DTXSID8026305,"2,4-Dimethylaniline",1,0.7254290962168524,0.7997910087180049,0.8102737696875503,0.7949882508347982
Hagan_genotox,DTXSID8026307,"2,6-Dimethylaniline",1,0.6421272692990448,0.7036630675625758,0.7177427361148605,0.6961732427504558
Hagan_genotox,DTXSID8026309,"3,5-Dimethylaniline",1,0.5746112095393058,0.6177489528480157,0.6620786983190449,0.6361148279755305
Hagan_genotox,DTXSID8026430,Trichloroethenylsilane,0,0.41550815820456166,0.4765244051904096,0.4883885370787162,0.47840316588604564
Hagan_genotox,DTXSID8026432,"2,2-Dimethylpropanoic acid",0,0.37055699664136305,0.43747952404938983,0.43870222411247745,0.4412326300505008
Hagan_genotox,DTXSID8026488,Camphene,0,0.38330758602338566,0.3886984246405281,0.3958223651208123,0.38962677407777635
Hagan_genotox,DTXSID8026513,"1,2,3,6-Tetrahydrophthalimide",0,0.4512710279561072,0.49919459493750523,0.5007168024841215,0.49872380739922173
Hagan_genotox,DTXSID8026515,Hexahydrophthalic anhydride,0,0.3465606048682713,0.3743389687984989,0.3644168567165815,0.3654718978091231
Hagan_genotox,DTXSID8026698,"4,4'-Dithiodimorpholine",0,0.5180266892309718,0.6332046363360102,0.5716377983530587,0.6175262536378404
Hagan_genotox,DTXSID8026725,12-Hydroxyoctadecanoic acid,0,0.11064292138159898,0.07832980678289118,0.0652655485148065,0.07069443094329216
Hagan_genotox,DTXSID8026773,"1,3-Butanediol",1,0.3564985907410721,0.33202750807777226,0.41519054671860783,0.32973023393123246
Hagan_genotox,DTXSID8026775,3-Mercaptopropanoic acid,0,0.39264434272672255,0.42640950780414366,0.37536504902578177,0.3920285214182915
Hagan_genotox,DTXSID8026935,1-Octadecanol,0,0.09782606463195496,0.05727934773959346,0.0912389748806144,0.061852205242215665
Hagan_genotox,DTXSID8026937,Dimethyl ether,0,0.4809572596141016,0.5324397883741785,0.5711853591794737,0.5135445506175518
Hagan_genotox,DTXSID8026981,4-(Acetylamino)benzenesulfonyl chloride,0,0.4698921665132379,0.5599808247606203,0.5458933889531016,0.5691280754253273
Hagan_genotox,DTXSID8027032,2-Amino-2-methylpropan-1-ol,0,0.31411149139422995,0.27013950986674,0.2937619372781691,0.2824865842090907
Hagan_genotox,DTXSID8027036,"2,2-Dimethylpropane-1,3-diol",0,0.32435829153987905,0.28303494654081846,0.3181592286464558,0.30883777088604975
Hagan_genotox,DTXSID8027038,Trimethylolpropane trinonanoate,0,0.11877161685943394,0.10304005764771133,0.12009727022329564,0.11486299508406146
Hagan_genotox,DTXSID8027086,Methyl 12-hydroxyoctadecanoate,0,0.12684770812727414,0.11620718440571891,0.10482452999735159,0.11063125486416325
Hagan_genotox,DTXSID8027113,"2,2,4-Trimethyl-1,3-pentanediol",0,0.34710899121014566,0.3044831523463198,0.2784467529400314,0.27017049824025746
Hagan_genotox,DTXSID8027163,N-Methylmethanamine hydrochloride,0,0.4848040456238614,0.5480585561579571,0.5757215711794059,0.5358245379507284
Hagan_genotox,DTXSID8027165,2-Methyl-2-butene,1,0.5129845548353195,0.5643643403398592,0.6271054989236612,0.6083792037376298
Hagan_genotox,DTXSID8027246,2-Pyrrolidinone,0,0.39282486234758035,0.4505424588766787,0.4612684917596392,0.45426083867518213
Hagan_genotox,DTXSID8027290,"Silane, dichloromethyl(3,3,3-trifluoropropyl)-",0,0.21840860246277372,0.21313112430074843,0.23927043660769542,0.22645430132942454
Hagan_genotox,DTXSID8027298,"1-Hexadecanaminium, N-(carboxymethyl)-N,N-dimethyl-, inner salt",0,0.057861473077672164,0.04127358573578139,0.03834047163295655,0.042075084977341755
Hagan_genotox,DTXSID8027321,Sodium 4-hydroxybenzenesulfonate,0,0.337149392894702,0.3353167247825168,0.3461196457512497,0.33069567155322716
Hagan_genotox,DTXSID8027325,Tripotassium citrate,0,0.432053184208943,0.43044983426787303,0.4958460239708186,0.46295797003999234
Hagan_genotox,DTXSID8027329,1-Decene,1,0.8113952171966746,0.8773958425597748,0.8609532942677128,0.856165802570278
Hagan_genotox,DTXSID8027373,"1,3,4,6,7,8-Hexahydro-4,6,6,7,8,8-hexamethylcyclopenta[g]-2-benzopyran",0,0.3802054415081569,0.3770288081900206,0.37993338267755056,0.363856626864236
Hagan_genotox,DTXSID80273997,"2-Ethylhexyl 3-(3,5-di-tert-butyl-4-hydroxyphenyl)propionate",0,0.16548503831728803,0.12546747312089446,0.12453683757485683,0.1197732663899087
Hagan_genotox,DTXSID8027400,"1,1,1-Trimethoxyethane",0,0.404667759358381,0.39445649073461886,0.46928112929431326,0.4024493135459494
Hagan_genotox,DTXSID8027402,Dimethyl isophthalate,1,0.4017427087615268,0.42675391051616796,0.42135815991793013,0.40077599856802476
Hagan_genotox,DTXSID8027454,"N,N-Dimethylacetoacetamide",0,0.4291398486004662,0.48186838977506435,0.45452285722348745,0.4627024965102751
Hagan_genotox,DTXSID8027456,"Octadecyl 3-(3,5-di-tert-butyl-4-hydroxyphenyl)propionate",0,0.05105790370344854,0.02467279456537268,0.02651215316626365,0.025521848344617726
Hagan_genotox,DTXSID8027533,"Hexanedioic acid, compd. with 1,6-hexanediamine (1:1)",0,0.2848303438616387,0.264304301003151,0.32150049452961577,0.28093717846434324
Hagan_genotox,DTXSID8027539,C.I. Disperse Blue 79:1,1,0.5503440005657555,0.6663096920370465,0.6973503894936263,0.6973723193536255
Hagan_genotox,DTXSID8027581,"1,5,9-Cyclododecatriene",0,0.44033450923347517,0.4551581928023094,0.4857587045547039,0.47376532213496697
Hagan_genotox,DTXSID8027585,4-(Diglycidylamino)phenyl glycidyl ether,1,0.8645034731876979,0.9165598312345568,0.9406194508922999,0.9383832868855614
Hagan_genotox,DTXSID8027587,"Glycine, N,N-bis(carboxymethyl)-, trisodium salt",1,0.3837633734417041,0.39140094954237153,0.38308196502119823,0.3713896380526702
Hagan_genotox,DTXSID8027589,1-Butoxy-2-propanol,0,0.2775593404622556,0.22367274363813675,0.21216204944739156,0.2010194425875951
Hagan_genotox,DTXSID8027614,Isobutylidene diurea,0,0.4686387037129888,0.4848522310823908,0.4881808918160613,0.4701440140619743
Hagan_genotox,DTXSID8027741,"Benzonitrile, 4-(acetyloxy)-",0,0.4376541277558718,0.48239212708189577,0.48582669304569337,0.4815703947579124
Hagan_genotox,DTXSID8027747,"2,2'-Azobis(2-methylbutanenitrile)",0,0.3288636156319107,0.34641553854508134,0.31705392732978144,0.3212989621430482
Hagan_genotox,DTXSID8027793,N-(Cyclohexylthio)phthalimide,0,0.350113128584755,0.40189734959556356,0.35841799625419507,0.36664309583194044
Hagan_genotox,DTXSID8027797,Tetraethylene glycol di(2-ethylhexanoate),0,0.13238088455786703,0.11899531891170166,0.13117736369860886,0.12802717356338295
Hagan_genotox,DTXSID8027826,Dicyclohexyl sodium sulfosuccinate,0,0.2353076900860013,0.23343005674693998,0.23427965522907532,0.23278985396179144
Hagan_genotox,DTXSID8027959,1-[(1-Butoxy-2-propanyl)oxy]-2-propanol,1,0.1880279198276369,0.1471476566310542,0.1369371451796129,0.13138240995507458
Hagan_genotox,DTXSID8028000,"Phosphoric acid, 2,2-bis(chloromethyl)-1,3-propanediyl tetrakis(2-chloroethyl) ester",0,0.6818235210991238,0.7155374091321441,0.7005538205937389,0.6785260376134548
Hagan_genotox,DTXSID8028008,Cyanox CY 1790,0,0.28409984489502516,0.28145284110799146,0.2625802455837674,0.2595265236206918
Hagan_genotox,DTXSID8028050,"N,N'-Bis(2,2,6,6-tetramethylpiperidin-4-yl)hexane-1,6-diamine",0,0.2250078448112249,0.17643750680353812,0.18949442580295628,0.18493999972018252
Hagan_genotox,DTXSID8029105,4-Toluenesulfonamide,0,0.46121732461654025,0.49460636167037536,0.5173561464189385,0.5021907251320915
Hagan_genotox,DTXSID8029153,Benzyl benzoate,0,0.40429041857493475,0.4419792476481648,0.4392025457804296,0.4382832300561714
Hagan_genotox,DTXSID8029157,alpha-Amyl cinnamaldehyde,0,0.2868215638268737,0.302299206246639,0.3887958338041963,0.39379427818337415
Hagan_genotox,DTXSID8029159,"2,6,8-Trimethyl-4-nonanol",0,0.43558706306731193,0.3864256937141027,0.3794225009079715,0.3477392426520594
Hagan_genotox,DTXSID8029234,Dihydromyrcene,0,0.46929245016991267,0.5177288654582717,0.5453414167119826,0.5268154333983384
Hagan_genotox,DTXSID8029284,"5-Oxo-1,3,3-trimethylcyclohexanecarbonitrile",0,0.4140172691550581,0.4595807500425743,0.43205330480987675,0.4399310737340532
Hagan_genotox,DTXSID8029315,"4-(Butan-2-yl)-2,6-di-tert-butylphenol",0,0.12165568251296051,0.07485681087349211,0.0852728796539675,0.07626993050909252
Hagan_genotox,DTXSID8029317,"1,1,5-Trimethyl-6-heptenol",0,0.20229696856931023,0.17168537420970229,0.1469199675429741,0.1498915385021002
Hagan_genotox,DTXSID8029600,Methacrylamide,1,0.5075234535386156,0.5546468375214687,0.6284424452820443,0.618207992004506
Hagan_genotox,DTXSID8029602,"4,4'-Butane-1,1-diylbis(2-tert-butyl-5-methylphenol)",0,0.21263150270785539,0.17691335873063077,0.18272539841339328,0.17332194073320953
Hagan_genotox,DTXSID8029604,"1,2-Benzenedicarbonitrile",0,0.4351504248034088,0.5112644777683357,0.4901256143974049,0.4941497271013143
Hagan_genotox,DTXSID8029606,3-Methylbut-2-enal,0,0.5094666800215196,0.6273979211473393,0.5972932472959555,0.615583863600368
Hagan_genotox,DTXSID8029608,Vinyl isobutyl ether,0,0.337214307830783,0.33790545171339487,0.3596743611856856,0.35443092947669824
Hagan_genotox,DTXSID8029652,tert-Butyl acrylate,0,0.3899059362987452,0.4223593281100934,0.41353517133435475,0.41334963618132897
Hagan_genotox,DTXSID8029991,"1,6-Hexanediamine dihydrochloride",0,0.33013565647212273,0.32195051676530156,0.38649586130043806,0.3110961707403639
Hagan_genotox,DTXSID8031497,Isopropyl methanesulfonate,1,0.5200464175201699,0.5776095944508207,0.6070458220727143,0.5773742440394806
Hagan_genotox,DTXSID8031603,Semustine,1,0.857346357174028,0.928835013653705,0.9324795988413294,0.9375602661975595
Hagan_genotox,DTXSID8031863,Perfluorononanoic acid,0,0.348189736727416,0.3615557860363848,0.3362324955338359,0.3300385079909955
Hagan_genotox,DTXSID8031865,Perfluorooctanoic acid,1,0.19170058861068448,0.16183124733521484,0.14318986177400786,0.14307924056211285
Hagan_genotox,DTXSID8033649,Methyl cyanoacetate,0,0.39512448942803696,0.4482712753686365,0.46446254356168826,0.44996495764234407
Hagan_genotox,DTXSID8033803,2-Amino-1-(4-hydroxyphenyl)ethanol hydrochloride,0,0.4799148377094104,0.5016447121388194,0.5151865054992886,0.4906389255941182
Hagan_genotox,DTXSID80338151,"1,4,7-Trimethyl-1,4,7-triazacyclononane",0,0.46568521131081875,0.46454460173327156,0.49321798677122836,0.4700114546605025
Hagan_genotox,DTXSID8034324,Phoxim,1,0.4224553767232877,0.5161707150959405,0.43130843380835154,0.46439025523981203
Hagan_genotox,DTXSID8034376,Denatonium benzoate,0,0.34904380651119604,0.3416248624005602,0.3701703074531493,0.34746371083760064
Hagan_genotox,DTXSID8034665,Imazapyr,0,0.39281698409771737,0.423945372094662,0.40043319455896925,0.39502113542261674
Hagan_genotox,DTXSID8035001,10-Undecenoic acid,0,0.1537215014144986,0.15951587431502537,0.1741824704923373,0.17230157944717717
Hagan_genotox,DTXSID8035217,"1,3-Dimethylol-5,5-dimethylhydantoin",1,0.4154145506844676,0.4341149672646223,0.4161048166574843,0.40769488518153674
Hagan_genotox,DTXSID8036861,"3,3'-Dinitrobenzidine",1,0.8709802102625305,0.9320543862185424,0.9349771968825119,0.934985505333645
Hagan_genotox,DTXSID8036863,"3,3'-Dibromobenzidine",1,0.6607735660857227,0.7198372289438021,0.7229423857177962,0.7160643132155324
Hagan_genotox,DTXSID8037754,"2,4,6-Tris(allyloxy)-1,3,5-triazine",0,0.5122263418802949,0.5517826352355681,0.594417185106162,0.5740054214120699
Hagan_genotox,DTXSID8037756,2-Phenylpropan-1-ol,1,0.4328419833576733,0.44984540727020433,0.4875578394829061,0.4523251817972169
Hagan_genotox,DTXSID80382134,methyl 2-fluoroacrylate,1,0.40303532744964116,0.47018057438506994,0.47054615146026024,0.45912054804798724
Hagan_genotox,DTXSID80382639,Methyl 2-amino-5-fluorobenzoate,0,0.6241647676981255,0.72033873566944,0.7393020719450568,0.7366129874974173
Hagan_genotox,DTXSID8038770,Zinc acetate,1,0.48541331548113514,0.5161315084568875,0.4899969322055782,0.4996621609279592
Hagan_genotox,DTXSID8038857,2-Methyl-4'-(methylthio)-2-morpholinopropiophenone,0,0.35250345809382333,0.3922893739528366,0.3463153899073368,0.36635327792244854
Hagan_genotox,DTXSID8039241,Benzaldehyde,1,0.4861112522831699,0.5909340033469402,0.5552569878178284,0.5748361551885378
Hagan_genotox,DTXSID80394676,"METHYL 2-(4-BROMOPHENYL)-2,2-DIMETHYLACETATE",0,0.30209352346104623,0.2811321240599529,0.27933692680302596,0.2637456171168326
Hagan_genotox,DTXSID8040145,"1,5-Naphthalene diisocyanate",1,0.6346600273219406,0.7010563893551686,0.7684197167154991,0.753912039355046
Hagan_genotox,DTXSID8040149,Pentafluoroiodoethane,1,0.3363729900447085,0.3939184648910205,0.39348332245312556,0.37806635449607473
Hagan_genotox,DTXSID8040222,Trifloxysulfuron-sodium,0,0.29898191337840874,0.3192880561445803,0.33297634542642585,0.3317156112242586
Hagan_genotox,DTXSID80402720,Aminopropylvinylether,0,0.2804549082646635,0.266862619983632,0.2981092679688317,0.29138157838026724
Hagan_genotox,DTXSID8040694,Butyl benzoate,0,0.2615735414159311,0.2505011735296769,0.22804642017553287,0.22718693202994314
Hagan_genotox,DTXSID8040696,"2,3-Dichloroaniline",0,0.622812995654696,0.6962659900910811,0.7251719112841095,0.7087891302309278
Hagan_genotox,DTXSID8040698,Triisobutyl phosphate,0,0.38507596883704803,0.38806057126853993,0.3931848048185806,0.41302341187665137
Hagan_genotox,DTXSID8041246,"1,3-Propanediol",1,0.354426910970509,0.29799964472500157,0.3558601102976697,0.3518555887977031
Hagan_genotox,DTXSID8041248,"2,5-Di-tert-butylbenzene-1,4-diol",0,0.19214185306364004,0.14243109403038814,0.16968445096588483,0.15543143999415618
Hagan_genotox,DTXSID8041400,"2-Butyl-2-ethyl-1,3-propanediol",0,0.22434476486568267,0.17342366414004554,0.1609306407476225,0.15403244647982628
Hagan_genotox,DTXSID8041743,C.I. Solvent Red 24,0,0.8581586841795065,0.9398944932591196,0.911307082027105,0.9176386139389265
Hagan_genotox,DTXSID8041745,C.I. Solvent Yellow 56,0,0.5827851035494244,0.6883983810534602,0.7092201129741736,0.7207276614508644
Hagan_genotox,DTXSID8041959,Ethyl trifluoroacetate,0,0.29658459140128546,0.299814290023763,0.28966392977900474,0.28334662700251
Hagan_genotox,DTXSID8042008,Disodium 2-hydroxyethyliminodi(acetate),0,0.35170311881249744,0.37802817628182567,0.3287082075149343,0.3339764188030636
Hagan_genotox,DTXSID8042052,1H-Indene,0,0.49812503366684774,0.5328909384429545,0.5813578025126791,0.5617992560340951
Hagan_genotox,DTXSID8042187,"N,N'-Dibutylthiourea",0,0.2422755074114208,0.26218001776047145,0.3252033355579875,0.354582150243663
Hagan_genotox,DTXSID8042210,N-Methylpyrrolidine,0,0.41135646950663607,0.420665101839516,0.4314952749574101,0.40643163308049673
Hagan_genotox,DTXSID8042218,Pentyl valerate,0,0.1285785452118963,0.13243814306475857,0.1417866856727471,0.14439677633434825
Hagan_genotox,DTXSID8042503,Tripropylene glycol butyl ether,0,0.28521843761951704,0.2587693077744299,0.3174257769908551,0.27374384993419687
Hagan_genotox,DTXSID80430861,"4-[2-(2-Amino-4-oxo-4,7-dihydro-1H-pyrrolo[2,3-d]pyrimidin-5-yl)ethyl]benzoic acid",0,0.49376359194219055,0.557655897849464,0.5138192501313749,0.5290339226101964
Hagan_genotox,DTXSID80433458,"2-(2-Ethoxyphenyl)-5-methyl-7-propylimidazo[5,1-f][1,2,4]triazin-4(1H)-one",0,0.3543509837106333,0.38529247147203,0.4038797133095624,0.3967027522239206
Hagan_genotox,DTXSID8043781,Tetrabromophthalic acid,0,0.48130076605692224,0.575526086070336,0.48950479044839385,0.48892920403368373
Hagan_genotox,DTXSID8044202,Octyl acetate,0,0.052189108933428506,0.03652965819744732,0.04074800082868922,0.042981650584086074
Hagan_genotox,DTXSID8044331,Vincristine sulfate,1,0.38568620941119147,0.43603701180301707,0.40293632553712894,0.4144263804330335
Hagan_genotox,DTXSID8044333,Hexahydro-4-methylphthalic anhydride,0,0.372238683420753,0.40693974947071504,0.39192502889863284,0.39463970135162957
Hagan_genotox,DTXSID8044381,Bismaleimide,1,0.53910915408319,0.6458170915444486,0.7171321565710452,0.7104233273991257
Hagan_genotox,DTXSID8044385,(2E)-3-Phenylprop-2-enenitrile,0,0.41208162423284356,0.4630397676467437,0.4840908649793216,0.48159641446522605
Hagan_genotox,DTXSID8044389,3-Methoxy-3-methylbutan-1-ol,0,0.35271220161921385,0.3171024850132562,0.29254549439301814,0.2903504492183996
Hagan_genotox,DTXSID8044410,"Potassium 2,5-dihydroxybenzenesulfonate",0,0.3265875522071932,0.3256972737686597,0.28385106461733,0.27589509896405556
Hagan_genotox,DTXSID8044412,4-Methyl-1-phenylpyrazolidin-3-one,0,0.4763370133115936,0.4920299158831949,0.5067670332397348,0.5031491887426097
Hagan_genotox,DTXSID8044418,C.I. Acid Violet 19,0,0.38448160292158673,0.45444890586730574,0.5355281842553247,0.5272688614691622
Hagan_genotox,DTXSID8044462,Triethoxy(phenyl)silane,0,0.3850742014683037,0.3795582575264034,0.39934483409065197,0.3750898686836659
Hagan_genotox,DTXSID8044464,"1,4-Dihydroxyanthracene-9,10-dione",1,0.5051735144171706,0.6006375366344979,0.5430107302406473,0.5397088866111649
Hagan_genotox,DTXSID8044468,Lithium bis[(trifluoromethyl)sulfonyl]azanide,1,0.3263337402200732,0.33578218316819375,0.3631817416217187,0.33772185932062393
Hagan_genotox,DTXSID8044547,2-Heptylcyclopentanone,1,0.17814862241538595,0.20248726346970447,0.20241443982581467,0.21589136917362148
Hagan_genotox,DTXSID8044597,"(Phenylphosphoryl)bis[(2,4,6-trimethylphenyl)methanone]",0,0.42095699249133683,0.4889436900883761,0.45085571381148565,0.45884994772358717
Hagan_genotox,DTXSID8044620,"Trimethyl benzene-1,2,4-tricarboxylate",1,0.3190828396789698,0.3363482144222279,0.3389926413024062,0.3266085360609032
Hagan_genotox,DTXSID80446462,"3,3-Bis(methoxymethyl)-2,6-dimethylheptane",0,0.2676593726925251,0.23832647838299117,0.29928517453821535,0.23863367271108485
Hagan_genotox,DTXSID80446689,"Phosphinic acid, methyl-, butyl ester",0,0.26337189615455325,0.4672117756864555,0.29542088368314917,0.43450567759012976
Hagan_genotox,DTXSID8044674,C.I. Vat Orange 3,0,0.6174648687609986,0.7403640790287013,0.710027066810181,0.7171344576507078
Hagan_genotox,DTXSID8044703,4-Chlorobenzonitrile,0,0.40766777451691993,0.4580774479961365,0.43534655207834233,0.4407208020704509
Hagan_genotox,DTXSID8044753,"2,6-Dimethylhept-5-enal",1,0.3739416886100724,0.46811237244982923,0.4354255966464347,0.47246013728911435
Hagan_genotox,DTXSID8044755,Prop-2-en-1-yl 3-cyclohexylpropanoate,1,0.35529361842333823,0.39822621561242677,0.41335652043195825,0.40606752275565333
Hagan_genotox,DTXSID8044757,3-Methylbutyl 3-methylbutanoate,1,0.4849043560514532,0.5728193793210118,0.5670803615131875,0.5699227670024284
Hagan_genotox,DTXSID8044830,2-Hydroxy-2-methylpropiophenone,0,0.3972227989616308,0.4456054548317672,0.4121249836882172,0.42147237246108754
Hagan_genotox,DTXSID8044838,Quinacridonequinone,0,0.5455432637751763,0.6540716823158168,0.5936091218053908,0.5917862918807966
Hagan_genotox,DTXSID8044884,Tetrahydrofurfuryl acrylate,0,0.4616887689949918,0.5143447104981065,0.46667702247119425,0.479024001869048
Hagan_genotox,DTXSID8044886,"5,5'-Bi-2-benzofuran-1,1',3,3'-tetrone",0,0.4853937186954318,0.5688763445878794,0.5242572322701217,0.5282720603130543
Hagan_genotox,DTXSID8044919,"2,2-Bis{[(3-sulfanylpropanoyl)oxy]methyl}butyl 3-sulfanylpropanoate",0,0.30866902790077616,0.31411956266471636,0.2927061619145135,0.291038768390909
Hagan_genotox,DTXSID8044961,"Bis{2-[2-(propan-2-yl)-1,3-oxazolidin-3-yl]ethyl} hexane-1,6-diylbiscarbamate",0,0.23859640901194842,0.22159755617114682,0.22039776767872196,0.2177237733130065
Hagan_genotox,DTXSID8045565,Quinacrine dihydrochloride dihydrate,1,0.6071179305128714,0.6874558869527715,0.6663645175231951,0.6756278094935971
Hagan_genotox,DTXSID8045779,Cysteamine hydrochloride,1,0.3693420428865964,0.47244354994437177,0.3808469150795366,0.4656874480594519
Hagan_genotox,DTXSID8047139,5-Cyclohexadecen-1-one,0,0.40449103559257044,0.4821916705196459,0.4725078319208651,0.4851179932119652
Hagan_genotox,DTXSID8047181,"Sodium (E,E)-2,4-hexadienoate",1,0.5648505309827195,0.631003820659008,0.6911102359539746,0.6795701569076158
Hagan_genotox,DTXSID8047185,Isopentyl benzoate,0,0.34147499802042347,0.35624245893794293,0.3310905026965724,0.3284399184925171
Hagan_genotox,DTXSID8047189,Decyl acetate,0,0.060133787920850425,0.051471160249635335,0.05701058030282888,0.059327209284316534
Hagan_genotox,DTXSID8047399,Cashmeran,0,0.3789455351253402,0.4693937009229237,0.44963026051520777,0.4672419757303208
Hagan_genotox,DTXSID8047420,4-(4-Hydroxy-3-methoxyphenyl)-2-butanone,1,0.48375798433489137,0.5462284820337794,0.5522267982510388,0.5437965504140951
Hagan_genotox,DTXSID8047426,dl-Carvone,1,0.49693947039976577,0.5952948883239844,0.5716637868851344,0.5855759229063286
Hagan_genotox,DTXSID8047503,Glyceryl tristearate,1,0.10450202468914466,0.09310241838744536,0.10780026902042426,0.1043320377218143
Hagan_genotox,DTXSID8047559,Hexyl butyrate,0,0.08411090227791147,0.08060308782052429,0.08846372734630693,0.09121616292750308
Hagan_genotox,DTXSID8047638,Methyl 2-nonenoate,0,0.21746221019256987,0.19788991128855296,0.19327255500118914,0.19630035143514102
Hagan_genotox,DTXSID8047682,4-Cyclohexyl-4-methyl-pentan-2-one,0,0.28147400714288145,0.33042148661863224,0.32148272603806277,0.3391930097721029
Hagan_genotox,DTXSID8047890,"3,3'-Dimethylbisphenol A",1,0.36348605977224785,0.3472979741080564,0.3578457935279576,0.34020308719663267
Hagan_genotox,DTXSID8047973,"4,4'-Propane-2,2-diylbis(2,6-dimethylphenol)",0,0.31264404660306416,0.287013125414241,0.30676823891619354,0.29082329740247764
Hagan_genotox,DTXSID8048153,"3,7-Dimethyl-2,6-octadienyl acetate",0,0.4370542117746388,0.5184130977713725,0.5176780428028499,0.5240546344069108
Hagan_genotox,DTXSID8049331,5-Nitroisatin,1,0.7897807152904717,0.8756552976881063,0.9018220944999338,0.8972242096347575
Hagan_genotox,DTXSID8049412,4(3H)â€‹-â€‹Quinazolinone,1,0.5849462077929576,0.646752664219478,0.6417680989232399,0.6338986884902581
Hagan_genotox,DTXSID8049416,Tropolone,1,0.4872243675226869,0.6178209434391021,0.5631324594537227,0.5933779301114954
Hagan_genotox,DTXSID8049678,"N,N-Dimethyl-methanamine-N-oxide",0,0.4126095705046489,0.4197213751084356,0.37473093867524815,0.38518335894918
Hagan_genotox,DTXSID80501742,"2,2-Dimethyl-3-oxopropyl acetate",0,0.2916927339894706,0.33715422621834784,0.3357584558178648,0.34380866015273376
Hagan_genotox,DTXSID8051338,"2,2,6-Trimethyl-6-vinyltetrahydropyran",0,0.4169346052132248,0.47307600958004836,0.49205403077176824,0.4777889368118809
Hagan_genotox,DTXSID8051542,Ethyl octanoate,0,0.11427661398356513,0.10206058743560587,0.10702810613374185,0.11058858524774147
Hagan_genotox,DTXSID8051544,"1,4-Dimethylpiperazine",0,0.46853341408697585,0.4972018272086321,0.5182366933340538,0.502005203062301
Hagan_genotox,DTXSID8051590,Hydroxyacetone,1,0.44480950063668795,0.5423312658261444,0.5278754510219182,0.5394794116675166
Hagan_genotox,DTXSID8051592,Bisphenol A bis(2-hydroxypropyl) ether,0,0.2856876509265737,0.25907427997955573,0.3184831014440997,0.29821410708027707
Hagan_genotox,DTXSID8051598,2-Cyclododecylpropan-1-ol,0,0.4343104986641734,0.3889851585473179,0.3914598287939553,0.36008466660486266
Hagan_genotox,DTXSID8051627,2-Ethyl-5-methoxybicyclo[2.2.1]heptane,0,0.38573893774852613,0.35364986964854944,0.3902194804075269,0.3415826777732864
Hagan_genotox,DTXSID8051629,Succinimide,0,0.4364408251287009,0.46013419187637905,0.3959982402039001,0.3889485391434199
Hagan_genotox,DTXSID8051756,Toluene-4-sulphonohydrazide,1,0.528267104592236,0.5904369764507243,0.5921365309640739,0.5836147026013841
Hagan_genotox,DTXSID8051837,"{1-Methyl-2-[(1,2,2-trimethylbicyclo[3.1.0]hex-3-yl)methyl]cyclopropyl}methanol",0,0.3598208717469428,0.32416636504625257,0.31662994162504493,0.29222464341281257
Hagan_genotox,DTXSID8051918,"5-Methyl[1,2,4]triazolo[1,5-a]pyrimidin-7-ol",0,0.4768391710172663,0.5084140653933035,0.5133249327413153,0.5027432415685956
Hagan_genotox,DTXSID8052063,Pigment Red 166,1,0.06086576819568204,0.05356972611374672,0.03863191802365786,0.04290880154966675
Hagan_genotox,DTXSID8052148,C.I.Disperse Yellow 42,0,0.6468929338236209,0.7986618463734382,0.7373411170630778,0.7678637719350231
Hagan_genotox,DTXSID8052192,3-Methylcyclopentadecan-1-one,0,0.3466818557678039,0.3826166698747068,0.35144002764196686,0.3763819465715912
Hagan_genotox,DTXSID8052198,Di-iso-amyl ether,1,0.2712129792695705,0.24522760048046158,0.3094307693452218,0.23647708152803468
Hagan_genotox,DTXSID8052229,3-Methyl-4-phenyl-2-butanol,0,0.4409277587734402,0.44973839548382477,0.45539083569146716,0.4318088584724351
Hagan_genotox,DTXSID8052514,Isobutene trimer,0,0.23193896558011265,0.2411954958411641,0.26439055155101526,0.2524625825940414
Hagan_genotox,DTXSID8052560,4-Methyl-3-decen-5-ol,0,0.1659235387113302,0.1372034790489661,0.1261916575617258,0.12552250392395373
Hagan_genotox,DTXSID8052643,4-Chlororesorcinol,1,0.5431089721395198,0.5962043595144646,0.6005283095585604,0.5771099253632508
Hagan_genotox,DTXSID8052695,"N,N-diethyl-3-oxobutyramide",0,0.4272786659065708,0.4751750997197102,0.44956649082520955,0.4498510969050882
Hagan_genotox,DTXSID8052720,"2,2-Bis[4-[bis(phenoxy)phosphoryloxy]phenyl]propane",0,0.2519869427002931,0.2432797608014717,0.27458928722100606,0.25389454201921824
Hagan_genotox,DTXSID80556131,"2,4-Dichloro-7H-pyrrolo[2,3-d]pyrimidine",0,0.4663814055816715,0.5182125095449092,0.5003683254911074,0.5001475759680262
Hagan_genotox,DTXSID8057645,"Methyl 3-amino-5,6-dichloropyrazine-2-carboxylate",0,0.41828571533275244,0.482625456948424,0.48360807842642073,0.4843667931704565
Hagan_genotox,DTXSID8057699,1-(Bis(4-fluorophenyl)methyl)piperazine,0,0.3519069397664332,0.3446843927341516,0.36707485299813314,0.3643710565082577
Hagan_genotox,DTXSID8057930,Benzovindiflupyr,0,0.2572124537418948,0.24838195207791766,0.26564781008309385,0.2590985959400541
Hagan_genotox,DTXSID8057988,Fentrazamide,0,0.3566344442113942,0.39170162006525056,0.3502944114962571,0.34898544135316517
Hagan_genotox,DTXSID8058873,"1,8-Dichloroanthraquinone",0,0.4561480645900562,0.5526297377181829,0.5081983359926014,0.5034796948966612
Hagan_genotox,DTXSID8058950,"2(1H)-Quinolinone, 4-hydroxy-",1,0.4724781149822051,0.5323751837216822,0.5193131661319887,0.520645118584809
Hagan_genotox,DTXSID8058952,"2-Naphthalenesulfonic acid, 7,7'-iminobis[4-hydroxy-",0,0.1805635428136311,0.15715587220124652,0.15282490017934144,0.1543814319899579
Hagan_genotox,DTXSID8058954,"2,4,5,6(1H,3H)-Pyrimidinetetrone, 5-oxime",0,0.5519945147984224,0.7109893659912575,0.6409435831373286,0.6722149881599977
Hagan_genotox,DTXSID80591466,"1-Ethoxy-2,3-difluoro-4-(4-pentylcyclohexyl)benzene",0,0.09750210578437594,0.07197267435711208,0.07954216202075733,0.07557981193842292
Hagan_genotox,DTXSID8059211,"Disulfide, bis(4-nitrophenyl)",1,0.8957434207705903,0.9588446828695166,0.9403454304820973,0.9451194973008749
Hagan_genotox,DTXSID8059217,"Benzene, (methylthio)-",0,0.4837126758057128,0.5324350392104993,0.5130156600163798,0.5086259389619885
Hagan_genotox,DTXSID8059263,"N,N-Dihexyl-1-hexanamine",0,0.12247659149688635,0.08524993007872077,0.08615174645648686,0.08894852890988166
Hagan_genotox,DTXSID8059392,"Ethanamine, 2-ethoxy-",0,0.34953422582381527,0.30997949389594076,0.35537665164065096,0.3557336314368465
Hagan_genotox,DTXSID8059427,Sodium phenylacetate,0,0.4253168404508038,0.4455562098459675,0.4522736828619189,0.4331592792997023
Hagan_genotox,DTXSID8059471,"1,3-Naphthalenedisulfonic acid, 6-amino-",0,0.24901312314335375,0.23988014687189244,0.2657161728945308,0.26012463915426887
Hagan_genotox,DTXSID8059506,"Benzeneethanamine, 3,4-dimethoxy-",0,0.48946985329079745,0.5224602716624803,0.5590667592544146,0.5245375869217206
Hagan_genotox,DTXSID8059550,"Ethanol, 2-(phenylamino)-",1,0.4619806276514568,0.47953529953585144,0.5129936647648933,0.4895243487395336
Hagan_genotox,DTXSID8059552,p-Hydroxybenzaldehyde,0,0.5035116529090072,0.60718619828869,0.5765776851067304,0.5921824751786404
Hagan_genotox,DTXSID8059556,"Acetic acid, sulfo-",0,0.31164495145196597,0.3158459434380145,0.29318981308685976,0.2878961423768928
Hagan_genotox,DTXSID80597105,3-(Difluoromethyl)-1-methyl-1H-pyrazole-4-carboxylic acid,0,0.3696236839233236,0.39303625246538565,0.37938128150167083,0.37164005656625276
Hagan_genotox,DTXSID8060115,"1,4-Dioxane-2,5-dione",0,0.5035412271437693,0.5448399210920171,0.5573374868511353,0.5389516868224175
Hagan_genotox,DTXSID8060169,"Benzo[b]thiophen-3(2H)-one, 2-(3-oxobenzo[b]thien-2(3H)-ylidene)-",0,0.49589313597307966,0.6101148767420576,0.649353394059621,0.6569212851414635
Hagan_genotox,DTXSID8060589,"Benzene, 1-ethoxy-2-nitro-",1,0.810592764120309,0.9127751799158389,0.9367003633321084,0.9371296150616736
Hagan_genotox,DTXSID8060793,"Ethanamine, N-methyl-",0,0.39130001727869396,0.3834842509874575,0.4045204116509545,0.4129962665020051
Hagan_genotox,DTXSID8060822,"Piperidine, 1-methyl-",0,0.393918879457312,0.39091443857066527,0.40094276146530666,0.3931091455230329
Hagan_genotox,DTXSID80608922,(Trans(Trans))-4'-vinyl-4-(4-methylphenyl)bicyclohexyl,0,0.34175758732948514,0.3329527004639637,0.34131258410237475,0.32136741665784085
Hagan_genotox,DTXSID8060953,"1,10-Decanediamine",1,0.1728873354916216,0.12634663937283896,0.15621690000945113,0.12216468141187846
Hagan_genotox,DTXSID8061422,"2-(3,5-Dichloro-2-hydroxyphenyl)-4(1H)-quinazolinone",0,0.4281533450876093,0.4863516957227439,0.4576666322362571,0.4653481632151615
Hagan_genotox,DTXSID8061426,"Benzoxazole, 2,2'-(1,2-ethenediyl)bis[5-methyl-",0,0.46290019892382883,0.5231706319480464,0.5506991408585339,0.5446531320026927
Hagan_genotox,DTXSID8061840,Diethyl phenylphosphonite,0,0.38389439619408056,0.43287783172685806,0.39819831821087165,0.42784994991832576
Hagan_genotox,DTXSID8061925,Dimethyl heptanedioate,1,0.3870734131948054,0.44110898390901254,0.4634302704884987,0.4468808450230441
Hagan_genotox,DTXSID8062155,"1-Butanaminium, N,N,N-tributyl-, hydroxide",0,0.09965749807259933,0.06860818492182617,0.07694062331126707,0.07551474495199043
Hagan_genotox,DTXSID8062232,"Dinaphtho[2,3-i:2',3'-i']benzo[1,2-a:4,5-a']dicarbazole-5,7,12,17,19,24(6H,18H)-hexone",0,0.6576018805312662,0.7680194360146658,0.7102100370336576,0.7251236252494072
Hagan_genotox,DTXSID8062280,Benzenecarbothioamide,1,0.4872278867042537,0.6070022402391485,0.5565930125742473,0.5958534045734594
Hagan_genotox,DTXSID8062496,Heptanoyl chloride,0,0.13032470004142147,0.1173860762371387,0.14594925061776345,0.1517714058138455
Hagan_genotox,DTXSID8062498,"1-Propanamine, N,N-dimethyl-3-(trimethoxysilyl)-",0,0.35980364294433514,0.3656282400691007,0.36000810248129317,0.38345568385256823
Hagan_genotox,DTXSID80626409,"1,3,5-Tris(3-sulfanylpropyl)-1,3,5-triazinane-2,4,6-trione",0,0.4539090348085775,0.5054315466771996,0.4952664515681549,0.5000796769100283
Hagan_genotox,DTXSID80627097,3-Bromo-5-chlorophenol,0,0.4421774519450792,0.4744297725273452,0.47886171951836287,0.4600373550131183
Hagan_genotox,DTXSID8062781,(Diethylamino)acetonitrile,0,0.32948319725127956,0.35755456067207064,0.3287907172766446,0.3833643967542298
Hagan_genotox,DTXSID8062812,"3-Oxetanemethanol, 3-ethyl-",0,0.3485169812992252,0.3107837714352157,0.3024726980506481,0.2888648204809619
Hagan_genotox,DTXSID8062818,"1,3,5-Benzenetriamine, 2,4,6-trinitro-",0,0.7319086638226783,0.8426370772389354,0.8889964499196678,0.8845262031186598
Hagan_genotox,DTXSID8062947,"Ethene, 1,1'-[methylenebis(sulfonyl)]bis-",0,0.37127959471392513,0.4240800215362713,0.4337807542589844,0.4254454509079211
Hagan_genotox,DTXSID8062949,"Phenol, 2-(1,1-dimethylpropyl)-",0,0.24914204145970162,0.20836810914164272,0.2125774015309367,0.1975269385055356
Hagan_genotox,DTXSID8063044,"Acetamide, N-(2,5-dimethoxyphenyl)-",0,0.47851361750496985,0.5228064531055164,0.5564730049592416,0.5438426483146134
Hagan_genotox,DTXSID8063090,"Docosanoic acid, calcium salt (2:1)",0,0.43751984090558715,0.5369202482742398,0.5183915364274325,0.5373235153333925
Hagan_genotox,DTXSID8063096,Sodium phenoxyacetate,0,0.4473840452688546,0.4916251044850412,0.5062185326559714,0.4895869619595073
Hagan_genotox,DTXSID8063385,"2-Naphthalenecarboxamide, N-(4-chloro-2,5-dimethoxyphenyl)-3-hydroxy-",0,0.3218565698612725,0.3504171990072554,0.3456561641425526,0.3462367098921999
Hagan_genotox,DTXSID80635591,Lithium 2-methylbutan-2-olate,0,0.24512164233819175,0.19260633733242982,0.18675250216828246,0.1848767949496243
Hagan_genotox,DTXSID8063830,"2,5-Dioxo-1,3,4,6- tetrakis(hydroxymethyl)hexahydroimidazo[4,5-d]imidazole",1,0.4677194087049083,0.4823454095739151,0.47305657263695355,0.4528497083495185
Hagan_genotox,DTXSID8063913,N-Ethyl cyclohexylamine,0,0.41835764439738576,0.39716038194848474,0.397071171522992,0.3987816033518874
Hagan_genotox,DTXSID8063965,"1,4-Piperazinediethanesulfonic acid",0,0.23932829952604537,0.21267581444938746,0.25566373159364914,0.2560300582728967
Hagan_genotox,DTXSID8064438,"2-Naphthalenecarboxylic acid, 4,4'-methylenebis[3-hydroxy-, disodium salt",0,0.4904482142406672,0.5552877694431587,0.5507770114929849,0.5518002969843027
Hagan_genotox,DTXSID8064482,"14H-Benz[4,5]isoquino[2,1-a]perimidin-14-one",1,0.532124861951956,0.634048998516867,0.6043036388459093,0.6115659807867263
Hagan_genotox,DTXSID8064511,"4-Chloro-2,5-dimethoxynitrobenzene",1,0.7973225234142362,0.9061103711847006,0.9261054818347748,0.9307088168388509
Hagan_genotox,DTXSID8064561,"2-Propanamine, N-ethyl-N-(1-methylethyl)-",0,0.39795570278025155,0.38884224592061223,0.33939103776231505,0.3634474339852569
Hagan_genotox,DTXSID8064856,"Silane, dichloro(3-chloropropyl)methyl-",0,0.3591216470038021,0.34985780165531283,0.36814287957594366,0.3494537677807536
Hagan_genotox,DTXSID8064985,"Ethanesulfonic acid, 2-[bis(2-hydroxyethyl)amino]-",0,0.30227263884914224,0.2923333915454382,0.3524282617905665,0.37131358585548463
Hagan_genotox,DTXSID8064989,"2,2-Bis(((mercaptoacetyl)oxy)methyl)-1,3-propanediyl bis(mercaptoacetate)",0,0.35300330056453316,0.37158516759254384,0.3236151165287835,0.3225317120014935
Hagan_genotox,DTXSID8065907,"Peroxydicarbonic acid, C,C'-bis[4-(1,1-dimethylethyl)cyclohexyl] ester",0,0.27806403333987934,0.3002327140056592,0.3082025839029802,0.30918840548269033
Hagan_genotox,DTXSID8066000,"Dimethyl(4-(4-(dimethylamino)-alpha-phenylbenzylidene)-2,5-cyclohexadien-1-ylidene)ammonium hydrogen sulphate",0,0.4646608003442923,0.5652713755461098,0.502597983514507,0.5240873693298815
Hagan_genotox,DTXSID8066181,"Propanamide, 3-(dimethylamino)-N,N-dimethyl-",0,0.4199652481960168,0.4533593521783909,0.43724327619296116,0.46366403965101405
Hagan_genotox,DTXSID8066842,Octanoic acid triethanolamine salt,0,0.3970687319724549,0.4652899521477977,0.464886337262087,0.46927768672562703
Hagan_genotox,DTXSID8067076,(Perfluorohexyl)ethylene,0,0.2605350150137784,0.2515250794925784,0.32443327472871464,0.3147817546660563
Hagan_genotox,DTXSID80672128,2-(4-Fluorophenyl)-5-[(5-iodo-2-methylphenyl)methyl]thiophene,0,0.3820857324105435,0.41413633197733773,0.37084849524461694,0.3781815854546294
Hagan_genotox,DTXSID8067286,"Phosphorodithioic acid, O,O-bis(1-methylethyl) ester, sodium salt",0,0.46192417645788314,0.544735238638323,0.4960848929265937,0.5317198739365551
Hagan_genotox,DTXSID80673054,"2,6-Difluoro-3-[(propane-1-sulfonyl)amino]benzoic acid",0,0.2875633336930202,0.28857555367044846,0.2719904922851126,0.27185223712606527
Hagan_genotox,DTXSID8067313,"Disulfide, di-tert-dodecyl",0,0.10964017538248778,0.12416657920719766,0.1103370176789042,0.1316209266258367
Hagan_genotox,DTXSID8067361,"Carbonic acid, 2-[(1-amino-9,10-dihydro-4-hydroxy-9,10-dioxo-2-anthracenyl)oxy]ethyl phenyl ester",1,0.5533419667493767,0.6539173844988733,0.5556240631485713,0.5685232644603047
Hagan_genotox,DTXSID8067363,"Benzonitrile, 3-(bromomethyl)-",0,0.42340924262051044,0.46657208711609743,0.4522398358555381,0.444869873663223
Hagan_genotox,DTXSID8067525,"[1,1'-Binaphthalene]-8,8'-dicarboxylic acid",0,0.5965238288877147,0.6798377418281983,0.6702728471444246,0.6652724195716241
Hagan_genotox,DTXSID8067735,"Benzoic acid, 3,5-diamino-4-chloro-, 2-methylpropyl ester",1,0.42060073360637745,0.4665975175699342,0.49832300317133776,0.49969550885328795
Hagan_genotox,DTXSID8067941,"2H-1-Benzopyran-2-one, 3-(5-chloro-2-benzoxazolyl)-7-(diethylamino)-",0,0.33688653397815904,0.37125968140655186,0.46482599248013895,0.4577744250604237
Hagan_genotox,DTXSID8067945,Ethyltriphenylphosphonium acetate,0,0.44331608712666154,0.5091020935345251,0.4663584077925084,0.4855193678493821
Hagan_genotox,DTXSID80679576,"N-{3-[5-Bromo-1-(2,6-dichlorobenzoyl)-1H-pyrrolo[2,3-b]pyridine-3-carbonyl]-2,4-difluorophenyl}propane-1-sulfonamide",0,0.13659404710310283,0.12999820470858067,0.10814603447256999,0.10991472106779947
Hagan_genotox,DTXSID8068335,"N-(2-((2,6-Dicyano-4-nitrophenyl)azo)-5-(diethylamino)phenyl)acetamide",1,0.5673659768551567,0.6810460787345799,0.7215154421971347,0.7191572761825092
Hagan_genotox,DTXSID8068418,"Ethanol, 2,2'-[[4-[(3,5-dinitro-2-thienyl)azo]phenyl]imino]bis-, diacetate (ester)",1,0.626659087759359,0.7558459926846907,0.7592193014826115,0.7675682605036408
Hagan_genotox,DTXSID8068464,2-(2-Methoxyethoxy)ethyl methacrylate,0,0.4036094323333803,0.47748764526070636,0.4672869913454391,0.4742353293239676
Hagan_genotox,DTXSID8068624,"5(4H)-Oxazolone, 2,2'-(1,4-phenylene)bis[4-[(4-methoxyphenyl)methylene]-",0,0.40432718795004546,0.4842999762796083,0.5752191194409334,0.5683995963968966
Hagan_genotox,DTXSID8068678,"N-[2-[2-(2-Bromo-4,6-dinitrophenyl)diazenyl]-5-(di-2-propen-1-ylamino)-4-methoxyphenyl]acetamide",1,0.5495946334047515,0.6770256779450033,0.707801185436649,0.713671123849176
Hagan_genotox,DTXSID8068836,"Propanamide, 3-methoxy-N,N-dimethyl-",0,0.4101273788871909,0.4478308867228417,0.42606689892461963,0.4336828527964079
Hagan_genotox,DTXSID8068838,"Peroxydicarbonic acid, C,C'-ditetradecyl ester",0,0.06595266268672421,0.057630365894847525,0.06586567622746543,0.06662237473750626
Hagan_genotox,DTXSID8069197,Tetraphenyl m-phenylene bis(phosphate),0,0.4396597897767758,0.4900591002998176,0.5171913129908813,0.4936255754653634
Hagan_genotox,DTXSID80694880,Methyl 2-{2-[(6-chloropyrimidin-4-yl)oxy]phenyl}-3-methoxyprop-2-enoate,0,0.3721243280232737,0.3996298876829454,0.5242292626107011,0.512736507082669
Hagan_genotox,DTXSID8070542,2-Phenylethyl pivalate,0,0.31849464889602813,0.30195313079433356,0.2997347285465061,0.2849075851483755
Hagan_genotox,DTXSID8071227,7-(Acetylamino)-4-hydroxy-3-[2-[4-[[2-(sulfooxy)ethyl]sulfonyl]phenyl]diazenyl]-2-naphthalenesulfonic acid,0,0.184889421604307,0.197268816219337,0.18691017124824458,0.18921785083366585
Hagan_genotox,DTXSID8071300,N-(5-Chloro-2-methylphenyl)-3-hydroxy-4-((2-methoxy-5-((phenylamino)carbonyl)phenyl)azo)naphthalene-2-carboxamide,0,0.0766322222171133,0.07162318348521278,0.06807675655683199,0.07233939935897975
Hagan_genotox,DTXSID8071306,"1,5-Naphthalenedisulfonic acid, 2-[[8-[[3-[(5-chloro-2,6-difluoro-4-pyrimidinyl)amino]benzoyl]amino]-1-hydroxy-3,6-disulfo-2-naphthalenyl]azo]-, tetrasodium salt",0,0.2076173664362455,0.27319406916726224,0.2506350909292035,0.2682728282980423
Hagan_genotox,DTXSID80714411,"potassium;2-(1,3-dioxoisoindol-2-yl)ethanesulfonic acid",0,0.35878805905987116,0.39864682267443463,0.3729330898046305,0.3730693038238937
Hagan_genotox,DTXSID8071986,"Benzenesulfonamide, N-(4-amino-9,10-dihydro-3-methoxy-9,10-dioxo-1-anthracenyl)-",1,0.47480451393878137,0.5601353959701487,0.5237229756561722,0.5290140832989199
Hagan_genotox,DTXSID8072033,"Benzenesulfonic acid, 3-[[4-amino-9,10-dihydro-3-[2-(2-methoxyethoxy)ethoxy]-9,10-dioxo-1-anthracenyl]amino]-2,4,6-trimethyl-, monosodium salt",0,0.3041661375214311,0.3544427208643725,0.3747515582779178,0.38431172841373845
Hagan_genotox,DTXSID8072457,6-(Isononanoylamino)hexanoic acid,0,0.1414539502144572,0.12203014990021162,0.10693817574420754,0.10880401365846996
Hagan_genotox,DTXSID8072584,"Benzenesulfonic acid, 4-[(1,3-dioxobutyl)amino]-5-methoxy-2-methyl-, monoammonium salt",0,0.3089545201373946,0.30464055596829726,0.33098968869870743,0.3188867029913703
Hagan_genotox,DTXSID8073180,"Fluorosulfuric acid, methyl ester",1,0.4670140132477549,0.5353985039624609,0.55296914380054,0.532504782083516
Hagan_genotox,DTXSID8073346,"Piperazine, 1-ethyl-",0,0.35515148264253615,0.336732404939689,0.3497580277660945,0.35000124335076865
Hagan_genotox,DTXSID8073893,2-Methoxy-6-chloro-9-[3-[ethyl(2-chloroethyl)amino]propylamino]acridine dihydrochloride,1,0.6512463608596372,0.7536335871384057,0.7583835333364667,0.7659226918094862
Hagan_genotox,DTXSID8073928,"9,10-Dimethylanthracene",1,0.6653389647454858,0.7460129902787562,0.7413503600485253,0.7383114610997709
Hagan_genotox,DTXSID8074360,"Acetic acid, hydroxysulfo-, disodium salt",0,0.4673152207253463,0.5183861148471985,0.46502312172136956,0.4651782108776071
Hagan_genotox,DTXSID8074368,Sodium triacetoxyborohydride,0,0.4864998538137321,0.5784300897358419,0.5775640147789511,0.5722009456683365
Hagan_genotox,DTXSID8074572,"3H-1,2,4-Triazol-3-one, 1,2-dihydro-",0,0.4634965629490224,0.6195919219654832,0.5527045576084385,0.6061667652766742
Hagan_genotox,DTXSID8074609,"Octanamide, N-hydroxy-",0,0.10492027630334667,0.09269632821774088,0.10280796591261615,0.10286909166757996
Hagan_genotox,DTXSID8074734,"2-Imidazolidinone, 1,3-diethenyl-",0,0.463399891591235,0.49802751880970947,0.49655582289840966,0.4929825994715549
Hagan_genotox,DTXSID8074811,"Dibenz[a,j]anthracene",1,0.9237316959012448,0.9621365552779038,0.9566130215482428,0.9552636542891176
Hagan_genotox,DTXSID8074813,Dimethyl-N-propylamine,0,0.35423142482168446,0.32760430053374695,0.3073602408595813,0.31937507964045947
Hagan_genotox,DTXSID8074817,4-Methylchrysene,1,0.8994427450018122,0.9396436921773832,0.9275442480652725,0.9269480431222847
Hagan_genotox,DTXSID8074819,2-Methylchrysene,1,0.8588828325902015,0.9066383284528537,0.8906059742862832,0.890015861799871
Hagan_genotox,DTXSID8074944,3-Methyl-4-nitroquinoline 1-oxide,1,0.8115575596306482,0.8905705244835557,0.9079403044423776,0.9054584732522218
Hagan_genotox,DTXSID8075176,"Phosphorodiamidous acid, tetrakis(1-methylethyl)-, 2-cyanoethyl ester",0,0.3244360137357804,0.3688266393600086,0.29011040758740275,0.3420968793224763
Hagan_genotox,DTXSID8075203,"Benz[c]acridine, 7,10-dimethyl-",1,0.8850936728855676,0.9352346627655256,0.9202279113230056,0.9171512505053467
Hagan_genotox,DTXSID8075251,"Pyridine, 2-chloro-5-(trifluoromethyl)-",0,0.38241285013432447,0.4073772327395067,0.4036684385418561,0.39636607710138705
Hagan_genotox,DTXSID8075255,5-Nitroquinoline,1,0.8972498390559633,0.9572926752877149,0.9670560375634608,0.9671828837153696
Hagan_genotox,DTXSID80861636,"Propanoic acid, 2-mercapto-",0,0.49651153048354707,0.6020377655941256,0.5750462947563102,0.5947334348527261
Hagan_genotox,DTXSID80861813,Trichloropropylsilane,0,0.30213381287522106,0.28283026952776974,0.2945643186899712,0.2841630021597903
Hagan_genotox,DTXSID80862709,"6,10-Dimethylundecan-2-one",0,0.2287899386971128,0.26280242926758607,0.25734091123378566,0.2750475259050245
Hagan_genotox,DTXSID80863094,Trimethoxycaprylylsilane,0,0.09439696654094794,0.06558813263709108,0.06580353884154906,0.06589270427933062
Hagan_genotox,DTXSID80863256,"2-Cyclohexen-1-one, 3-methyl-5-propyl-",0,0.34705856296466475,0.4139886139307623,0.40139025596971184,0.41350144854683263
Hagan_genotox,DTXSID80863377,"1,3-Dioxolane, 2-(1-ethylpentyl)-",0,0.19733294941911572,0.17275107392133024,0.22673583102139191,0.1867477730059877
Hagan_genotox,DTXSID80863933,"2-Propanol, 1-[bis(2-hydroxyethyl)amino]-",0,0.2981379670300496,0.26257580922632756,0.23125664939560556,0.2393678431303293
Hagan_genotox,DTXSID80865492,"5,6-Dihydroxyindoline",0,0.4559664700953629,0.509845253654206,0.5269076436224437,0.5169658907639144
Hagan_genotox,DTXSID80866747,"Hexanoic acid, 3,5,5-trimethyl-, 3,5,5-trimethylhexyl ester",0,0.22173144631901986,0.2364768113836154,0.2356410659215371,0.24672962314479055
Hagan_genotox,DTXSID80867032,"1,3-Benzenedimethanamine, N1,N1,N3,N3-tetrakis(2-oxiranylmethyl)-",1,0.7891986081584617,0.8548335120846775,0.9035596300990244,0.9033316181330925
Hagan_genotox,DTXSID80868004,"Urea, N,N''-1,5-naphthalenediylbis[N'-[3-[(2-ethylhexyl)oxy]propyl]-",0,0.22088958889317434,0.1961358176793784,0.19549745206618097,0.18940957005192458
Hagan_genotox,DTXSID80868261,"8-Quinolinol, 7-(4-ethyl-1-methyloctyl)-",0,0.23071092916685457,0.22501656052473917,0.2096865350355426,0.2104398552955419
Hagan_genotox,DTXSID80869516,"Cyclohexane, 1,2,4-triethenyl-",0,0.46832522202148547,0.47751743910743466,0.5310108978391532,0.48812986448058643
Hagan_genotox,DTXSID80869536,"Phenol, 2,4-bis[(dodecylthio)methyl]-6-methyl-",0,0.1261617850307969,0.08792993542074862,0.08651414462553951,0.08503182640828726
Hagan_genotox,DTXSID80870021,"Cyclohexanamine, 4,4'-methylenebis[N-(1-methylpropyl)-",1,0.23836164950620242,0.18480095559710966,0.18774372141507603,0.1797300152058842
Hagan_genotox,DTXSID80871154,"Cyclopentasiloxane, 2,4,6,8,10-pentamethyl-",0,0.44750205111594127,0.46104507144994417,0.5225362306896131,0.47112899245262224
Hagan_genotox,DTXSID80872803,"6H-Dibenz[c,e][1,2]oxaphosphorin-6-propanoic acid, butyl ester, 6-oxide",0,0.2730809841191888,0.26673344614991756,0.24776482059548008,0.2382948399411311
Hagan_genotox,DTXSID80872904,Monosodium citrate,0,0.42174539035930675,0.42043609303795487,0.4730705555470826,0.4398159655692437
Hagan_genotox,DTXSID80873916,4-Nitrophenyl aminoethylurea,0,0.8609237767463677,0.948437197139127,0.952115238923423,0.9566773586416965
Hagan_genotox,DTXSID80879059,"2-PROPENAMIDE, 3-(5-NITRO-2-FURANYL)-",1,0.8521193533240522,0.9261002994057513,0.9287420412314807,0.9282013492507012
Hagan_genotox,DTXSID80879791,C.I. Disperse Red 17,1,0.6675610314548397,0.7908135753376415,0.8320264643600304,0.8386833620381228
Hagan_genotox,DTXSID80879796,HC Blue 7,1,0.6381608977257418,0.7074867029640441,0.6959620878362699,0.7038489693638902
Hagan_genotox,DTXSID80879817,Basic Violet 2,0,0.7222654855967909,0.8169667458041663,0.8030385917940546,0.8099214661634003
Hagan_genotox,DTXSID80880246,Perfluoro-3-oxapent-4-enesulfonyl fluoride,0,0.2437150266907712,0.24828817904806288,0.2749445800287427,0.25358152251799676
Hagan_genotox,DTXSID80880983,"N,N-Dimethyl-3-((perfluorohexyl)ethylsulfonyl)aminopropanamine N-oxide",0,0.221509567278621,0.18348629925850723,0.20391708660465283,0.18589362116217437
Hagan_genotox,DTXSID80883333,Acetyl tris(2-ethylhexyl) citrate,0,0.11162532609811078,0.0924330442595755,0.10349750895223808,0.10008642421781296
Hagan_genotox,DTXSID80883439,"Benzoic acid, 2-hydroxy-, lithium salt (1:1)",0,0.48243899206802004,0.5479743903712438,0.5354615126297061,0.5323337498281872
Hagan_genotox,DTXSID80883535,"1,3-Benzenedimethanol, .alpha.1,.alpha.1,.alpha.3,.alpha.3-tetramethyl-",0,0.285503610844907,0.24943805556596857,0.2620504297108379,0.24213953163264879
Hagan_genotox,DTXSID80883550,"2-Propanol, 1,1'-(methylimino)bis-",0,0.28867755088116204,0.25020633975300566,0.23805597238484622,0.23461782992266186
Hagan_genotox,DTXSID80883575,"1-Propene, 2-bromo-3,3,3-trifluoro-",0,0.3952346608839135,0.46726205877995214,0.459514109854713,0.4623182390211611
Hagan_genotox,DTXSID80883590,"Ethanedioic acid, strontium salt (1:1)",0,0.4798131140134434,0.5256132900278269,0.4885622161487069,0.485670952419132
Hagan_genotox,DTXSID80883616,"3-Nitro-1,2,4-triazole-5-one",0,0.7480048047213832,0.8644614162737382,0.8247964912075595,0.8321484379150054
Hagan_genotox,DTXSID80883636,"Ethane, 1-ethoxy-2-(2-methoxyethoxy)-",0,0.3233299441308092,0.2730541214568738,0.3253204932383397,0.3087597009225349
Hagan_genotox,DTXSID80883732,"Xanthylium, 3,6-bis(ethylamino)-9-[2-(methoxycarbonyl)phenyl]-2,7-dimethyl-, chloride (1:1)",0,0.4805612059914784,0.5503381127161325,0.5623519475453047,0.5430631067670121
Hagan_genotox,DTXSID80883838,"Methanesulfonic acid, sodium salt (1:1)",0,0.4398471399836092,0.47975913353980876,0.5141554475955371,0.485361336465917
Hagan_genotox,DTXSID80884103,"3H-Pyrazol-3-one, 4-[(1,5-dihydro-3-methyl-5-oxo-1-phenyl-4H-pyrazol-4-ylidene)methyl]-2,4-dihydro-5-methyl-2-phenyl-",0,0.4681329398646816,0.5313312004510814,0.6297448780656211,0.6253036625315448
Hagan_genotox,DTXSID80884269,"1H-Indolium, 1-[2-(1,3-dihydro-1,3,3-trimethyl-2H-indol-2-ylidene)ethylidene]-2,3-dihydro-2-methyl-, chloride (1:1)",0,0.40036163320446483,0.44148520294594773,0.40677413408599966,0.4083939736087032
Hagan_genotox,DTXSID80884906,"Oxirane, 2,2'-[1,6-naphthalenediylbis(oxymethylene)]bis-",1,0.7386841990282287,0.8021967576446977,0.861911062238367,0.8544704788571093
Hagan_genotox,DTXSID80884986,"Butanenitrile, 2-hydroxy-4-(methylthio)-",0,0.4286027540912578,0.49627391502710944,0.430906149513622,0.46208538782161024
Hagan_genotox,DTXSID80885110,"2-Cyclohexen-1-one, 2,5,6-trimethyl-",0,0.4748240434574477,0.5710032320956085,0.5475619383420965,0.5624787232046747
Hagan_genotox,DTXSID80885615,2-[(1-Methylpropyl)amino]ethanol,0,0.3725055548585472,0.3416955062425601,0.29520933597748117,0.2973720681140869
Hagan_genotox,DTXSID80886647,"Benz[cd]indolium, 1-ethyl-2-[1,2,3,4-tetrahydro-1-(2-hydroxyethyl)-2,2,4-trimethyl-6-quinolinyl]-, chloride (1:1)",1,0.5088825169266213,0.6140409273601679,0.5707911144160686,0.5734245723736481
Hagan_genotox,DTXSID80886849,"Benzenesulfonic acid, 3-[2-[4-[2-[4-[bis(2-hydroxyethyl)amino]phenyl]diazenyl]-1-naphthalenyl]diazenyl]-, sodium salt (1:1)",1,0.3696280703817237,0.4759747903136045,0.5584145572351952,0.5720396502749047
Hagan_genotox,DTXSID80887619,C.I. Acid Orange 116,1,0.328069276454416,0.4216391719358312,0.3506361225201526,0.37805048505108435
Hagan_genotox,DTXSID80887750,"Benzenesulfonic acid, 4-[[4-[2-(4-hydroxy-2-methylphenyl)diazenyl]phenyl]amino]-3-nitro-, sodium salt (1:1)",0,0.437810520284146,0.5705636250127454,0.5719919273932189,0.6015151682391012
Hagan_genotox,DTXSID80888722,"Silanediamine, 1,1-dimethyl-N,N'-bis(1-methylpropyl)-",0,0.2632078041257486,0.25450745138203473,0.6353047613325296,0.5611751549242318
Hagan_genotox,DTXSID80888848,"Phenol, 2,6-bis(1-methylpropyl)-4-[2-(4-nitrophenyl)diazenyl]-",0,0.813293037119606,0.9067794536393784,0.9118187083766198,0.9133940807532084
Hagan_genotox,DTXSID80888883,"Benzoic acid, 3,5-dichloro-4-[[(hexadecyloxy)carbonyl]oxy]-, ethyl ester",0,0.06923778332825502,0.04605698917352069,0.04773162029961919,0.0493784562873483
Hagan_genotox,DTXSID80888929,"Cyclopentane, 1,1'-(dimethoxysilylene)bis-",0,0.3845246293169586,0.4012784927660875,0.3977204817350559,0.3901957142330421
Hagan_genotox,DTXSID80888944,"2H-Pyran-4-ol, tetrahydro-4-methyl-2-propyl-, 4-acetate",0,0.30510124995643495,0.35361433799249276,0.35615611692621735,0.36135534942286557
Hagan_genotox,DTXSID80889173,"Indeno[4,5-d]-1,3-dioxin, 4,4a,5,6,7,8,9,9b-octahydro-7,7,8,9,9-pentamethyl-",0,0.32678166013352317,0.35193465103823973,0.37726371698900274,0.3634789355191594
Hagan_genotox,DTXSID80889254,"2-Methoxyperfluoro(2,5-di(propan-2-yl)oxolane)",0,0.2409293568527767,0.20222192252163781,0.26756194017668783,0.21185490642197077
Hagan_genotox,DTXSID80889259,"4-Octanol, 3-amino-",0,0.22661933683402577,0.1719086828919818,0.15087002471112396,0.14840839277701154
Hagan_genotox,DTXSID80889734,Dilithium salicylate,0,0.48243899206802004,0.5490694133390783,0.5469164134980186,0.5421781522913274
Hagan_genotox,DTXSID80890002,C.I. Reactive Orange 35,0,0.11823475699858242,0.13503085697747177,0.11925412930139496,0.12986097176596043
Hagan_genotox,DTXSID80890062,"Disodium 5-benzamido-4-hydroxy-3-((2-(2-methylphenoxy)phenyl)diazenyl)naphthalene-2,7-disulfonate",0,0.1983015894881461,0.22590939138630203,0.1995877793252335,0.2103222126253073
Hagan_genotox,DTXSID80890406,"2,7-Naphthalenedisulfonic acid, 5-[[4-chloro-6-(ethylphenylamino)-1,3,5-triazin-2-yl]amino]-4-hydroxy-3-[2-(1-sulfo-2-naphthalenyl)diazenyl]-, sodium salt (1:3)",1,0.511130960551259,0.6259824834810818,0.5723671482532272,0.5946915584295028
Hagan_genotox,DTXSID80891312,Adenosine triphosphate disodium,0,0.6776968794449383,0.7425508355464364,0.702485195481268,0.697764774134224
Hagan_genotox,DTXSID80891711,"Zinc, bis[O-(6-methylheptyl) O-(1-methylpropyl) phosphorodithioato-S,Sâ€²]-, (T-4)-",0,0.13677504519461467,0.13156142658184025,0.11218850945393329,0.12531054523871746
Hagan_genotox,DTXSID90143117,4-Methyloxazole-5-carbonitrile,0,0.389637776689259,0.3977634460024216,0.3882147648676881,0.3782270180255341
Hagan_genotox,DTXSID90147413,"N,N'-Dimethyldiphenylthiuram disulphide",0,0.508411921382598,0.6649423155344238,0.5871928388165573,0.6475120085023792
Hagan_genotox,DTXSID90155139,Triflumezopyrim,1,0.387827239233594,0.4299227972012385,0.37681604414097186,0.37038547570687513
Hagan_genotox,DTXSID90158120,7-Chloromethyl-12-methylbenz(a)anthracene,1,0.8519288294271199,0.9087874701313967,0.889662604189526,0.8888465332764249
Hagan_genotox,DTXSID90165213,"2,6-Dichloro-N-phenylaniline",0,0.5086853299321746,0.5576086931184667,0.5486803179635193,0.5484302377221154
Hagan_genotox,DTXSID90169958,Lucidin ethyl ether,1,0.4118579995865539,0.4711674688426268,0.4955675911107405,0.4884598817325619
Hagan_genotox,DTXSID90170867,Azacyclonol hydrochloride [NF],0,0.4160255899466255,0.4308307874287051,0.44130914002933824,0.4304216038629543
Hagan_genotox,DTXSID90176627,N-Hydroxycyclohexylamine,0,0.48693091327148424,0.515407851365381,0.629409575932126,0.5933479221681558
Hagan_genotox,DTXSID90177134,Acetylated glycol stearate,0,0.09674884711303826,0.08317876083322336,0.0939608570553145,0.0921247791509902
Hagan_genotox,DTXSID90177295,"Phosphinic amide, P,P-bis(1-aziridinyl)-N-propyl-",1,0.3678877993432394,0.3886168187734746,0.365851358162189,0.3866702113031783
Hagan_genotox,DTXSID90178520,9-Methylbenz(a)anthracene,1,0.8469132142478891,0.9063566045468306,0.8969968290623153,0.8958979453409341
Hagan_genotox,DTXSID90179037,"N,N'-(2,5-Dimethyl-1,4-phenylene)bis(3-oxobutyramide)",0,0.41623740622315464,0.44469820266197196,0.48710120382947436,0.4723192014612461
Hagan_genotox,DTXSID90179613,2-(4-Amino-3-nitroanilino)ethanol,1,0.8095922539519681,0.9136744481678841,0.9225609505619339,0.9283144406757549
Hagan_genotox,DTXSID90179698,2-Methylbenz(a)anthracene,1,0.7808261955436911,0.8504941089444055,0.8370295872888495,0.8365605304072955
Hagan_genotox,DTXSID90181413,Bis-A-tda,1,0.47676525648345097,0.5331781270966786,0.5649987565199474,0.5628325011967491
Hagan_genotox,DTXSID90186781,"1,1'-(4-Chlorobutylidene)bis(4-fluorobenzene)",0,0.43152139200627054,0.43686923180423204,0.45118522073006845,0.42640105875277756
Hagan_genotox,DTXSID90188583,"5-Acetyl-1,3-phenylene diacetate",0,0.46271171459522326,0.5202370519430547,0.480511391523254,0.47803651024121346
Hagan_genotox,DTXSID90190949,"1,6-Diiodoperfluorohexane",0,0.32032960482908607,0.41104626081245604,0.37735959919115286,0.40289190201665087
Hagan_genotox,DTXSID90193713,"4,4'-Methylenebis(2,6-xylidine)",0,0.6167576017517246,0.6720839054560702,0.7027248274277454,0.690442368990217
Hagan_genotox,DTXSID90193935,Methyl 4-(acetylamino)-5-bromo-o-anisate,0,0.4713223831991491,0.5294931346809909,0.546215655146625,0.5367229508164244
Hagan_genotox,DTXSID90195070,Didocosyl sebacate,0,0.04360783498820379,0.03172954638897414,0.03817383527008684,0.03750509372872168
Hagan_genotox,DTXSID90195479,"Benzoic acid, o-(4-biphenylylcarbonyl)-",0,0.413643131316848,0.4636120050072485,0.43907599238309913,0.4395977398406901
Hagan_genotox,DTXSID90197211,Cynodontin,1,0.4987633714780293,0.5735284042016165,0.48999454293314165,0.47928282343109724
Hagan_genotox,DTXSID90198288,Hycanthone furoate,1,0.7360159021677458,0.8302678708249088,0.8468077170505602,0.8478447681906882
Hagan_genotox,DTXSID90199073,"2-Oxocyclohexane-1,1,3,3-tetrapropionic acid",0,0.3873852128609189,0.4133691207011739,0.3736306185647104,0.3688683262078585
Hagan_genotox,DTXSID90200193,"Chrysene, 3,4-dihydro-1,11-dimethyl-",1,0.9613682592306864,0.9834269980276545,0.9795117687748606,0.9782617473926575
Hagan_genotox,DTXSID90200911,"2H-(1)Benzothiopyrano(4,3,2-cd)indazole-2-ethanamine, N,N-diethyl-5-methyl-, monomethanesulfonate",1,0.5581944297431858,0.63139952056273,0.6096513504463791,0.616088734478538
Hagan_genotox,DTXSID9020110,Astemizole,0,0.39842853574524945,0.4107520730651008,0.41263594380551066,0.39944827462522947
Hagan_genotox,DTXSID9020112,Atrazine,0,0.3816571974331912,0.4063697231088132,0.402708290207908,0.4015573016954033
Hagan_genotox,DTXSID9020114,Auramine hydrochloride,1,0.4871927711077723,0.5430965762033181,0.5249928512469048,0.5285357778093317
Hagan_genotox,DTXSID9020164,Pentaerythritol dibromide,1,0.3942208652603451,0.40989876374989437,0.4320736303651093,0.4303949970321333
Hagan_genotox,DTXSID9020168,Bis(chloroethyl) ether,1,0.5186301109649386,0.5429376855394842,0.5632847368283322,0.5587222298271218
Hagan_genotox,DTXSID90202031,2-Methyl-4-(5-nitro-2-furyl)thiazole,1,0.9295750358645417,0.9719285811042412,0.970530174087994,0.9707619087004771
Hagan_genotox,DTXSID9020243,Captan,1,0.4986733339980411,0.5912788083101912,0.5565812136175067,0.569262118360425
Hagan_genotox,DTXSID9020247,"1-Naphthalenol, 1-(N-methylcarbamate)",1,0.579874316914902,0.6376616646998268,0.6312966539759621,0.6166292309914877
Hagan_genotox,DTXSID9020249,Carbofuran,0,0.4615658058502028,0.5129582763720264,0.543043808974775,0.5167606216350504
Hagan_genotox,DTXSID90202556,Malonaldehyde,0,0.4896690952266786,0.582735515616049,0.5670675228645451,0.570219271292388
Hagan_genotox,DTXSID9020293,2-Chloroacetophenone,1,0.5363930119726547,0.6457300723879188,0.5975166576810224,0.61689304141677
Hagan_genotox,DTXSID9020295,4-Chloroaniline,1,0.8062885464372238,0.8845318163877045,0.8916532956638615,0.8823540949139583
Hagan_genotox,DTXSID9020297,(2-Chlorobenzylidene)propanedinitrile,1,0.49495928920607035,0.5862773775116942,0.5926750586391637,0.5968917816107148
Hagan_genotox,DTXSID9020322,Chlorpropamide,1,0.3155701807073635,0.3122571573505836,0.2956791942391526,0.2862460972708543
Hagan_genotox,DTXSID9020324,Chocolate Brown HT,0,0.3583807504921443,0.4531800253123553,0.4118005818803609,0.4311162938968683
Hagan_genotox,DTXSID9020328,Danthron,1,0.48466492645924464,0.5749126098436123,0.5222904167311156,0.5171229059044896
Hagan_genotox,DTXSID9020372,"1-(2-Chlorophenyl)-1-(4-chlorophenyl)-2,2-dichloroethane",1,0.4892787598378332,0.5122410638422454,0.5234139548311717,0.5005469227628235
Hagan_genotox,DTXSID9020374,"p,p'-DDE",1,0.4905838936650177,0.5365318934827393,0.5316924261153682,0.5257069749178288
Hagan_genotox,DTXSID9020376,"2,2',3,3',4,4',5,5',6,6'-Decabromodiphenyl ether",1,0.4281546097505482,0.5987523929385139,0.49589379270709505,0.5323674522313202
Hagan_genotox,DTXSID9020401,"2,4-Diaminophenol dihydrochloride",1,0.7806085916286749,0.8606146874920074,0.8938442507337382,0.884287936905868
Hagan_genotox,DTXSID9020407,Diazinon,0,0.3635528450248772,0.36264416526260557,0.35879228293689963,0.3545611344919261
Hagan_genotox,DTXSID9020409,"Dibenz[a,h]anthracene",1,0.89569332040822,0.9378400488189275,0.9325523650998595,0.9311685419176762
Hagan_genotox,DTXSID90204858,"Butyric acid, 4-(N-nitrosopropylamino)-",1,0.9294105084842471,0.9702064688259681,0.9754095249049146,0.976481633444085
Hagan_genotox,DTXSID9020534,Dioxathion,0,0.3615066560493214,0.42186568809919733,0.36432672215571404,0.3880572084581546
Hagan_genotox,DTXSID9020536,Dipentylnitrosamine,1,0.9593698935845012,0.986121387628737,0.9855725114542887,0.9876680384039175
Hagan_genotox,DTXSID9020538,"N,N'-Diphenyl-p-phenylenediamine",1,0.495708591650708,0.5388844155359972,0.5656583588483729,0.542070698991207
Hagan_genotox,DTXSID9020582,Ethoxyquin,1,0.4002406665054156,0.4067817456602992,0.40394747518787105,0.39571047326264663
Hagan_genotox,DTXSID9020584,Ethanol,1,0.4081158813214958,0.36385390908843784,0.38918398475681654,0.38482124836798576
Hagan_genotox,DTXSID90205901,SW 2,1,0.6001791711293878,0.6977341827723967,0.7098111901747362,0.7218705418225518
Hagan_genotox,DTXSID9020611,Ethylnitrosocyanamide,1,0.7772690461377624,0.8679604328647832,0.8748119801656449,0.8761956428543836
Hagan_genotox,DTXSID9020617,Eugenol,1,0.5010064254481463,0.5297089564939633,0.607801631897352,0.5747604273519503
Hagan_genotox,DTXSID90206438,"Phosphinic amide, P,P-bis(1-aziridinyl)-N-isopropyl-",1,0.4720229788868397,0.5158832675728523,0.4678560007445438,0.4942658859581892
Hagan_genotox,DTXSID9020663,Glycerol,1,0.4763175207692041,0.4280430388107311,0.5328876145881747,0.4976345483271942
Hagan_genotox,DTXSID9020665,Glycidaldehyde,1,0.5112909352578785,0.5885159540653069,0.6734764585316121,0.663867435014962
Hagan_genotox,DTXSID9020667,Glycine,1,0.3893121106117486,0.3996458239631043,0.4155908138934315,0.417476844573645
Hagan_genotox,DTXSID90207041,"15H-Cyclopenta(a)phenanthrene, 11-methoxy-17-methyl-",1,0.8583519918555398,0.9098167228680101,0.8991952071385588,0.8946515988548257
Hagan_genotox,DTXSID9020740,1-(p-Chlorobenzoyl)-5-methoxy-2-methyl-Indole-3-acetic acid,1,0.35860800929298087,0.388662113643786,0.34083992111572403,0.3460200739853409
Hagan_genotox,DTXSID9020748,Isobutene,0,0.48101134597544976,0.521741712466231,0.5919830767967812,0.5505520463419743
Hagan_genotox,DTXSID9020792,Maleic hydrazide,0,0.5036918958856695,0.568092271466047,0.627911132882192,0.6040241804131089
Hagan_genotox,DTXSID9020827,Methoxychlor,0,0.41040496604651683,0.4433232928326474,0.42854990230729023,0.4316667429810386
Hagan_genotox,DTXSID90208972,"3,6,11,14-Tetramethoxydibenzo(g,p)chrysene",1,0.5818239228958862,0.6591475160761525,0.6347166526273337,0.6400657382649698
Hagan_genotox,DTXSID9020900,Monoacetyl hydrazine,1,0.4941511694884068,0.545774879506349,0.4719499805998022,0.4867632082609806
Hagan_genotox,DTXSID90209025,N-[3-(Dimethylamino)propyl]docosanamide,0,0.06345216284633566,0.040662010474689265,0.03728593195982896,0.04124181458182017
Hagan_genotox,DTXSID9020904,Monosodium aspartate,0,0.5357007588658665,0.5931726207179646,0.5403670047428778,0.5382941567679119
Hagan_genotox,DTXSID9020906,Sodium L-glutamate,1,0.4274981987644508,0.4598618587511936,0.4286211052547007,0.42723710105308493
Hagan_genotox,DTXSID9020908,4-Morpholino-2-(5-nitro-2-thienyl)quinazoline,1,0.7982166297361433,0.8909615342916225,0.9042509713115505,0.9026872594462777
Hagan_genotox,DTXSID9020950,"N-[5-(5-Nitro-2-furyl)-1,3,4-thiadiazol-2-yl]acetamide",1,0.9118932746795773,0.9654718177658138,0.9646349588215547,0.9648027927582029
Hagan_genotox,DTXSID9020952,N-[4-(5-Nitro-2-furyl)-2-thiazolyl]acetamide,1,0.9509727394226258,0.9827483399012601,0.9813710854698341,0.9816272681959114
Hagan_genotox,DTXSID9020954,"N,N'-[6-(5-Nitro-2-furyl)-S-triazine-2,4-diyl]bisacetamide",1,0.9177239653474979,0.9660144815265991,0.9646637111171614,0.9645398606760428
Hagan_genotox,DTXSID9020958,"4-Nitro-1,2-phenylenediamine",1,0.9524504608930883,0.9879866849338965,0.989974152084604,0.9907861720224189
Hagan_genotox,DTXSID90209828,Acetoxyacetylaminofluorene,1,0.45920696527213495,0.4626459980784107,0.47373850977076853,0.4474432162315701
Hagan_genotox,DTXSID90210777,"1-Piperazinecarboxylic acid, 4-(7-nitro-4-benzofurazanyl)-, ethyl ester",1,0.7115952903052544,0.8231690879311623,0.8331630970139603,0.8333710971335844
Hagan_genotox,DTXSID9021130,1-Phenyl-3-methyl-5-pyrazolone,1,0.4763187735192642,0.5004256890079858,0.4845407454666219,0.4785576417148587
Hagan_genotox,DTXSID9021136,"4-Butyl-1,2-diphenyl-3,5-Pyrazolidinedione",1,0.3346088360111075,0.33484568526778435,0.3311549421168618,0.31551506768714893
Hagan_genotox,DTXSID9021138,"1,4-Benzenediamine",1,0.8324878485932811,0.9056800720136279,0.92270665606534,0.9155922693034757
Hagan_genotox,DTXSID9021182,Praziquantel,0,0.3190711865121942,0.31080960033008825,0.32897809840965503,0.31517230848398337
Hagan_genotox,DTXSID90211845,"1-(3-Chloropropyl)-1,3-dihydro-2H-benzimidazol-2-one",1,0.49193572721656054,0.5307588507517088,0.5312626065622812,0.5171558210461131
Hagan_genotox,DTXSID9021213,"C.I. Acid Red 18, trisodium salt",0,0.18513879813512468,0.22471066760075867,0.1827162408806865,0.2011220826239121
Hagan_genotox,DTXSID9021269,Sodium bicarbonate,1,0.49807519745855267,0.5275528507749571,0.5673532783431032,0.5720849456139924
Hagan_genotox,DTXSID9021340,Thioacetamide,1,0.49761448603925723,0.6317515377724288,0.575349755319773,0.6238519856272423
Hagan_genotox,DTXSID9021344,"4,4'-Thiodianiline",1,0.7766084821722171,0.8428810419060125,0.8219060253179998,0.8190919532543054
Hagan_genotox,DTXSID9021346,Thiosemicarbazide,0,0.5356331248447856,0.6567545494077764,0.6179271620817499,0.6527709624613444
Hagan_genotox,DTXSID9021348,Thiourea,0,0.5268367178082323,0.6611675300658092,0.6200115936471344,0.6574614928621952
Hagan_genotox,DTXSID9021390,"1,2,3-Trichloropropane",1,0.7226330683997593,0.7947681609625793,0.778615167045048,0.7745085105269022
Hagan_genotox,DTXSID9021392,Triethanolamine,1,0.44154016074366376,0.47177818473413025,0.5215135155943312,0.45579199197382586
Hagan_genotox,DTXSID9021394,"2,2,2-Trifluoro-N-[4-(5-nitro-2-furyl)-2-thiazolyl]acetamide",1,0.6901005422951312,0.7937394934537508,0.8228878214450693,0.8205407825814088
Hagan_genotox,DTXSID9021398,"2,4,5-Trimethylaniline",1,0.6891929937586848,0.7584361117330766,0.7824776684535543,0.7639529025242641
Hagan_genotox,DTXSID9021427,Urethane,1,0.4299292310218317,0.4810411678962068,0.5039099845000736,0.47967242087197387
Hagan_genotox,DTXSID9021479,"2,7-Acetylaminofluorene",1,0.3700549249820879,0.3807366860359082,0.41116287622236425,0.3974719458037495
Hagan_genotox,DTXSID9021550,Cyanogen bromide,0,0.4800138126493981,0.5855454850790413,0.552130282063197,0.5613729526337136
Hagan_genotox,DTXSID9021552,Cyclododecane,0,0.48241162137041743,0.46214333387746837,0.5638050689981585,0.43088940365140616
Hagan_genotox,DTXSID9021554,Decanoic acid,1,0.3830348269814848,0.45584249862032405,0.4463503845876795,0.4628846752091193
Hagan_genotox,DTXSID9021633,2-Methylpentanoic acid,0,0.3214710221595016,0.374718346067185,0.3735432919820856,0.3819036813892093
Hagan_genotox,DTXSID9021635,2-Methylpropanal,1,0.48214681091148465,0.5918163715837498,0.5622057171308158,0.587397390577392
Hagan_genotox,DTXSID9021639,Nonanal,0,0.3092874523969343,0.3800745080582317,0.3591032098380127,0.3840903246397378
Hagan_genotox,DTXSID9021683,Tridecanedioic acid,0,0.26767041661730057,0.2831120577545803,0.30453507630231624,0.2942145401621646
Hagan_genotox,DTXSID9021685,"2,6,6-Trimethyl-2-cyclohexene-1,4-dione",0,0.43799712042824085,0.5641917735665332,0.5127692460735523,0.5534521876200552
Hagan_genotox,DTXSID9021689,Undecane,0,0.10526148203387153,0.07019948468424962,0.10467459974148981,0.07414145422083047
Hagan_genotox,DTXSID9021710,Benzyltriethylammonium chloride,0,0.3563245979349592,0.34294091100201257,0.34445403784792267,0.3202346732223471
Hagan_genotox,DTXSID9021762,2-Butanol,0,0.32523639803118226,0.3018204787810816,0.3728317997381138,0.29246374047742935
Hagan_genotox,DTXSID9021764,1-Amino-2-propanol,0,0.3992421051178709,0.40241818725235917,0.4685968997413818,0.3894773049809204
Hagan_genotox,DTXSID9021841,N-Methylaniline,1,0.48213338601886946,0.5070000954449658,0.47511755482103396,0.4537071376052459
Hagan_genotox,DTXSID9021843,2-Pyridinecarbonitrile,0,0.36615453430550643,0.39750938382366624,0.35180839786484563,0.35165667247052995
Hagan_genotox,DTXSID9021845,Solketal,0,0.4506729871953083,0.42920699909464005,0.41542995688419637,0.3935572144906418
Hagan_genotox,DTXSID9021847,Diphenyl oxide,1,0.4836104659702037,0.5353083027343474,0.5587859315182134,0.5403262935971688
Hagan_genotox,DTXSID9021849,Tripropylamine,0,0.3874482553148819,0.41466794442806093,0.4585229844640501,0.43162085485677754
Hagan_genotox,DTXSID9021897,3-Methylpyridine,0,0.4722852697092361,0.5103796871880998,0.49044509489417853,0.49352470968967505
Hagan_genotox,DTXSID9021899,2-Methylpyridine,0,0.5226403978998572,0.5658618004525994,0.5430418743009627,0.5423064285896483
Hagan_genotox,DTXSID9021922,2-(Ethylamino)ethanol,0,0.4033582636236952,0.37540077896076934,0.4631107227564096,0.46483610514919627
Hagan_genotox,DTXSID9021924,Pyridine,0,0.4724540418122379,0.5102323714816457,0.4613454644003237,0.4583824811112071
Hagan_genotox,DTXSID90219725,Vinylcyclohexane,0,0.4571715243356332,0.482656840825459,0.5060353565048118,0.4851442013070864
Hagan_genotox,DTXSID9021974,4-Isopropylbenzaldehyde,0,0.4611708856115455,0.5412605607079454,0.5428839575505507,0.5580644820866295
Hagan_genotox,DTXSID9021978,2-Methylpentanal,0,0.4383356493950808,0.5512774215808985,0.5189995904578059,0.5466011236675821
Hagan_genotox,DTXSID90219947,3-Carboxymethylbenzanthrone,1,0.491841147718745,0.5804646145746098,0.525583663176178,0.5257336289590872
Hagan_genotox,DTXSID9022027,4-Fluoroaniline,0,0.7978991644797039,0.8769749036446219,0.8864157532784974,0.8762450438823194
Hagan_genotox,DTXSID90221025,Octenidine hydrochloride,0,0.2232821241082662,0.21537494139047111,0.23105992670528966,0.22775630839904304
Hagan_genotox,DTXSID9022360,"4-(1,1,3,3-Tetramethylbutyl)phenol",0,0.20442169964306375,0.16136435303811478,0.19361847110784933,0.17365156063635692
Hagan_genotox,DTXSID9022520,Ethyl cinnamate,1,0.4099718222954348,0.4496851777759394,0.5599386702842688,0.5439645191860033
Hagan_genotox,DTXSID9022522,Diisobutyl phthalate,0,0.36329282293906506,0.3978081445480246,0.3969815927632679,0.3911704526389613
Hagan_genotox,DTXSID9022528,Ethylparaben,0,0.32979278863250655,0.34787095153963143,0.3530032736931464,0.34765558017006803
Hagan_genotox,DTXSID9023128,Hycanthone,1,0.7424551174871654,0.8335647235748823,0.8296841802604344,0.8376296377477424
Hagan_genotox,DTXSID90232939,"N,N'-Bis(2-hydroxyethyl)-2-nitro-p-phenylenediamine",1,0.7648037340566057,0.8844597200367107,0.9142497297452451,0.9227404335383315
Hagan_genotox,DTXSID90233082,R-56109 hydrochloride,0,0.3614951319114965,0.4049208000372357,0.3778838157555857,0.39607831869426874
Hagan_genotox,DTXSID9023380,Norethindrone,0,0.2818089287769646,0.28447037200452074,0.31062999009208964,0.3184484575420989
Hagan_genotox,DTXSID9023463,DL-Phenylalanine,1,0.5053644978549586,0.5662991849503329,0.5790308944672199,0.5615520272771156
Hagan_genotox,DTXSID90235006,"2,3-Diaminodihydropyrazolo pyrazolone dimethosulfonate",0,0.491055415636142,0.5603731743599472,0.5533375995463627,0.5588966877906777
Hagan_genotox,DTXSID9023704,Triflupromazine,1,0.5458148753667934,0.6212944836252101,0.592923197869079,0.6065914236084801
Hagan_genotox,DTXSID9023966,2-Chlorobutane,0,0.3839853276142094,0.4209054419756644,0.38014664482584726,0.41365232720078965
Hagan_genotox,DTXSID9024063,"2,6-Dimethylphenol",1,0.4937064080176512,0.5265900687523594,0.5645853869816865,0.5275009781600347
Hagan_genotox,DTXSID9024065,"1,3-Dinitrobenzene",1,0.9227211663223062,0.9778958928255999,0.9685149098983431,0.9697568691574734
Hagan_genotox,DTXSID90240731,11-Methyldodecyl laurate,0,0.06157253109237961,0.04668672764780968,0.05067522243464482,0.053616608598768274
Hagan_genotox,DTXSID9024437,Allyl acetate,1,0.4484232765051896,0.5153659888361004,0.5265928796724627,0.5143082259262568
Hagan_genotox,DTXSID9024485,6-Methoxy-2-benzothiazolamine,1,0.5965363467868298,0.6707569252144077,0.678099732905609,0.6883183873243638
Hagan_genotox,DTXSID9024487,2-Amino-4-methylbenzothiazole,0,0.6613943515370087,0.7372246381768649,0.7364445346529376,0.7441696111207343
Hagan_genotox,DTXSID9024489,5-Amino-2-methylphenol,1,0.6845082093644326,0.7612266415871121,0.7980512492054682,0.7825563165503543
Hagan_genotox,DTXSID9024512,3-(Trifluoromethyl)aniline,0,0.4833886015853223,0.5191497550109679,0.5548186854834141,0.5348532242300815
Hagan_genotox,DTXSID9024691,Butyl glycidyl ether,1,0.4246379976170355,0.4088457532908511,0.39077050141363,0.39209136514949305
Hagan_genotox,DTXSID9024693,tert-Butyl hydroperoxide,1,0.4630567921262647,0.5397863686806289,0.546384585793243,0.5339984408000866
Hagan_genotox,DTXSID9024699,tert-Butyl perbenzoate,0,0.49392685482420945,0.5817021260853985,0.5652728480466503,0.5671854236592214
Hagan_genotox,DTXSID9024724,Caprylyl chloride,0,0.12549981184902523,0.11746236095305058,0.1486529636115511,0.15164079621820623
Hagan_genotox,DTXSID9024726,Carbamide peroxide,1,0.510373725497134,0.5738704022865386,0.5948330909781834,0.5759722079598237
Hagan_genotox,DTXSID9024930,"3,4-Diaminotoluene",1,0.7336724711438388,0.8129813886711955,0.846803619830221,0.8330820081586667
Hagan_genotox,DTXSID9024934,Diazoaminobenzene,1,0.6306070305482416,0.768433573097898,0.7340621741799987,0.7600552200890286
Hagan_genotox,DTXSID9024986,"4,4'-Dichlorodiphenyl sulfone",1,0.44974034688842174,0.4887185417567094,0.4763008328805501,0.46675747230092085
Hagan_genotox,DTXSID9025035,7-Diethylamino-4-methylcoumarin,1,0.5050779170562506,0.5790754591559587,0.6257620354151355,0.6386573484269963
Hagan_genotox,DTXSID9025037,3-Diethylaminophenol,1,0.40749774025140306,0.4072261827311075,0.42194662263608973,0.40213111316789285
Hagan_genotox,DTXSID9025085,Diisopropylamine,0,0.6097423885274644,0.6243903312094833,0.5441210351502982,0.5648481309537773
Hagan_genotox,DTXSID9025110,"2,5-Dimethyl-2,5-di-(tert-butylperoxy)hexane",0,0.3567667294221018,0.3756995100785512,0.41710326585363494,0.38274628056899046
Hagan_genotox,DTXSID9025112,"2,3-Dimethylbutane",0,0.4840687557912559,0.44733447824452627,0.463074057847292,0.42718755798244784
Hagan_genotox,DTXSID9025114,6PPD,1,0.3805710177871522,0.4035375009606401,0.3957469866433574,0.3979308919289774
Hagan_genotox,DTXSID9025243,"1,2-Epoxydodecane",0,0.20472479417799547,0.16448875042083635,0.1587433216169362,0.16353989431615876
Hagan_genotox,DTXSID9025245,"1,2-Epoxyhexadecane",0,0.20472479417799547,0.16635568264277986,0.15976840389648367,0.16465325890458496
Hagan_genotox,DTXSID9025249,"1,2-Epoxytetradecane",0,0.20472479417799547,0.16598562132631317,0.15957793071159218,0.16448992455184683
Hagan_genotox,DTXSID9025291,2-Ethylhexaldehyde,1,0.18016531538781447,0.205163484308317,0.19503781458270564,0.2157623298060459
Hagan_genotox,DTXSID9025293,2-Ethylhexanoic acid,0,0.24712055130719665,0.2746923218693766,0.2754436383085798,0.2848762654697874
Hagan_genotox,DTXSID9025299,"2-Ethylhexyl-2-cyano-3,3-diphenylacrylate",0,0.1693387839697912,0.16260626031388192,0.21658495300810024,0.20921988440860403
Hagan_genotox,DTXSID9025328,Fluorescein sodium,0,0.5246539335667918,0.5907270131044199,0.5575665332255223,0.5637336853732094
Hagan_genotox,DTXSID9025401,"1,6-Hexanediol diacrylate",0,0.1973271856608021,0.17773842127236142,0.27391142441304867,0.2586498916038947
Hagan_genotox,DTXSID9025403,Hexyl benzoate,0,0.10208998278834519,0.06924320453044898,0.06572893743373824,0.06578418815139886
Hagan_genotox,DTXSID9025451,"4-(2,6,6-Trimethyl-cyclohex-1-enyl)-but-3-en-2-one",1,0.3446038785538537,0.4174483985920105,0.39995661609909,0.4194848430677416
Hagan_genotox,DTXSID9025453,3-Methylbutyl acetate,1,0.34733058447198223,0.39873735806848676,0.4013224959156492,0.40520992290114516
Hagan_genotox,DTXSID9025459,Isobutylamine,0,0.3697146245766774,0.3478176137140365,0.3433221258133714,0.3509212206775501
Hagan_genotox,DTXSID9025530,1-Isopropyl-4-methylcyclohexane,0,0.45161622744921875,0.43460555471793666,0.5285761020830976,0.4047997464467305
Hagan_genotox,DTXSID9025536,2-Mercaptobenzimidazole,0,0.5347914483228736,0.6250717773602106,0.5502928068348102,0.5807669029987582
Hagan_genotox,DTXSID9025580,Allyl 2-(isopentyloxy)acetate,0,0.4435692626902707,0.5137992337214399,0.5166471927107307,0.5165749027832899
Hagan_genotox,DTXSID9025588,6-Methyl coumarin,1,0.60962638304197,0.7201371876612273,0.7040431193799132,0.7068335304675327
Hagan_genotox,DTXSID9025611,2-Methylfuran,0,0.5161562443095417,0.5901323076329141,0.6106810311622557,0.5874265844267672
Hagan_genotox,DTXSID9025615,O-Methylhydroxylamine hydrochloride,0,0.49255909079938004,0.5498582691984569,0.5748795059977415,0.555432954059686
Hagan_genotox,DTXSID9025617,4-Methylimidazole,0,0.5203301564683921,0.5510025320777953,0.5326691333567709,0.5329926432477103
Hagan_genotox,DTXSID9025661,alpha-Methylstyrene,1,0.42112511518088863,0.4312816373172872,0.49728535418364256,0.465266023452195
Hagan_genotox,DTXSID9025669,Methyltris(trimethylsiloxy)silane,0,0.43914738739459175,0.4774873875971816,0.5229490823578834,0.4759834583436166
Hagan_genotox,DTXSID9025796,Nonane,0,0.11650895429802414,0.0769131502184381,0.11501914416194858,0.07849969376756855
Hagan_genotox,DTXSID9026059,Succinonitrile,0,0.3548533308417943,0.392259300116089,0.4208247442747273,0.39890519926447215
Hagan_genotox,DTXSID9026132,Theobromine,1,0.4858332071720018,0.5828268729092362,0.5734725394050065,0.5782601706261785
Hagan_genotox,DTXSID9026184,Tributyl borate,0,0.2675712779492994,0.2886372036089873,0.27026945694842225,0.281883859764176
Hagan_genotox,DTXSID9026261,"Tris(1,3-dichloro-2-propyl) phosphate",0,0.6791687304822132,0.7352640161885189,0.7148801797176928,0.6891631138676706
Hagan_genotox,DTXSID9026265,Tris(2-ethylhexyl) trimellitate,0,0.1530824570666682,0.11929189099982045,0.11236197079665673,0.10657303624876739
Hagan_genotox,DTXSID9026342,2-Phenylethanol,0,0.46804200802236484,0.48677559731463527,0.5293038568668571,0.5032384767117627
Hagan_genotox,DTXSID9026394,Ethanethiol,0,0.38915383778819296,0.4735895752080664,0.39759304887645647,0.4457772265761843
Hagan_genotox,DTXSID9026398,Dimethyl sulfide,0,0.4704031672906405,0.5806130080445396,0.510683671257122,0.5698445601730815
Hagan_genotox,DTXSID9026423,Tetramethylsilane,1,0.4292735515181087,0.49370188024995043,0.5072484701609122,0.4940308768463242
Hagan_genotox,DTXSID9026425,Dimethyldichlorosilane,0,0.41901305463316074,0.46605087181521704,0.49227369021209805,0.47230397451985723
Hagan_genotox,DTXSID9026500,2-(4-Tert-Butylbenzyl)propionaldehyde,1,0.26480423828523286,0.25666523371345923,0.3068512042676064,0.31044724271673013
Hagan_genotox,DTXSID9026558,N-(2-Methoxyphenyl)-3-oxobutanamide,0,0.44257763216138035,0.48880907148389613,0.5013972017355041,0.4968832291859657
Hagan_genotox,DTXSID9026631,Benzoyl chloride,0,0.49030254636166143,0.5868263480634219,0.6621003625928293,0.671585878035644
Hagan_genotox,DTXSID9026633,"N,N-Dimethylcyclohexylamine",0,0.43656061279179054,0.44153211093416855,0.45273583280312196,0.4188651579877421
Hagan_genotox,DTXSID9026689,"1,1â€²,1â€²â€²,1â€²â€²â€²-(Ethylenedinitrilo)tetrakis(2-propanol)",0,0.26767943684623974,0.21593477173293915,0.21047914559054517,0.20744379853588465
Hagan_genotox,DTXSID9026710,1-Methoxy-4-methylbenzene,1,0.39450847479197954,0.39739771349086145,0.43730545427486983,0.4039868551761314
Hagan_genotox,DTXSID9026712,"1,4-Cyclohexanedimethanol",0,0.46417560244859013,0.41484006385317845,0.4223811818996474,0.3869313964606502
Hagan_genotox,DTXSID9026716,Methyl acetoacetate,1,0.3992305305144664,0.46370515131707646,0.46162383366520415,0.458558013237881
Hagan_genotox,DTXSID9026718,Ethyl cyanoacetate,0,0.3494349032874105,0.3843423578729122,0.4033730233156103,0.38933539263354205
Hagan_genotox,DTXSID9026841,Dihexyl hexanedioate,0,0.041796095896304696,0.026817821986520062,0.03270330632737731,0.031582734199813695
Hagan_genotox,DTXSID9026922,Tetraethylene glycol,1,0.2890704747002046,0.22689539996084093,0.2307537004379305,0.2119043460333494
Hagan_genotox,DTXSID9026924,"N,N-Dimethyl-1-hexadecanamine",0,0.07959149921486729,0.048585627443156275,0.051671702995251756,0.05090857354933167
Hagan_genotox,DTXSID9026926,1-Tetradecanol,0,0.09749099259494139,0.06217568560676856,0.09594173513629704,0.07242240832459476
Hagan_genotox,DTXSID9027021,2-(2-Butoxyethoxy)ethyl acetate,0,0.21967650719866505,0.23603497300517887,0.23630111743485105,0.24564686543286607
Hagan_genotox,DTXSID9027073,"Ethylenediaminetetraacetic acid, disodium salt",1,0.30346968106707445,0.31144226772604044,0.2825181743077434,0.27876184161017675
Hagan_genotox,DTXSID9027075,Trisodium (2-hydroxyethyl)ethylenediaminetriacetate,0,0.3001747472875968,0.31175771514443557,0.2728300665634132,0.27518489734172386
Hagan_genotox,DTXSID9027077,Diethylenetriaminepentaacetic acid pentasodium salt,0,0.36292559290086923,0.3809047355950408,0.36365392586488304,0.36005567038979996
Hagan_genotox,DTXSID9027360,Ammonium carbamate,0,0.5232736815471216,0.5934203494134552,0.6037222568236263,0.5889335267813526
Hagan_genotox,DTXSID9027364,"N,N-Dimethyloctanamide",0,0.1067276939821683,0.08205246510918092,0.08030479505367832,0.0813161475808817
Hagan_genotox,DTXSID90274233,"2,3-Dibromo-2-butene-1,4-diol",0,0.4967431356366346,0.5286507228432046,0.5877369973186649,0.5801093749932996
Hagan_genotox,DTXSID9027441,Octabenzone,0,0.18885316319385934,0.17713033308505668,0.18762167310268407,0.18649514266530284
Hagan_genotox,DTXSID9027443,N-(Butoxymethyl)acrylamide,1,0.2969204871678898,0.33119781014265337,0.3360342213944327,0.3375995619495103
Hagan_genotox,DTXSID9027522,Octrizole,0,0.2104200331459627,0.21104643863778594,0.19949301447102186,0.19957217153415888
Hagan_genotox,DTXSID9027528,3-(Methylthio)propanal,0,0.46341274046403685,0.5740898793464165,0.5410823833660764,0.5698510584820077
Hagan_genotox,DTXSID9027570,"3,4-Dihydro-2-methoxy-2H-pyran",1,0.3836638585504682,0.40226210478505536,0.42768453131283063,0.4234910513580397
Hagan_genotox,DTXSID9027601,C.I. Pigment Yellow 14,0,0.15480032139660505,0.1761881790288854,0.16277389769131664,0.1668233337103351
Hagan_genotox,DTXSID9027603,(Ethylenedinitrilo)tetraacetonitrile,0,0.3426829114455625,0.3326114998738027,0.38823235284982677,0.37247837379123405
Hagan_genotox,DTXSID9027605,Bis(2-ethylhexyl) dithiophosphate,0,0.08955841602984438,0.08509514159541774,0.07784727493834223,0.08577490539990724
Hagan_genotox,DTXSID9027607,1-Isocyanato-2-(4-isocyanatobenzyl)benzene,1,0.4587190641513734,0.4774075175754851,0.6023612196983912,0.575159426516128
Hagan_genotox,DTXSID9027655,"Octadecanoic acid, 12-hydroxy-, monolithium salt",0,0.10076899670369462,0.07883214013066164,0.06723890159312164,0.07518006929242989
Hagan_genotox,DTXSID9027657,"Phenol, 2,2'-methylenebis[4-methyl-6-nonyl-",0,0.21441968100615835,0.18219215286283777,0.1853391633250229,0.1762046750173997
Hagan_genotox,DTXSID9027786,Bis(tridecyl) adipate,0,0.039382691154712025,0.02585118938670501,0.031851224572830884,0.03157110542779482
Hagan_genotox,DTXSID9027994,"Sodium 3,5,6-trichloropyridin-2-olate",0,0.4073233590392495,0.4444037667012135,0.4288879045500429,0.431081232031952
Hagan_genotox,DTXSID9028045,C.I. Acid Black 172,1,0.5004473499751012,0.6393875606639584,0.6361623079164874,0.661605984003775
Hagan_genotox,DTXSID9028120,"Methyl 3,3-dimethylpent-4-enoate",0,0.2898966133685676,0.3031138796667953,0.3200960201175953,0.3118998732910321
Hagan_genotox,DTXSID90282994,ethyl 2-methyl-2-phenylpropanoate,0,0.2696394224520496,0.2412223547258784,0.23604311598620217,0.22440523578754148
Hagan_genotox,DTXSID9029142,tert-Butyl peroxyacetate,1,0.496180842745511,0.5837747574639222,0.578805674702873,0.581491621392701
Hagan_genotox,DTXSID9029146,4-Methylmorpholine,0,0.4499472725136782,0.43758326617667104,0.4835253282097883,0.4526100832370003
Hagan_genotox,DTXSID9029192,Dimethyl carbonate,0,0.4658934116782043,0.5349103718628884,0.5414470138797927,0.5331730432543851
Hagan_genotox,DTXSID9029198,L-(+)-Lysine monohydrochloride,0,0.2970142436643615,0.3635592684403966,0.3392417392446272,0.37247325467155235
Hagan_genotox,DTXSID9029227,Pentyl 2-hydroxybenzoate,0,0.20260932650596356,0.17740127125004435,0.1649935982196208,0.16456220443306926
Hagan_genotox,DTXSID9029273,C.I. Pigment Red 179,0,0.4401035564031987,0.6563496942876882,0.5218275343220963,0.6422414995350846
Hagan_genotox,DTXSID9029277,Bromamine acid sodium salt,0,0.25489112466794417,0.2870928371531675,0.2668383947453569,0.25817631219159026
Hagan_genotox,DTXSID9029279,Sodium 5-sulfoisophthalate,1,0.3297999193489151,0.3362583204665872,0.2973285227148126,0.27983799154676187
Hagan_genotox,DTXSID9029302,2-Propyl-1-heptanol,0,0.11295944626425332,0.06882841416857863,0.07859523109354326,0.0727786106458979
Hagan_genotox,DTXSID9029649,"1,3-Benzenedimethanamine",0,0.5390792610464016,0.5861231508631949,0.5918785916342357,0.5644770343440619
Hagan_genotox,DTXSID9030258,2-Methyltetrahydrofuran,0,0.44128445579543324,0.4116639442108984,0.41477648709682335,0.4079321248326709
Hagan_genotox,DTXSID90311955,"2-(4-Methylpent-3-en-1-yl)anthracene-9,10-dione",1,0.43698169266718695,0.5264859156652054,0.4791488757735826,0.47685956782045347
Hagan_genotox,DTXSID9032375,Diflufenzopyr-sodium,1,0.3121032373856314,0.35094789639334856,0.28341683262402034,0.2888106488325565
Hagan_genotox,DTXSID9032537,Didecyldimethylammonium chloride,0,0.047074514658989854,0.025416478675732268,0.02706416328175426,0.027370610640786334
Hagan_genotox,DTXSID90326423,ST50987637,0,0.34723140742705066,0.3439802610688642,0.34824096101579355,0.3399537401483716
Hagan_genotox,DTXSID9033008,"3,4-Dichlorophenyl isocyanate",0,0.5286687070331707,0.5898628675976609,0.7048438603696479,0.682434695484703
Hagan_genotox,DTXSID9034070,Trichloroacetyl chloride,1,0.5310039763474693,0.6220629429789005,0.678672520470266,0.687578057347927
Hagan_genotox,DTXSID9034286,5-Chloro-2-methyl-3(2H)-isothiazolone,0,0.4592008044303342,0.6037004997425486,0.5399543076669525,0.5884304919287857
Hagan_genotox,DTXSID9034365,Butafenacil,0,0.3368789179069774,0.3575884236922077,0.37304962715478984,0.3578802374883483
Hagan_genotox,DTXSID9034490,Cyanamide,1,0.4584777728091949,0.5369679706222478,0.5315345662051363,0.5329509760765558
Hagan_genotox,DTXSID90345018,"4,8-Cyclododecadien-1-one",0,0.3597241897878594,0.3803176194917917,0.3608984131324103,0.36863419157503513
Hagan_genotox,DTXSID9034573,Ethametsulfuron-methyl,0,0.2569245961587449,0.2617478439713748,0.2891998384433337,0.2785637567351615
Hagan_genotox,DTXSID90351977,2-(Piperidin-4-yl)-1H-benzimidazole,0,0.39970116689640617,0.4331149037906879,0.4209324202365507,0.42682338880997817
Hagan_genotox,DTXSID9036226,Sodium octyl sulfate,0,0.3142665445000272,0.33286094746412337,0.3210304184888495,0.32982658752051236
Hagan_genotox,DTXSID9036438,Bumetrizole,0,0.4060610447295858,0.45655381114078897,0.41876123677658256,0.41979940708224106
Hagan_genotox,DTXSID9036488,"Benzenepropanoic acid, 3-(2H-benzotriazol-2-yl)-5-(1,1-dimethylethyl)-4-hydroxy-, methyl ester",0,0.18400492818510172,0.17942431650687993,0.1626996434415755,0.16337166829985628
Hagan_genotox,DTXSID9036646,"1,2-Octanediol",0,0.09163701046785512,0.05079451785247294,0.051789558345432696,0.048838102167293514
Hagan_genotox,DTXSID9036690,Diisobutyl adipate,0,0.31263561084986485,0.3412911999711696,0.362595226858714,0.3489267026261147
Hagan_genotox,DTXSID9036779,Benzo(a)pyrene diolepoxide 1,1,0.7703904834248129,0.8427634976883193,0.8696830488251747,0.8708738908036798
Hagan_genotox,DTXSID9036852,"3,3'-Dicarbomethoxybenzidine",1,0.4309935193894685,0.4791953153222092,0.47638006631125357,0.47672073475614013
Hagan_genotox,DTXSID9036854,"N,N'-Diacetylbenzidine",1,0.46127963808309635,0.49702809956308314,0.5029078294296913,0.49187376368450186
Hagan_genotox,DTXSID9036989,Aluminum lactate,1,0.5346319585178851,0.6012386661389111,0.5357741689301386,0.5529448938591396
Hagan_genotox,DTXSID9037246,Metformin hydrochloride,0,0.47956927301693275,0.5255553262571483,0.5389266739166619,0.5483319522161505
Hagan_genotox,DTXSID9037741,4-Methylbenzophenone,0,0.44770280627579934,0.49714950379887785,0.4628799200940515,0.45810481149717236
Hagan_genotox,DTXSID9038686,2-Hydroxy-3-methylbenzoic acid,0,0.4275158557820846,0.463900700818362,0.4543532594948571,0.45003759279011485
Hagan_genotox,DTXSID9038717,Cyclohexene,0,0.42213947188809026,0.4406010701285427,0.47127977694148165,0.46557948384876013
Hagan_genotox,DTXSID9038840,(Perfluorohexyl)ethyl acrylate,0,0.3387978776864757,0.3445666785526602,0.37717288995304293,0.3615237434027032
Hagan_genotox,DTXSID9039232,Allyl glycidyl ether,1,0.7137083463042767,0.7579618988049684,0.8062869487918944,0.7984338043880793
Hagan_genotox,DTXSID90395694,7-Fluorooxindole,0,0.41541141856491764,0.44534392052526367,0.45763681933611616,0.4533172621945602
Hagan_genotox,DTXSID9040138,N-Methylacetoacetamide,0,0.42906898431117657,0.4636147987393538,0.4006553523917897,0.4022083829158796
Hagan_genotox,DTXSID9040213,Tris(hydroxymethyl)phosphine oxide,0,0.4857829718650664,0.682392038142249,0.5782033222326747,0.6703287534071792
Hagan_genotox,DTXSID9040215,Dimethyl (3-((hydroxymethyl)amino)-3-oxopropyl)phosphonate,1,0.48427419296869784,0.5261697935344022,0.4613404050135627,0.461986668651784
Hagan_genotox,DTXSID9040635,"2,2'-Bipyridine",1,0.4957569753558326,0.5494423141036183,0.4934997599022028,0.4948189034140978
Hagan_genotox,DTXSID9040710,Octamethyltrisiloxane,0,0.3705793993948066,0.3900404524348084,0.4338081529727921,0.4025758977060143
Hagan_genotox,DTXSID9040718,"2,5-Dimethoxy-4-chloroaniline",0,0.5640256205226065,0.6184965118722532,0.6482858788906257,0.6279505001425937
Hagan_genotox,DTXSID9040768,Tetradecylamine,0,0.07810097413072697,0.04294495235913748,0.049798213023508876,0.04308056485484085
Hagan_genotox,DTXSID9041231,"N,N',N''-Tris(3-dimethylaminopropyl)hexahydro-S-triazine",1,0.2878994742693131,0.24454047782163743,0.27746844827853856,0.27270722943342846
Hagan_genotox,DTXSID9041237,alpha-Terpinene,1,0.4317802398144451,0.4935175734336677,0.5041028608409232,0.5003584144326162
Hagan_genotox,DTXSID9041362,"2,4-Dichlorobenzyl alcohol",0,0.5478435053133676,0.5952357059170078,0.6145488221180737,0.5884986858323825
Hagan_genotox,DTXSID9041366,"2,4-Dinitroanisole",1,0.8393392507937912,0.9304035304209536,0.9510476875177094,0.9497140484146914
Hagan_genotox,DTXSID9041491,3-Phenyl-2-propen-1-ol,1,0.41644737424806055,0.4373475804371321,0.4667040220577017,0.4362054408551768
Hagan_genotox,DTXSID9041497,"3,5-Dimethyl-4-(methylthio)phenol",0,0.4794501359234988,0.5401206034170473,0.504285493146234,0.5194305539969927
Hagan_genotox,DTXSID9041499,"4,4'-Bis(sec-butylamino)diphenylmethane",0,0.3517157595753402,0.35125381252422067,0.3421733883113427,0.33525945860519624
Hagan_genotox,DTXSID9041520,4-Methylbenzaldehyde,0,0.44927785834145123,0.5390930100124619,0.5086878682267052,0.5262149246506769
Hagan_genotox,DTXSID9041522,4-Nitrobiphenyl,1,0.8338032978109663,0.9050391814187195,0.9256074258704731,0.9260243159724179
Hagan_genotox,DTXSID9041570,Chloroacetamide,1,0.6488890310656393,0.7319595390969037,0.6805126271912448,0.6760962100262673
Hagan_genotox,DTXSID9041576,Methyl chloroacetate,0,0.5796573546039862,0.6468292964814039,0.6145673956762023,0.6209422919711622
Hagan_genotox,DTXSID9041578,Trifluoroacetic acid,0,0.4037902888439903,0.4441276056780292,0.40755265615523584,0.40877680025115587
Hagan_genotox,DTXSID9041653,Methyl 3-methylorsellinate,1,0.45543472724929995,0.49896961044447297,0.5045843961656801,0.4960172328388836
Hagan_genotox,DTXSID9041655,Isoamyl salicylate,0,0.3823310317325117,0.4111839024665258,0.38361902085820265,0.38240283586677726
Hagan_genotox,DTXSID9041732,C.I. Pigment Orange 36,0,0.19354852216374782,0.2206078367058132,0.25637169823511674,0.2593595408858593
Hagan_genotox,DTXSID9041736,C.I. Pigment Yellow 97,0,0.12227480163186906,0.12298925671785588,0.11734269280223274,0.12198586882841304
Hagan_genotox,DTXSID9041811,Octafluorocyclobutane,0,0.4440723546396346,0.41388219642853735,0.5146889329566356,0.4155256465442608
Hagan_genotox,DTXSID9041813,4-Methylcyclohexanemethanol,0,0.42697190954950814,0.38581248369012777,0.42164241847640316,0.40360358837569904
Hagan_genotox,DTXSID9041815,"3,3,5-Trimethylcyclohexanol",0,0.3416987114013475,0.3188661235345349,0.39730345171062326,0.30183597594754996
Hagan_genotox,DTXSID9041817,dl-Menthyl acetate,1,0.38906298393754774,0.45498427742326925,0.455220148898581,0.4593744003274942
Hagan_genotox,DTXSID9041819,"Cyclohexene, 4-(1-methoxy-1-methylethyl)-1-methyl-",0,0.35932735851075853,0.40040378498742296,0.41939761770364264,0.4099588770034856
Hagan_genotox,DTXSID9041861,Diethyl phosphite,0,0.39347773105864015,0.5231729846863401,0.4299911439440294,0.521521862345557
Hagan_genotox,DTXSID9042047,"1,1,1-Trifluoroethane",0,0.30190743668760717,0.21310336971677765,0.23571820352594464,0.21191861590386374
Hagan_genotox,DTXSID9042170,"4,4'-(Oxydiethylene)bis(morpholine)",1,0.3428832558496246,0.31490910596161287,0.3638489188445473,0.35728162610618436
Hagan_genotox,DTXSID9042380,"Silane, trimethoxy(2,4,4-trimethylpentyl)-",0,0.17731747414614898,0.15182874988088105,0.15196040194453564,0.15191475821078124
Hagan_genotox,DTXSID9042382,Tetrapropyl orthosilicate,0,0.3053114975476003,0.26998092747672353,0.2845422355938855,0.2735840558406056
Hagan_genotox,DTXSID9042384,Silver(I) carbonate,0,0.5088398919549859,0.5353629889710584,0.6025317017313828,0.5917479399122837
Hagan_genotox,DTXSID9042415,Sodium 4-methylbenzenesulfonate,0,0.30472448042277406,0.2876621333368304,0.30799386324185046,0.29511884425141677
Hagan_genotox,DTXSID9042463,Tetrakis(trimethylsiloxy)silane,0,0.41742705729513346,0.4411654585077059,0.48738123975996456,0.44406056087845336
Hagan_genotox,DTXSID9042469,Thiometon,1,0.5344555274303723,0.6439881037621816,0.6142214659234545,0.6376793000091147
Hagan_genotox,DTXSID90433242,Dimethyl [2-(2-amino-6-chloro-9H-purin-9-yl)ethyl]propanedioate,0,0.4285989846047796,0.4629246642487234,0.5066966403892835,0.49091664138489
Hagan_genotox,DTXSID9043720,Monosodium cyanurate,0,0.4895948933984718,0.5266785179428335,0.48042092742302006,0.46948712298249395
Hagan_genotox,DTXSID9043776,Proflavin,1,0.7833991362941995,0.8611500618067677,0.859815560650838,0.8619663449180361
Hagan_genotox,DTXSID9043855,2-Amino-6-chloro-4-nitrophenol,1,0.8473428459520272,0.9405806353902081,0.9541530501129634,0.9585441374667617
Hagan_genotox,DTXSID9044245,Disodium guanylate,1,0.3165673260087836,0.3100556896092108,0.27337950395895877,0.2697011494710009
Hagan_genotox,DTXSID9044249,"Calcium (3,5-di-tert-butyl-4-hydroxybenzyl monoethyl phosphonate)",0,0.1777578089656809,0.12602913967912469,0.14172564400282142,0.1277184789328175
Hagan_genotox,DTXSID9044320,Diethylamine hydrochloride,0,0.3918649082688484,0.405881097902516,0.455674209466895,0.3925262312098103
Hagan_genotox,DTXSID9044374,p-Methylacetophenone,0,0.3581603512706549,0.3983200627516508,0.390187148159751,0.3948243810766605
Hagan_genotox,DTXSID9044376,D & C Green No. 6,0,0.4719988740008387,0.5904529756216483,0.48351117332821386,0.5099074002654101
Hagan_genotox,DTXSID9044378,2-Ethylhexyl cyanoacetate,0,0.11286014098447657,0.10901482791160211,0.11769957205429869,0.11925722145282512
Hagan_genotox,DTXSID9044407,3-Amino-4-methylbenzamide,1,0.49441366115123747,0.537747815667823,0.5920187700565186,0.5768600099390134
Hagan_genotox,DTXSID9044409,"1,6-Dichlorohexane",0,0.33639910177783855,0.32010026009327835,0.328167242714988,0.3094965866401755
Hagan_genotox,DTXSID9044455,"1,6-Hexanediol dimethacrylate",1,0.2648071217245596,0.29930016066173987,0.3057572542988111,0.30435310023363077
Hagan_genotox,DTXSID9044457,Tetraethylammonium bromide,0,0.31477564421713466,0.2810272311335794,0.2743839718961785,0.27034614158922404
Hagan_genotox,DTXSID9044532,D&C Blue No. 9,0,0.5697102044673689,0.7070632696035206,0.6148033271591534,0.6402803284554054
Hagan_genotox,DTXSID9044536,Celestolide,0,0.31294301450646905,0.3663946344297364,0.35489186899013325,0.3726422919724359
Hagan_genotox,DTXSID9044586,(T-4)-[Ethyl 3-(oxo-ÎºO)butanoato-ÎºOâ€²]bis(2-propanolato)aluminum,0,0.4011415765702309,0.48172884584521025,0.48012655190200987,0.4848624336982559
Hagan_genotox,DTXSID9044588,"2,2'-[Ethane-1,2-diylbis(oxy)]diethanethiol",0,0.3630227298369444,0.3854635832656616,0.4120375416693653,0.4264517564474964
Hagan_genotox,DTXSID90445941,1-hydroxy-2-octanone,0,0.15521984259689856,0.1384085521404443,0.11768193337411605,0.1274886394840822
Hagan_genotox,DTXSID9044613,"1,1'-Diazene-1,2-diyldicyclohexanecarbonitrile",0,0.4953660827527368,0.5786773570263964,0.5141646534441936,0.5392216145160855
Hagan_genotox,DTXSID9044663,C.I. Acid Red 1,0,0.35303884983046546,0.39662867418067,0.40521699157041646,0.40007139411824744
Hagan_genotox,DTXSID9044669,"C.I. Fluorescent Brightener 28, disodium salt",0,0.286421857798739,0.2917605900796492,0.3943568325390115,0.3869183859737275
Hagan_genotox,DTXSID9044740,Dipropan-2-yl butanedioate,0,0.3923553675381067,0.4381261249416668,0.4627386023550792,0.4424071948534099
Hagan_genotox,DTXSID9044742,"2,2'-[Ethane-1,2-diylbis(oxy)]diethanamine",0,0.3523618777674435,0.30853571371914873,0.38511820419712933,0.3727026040922438
Hagan_genotox,DTXSID9044744,2-Ethyl-4-methyl-1H-imidazole,0,0.4163970170080116,0.4333520673639253,0.416902534346744,0.4151769005966209
Hagan_genotox,DTXSID9044746,Propan-2-yl benzoate,0,0.3795931213251274,0.4168638019225801,0.4179752995682895,0.41183584055346034
Hagan_genotox,DTXSID9044748,(1-Hydroxycyclohexyl)(phenyl)methanone,0,0.4804687262437584,0.5491175158759859,0.5059688512312553,0.5244791102854426
Hagan_genotox,DTXSID90447849,Ethyl 2-(3-formyl-4-isobutoxyphenyl)-4-methylthiazole-5-carboxylate,0,0.34906942886900855,0.40067797942531785,0.5129203256312452,0.5058462288625845
Hagan_genotox,DTXSID9044794,4-(Hydroxymethyl)-4-methyl-1-phenylpyrazolidin-3-one,0,0.4474275803300647,0.4767157864896266,0.5204931117583724,0.52030920622799
Hagan_genotox,DTXSID9044798,Sodium diisobutyldithiophosphinate,0,0.3399848657626617,0.3810338260704084,0.3462807723160017,0.36633874185739534
Hagan_genotox,DTXSID9044821,"Ethyl 2-cyano-3,3-diphenylacrylate",0,0.39073321496212504,0.43225319463880957,0.5255413658287585,0.5099399437883402
Hagan_genotox,DTXSID9044827,Propylene glycol diacetate,0,0.3837149892378459,0.41855338040987206,0.4437619634433638,0.4239147334914368
Hagan_genotox,DTXSID9044829,"1-(4-tert-Butylphenyl)-3-(4-methoxyphenyl)propane-1,3-dione",0,0.2941232939254475,0.3088448314833048,0.28184711602015977,0.2811860288463533
Hagan_genotox,DTXSID9044875,2-{[2-(Dimethylamino)ethyl](methyl)amino}ethanol,0,0.4107678972587121,0.3935879604778469,0.4372242221681941,0.4439975773500268
Hagan_genotox,DTXSID9044879,"2,2'-(Oxydimethanediyl)bis(2-ethylpropane-1,3-diol)",0,0.3297450945320248,0.2886144937881497,0.2809296425168033,0.2698132147737826
Hagan_genotox,DTXSID9044908,"2,2,4,4-Tetramethylcyclobutane-1,3-diol",0,0.41682806465540145,0.37766218516165845,0.3670994258673433,0.3511599259647827
Hagan_genotox,DTXSID9044952,"Sodium 2,4,5-trichlorobenzenesulphonate",0,0.3042492334348977,0.3062133399776175,0.3018354759480449,0.2941648086622426
Hagan_genotox,DTXSID9045138,1-(3-Chlorophenyl)piperazine,0,0.4432250576658498,0.48162548388674775,0.46014715496206565,0.46924429800293815
Hagan_genotox,DTXSID9045558,Thioproperazine dimethanesulfonate,0,0.5397277926560664,0.6225562313217576,0.6142754464449712,0.620668209475366
Hagan_genotox,DTXSID90458314,4-(4-aminophenyl)morpholin-3-one,0,0.6123808014443329,0.6833208970183063,0.6498635783697895,0.6510230733522088
Hagan_genotox,DTXSID90458374,4-[(4-Chloropyrimidin-2-yl)amino]benzonitrile,0,0.25156424741779343,0.24088561609385453,0.23724719558451515,0.23593688842531643
Hagan_genotox,DTXSID90460472,7-Methoxy-1-naphthylacetonitrile,1,0.5920033914378862,0.653852711979316,0.6553324488547999,0.6443705653424269
Hagan_genotox,DTXSID9046526,Ethyl nicotinate,0,0.3557734495571548,0.39020143042466987,0.3608081733491529,0.36134129763340345
Hagan_genotox,DTXSID9046570,Benznidazole,1,0.7580195641658989,0.8588219472044178,0.8826776053519803,0.8868884253054302
Hagan_genotox,DTXSID90467729,"(1S,3S,5S)-2-Azabicyclo[3.1.0]hexane-3-carboxamide methanesulfonate",0,0.5088045526636512,0.5789739428396122,0.5452470019365702,0.5582687464928885
Hagan_genotox,DTXSID9046996,"1,5-Dihydroxy-1,5-pentanedisulfonic acid, disodium salt",1,0.2721482898009808,0.2645470894212512,0.31101698136820205,0.2792145773121918
Hagan_genotox,DTXSID9046998,Tributylphosphine,0,0.2726079524282709,0.3773536704585679,0.2458329425577166,0.3543997669079025
Hagan_genotox,DTXSID9047047,5-Methyl-3-heptanone,0,0.34246818955843983,0.40921091741610155,0.3939848786890978,0.4154489345071115
Hagan_genotox,DTXSID9047093,Methyl 2-octynoate,0,0.19034109961738324,0.2091688018591158,0.2145245048960639,0.22164221405721798
Hagan_genotox,DTXSID9047099,6-Hexyltetrahydro-2H-pyran-2-one,0,0.5079632905260847,0.6063777116917345,0.5936375635777464,0.6037331821607551
Hagan_genotox,DTXSID9047128,"3,3-Dimethylallyl acetate",0,0.4506308193489532,0.5188532734879101,0.5271332944974392,0.5197236777372723
Hagan_genotox,DTXSID9047172,Octadecane,0,0.11714922194072912,0.06436298346707854,0.07067027524211274,0.06126897929447952
Hagan_genotox,DTXSID9047201,4-Formyl-2-methoxyphenyl isobutyrate,0,0.4770520117192101,0.5675992189800496,0.5858775963755657,0.6017700478827831
Hagan_genotox,DTXSID9047469,"N,N,N',N'-Tetramethyltrimethylenediamine",0,0.34917518014501564,0.32164117001958137,0.33392552868783215,0.3345059543567201
Hagan_genotox,DTXSID90475203,Ethyl 3-(pyridin-2-ylamino)propanoate,0,0.41652812914236703,0.44647057134835055,0.44778131962177237,0.44414756219602736
Hagan_genotox,DTXSID9047590,2-Phenylethyl benzoate,0,0.3237392436804641,0.3257328061038398,0.3175439049950097,0.31921380392867565
Hagan_genotox,DTXSID9047596,delta-Dodecalactone,0,0.5079632905260847,0.6066085820816803,0.5936375635777464,0.6043619337983881
Hagan_genotox,DTXSID9047629,2-Methylundecanal,0,0.14851528592737315,0.16200540987291578,0.15188719317770674,0.16807486073824673
Hagan_genotox,DTXSID9048198,4-Propylcyclohexanone,0,0.23232369986087398,0.2694580780873766,0.2636181785622955,0.2792409586808498
Hagan_genotox,DTXSID9049039,3-Morpholinosydnonimine hydrochloride,1,0.482880094720952,0.5461865005968897,0.5523639787415209,0.5552721058284583
Hagan_genotox,DTXSID9049245,"Dibenz[a,c]anthracene",1,0.8010402108154162,0.8708911110310719,0.8582387995549324,0.8589185638582074
Hagan_genotox,DTXSID9049326,Methylpyruvate,0,0.4750843231621131,0.6117696685334092,0.5628119108921125,0.593072416372921
Hagan_genotox,DTXSID9050430,"N-(2-Acryloyloxyethyl)-N-benzyl-N,N-dimethylammonium chloride",0,0.3798118859642807,0.4088751733444081,0.5282135698161542,0.5128391048945505
Hagan_genotox,DTXSID90505110,"2,3,3,3-Tetrafluoro-2-(trifluoromethyl)propanenitrile",0,0.29183299928776263,0.3451389853129141,0.33464139944314425,0.3453987887279542
Hagan_genotox,DTXSID9051533,Bis(2-methylbutan-2-yl) peroxide,1,0.26007264405936276,0.27780858939536895,0.29670903432166185,0.2876725559681746
Hagan_genotox,DTXSID9051537,Vinyl propionate,1,0.438999911839059,0.5102522847438399,0.5191195714242205,0.5114182571108215
Hagan_genotox,DTXSID9051581,1-Bromodecane,0,0.10310329793755378,0.08549483295875095,0.0688893704026229,0.08688779945331278
Hagan_genotox,DTXSID9051583,Octadecanoyl chloride,0,0.12216127959741796,0.11446829792879155,0.09716018638839696,0.10707193283638632
Hagan_genotox,DTXSID9051668,C.I. Vat Orange 23,0,0.49203321169282715,0.5923287549589498,0.5425659903884695,0.5410422836843924
Hagan_genotox,DTXSID9051743,Phantolide,0,0.3221590540515204,0.3288024272084825,0.30874948573252675,0.31504079822134706
Hagan_genotox,DTXSID9051820,Tetrahydro-2-pyrimidinone,0,0.4315524545518284,0.463459956096332,0.4628459527834183,0.46200459106870717
Hagan_genotox,DTXSID9051874,N-(5-Methyl-3-heptanylidene)hydroxylamine,0,0.46631948217371577,0.5202071449862448,0.49786474180887025,0.5044375079235323
Hagan_genotox,DTXSID9052006,"2-{[3,3-Bis(3-tert-butyl-4-hydroxyphenyl)butanoyl]oxy}ethyl 3-(3-tert-butyl-4-hydroxy-5-methylphenyl)-3-(3-tert-butyl-4-hydroxyphenyl)butanoate",0,0.1949769647025804,0.17161897599030942,0.16995494347314533,0.16608224755140985
Hagan_genotox,DTXSID9052052,"6-Diazo-5,6-dihydro-5-oxonaphthalene-2-sulphonyl chloride",1,0.52554418987781,0.6547415472547833,0.6703698421387329,0.7008338831492741
Hagan_genotox,DTXSID9052341,"2,2,5-Trimethyl-5-pentylcyclopentan-1-one",0,0.19740605803356126,0.23095691949149255,0.22732779680811865,0.24406062377761786
Hagan_genotox,DTXSID9052343,"3,9-Dicyclohex-3-enyl-2,4,8,10-tetraoxaspiro[5.5]undecane",0,0.40320931090192264,0.40862411787685976,0.45375588264394356,0.4276031641801241
Hagan_genotox,DTXSID9052349,Solvent Blue 101,0,0.49118330735671756,0.5865018136635703,0.5075484234365911,0.5191470967803521
Hagan_genotox,DTXSID9052393,"1-(2,3-Dihydro-1,1,2,6-tetramethyl-3-(1-methylethyl)-1H-inden-5-yl)ethan-1-one",0,0.3477393825735387,0.3613694987362699,0.33677044890178937,0.34435116206611566
Hagan_genotox,DTXSID9052503,Perflutren,0,0.2542128888470694,0.19488216789689372,0.28920715060926155,0.20035458372810852
Hagan_genotox,DTXSID9052553,"3,9-Bis(2,6-di-tert-butyl-4-methylphenoxy)-1,5,8,10-tetraoxa-3,9-diphosphaspiro[5.5]undecane",0,0.3997005231847177,0.4175280080911696,0.40168141526964574,0.40815367098384625
Hagan_genotox,DTXSID9052555,Pigment Violet 29,0,0.36203163909924135,0.5671653977383095,0.4264968898235107,0.5559696617966706
Hagan_genotox,DTXSID9052559,Methyl 2-ethylhexanoate,0,0.19934024996601254,0.22590925463066105,0.23174356644576685,0.23827600592896495
Hagan_genotox,DTXSID9052630,2'-Chloroacetoacetanilide,0,0.401955374230429,0.430341526381045,0.4470262081123553,0.4385375173430295
Hagan_genotox,DTXSID9052713,"1,3,5-Tris(2,3-dibromopropyl)-1,3,5-triazine-2,4,6(1H,3H,5H)-trione",0,0.5993468361366446,0.6703141433278786,0.6504229643087397,0.627450995483293
Hagan_genotox,DTXSID9052715,Methyl 2-bromohexanoate,0,0.2773276431659298,0.3332961968680064,0.31773313785957163,0.3368966253433266
Hagan_genotox,DTXSID9052719,(Pentabromophenyl)methyl acrylate,0,0.5084242523245648,0.6085797379487352,0.648991467717915,0.6472359792943899
Hagan_genotox,DTXSID90539192,4-(6-Hydrazinylpyrimidin-4-yl)morpholine,1,0.4832278683231804,0.5163914242762807,0.5139187618089468,0.5154581214866351
Hagan_genotox,DTXSID9057761,1-(3-Chlorophenyl)-4-(3-chloropropyl)piperazine hydrochloride,0,0.5256084154402471,0.5795845422849452,0.5862424553393355,0.5940122540828163
Hagan_genotox,DTXSID90579553,"1,4,5,8-Tetrakis(4-butylanilino)anthracene-9,10-dione",0,0.2304216569491603,0.27148374115264623,0.21615843081291305,0.2337985689549779
Hagan_genotox,DTXSID9058022,Cyprosulfamide,0,0.34599454334748286,0.3679847989156247,0.36543397919760867,0.35857795530502007
Hagan_genotox,DTXSID9058105,Tefuryltrione,0,0.34587730327312305,0.3645118667614637,0.3911371666176351,0.3755720764739103
Hagan_genotox,DTXSID9058315,Cartap hydrochloride,0,0.4405794043296955,0.49555461614305135,0.46603351445798297,0.48243788094745504
Hagan_genotox,DTXSID9058862,"9,10-Anthracenedione, 1,8-bis[(4-methylphenyl)amino]-",0,0.5050121701718854,0.6215212803444434,0.519320828898923,0.5331676864669782
Hagan_genotox,DTXSID9059092,"2H-Benzimidazol-2-one, 1,3-dihydro-5-nitro-",1,0.8591863272847459,0.933311724580025,0.9410262756743354,0.9416661040009832
Hagan_genotox,DTXSID9059129,"Propane, 1,2,3-tribromo-",1,0.5560216949749783,0.6385115712294454,0.6007436973963952,0.603109821818362
Hagan_genotox,DTXSID9059204,"Benzoyl chloride, 4-methoxy-",0,0.4078437815329636,0.4746186360447477,0.5501919583902798,0.5626011123836596
Hagan_genotox,DTXSID9059208,p-Nitroanisole,1,0.745450987279035,0.8675390372700112,0.9033463971391099,0.9088051959507192
Hagan_genotox,DTXSID9059339,"4-Piperidinol, 1-methyl-",1,0.381052968177013,0.3422932615539633,0.33640515585820085,0.33766354057215464
Hagan_genotox,DTXSID9059410,"Ethanol, 2-(butylamino)-",0,0.2975450716882829,0.262062554650425,0.24330496368476087,0.24340103235297986
Hagan_genotox,DTXSID9059418,"Ethanol, 2-[2-(3-aminopropoxy)ethoxy]-",0,0.20963072660997248,0.15749126834481333,0.14185121429956257,0.13785139769760382
Hagan_genotox,DTXSID9059545,"2-Propanone, 1-(4-methoxyphenyl)-",0,0.40995467840831545,0.42809905574289825,0.3892845043278315,0.38244682819728754
Hagan_genotox,DTXSID9059751,"Dibenzo[a,i]pyrene",1,0.9507525192274695,0.9785788645097572,0.9722771263172666,0.9735012780799178
Hagan_genotox,DTXSID9059755,"7H-Dibenzo[c,g]carbazole",1,0.7922205983309478,0.8652975875316269,0.8517526754563897,0.8529198254920266
Hagan_genotox,DTXSID9059838,2-Fluorobenzyl chloride,0,0.5806344266228122,0.657204399651246,0.6469810796937925,0.6334907184804431
Hagan_genotox,DTXSID9060075,2-Fluorobenzotrichloride,0,0.43660265084604327,0.4692845304625049,0.47855640829445717,0.4559240299780578
Hagan_genotox,DTXSID9060104,"2,4-Pyridinedicarboxylic acid",0,0.5135134145187168,0.5862357945392334,0.534978654090945,0.5374038949629886
Hagan_genotox,DTXSID9060158,Ethyl trichloroacetate,0,0.38974876499481037,0.4185027231703677,0.40684522587190214,0.3948622868635361
Hagan_genotox,DTXSID9060360,"1,3-Dimethylnaphthalene",0,0.8144225056167347,0.8806557046917334,0.87455172509228,0.8681820240346291
Hagan_genotox,DTXSID9060366,Potassium salicylate,0,0.48243899206802004,0.5483145675443839,0.5340885315068379,0.5324960509728688
Hagan_genotox,DTXSID9060368,"Benzene, 1-methoxy-2-methyl-",0,0.5089753950299872,0.5497558044751994,0.5832871433043292,0.5492831616533244
Hagan_genotox,DTXSID9060495,"Benzenemethanol, 4-(diethylamino)-.alpha.,.alpha.-bis[4-(diethylamino)phenyl]-",0,0.3606437804971552,0.3655261571954278,0.36818423985558896,0.36962176231137844
Hagan_genotox,DTXSID9060732,m-Tolyl isocyanate,0,0.6342810849643302,0.7087838870003026,0.7798566840635414,0.763721462210624
Hagan_genotox,DTXSID9060784,Methyl valerate,0,0.27769738204550415,0.3032603844815629,0.30776394097624227,0.3120810921359199
Hagan_genotox,DTXSID9060861,"Ethanol, 2-(2-chloroethoxy)-",0,0.6924516873732559,0.7808978078445646,0.7682297645626921,0.792506696942246
Hagan_genotox,DTXSID9061041,"1-Naphthalenecarboxaldehyde, 2-hydroxy-",0,0.6969845761195425,0.7909344593470643,0.799209756656043,0.7990949622626782
Hagan_genotox,DTXSID9061621,"5-Isobenzofurancarbonyl chloride, 1,3-dihydro-1,3-dioxo-",1,0.4484248919724727,0.5238149206828163,0.6069749438195362,0.6013638840836709
Hagan_genotox,DTXSID9061625,4-Sulfophenylmethallyl ether,0,0.4539193242040597,0.48623725122117617,0.5311701323882619,0.5158304862202712
Hagan_genotox,DTXSID9061889,N-Acetylmorpholine,0,0.49148066836081555,0.5279185358493632,0.5121964186819256,0.5303741615995744
Hagan_genotox,DTXSID90619948,Magnesium bis(2-ethylbutanoate),0,0.26075841139493733,0.2911386938071981,0.298132096035644,0.30091459324026787
Hagan_genotox,DTXSID9062225,"Decane, 1,10-dichloro-",0,0.3069850379781911,0.2888549624420716,0.3031229811421883,0.2884979487551789
Hagan_genotox,DTXSID90623348,"3~4~-Ethoxy-3~2~,3~3~-difluoro-1~4~-pentyl-1~1~,1~2~,1~3~,1~4~,1~5~,1~6~,2~1~,2~2~,2~3~,2~4~,2~5~,2~6~-dodecahydro-1~1~,2~1~:2~4~,3~1~-terphenyl",0,0.10850504592458199,0.08290121098387011,0.08736741400681684,0.0832595858185028
Hagan_genotox,DTXSID9062433,Methyl isonicotinate,0,0.4575146674279346,0.508710736253402,0.45503418711770793,0.44966761192765176
Hagan_genotox,DTXSID9062483,"1-Piperidinyloxy, 4,4'-[(1,10-dioxo-1,10-decanediyl)bis(oxy)]bis[2,2,6,6-tetramethyl-",0,0.42073501403454583,0.46082495353623915,0.5455281653851407,0.5494277274776268
Hagan_genotox,DTXSID9062514,Cyclohexadecanone,0,0.4174109028086625,0.47367983600142805,0.47225297050046783,0.4961787842732102
Hagan_genotox,DTXSID9062699,"1-Propanamine, 3-(1-methylethoxy)-",1,0.2587204894777282,0.21475652570417067,0.2153904787020823,0.217841970150546
Hagan_genotox,DTXSID9063039,"Peroxide, 1,1-dimethylethyl 1-methyl-1-phenylethyl",0,0.3400692725867937,0.3287179090783227,0.36732298214519793,0.3364842046073382
Hagan_genotox,DTXSID9063320,Tris(4-isocyanatophenyl) thiophosphate,0,0.42160824184140516,0.4412478441968364,0.5424001534798109,0.5212709364696703
Hagan_genotox,DTXSID9063322,N-Benzylethylenediamine,0,0.42680096543831514,0.429723034821313,0.43350354955803155,0.4094903080669186
Hagan_genotox,DTXSID9063403,1-Dodecyl-1H-imidazole,0,0.10495227616576315,0.0845989749569307,0.08701555529737741,0.08673091406704823
Hagan_genotox,DTXSID9063613,Stearyl acrylate,0,0.051138296346798985,0.03240241099766175,0.03383770085197968,0.035797304854088226
Hagan_genotox,DTXSID9063740,"Ethanol, 2,2'-[1,2-ethanediylbis(thio)]bis-",0,0.490984794892982,0.5533072483298639,0.5553704497407347,0.5832595508289685
Hagan_genotox,DTXSID9063950,"Piperidine, 4-chloro-1-methyl-",1,0.37935891240700464,0.4328129643960075,0.3628780859241456,0.41541374893216565
Hagan_genotox,DTXSID9064051,"1H-Azepine-1-carboxamide, N,N'-1,6-hexanediylbis[hexahydro-2-oxo-",0,0.227037235974623,0.1983193178658862,0.20610899111656567,0.19882679466497102
Hagan_genotox,DTXSID9064130,"Phosphine, tris(2-methylphenyl)-",0,0.5141165379160757,0.5709446045311379,0.5025147664392188,0.5173015292843105
Hagan_genotox,DTXSID9064712,"Pentanoic acid, 2-phenylethyl ester",0,0.2496995590093385,0.22426315558462007,0.24969255312859304,0.2330017475846888
Hagan_genotox,DTXSID9064762,N-[3-(Dimethylamino)propyl]octadecanamide,0,0.0677317610254337,0.04482634249226523,0.04045426930960084,0.04590272635175361
Hagan_genotox,DTXSID9065075,"Oxazole, 2-ethyl-4,5-dihydro-",0,0.4132035272665117,0.4357873365131235,0.43787277531135854,0.44542513378363563
Hagan_genotox,DTXSID9065289,C.I. Acid Yellow 49,1,0.22664508481875575,0.22953301699392104,0.22028140131381282,0.22471403630296258
Hagan_genotox,DTXSID9065366,"Formamide, N-ethenyl-",0,0.6295504141620459,0.7644502929535845,0.7229440285308613,0.7452258887878026
Hagan_genotox,DTXSID9065522,"N-(2-Aminoethyl)-1,3-propanediamine",0,0.5098648487281666,0.5041884810761905,0.5285512764851344,0.5188507809431835
Hagan_genotox,DTXSID9065576,"9,10-Anthracenedione, 1,8-bis(phenylthio)-",0,0.5240991872804258,0.6525370626315475,0.5638468142646477,0.5849172126840932
Hagan_genotox,DTXSID9065601,Morpholinium toluene-4-sulphonate,0,0.4786080728012972,0.5123718732322641,0.5635539753520078,0.5107194068718536
Hagan_genotox,DTXSID9065736,"Glycine, N-(1-oxooctyl)-",0,0.10242065152606077,0.08243916266705127,0.09214687345080086,0.09235845698129809
Hagan_genotox,DTXSID9065867,"Benzeneacetic acid, .alpha.-oxo-, methyl ester",0,0.41243374175196273,0.48595807966733345,0.4374116469261664,0.45870757945799695
Hagan_genotox,DTXSID9066047,"Silane, hexadecyltrimethoxy-",0,0.0851635114940497,0.056223673099769035,0.05773314904623932,0.05877071856672849
Hagan_genotox,DTXSID9066201,"Octanoic acid, compd. with 1-octanamine (1:1)",0,0.08576661134560337,0.04365223326495741,0.04800897018037161,0.04442526738882153
Hagan_genotox,DTXSID9066203,"2,2'-((4-((2-Bromo-6-chloro-4-nitrophenyl)azo)-3-chlorophenyl)imino)bisethanol",1,0.6989191517311636,0.8345473361360972,0.8666633655341457,0.8704533766392083
Hagan_genotox,DTXSID9066207,"Propanoic acid, ammonium salt",0,0.4612911758147433,0.49848979143776745,0.502748796998919,0.5026557295356565
Hagan_genotox,DTXSID9066544,"Benzenamine, 4,4'-methylenebis[2,6-bis(1-methylethyl)-",0,0.5409680702807709,0.5844676026531226,0.5779479703300742,0.5665660551218791
Hagan_genotox,DTXSID9066596,Lithium myristate,0,0.39912872217451073,0.4641445945699057,0.45673151404054185,0.4698633022650898
Hagan_genotox,DTXSID9066623,"2,4,8,10-Tetraoxa-3,9-diphosphaspiro[5.5]undecane, 3,9-bis(phenylmethyl)-, 3,9-dioxide",0,0.48026256650703397,0.4907046301661526,0.5148771289936965,0.4866155782753701
Hagan_genotox,DTXSID9066887,2-Aminoethanol hydrobromide,0,0.5215950003964638,0.5348413380393662,0.5854761113638726,0.5723289771287253
Hagan_genotox,DTXSID9066964,"N-(2-((2-Cyano-4,6-dinitrophenyl)azo)-5-(diethylamino)phenyl)acetamide",1,0.5649922331953228,0.6888661235360409,0.7065952489913306,0.7100722453038691
Hagan_genotox,DTXSID9067194,"Carbonochloridic acid, hexadecyl ester",0,0.04941516529503832,0.03654022953273631,0.0516764483869119,0.05623280531838265
Hagan_genotox,DTXSID9067645,"Benzoic acid, 2-[[3-[[(2,3-dihydro-2-oxo-1H-benzimidazol-5-yl)amino]carbonyl]-2-hydroxy-1-naphthalenyl]azo]-, butyl ester",0,0.22791763921154853,0.268230099068944,0.262340502994095,0.2711302357858486
Hagan_genotox,DTXSID9067980,"1-Naphthalenesulfonyl chloride, 3-diazo-3,4-dihydro-4-oxo-",0,0.6125380037231932,0.714394692547225,0.7656167713581178,0.7721226751291125
Hagan_genotox,DTXSID9068295,"(4-(alpha-(4-(Dimethylamino)phenyl)benzylidene)cyclohexa-2,5-dien-1-ylidene)dimethylammonium acetate",0,0.4646608003442923,0.5652484738698477,0.5026602855828418,0.5241239453120312
Hagan_genotox,DTXSID9068908,"Propanedinitrile, [[4-[[2-(4-cyclohexylphenoxy)ethyl]ethylamino]-2-methylphenyl]methylene]-",0,0.4626999923606175,0.5436900924373687,0.5544277072223034,0.5678242694096652
Hagan_genotox,DTXSID9068954,Vinyl neononanoate,0,0.40876807295155526,0.4683936992417092,0.47124178511301246,0.4688903520555631
Hagan_genotox,DTXSID9069429,2-Diethoxymethyl-1-phenylhept-1-ene,0,0.2861755343371787,0.25695728648487365,0.29208423287174284,0.2704606506312332
Hagan_genotox,DTXSID90695025,"(3-Fluoro-4'-propyl[1,1'-biphenyl]-4-yl)boronic acid",0,0.26396214545888613,0.2627035941113211,0.26294437801619835,0.2539458337861363
Hagan_genotox,DTXSID9070876,"(4-(Bis(4-(dimethylamino)phenyl)methylene)-2,5-cyclohexadien-1-ylidene)dimethylammonium acetate",1,0.48254519730589046,0.5809107794628523,0.5283468623717678,0.5485725292768174
Hagan_genotox,DTXSID9071056,"Benzenesulfonic acid, 3-(4,5-dihydro-5-imino-3-methyl-1H-pyrazol-1-yl)-",0,0.3076855511775315,0.2986658976244834,0.30103203198237777,0.28754956206732496
Hagan_genotox,DTXSID90719275,6-Bromo-4-fluoro-2-methyl-1-(propan-2-yl)-1H-benzimidazole,0,0.40045400080908644,0.398944749254942,0.3964428247543123,0.38229488259135175
Hagan_genotox,DTXSID9072078,"1,5-Naphthalenedisulfonic acid, 2-[[6-[(4-amino-6-chloro-1,3,5-triazin-2-yl)methylamino]-1-hydroxy-3-sulfo-2-naphthalenyl]azo]-, trisodium salt",0,0.271728794992892,0.32875211584246805,0.2912530738457095,0.29693293519491387
Hagan_genotox,DTXSID90721691,"3-Ethyl-1-methyl-2,3-dihydro-1H-imidazol-1-ium benzoate",0,0.38269675923031893,0.41484198466268946,0.3725103946331812,0.41134771240144824
Hagan_genotox,DTXSID9072868,"6,6',6''-(1,3,5-Triazine-2,4,6-triyltriazanediyl)trihexanoic acid",1,0.21823439147249402,0.20499654244446217,0.1908239065264393,0.1863761094227451
Hagan_genotox,DTXSID9072943,"Benzoic acid, 2-[(dioctadecylamino)carbonyl]-",0,0.21700550748870973,0.20062957855637445,0.20726860092420138,0.20851397982671482
Hagan_genotox,DTXSID90730804,"3~4~-Ethoxy-1~4~-ethyl-3~2~,3~3~-difluoro-1~1~,1~2~,1~3~,1~4~,1~5~,1~6~-hexahydro-1~1~,2~1~:2~4~,3~1~-terphenyl",0,0.27552203124056923,0.26041879739168067,0.26601758803302844,0.25299865965502943
Hagan_genotox,DTXSID9073094,"Formamide, N,N'-1,6-hexanediylbis[N-(2,2,6,6-tetramethyl-4-piperidinyl)-",0,0.27642703927210305,0.29862109811170773,0.313629611109475,0.31002874171349887
Hagan_genotox,DTXSID9073173,"1,8-Octanediamine",0,0.28506477070311703,0.24823276022574148,0.2782684129780662,0.24140474604297182
Hagan_genotox,DTXSID9073961,"[1,1'-Biphenyl]-4-carboxaldehyde",0,0.49753566748617545,0.5693818733923313,0.611764127225182,0.6149217395587941
Hagan_genotox,DTXSID9074644,Geniosil GF 92,0,0.3641788174209495,0.3660955015080569,0.3610146010895679,0.37810180933154197
Hagan_genotox,DTXSID9074854,Cyclopropyl methyl ketone,0,0.40287778728026374,0.44056645499293573,0.4209256432227262,0.43215736881026
Hagan_genotox,DTXSID9075452,Anthanthrene,1,0.7393628246957844,0.831833145462122,0.8247170806353058,0.8306164448698449
Hagan_genotox,DTXSID9075454,6-Nitrochrysene,1,0.9147619545263082,0.959270337416878,0.9662068873109391,0.9672528734592775
Hagan_genotox,DTXSID90862134,"2-Piperidineethanol, 1-methyl-",0,0.33669157103453246,0.3078641859427009,0.27266415460730203,0.28520147339999496
Hagan_genotox,DTXSID90862477,"1,3-Dioxolan-2-one, 4-(hydroxymethyl)-",0,0.5408407391584661,0.6372565221049841,0.6336210746706958,0.633492349743744
Hagan_genotox,DTXSID90862977,"Cyclohexaneacetic acid, .alpha.-methyl-, ethyl ester",0,0.36161216491817655,0.42326880630033425,0.4211645224874719,0.428715428767618
Hagan_genotox,DTXSID90862997,"Oxirane, 2-[[3-(triethoxysilyl)propoxy]methyl]-",1,0.5049227114365018,0.4956419478796392,0.5741557635301154,0.552200667163035
Hagan_genotox,DTXSID90863747,C.I. Pigment Yellow 55,0,0.1669358413427102,0.1875340669865475,0.1779674498677005,0.17525896581187358
Hagan_genotox,DTXSID90864355,2-Hexylcyclopentanone,0,0.17814862241538595,0.20312004173672368,0.20241443982581467,0.21675255574981922
Hagan_genotox,DTXSID90864597,"Pentanenitrile, 2,2'-(1,2-diazenediyl)bis[4-methoxy-2,4-dimethyl-",1,0.27099988860087937,0.30733074786401365,0.27190649042414305,0.2973848307803938
Hagan_genotox,DTXSID90864653,"Butanamide, N-(5-chloro-2-methoxyphenyl)-2-[2-(2-methoxy-4-nitrophenyl)diazenyl]-3-oxo-",0,0.4182565980573978,0.5019381265308306,0.6004004105392288,0.6053124654171471
Hagan_genotox,DTXSID90865201,"7-Octen-2-ol, 2,6-dimethyl-, 2-formate",0,0.23176709455863378,0.24602685158495893,0.25197515605556464,0.2556469853138165
Hagan_genotox,DTXSID90867144,"1-Naphthalenol, 1,2,3,4,4a,7,8,8a-octahydro-2,4a,5,8a-tetramethyl-, 1-formate",0,0.3137944958090841,0.36085348218421337,0.35425372570258756,0.369014669515544
Hagan_genotox,DTXSID90867669,"2-Propanol, 1-[bis[2-[(1,3-dimethylbutylidene)amino]ethyl]amino]-3-phenoxy-",0,0.4579476640235535,0.4743324245002983,0.5223979007227958,0.4938835802829786
Hagan_genotox,DTXSID90867922,"Spiro[isobenzofuran-1(3H),9'-[9H]xanthen]-3-one, 6'-[ethyl(3-methylbutyl)amino]-3'-methyl-2'-(phenylamino)-",0,0.2780690745946586,0.3190112786394997,0.3327071151870457,0.33764163005914005
Hagan_genotox,DTXSID90868651,"Butanamide, N-(2,3-dihydro-2-oxo-1H-benzimidazol-5-yl)-2-[2-(2-methoxyphenyl)diazenyl]-3-oxo-",0,0.13891475846099804,0.13391234408111627,0.1332821500320444,0.14124820192052231
Hagan_genotox,DTXSID90869042,"Octadecanoic acid, 12-[(1-oxooctadecyl)oxy]-, 2-octyldodecyl ester",0,0.3449669779906448,0.3890991830377592,0.4016345128861154,0.3962749011677251
Hagan_genotox,DTXSID90872773,"Diphosphoric acid, zinc salt, compd. with 1,â€‹3,â€‹5-â€‹triazine-â€‹2,â€‹4,â€‹6-â€‹triamine (1:1:2)",0,0.6047899375017103,0.6550225338640807,0.7083167546965554,0.6945616704551197
Hagan_genotox,DTXSID90872819,"1,6-Dinitropyrene",1,0.9176524373822521,0.9745591377599364,0.958835062206617,0.9677635372443537
Hagan_genotox,DTXSID90872910,Pergafast 201,0,0.3444161734641294,0.3335906229029335,0.36721753011337505,0.34744330635747905
Hagan_genotox,DTXSID90874954,TENULIN,0,0.43435974068093025,0.5275376551129548,0.5143301480660386,0.5236371283942186
Hagan_genotox,DTXSID90875623,3-METHYL-N-NITROSOPIPERIDINE,1,0.8171112640283238,0.8937485399684945,0.9041488589841706,0.9129652797330449
Hagan_genotox,DTXSID90875628,"2,5-DIME-N,N'-DINITROSOPIPERAZINE",1,0.751208399256046,0.829811534016793,0.8574660958591523,0.858067061382418
Hagan_genotox,DTXSID90879808,Hydroxyethyl-p-phenylenediamine sulphate,1,0.7203820100965338,0.7971388412616003,0.8381575443780003,0.825795684772344
Hagan_genotox,DTXSID90880131,"1H,1H,5H-Perfluoropentyl methacrylate",0,0.27675267684947297,0.2840200633018575,0.38367866261113864,0.3705824893054051
Hagan_genotox,DTXSID90880232,Ammonium perfluorohexanoate,0,0.45804855898085367,0.512015402003414,0.4820798506818993,0.48515207165873936
Hagan_genotox,DTXSID90883107,"2,2'-Methylenedi(phenyl isocyanate)",0,0.5121614633296107,0.5418184910017628,0.661298231776081,0.6348126998655647
Hagan_genotox,DTXSID90883344,"Ethanaminium, 2-hydroxy-N,N,N-tris(2-hydroxyethyl)-, hydroxide (1:1)",0,0.36697724014901906,0.3655335125252586,0.317936212780309,0.3203073043194636
Hagan_genotox,DTXSID90883440,3-Amino-7-dimethylamino-2-methylphenazine hydrochloride,1,0.7744385797324758,0.8603403681369649,0.8402570058807485,0.8468592501055143
Hagan_genotox,DTXSID90883480,12-Aminododecanoic acid,0,0.20025138132425602,0.2070824864783851,0.17980921613068057,0.19938313505624097
Hagan_genotox,DTXSID90883687,"Phosphonium, ethyltriphenyl-, bromide (1:1)",0,0.44331608712666154,0.5050371688561184,0.46579066576067535,0.4827260141065472
Hagan_genotox,DTXSID90884331,"2-Propanol, 1-[(2-hydroxyethyl)thio]-",0,0.43918889569424624,0.5538481940713673,0.42093691368897934,0.49696826591232024
Hagan_genotox,DTXSID90884497,"1-Propanaminium, N,N,N-trimethyl-3-[(1-oxododecyl)amino]-, methyl sulfate (1:1)",0,0.04443562983054528,0.02985590599053194,0.034088106816774995,0.034426894826592384
Hagan_genotox,DTXSID90884558,"Benzothiazolium, 2-[2-[4-[ethyl(2-hydroxyethyl)amino]phenyl]diazenyl]-6-methoxy-3-methyl-, chloride (1:1)",1,0.5028760571218298,0.6473864239392247,0.8068098999744214,0.8132500041074261
Hagan_genotox,DTXSID90884816,"9-Dodecenoic acid, methyl ester",0,0.3238710534704091,0.3676302608385477,0.37337791478592863,0.3755050951999448
Hagan_genotox,DTXSID90884851,"2-Naphthalenecarboxylic acid, 4-[2-(5-chloro-4-methyl-2-sulfophenyl)diazenyl]-3-hydroxy-, strontium salt (1:1)",0,0.2963484972016295,0.36097520921092047,0.2993914025920726,0.3220056327783863
Hagan_genotox,DTXSID90884856,"2-Cyclopentene-1-acetic acid, ethyl ester",0,0.32071499324338815,0.37312493140876085,0.37990957802749353,0.3806333705223064
Hagan_genotox,DTXSID90885424,"Benzenesulfonic acid, 3-(acetylamino)-5-amino-4-hydroxy-",0,0.3446844112067265,0.33753882941644936,0.4560444160606707,0.4297909041417552
Hagan_genotox,DTXSID90885464,"L-Glutamic acid, N-(1-oxododecyl)-, sodium salt (1:1)",0,0.07849169673227256,0.06634637110701296,0.07661480104890517,0.076243542786517
Hagan_genotox,DTXSID90885580,"Phosphonic acid, P-phenyl-, zinc salt (1:1)",0,0.5026030483542544,0.5787699154053364,0.5757490433623591,0.5722187854954788
Hagan_genotox,DTXSID90885621,"Ethanesulfonic acid, 2-[[4-[3-(4,5-dichloro-2-methylphenyl)-4,5-dihydro-1H-pyrazol-1-yl]phenyl]sulfonyl]-, sodium salt (1:1)",0,0.29577136848982744,0.30054220351398137,0.2629269821261648,0.26527347450246697
Hagan_genotox,DTXSID90885803,"9,10-Anthracenedione, 2,3-dihydro-1,4-dihydroxy-",1,0.48455687452371826,0.5617200775338805,0.6330182476947098,0.6299248175787652
Hagan_genotox,DTXSID90885949,"1-Propanaminium, N,N,N-trimethyl-3-[(1-oxohexadecyl)amino]-, chloride (1:1)",0,0.049678501273179576,0.03344835969889739,0.03224566721376272,0.033641855850857404
Hagan_genotox,DTXSID90886133,"Benzenesulfonamide, 4-[2-(1-butyl-5-cyano-1,6-dihydro-2-hydroxy-4-methyl-6-oxo-3-pyridinyl)diazenyl]-N-(2-ethylhexyl)-",0,0.27961755570495195,0.32201225426594265,0.3564617318297068,0.359931043306841
Hagan_genotox,DTXSID90886411,"2H-Pyran, tetrahydro-4-methylene-2-(2-methyl-1-propen-1-yl)-",0,0.453750090617532,0.49985662164193895,0.5241310203179811,0.5128213336522784
Hagan_genotox,DTXSID90886996,"1H-3a,7-Methanoazulene, octahydro-6-methoxy-3,6,8,8-tetramethyl-, (3R,3aS,6R,7R,8aS)-",0,0.3317119102411981,0.3143728412814942,0.38255248061993213,0.3368874353151576
Hagan_genotox,DTXSID90887286,"Benzenesulfonic acid, 2-[[4-(cyclohexylamino)-9,10-dihydro-9,10-dioxo-1-anthracenyl]amino]-5-ethoxy-, sodium salt (1:1)",1,0.3078509863176165,0.3754053871418703,0.3878943247077618,0.4025230060743972
Hagan_genotox,DTXSID90887342,"8-[2-(4-Amino-3-nitrophenyl)diazenyl]-7-hydroxy-N,N,N-trimethyl-2-naphthalenaminium chloride (1:1)",1,0.6191821802359687,0.7456860318454913,0.7600042703879306,0.7707624262894166
Hagan_genotox,DTXSID90887625,"Ethanesulfonic acid, 2-[[[2,5-dichloro-4-[2-(2-methyl-1H-indol-3-yl)diazenyl]phenyl]sulfonyl]amino]-, sodium salt (1:1)",0,0.35263277578999075,0.4182435773974457,0.3641345964879941,0.3811847875261949
Hagan_genotox,DTXSID90888213,"Benzoic acid, 4-[2-(1-butyl-5-cyano-1,6-dihydro-2-hydroxy-4-methyl-6-oxo-3-pyridinyl)diazenyl]-, phenylmethyl ester",0,0.35546850453904905,0.4134437111341282,0.46974463332269395,0.46406183140245244
Hagan_genotox,DTXSID90888415,"2-Naphthalenecarboxylic acid, 3-hydroxy-4-[2-(4-methyl-2-sulfophenyl)diazenyl]-, strontium salt (1:1)",0,0.4231012311907918,0.5240138828231714,0.45138503030951943,0.475801887648589
Hagan_genotox,DTXSID90888536,"1-Propanaminium, 3-hydroxy-N-(2-hydroxyethyl)-N,N-dimethyl-, chloride (1:1)",0,0.2479938538968217,0.21639436986818236,0.24664693925549383,0.2467759245275508
Hagan_genotox,DTXSID90888596,"1-Propanaminium, N-[2-[[4-[2-(2-chloro-4-nitrophenyl)diazenyl]phenyl]ethylamino]ethyl]-2-hydroxy-N,N-dimethyl-, acetate (1:1)",1,0.7514358769625424,0.8602450900649603,0.8727165137743566,0.8752358726806805
Hagan_genotox,DTXSID90888612,"2-Oxetanone, 3-eicosyl-4-heneicosylidene-",0,0.2463287574811854,0.2801241424376289,0.2783608249438609,0.2900057293450122
Hagan_genotox,DTXSID90889184,"2-[1-(3,3-Dimethylcyclohexyl)ethoxy]-2-methylpropyl cyclopropanecarboxylate",0,0.20063845812022088,0.21830636876742449,0.22176796835641488,0.23204076217657355
Hagan_genotox,DTXSID90889200,"3-Pyridinecarbonitrile, 4-methyl-2,6-bis[(4-methylphenyl)amino]-5-[2-[2-(trifluoromethyl)phenyl]diazenyl]-",0,0.3169867758948164,0.34890394779445727,0.3116933314701658,0.3128417350335899
Hagan_genotox,DTXSID90889245,"Dodecanoic acid, 3-[[3-[[[2,2-dimethyl-3-[(1-oxododecyl)oxy]propylidene]amino]methyl]-3,5,5-trimethylcyclohexyl]imino]-2,2-dimethylpropyl ester",0,0.31917758681756947,0.3262249570946916,0.32067909818442836,0.3120567750934009
Hagan_genotox,DTXSID90889280,"2-Heptanol, 3,6-dimethyl-",0,0.3719787072478559,0.3295708060190337,0.31737399199172706,0.2988120128514845
Hagan_genotox,DTXSID90889341,Potassium sodium tartrate,1,0.5288967475991772,0.5763093310783891,0.5383838418891664,0.5289759618774631
Hagan_genotox,DTXSID90889427,"1,2,3-Propanetricarboxylic acid, 2-hydroxy-, zinc salt (2:3)",0,0.42005693904039343,0.4291581618769538,0.4817633920765998,0.4548562148992044
Hagan_genotox,DTXSID90889442,Potassium tartrate,1,0.5245538934172272,0.5742692861503177,0.540668976579931,0.5313027959347735
Hagan_genotox,DTXSID90889462,C.I. Acid Blue 45,0,0.19573320997145713,0.2191628223660175,0.20913928427250641,0.2058482757847214
Hagan_genotox,DTXSID90889467,C.I. Fluorescent Brightener 213,0,0.2444425745258697,0.2326248303743156,0.26756115727081514,0.2592710371044074
Hagan_genotox,DTXSID90889705,Methyl Blue,0,0.4069430585377605,0.4832623537857399,0.47123460677698653,0.486571137991386
Hagan_genotox,DTXSID90890053,"2-Naphthalenesulfonic acid, 7-[[4-chloro-6-[(3-sulfophenyl)amino]-1,3,5-triazin-2-yl]methylamino]-4-hydroxy-3-[2-(2-sulfophenyl)diazenyl]-, sodium salt (1:3)",0,0.16136084664126135,0.17393618352408555,0.1494049901853082,0.15599035368484945
Hagan_genotox,DTXSID90890230,"Naphthalenesulfonic acid, 5-[2-[2,4-dihydroxy-5-[2-[4-[(4-nitro-2-sulfophenyl)amino]phenyl]diazenyl]phenyl]diazenyl]-8-[2-[4-[(4-nitro-2-sulfophenyl)amino]phenyl]diazenyl]-, sodium salt (1:3)",1,0.34690417033701637,0.5539660216425624,0.5169414231814901,0.5769746632981695
Hagan_genotox,DTXSID90890391,"2,7-Naphthalenedisulfonic acid, 4-amino-5-hydroxy-3-[2-[4-[2-[2-oxo-1-[(phenylamino)carbonyl]propyl]diazenyl]phenyl]diazenyl]-6-[2-(4-sulfo-1-naphthalenyl)diazenyl]-, sodium salt (1:3)",1,0.23715551396330636,0.416074641414325,0.5924383192896056,0.6424230419541165
Hagan_genotox,DTXSID90890457,"Trisodium 6,6',6''-(1,3,5-triazine-2,4,6-triyltriazanediyl)trihexanoate",0,0.21823439147249402,0.20582024482650307,0.18990987615715205,0.18573380116698154
Hagan_genotox,DTXSID90890477,"1,5-Naphthalenedisulfonic acid, 3-[2-[4-[[4,6-bis[(3-sulfopropyl)thio]-1,3,5-triazin-2-yl]amino]-5-methoxy-2-methylphenyl]diazenyl]-, sodium salt (1:4)",0,0.31053548288188765,0.38437056894389526,0.33474043020509653,0.35643612434295013
Hagan_genotox,DTXSID90890619,Pigment Red 50 barium salt,0,0.39639642269808434,0.47529461055483163,0.4096147767505525,0.43282748002666555
Hagan_genotox,DTXSID90890811,"Naphthalenesulfonic acid, dinonyl-, zinc salt (2:1)",0,0.28163988575012583,0.2708017785469072,0.2503380905764436,0.24120451571026816
Hagan_genotox,DTXSID90891080,"Benzenesulfonic acid, 4-chloro-2-[2-(2-hydroxy-1-naphthalenyl)diazenyl]-5-methyl-, barium salt (2:1)",0,0.18516059168668098,0.19527689393526504,0.16263108479656763,0.1717013624031135
Hagan_genotox,DTXSID90891888,Sodium 2-(1-carboxylatoethoxy)-1-methyl-2-oxoethyl laurate,0,0.5942321901504464,0.6251670911002315,0.6003518293062154,0.5923132589689545
