row_id,compound,query_type,ok,query,status,error,source,CID,MolecularFormula,MolecularWeight,SMILES,ConnectivitySMILES,InChIKey,Title
LT01402,Abatacept,chembl_id,False,CHEMBL1201823,200.0,,,,,,,,,
LT01402,Abatacept,name,False,Abatacept,,,,,,,,,,
LT01402,Abatacept,ChEMBL_synonym,False,CHEMBL1201823,,,,,,,,,,
LT01330,Abciximab,chembl_id,False,CHEMBL1201584,200.0,,,,,,,,,
LT01330,Abciximab,name,False,Abciximab,,,,,,,,,,
LT01330,Abciximab,ChEMBL_synonym,False,CHEMBL1201584,,,,,,,,,,
LT03619,Abemaciclib,name,True,Abemaciclib,,,PubChem_name_property,46220502.0,C27H32F2N8,506.6,CCN1CCN(CC1)CC2=CN=C(C=C2)NC3=NC=C(C(=N3)C4=CC5=C(C(=C4)F)N=C(N5C(C)C)C)F,CCN1CCN(CC1)CC2=CN=C(C=C2)NC3=NC=C(C(=N3)C4=CC5=C(C(=C4)F)N=C(N5C(C)C)C)F,UZWDCWONPYILKI-UHFFFAOYSA-N,Abemaciclib
LT03614,Acalabrutinib,name,True,Acalabrutinib,,,PubChem_name_property,71226662.0,C26H23N7O2,465.5,CC#CC(=O)N1CCC[C@H]1C2=NC(=C3N2C=CN=C3N)C4=CC=C(C=C4)C(=O)NC5=CC=CC=N5,CC#CC(=O)N1CCCC1C2=NC(=C3N2C=CN=C3N)C4=CC=C(C=C4)C(=O)NC5=CC=CC=N5,WDENQIQQYWYTPO-IBGZPJMESA-N,Acalabrutinib
LT02096,Acetylcholine chloride,CAS,True,60-31-1,,,PubChem_name_property,6060.0,C7H16ClNO2,181.66,CC(=O)OCC[N+](C)(C)C.[Cl-],CC(=O)OCC[N+](C)(C)C.[Cl-],JUGOREOARAHOCO-UHFFFAOYSA-M,Acetylcholine Chloride
LT01387,Adalimumab,chembl_id,False,CHEMBL1201580,200.0,,,,,,,,,
LT01387,Adalimumab,name,False,Adalimumab,,,,,,,,,,
LT01387,Adalimumab,ChEMBL_synonym,False,CHEMBL1201580,,,,,,,,,,
LT02889,Afatinib dimaleate,name,True,Afatinib dimaleate,,,PubChem_name_property,15606394.0,C32H33ClFN5O11,718.1,CN(C/C=C/C(=O)NC1=C(C=C2N=CN=C(C2=C1)NC3=CC(=C(C=C3)F)Cl)O[C@@H]4COCC4)C.C(=C\C(=O)O)\C(=O)O.C(=C\C(=O)O)\C(=O)O,CN(C)CC=CC(=O)NC1=C(C=C2C(=C1)C(=NC=N2)NC3=CC(=C(C=C3)F)Cl)OC4CCOC4.C(=CC(=O)O)C(=O)O.C(=CC(=O)O)C(=O)O,USNRYVNRPYXCSP-JUGPPOIOSA-N,Afatinib Dimaleate
LT02385,Agalsidase beta,chembl_id,False,CHEMBL2108888,200.0,,,,,,,,,
LT02385,Agalsidase beta,name,False,Agalsidase beta,,,,,,,,,,
LT02385,Agalsidase beta,ChEMBL_synonym,False,CHEMBL2108888,,,,,,,,,,
LT01319,Aldesleukin,chembl_id,False,CHEMBL1201438,200.0,,,,,,,,,
LT01319,Aldesleukin,name,False,Aldesleukin,,,,,,,,,,
LT01319,Aldesleukin,ChEMBL_synonym,False,CHEMBL1201438,,,,,,,,,,
LT03620,Alectinib hydrochloride,name,True,Alectinib hydrochloride,,,PubChem_name_property,53239799.0,C30H35ClN4O2,519.1,CCC1=CC2=C(C=C1N3CCC(CC3)N4CCOCC4)C(C5=C(C2=O)C6=C(N5)C=C(C=C6)C#N)(C)C.Cl,CCC1=CC2=C(C=C1N3CCC(CC3)N4CCOCC4)C(C5=C(C2=O)C6=C(N5)C=C(C=C6)C#N)(C)C.Cl,GYABBVHSRIHYJR-UHFFFAOYSA-N,Alectinib Hydrochloride
LT01364,Alemtuzumab,chembl_id,False,CHEMBL1201587,200.0,,,,,,,,,
LT01364,Alemtuzumab,name,False,Alemtuzumab,,,,,,,,,,
LT01364,Alemtuzumab,ChEMBL_synonym,False,CHEMBL1201587,,,,,,,,,,
LT01404,Alglucosidase alfa,chembl_id,False,CHEMBL1201824,200.0,,,,,,,,,
LT01404,Alglucosidase alfa,name,False,Alglucosidase alfa,,,,,,,,,,
LT01404,Alglucosidase alfa,ChEMBL_synonym,False,CHEMBL1201824,,,,,,,,,,
LT02888,Alogliptin benzoate,name,True,Alogliptin benzoate,,,PubChem_name_property,16088021.0,C25H27N5O4,461.5,CN1C(=O)C=C(N(C1=O)CC2=CC=CC=C2C#N)N3CCC[C@H](C3)N.C1=CC=C(C=C1)C(=O)O,CN1C(=O)C=C(N(C1=O)CC2=CC=CC=C2C#N)N3CCCC(C3)N.C1=CC=C(C=C1)C(=O)O,KEJICOXJTRHYAK-XFULWGLBSA-N,Alogliptin Benzoate
LT03621,Alpelisib,name,True,Alpelisib,,,PubChem_name_property,56649450.0,C19H22F3N5O2S,441.5,CC1=C(SC(=N1)NC(=O)N2CCC[C@H]2C(=O)N)C3=CC(=NC=C3)C(C)(C)C(F)(F)F,CC1=C(SC(=N1)NC(=O)N2CCCC2C(=O)N)C3=CC(=NC=C3)C(C)(C)C(F)(F)F,STUWGJZDJHPWGZ-LBPRGKRZSA-N,Alpelisib
LT01315,Alteplase,chembl_id,False,CHEMBL1201593,200.0,,,,,,,,,
LT01315,Alteplase,name,False,Alteplase,,,,,,,,,,
LT01315,Alteplase,ChEMBL_synonym,False,CHEMBL1201593,,,,,,,,,,
LT03376,Amifampridine,name,True,Amifampridine,,,PubChem_name_property,5918.0,C5H7N3,109.13,C1=CN=CC(=C1N)N,C1=CN=CC(=C1N)N,OYTKINVCDFNREN-UHFFFAOYSA-N,"3,4-Diaminopyridine"
LT03895,Amifampridine phosphate,name,True,Amifampridine phosphate,,,PubChem_name_property,9920716.0,C5H10N3O4P,207.12,C1=CN=CC(=C1N)N.OP(=O)(O)O,C1=CN=CC(=C1N)N.OP(=O)(O)O,KAICRBBQCRKMPO-UHFFFAOYSA-N,Amifampridine Phosphate
LT00054,Aminohippurate sodium,CAS,True,94-16-6,,,PubChem_name_property,443971.0,C9H9N2NaO3,216.17,C1=CC(=CC=C1C(=O)NCC(=O)[O-])N.[Na+],C1=CC(=CC=C1C(=O)NCC(=O)[O-])N.[Na+],UNZMYCAEMNVPHX-UHFFFAOYSA-M,Sodium p-aminohippurate
LT00711,Aminophylline,CAS,True,317-34-0,,,PubChem_name_property,9433.0,C16H24N10O4,420.43,CN1C2=C(C(=O)N(C1=O)C)NC=N2.CN1C2=C(C(=O)N(C1=O)C)NC=N2.C(CN)N,CN1C2=C(C(=O)N(C1=O)C)NC=N2.CN1C2=C(C(=O)N(C1=O)C)NC=N2.C(CN)N,FQPFAHBPWDRTLU-UHFFFAOYSA-N,Aminophylline
LT01373,Anakinra,chembl_id,False,CHEMBL1201570,200.0,,,,,,,,,
LT01373,Anakinra,name,False,Anakinra,,,,,,,,,,
LT01373,Anakinra,ChEMBL_synonym,False,CHEMBL1201570,,,,,,,,,,
LT02229,Angiotensin ii acetate,name,True,Angiotensin ii acetate,,,PubChem_name_property,172197.0,C52H75N13O14,1106.2,CC[C@H](C)[C@@H](C(=O)N[C@@H](CC1=CN=CN1)C(=O)N2CCC[C@H]2C(=O)N[C@@H](CC3=CC=CC=C3)C(=O)O)NC(=O)[C@H](CC4=CC=C(C=C4)O)NC(=O)[C@H](C(C)C)NC(=O)[C@H](CCCN=C(N)N)NC(=O)[C@H](CC(=O)O)N.CC(=O)O,CCC(C)C(C(=O)NC(CC1=CN=CN1)C(=O)N2CCCC2C(=O)NC(CC3=CC=CC=C3)C(=O)O)NC(=O)C(CC4=CC=C(C=C4)O)NC(=O)C(C(C)C)NC(=O)C(CCCN=C(N)N)NC(=O)C(CC(=O)O)N.CC(=O)O,VBTZKFAHKJXHBA-PIONDTTLSA-N,Angiotensin II acetate
LT01442,Antithymocyte globulin,name,False,Antithymocyte globulin,,,,,,,,,,
LT03622,Apalutamide,name,True,Apalutamide,,,PubChem_name_property,24872560.0,C21H15F4N5O2S,477.4,CNC(=O)C1=C(C=C(C=C1)N2C(=S)N(C(=O)C23CCC3)C4=CC(=C(N=C4)C#N)C(F)(F)F)F,CNC(=O)C1=C(C=C(C=C1)N2C(=S)N(C(=O)C23CCC3)C4=CC(=C(N=C4)C#N)C(F)(F)F)F,HJBWBFZLDZWPHF-UHFFFAOYSA-N,Apalutamide
LT02418,Apixaban,name,True,Apixaban,,,PubChem_name_property,10182969.0,C25H25N5O4,459.5,COC1=CC=C(C=C1)N2C3=C(CCN(C3=O)C4=CC=C(C=C4)N5CCCCC5=O)C(=N2)C(=O)N,COC1=CC=C(C=C1)N2C3=C(CCN(C3=O)C4=CC=C(C=C4)N5CCCCC5=O)C(=N2)C(=O)N,QNZCBYKSOIHPEH-UHFFFAOYSA-N,Apixaban
LT03623,Apremilast,name,True,Apremilast,,,PubChem_name_property,11561674.0,C22H24N2O7S,460.5,CCOC1=C(C=CC(=C1)[C@@H](CS(=O)(=O)C)N2C(=O)C3=C(C2=O)C(=CC=C3)NC(=O)C)OC,CCOC1=C(C=CC(=C1)C(CS(=O)(=O)C)N2C(=O)C3=C(C2=O)C(=CC=C3)NC(=O)C)OC,IMOZEMNVLZVGJZ-QGZVFWFLSA-N,Apremilast
LT00962,Aprotinin,chembl_id,False,CHEMBL1201619,200.0,,,,,,,,,
LT00962,Aprotinin,CAS,True,9087-70-1,,,PubChem_name_property,16130295.0,C284H432N84O79S7,6511.0,CC[C@H](C)[C@H]1C(=O)N[C@H](C(=O)N[C@H](C(=O)N[C@H](C(=O)N[C@H](C(=O)N[C@H](C(=O)N[C@H](C(=O)N[C@H](C(=O)N[C@H](C(=O)N[C@H](C(=O)NCC(=O)N[C@H](C(=O)N[C@H]2CSSC[C@H]3C(=O)N[C@H](C(=O)N[C@H](C(=O)N[C@H](C(=O)N[C@@H](CSSC[C@@H](C(=O)N[C@H](C(=O)N[C@H](C(=O)N4CCC[C@H]4C(=O)N5CCC[C@H]5C(=O)N[C@H](C(=O)N[C@H](C(=O)NCC(=O)N6CCC[C@H]6C(=O)N[C@@H](CSSC[C@@H](C(=O)N[C@H](C(=O)N[C@H](C(=O)N[C@H](C(=O)N[C@H](C(=O)N[C@H](C(=O)N[C@H](C(=O)N[C@H](C(=O)N[C@H](C(=O)N[C@H](C(=O)N[C@H](C(=O)N[C@H](C(=O)N[C@H](C(=O)N3)CC(=O)O)CCC(=O)O)C)CO)CCCCN)CC7=CC=CC=C7)CC(=O)N)CC(=O)N)CCCNC(=N)N)CCCCN)C)CCCNC(=N)N)NC(=O)CNC(=O)CNC(=O)[C@@H](NC(=O)[C@@H](NC(=O)[C@@H](NC(=O)[C@@H](NC(=O)[C@@H](NC2=O)CCC(=O)N)[C@@H](C)O)CC8=CC=CC=C8)C(C)C)CC9=CC=C(C=C9)O)C(=O)N[C@H](C(=O)N[C@H](C(=O)N[C@H](C(=O)N1)CCCNC(=N)N)C)CCCCN)[C@@H](C)O)CC1=CC=C(C=C1)O)CCC(=O)O)CC(C)C)NC(=O)[C@H](CC1=CC=CC=C1)NC(=O)[C@H](CC(=O)O)NC(=O)[C@@H]1CCCN1C(=O)[C@H](CCCNC(=N)N)N)C(=O)NCC(=O)NCC(=O)N[C@@H](C)C(=O)O)[C@@H](C)O)CCCNC(=N)N)CCSC)CC(C)C)C)CCCCN)C)CC(=O)N)CC1=CC=C(C=C1)O)CC1=CC=CC=C1)CC1=CC=C(C=C1)O)CCCNC(=N)N)[C@@H](C)CC,CCC(C)C1C(=O)NC(C(=O)NC(C(=O)NC(C(=O)NC(C(=O)NC(C(=O)NC(C(=O)NC(C(=O)NC(C(=O)NC(C(=O)NCC(=O)NC(C(=O)NC2CSSCC3C(=O)NC(C(=O)NC(C(=O)NC(C(=O)NC(CSSCC(C(=O)NC(C(=O)NC(C(=O)N4CCCC4C(=O)N5CCCC5C(=O)NC(C(=O)NC(C(=O)NCC(=O)N6CCCC6C(=O)NC(CSSCC(C(=O)NC(C(=O)NC(C(=O)NC(C(=O)NC(C(=O)NC(C(=O)NC(C(=O)NC(C(=O)NC(C(=O)NC(C(=O)NC(C(=O)NC(C(=O)NC(C(=O)N3)CC(=O)O)CCC(=O)O)C)CO)CCCCN)CC7=CC=CC=C7)CC(=O)N)CC(=O)N)CCCNC(=N)N)CCCCN)C)CCCNC(=N)N)NC(=O)CNC(=O)CNC(=O)C(NC(=O)C(NC(=O)C(NC(=O)C(NC(=O)C(NC2=O)CCC(=O)N)C(C)O)CC8=CC=CC=C8)C(C)C)CC9=CC=C(C=C9)O)C(=O)NC(C(=O)NC(C(=O)NC(C(=O)N1)CCCNC(=N)N)C)CCCCN)C(C)O)CC1=CC=C(C=C1)O)CCC(=O)O)CC(C)C)NC(=O)C(CC1=CC=CC=C1)NC(=O)C(CC(=O)O)NC(=O)C1CCCN1C(=O)C(CCCNC(=N)N)N)C(=O)NCC(=O)NCC(=O)NC(C)C(=O)O)C(C)O)CCCNC(=N)N)CCSC)CC(C)C)C)CCCCN)C)CC(=O)N)CC1=CC=C(C=C1)O)CC1=CC=CC=C1)CC1=CC=C(C=C1)O)CCCNC(=N)N)C(C)CC,ZPNFWUPYTFPOJU-LPYSRVMUSA-N,Pancreatic trypsin inhibitor
LT02331,Argipressin,chembl_id,False,CHEMBL2108986,200.0,,,,,,,,,
LT02331,Argipressin,CAS,True,113-79-1,,,PubChem_name_property,644077.0,C46H65N15O12S2,1084.2,C1C[C@H](N(C1)C(=O)[C@@H]2CSSC[C@@H](C(=O)N[C@H](C(=O)N[C@H](C(=O)N[C@H](C(=O)N[C@H](C(=O)N2)CC(=O)N)CCC(=O)N)CC3=CC=CC=C3)CC4=CC=C(C=C4)O)N)C(=O)N[C@@H](CCCN=C(N)N)C(=O)NCC(=O)N,C1CC(N(C1)C(=O)C2CSSCC(C(=O)NC(C(=O)NC(C(=O)NC(C(=O)NC(C(=O)N2)CC(=O)N)CCC(=O)N)CC3=CC=CC=C3)CC4=CC=C(C=C4)O)N)C(=O)NC(CCCN=C(N)N)C(=O)NCC(=O)N,KBZOIRJILGZLEJ-LGYYRGKSSA-N,Argipressin
LT03624,Aripiprazole lauroxil,name,True,Aripiprazole lauroxil,,,PubChem_name_property,49831411.0,C36H51Cl2N3O4,660.7,CCCCCCCCCCCC(=O)OCN1C(=O)CCC2=C1C=C(C=C2)OCCCCN3CCN(CC3)C4=C(C(=CC=C4)Cl)Cl,CCCCCCCCCCCC(=O)OCN1C(=O)CCC2=C1C=C(C=C2)OCCCCN3CCN(CC3)C4=C(C(=CC=C4)Cl)Cl,DDINXHAORAAYAD-UHFFFAOYSA-N,Aripiprazole Lauroxil
LT03625,Asciminib hydrochloride,name,True,Asciminib hydrochloride,,,PubChem_name_property,133082086.0,C20H19Cl2F2N5O3,486.3,C1CN(C[C@@H]1O)C2=C(C=C(C=N2)C(=O)NC3=CC=C(C=C3)OC(F)(F)Cl)C4=CC=NN4.Cl,C1CN(CC1O)C2=C(C=C(C=N2)C(=O)NC3=CC=C(C=C3)OC(F)(F)Cl)C4=CC=NN4.Cl,HGCOOPLEWPBLOY-PFEQFJNWSA-N,Asciminib Hydrochloride
LT01303,Asparaginase,chembl_id,False,CHEMBL2108989,200.0,,,,,,,,,
LT01303,Asparaginase,name,False,Asparaginase,,,,,,,,,,
LT01303,Asparaginase,ChEMBL_synonym,False,CHEMBL2108989,,,,,,,,,,
LT03626,Atogepant,name,True,Atogepant,,,PubChem_name_property,72163100.0,C29H23F6N5O3,603.5,C[C@@H]1[C@@H](C[C@@H](C(=O)N1CC(F)(F)F)NC(=O)C2=CC3=C(C[C@@]4(C3)C5=C(NC4=O)N=CC=C5)N=C2)C6=C(C=CC(=C6F)F)F,CC1C(CC(C(=O)N1CC(F)(F)F)NC(=O)C2=CC3=C(CC4(C3)C5=C(NC4=O)N=CC=C5)N=C2)C6=C(C=CC(=C6F)F)F,QIVUCLWGARAQIO-OLIXTKCUSA-N,Atogepant
LT02166,Auranofin,chembl_id,False,CHEMBL1366,200.0,,,,,,,,,
LT02166,Auranofin,CAS,True,34031-32-8,,,PubChem_name_property,16667669.0,C20H34AuO9PS,678.5,CCP(CC)CC.CC(=O)OC[C@@H]1[C@H]([C@@H]([C@H]([C@@H](O1)[S-])OC(=O)C)OC(=O)C)OC(=O)C.[Au+],CCP(CC)CC.CC(=O)OCC1C(C(C(C(O1)[S-])OC(=O)C)OC(=O)C)OC(=O)C.[Au+],AUJRCFUBUPVWSZ-XTZHGVARSA-M,Auranofin
LT03627,Avacopan,name,True,Avacopan,,,PubChem_name_property,49841217.0,C33H35F4N3O2,581.6,CC1=C(C(=CC=C1)F)C(=O)N2CCC[C@@H]([C@@H]2C3=CC=C(C=C3)NC4CCCC4)C(=O)NC5=CC(=C(C=C5)C)C(F)(F)F,CC1=C(C(=CC=C1)F)C(=O)N2CCCC(C2C3=CC=C(C=C3)NC4CCCC4)C(=O)NC5=CC(=C(C=C5)C)C(F)(F)F,PUKBOVABABRILL-YZNIXAGQSA-N,Avacopan
LT02440,Avanafil,name,True,Avanafil,,,PubChem_name_property,9869929.0,C23H26ClN7O3,483.9,COC1=C(C=C(C=C1)CNC2=NC(=NC=C2C(=O)NCC3=NC=CC=N3)N4CCC[C@H]4CO)Cl,COC1=C(C=C(C=C1)CNC2=NC(=NC=C2C(=O)NCC3=NC=CC=N3)N4CCCC4CO)Cl,WEAJZXNPAWBCOA-INIZCTEOSA-N,Avanafil
LT03628,Avapritinib,name,True,Avapritinib,,,PubChem_name_property,118023034.0,C26H27FN10,498.6,C[C@](C1=CC=C(C=C1)F)(C2=CN=C(N=C2)N3CCN(CC3)C4=NC=NN5C4=CC(=C5)C6=CN(N=C6)C)N,CC(C1=CC=C(C=C1)F)(C2=CN=C(N=C2)N3CCN(CC3)C4=NC=NN5C4=CC(=C5)C6=CN(N=C6)C)N,DWYRIWUZIJHQKQ-SANMLTNESA-N,Avapritinib
LT03629,Avatrombopag maleate,name,True,Avatrombopag maleate,,,PubChem_name_property,9918581.0,C33H38Cl2N6O7S2,765.7,C1CCC(CC1)N2CCN(CC2)C3=C(N=C(S3)NC(=O)C4=CC(=C(N=C4)N5CCC(CC5)C(=O)O)Cl)C6=CC(=CS6)Cl.C(=C\C(=O)O)\C(=O)O,C1CCC(CC1)N2CCN(CC2)C3=C(N=C(S3)NC(=O)C4=CC(=C(N=C4)N5CCC(CC5)C(=O)O)Cl)C6=CC(=CS6)Cl.C(=CC(=O)O)C(=O)O,MISPBGHDNZYFNM-BTJKTKAUSA-N,Avatrombopag Maleate
LT03630,Azilsartan kamedoxomil,name,True,Azilsartan kamedoxomil,,,PubChem_name_property,23699544.0,C30H23KN4O8,606.6,CCOC1=NC2=CC=CC(=C2N1CC3=CC=C(C=C3)C4=CC=CC=C4C5=NOC(=O)[N-]5)C(=O)OCC6=C(OC(=O)O6)C.[K+],CCOC1=NC2=CC=CC(=C2N1CC3=CC=C(C=C3)C4=CC=CC=C4C5=NOC(=O)[N-]5)C(=O)OCC6=C(OC(=O)O6)C.[K+],IHWFKDWIUSZLCJ-UHFFFAOYSA-M,Azilsartan Kamedoxomil
LT03631,Baloxavir marboxil,name,True,Baloxavir marboxil,,,PubChem_name_property,124081896.0,C27H23F2N3O7S,571.6,COC(=O)OCOC1=C2C(=O)N3CCOC[C@H]3N(N2C=CC1=O)[C@H]4C5=C(CSC6=CC=CC=C46)C(=C(C=C5)F)F,COC(=O)OCOC1=C2C(=O)N3CCOCC3N(N2C=CC1=O)C4C5=C(CSC6=CC=CC=C46)C(=C(C=C5)F)F,RZVPBGBYGMDSBG-GGAORHGYSA-N,Baloxavir Marboxil
LT03632,Baricitinib,name,True,Baricitinib,,,PubChem_name_property,44205240.0,C16H17N7O2S,371.4,CCS(=O)(=O)N1CC(C1)(CC#N)N2C=C(C=N2)C3=C4C=CNC4=NC=N3,CCS(=O)(=O)N1CC(C1)(CC#N)N2C=C(C=N2)C3=C4C=CNC4=NC=N3,XUZMWHLSFXCVMG-UHFFFAOYSA-N,Baricitinib
LT01346,Basiliximab,chembl_id,False,CHEMBL1201439,200.0,,,,,,,,,
LT01346,Basiliximab,name,False,Basiliximab,,,,,,,,,,
LT01346,Basiliximab,ChEMBL_synonym,False,CHEMBL1201439,,,,,,,,,,
LT02400,Bedaquiline fumarate,name,True,Bedaquiline fumarate,,,PubChem_name_property,24812732.0,C36H35BrN2O6,671.6,CN(C)CC[C@@](C1=CC=CC2=CC=CC=C21)([C@H](C3=CC=CC=C3)C4=C(N=C5C=CC(=CC5=C4)Br)OC)O.C(=C/C(=O)O)\C(=O)O,CN(C)CCC(C1=CC=CC2=CC=CC=C21)(C(C3=CC=CC=C3)C4=C(N=C5C=CC(=CC5=C4)Br)OC)O.C(=CC(=O)O)C(=O)O,ZLVSPMRFRHMMOY-WWCCMVHESA-N,Bedaquiline Fumarate
LT03612,Belinostat,name,True,Belinostat,,,PubChem_name_property,6918638.0,C15H14N2O4S,318.3,C1=CC=C(C=C1)NS(=O)(=O)C2=CC=CC(=C2)/C=C/C(=O)NO,C1=CC=C(C=C1)NS(=O)(=O)C2=CC=CC(=C2)C=CC(=O)NO,NCNRHFGMJRPRSK-MDZDMXLPSA-N,Belinostat
LT03633,Belumosudil mesylate,name,True,Belumosudil mesylate,,,PubChem_name_property,146025939.0,C27H28N6O5S,548.6,CC(C)NC(=O)COC1=CC=CC(=C1)C2=NC=C3C(=N2)C=CC=C3NC4=CC5=C(C=C4)NN=C5.CS(=O)(=O)O,CC(C)NC(=O)COC1=CC=CC(=C1)C2=NC=C3C(=N2)C=CC=C3NC4=CC5=C(C=C4)NN=C5.CS(=O)(=O)O,BGNMZPDNJWWQCU-UHFFFAOYSA-N,Belumosudil Mesylate
LT03634,Belzutifan,name,True,Belzutifan,,,PubChem_name_property,117947097.0,C17H12F3NO4S,383.3,CS(=O)(=O)C1=C2[C@@H]([C@@H]([C@@H](C2=C(C=C1)OC3=CC(=CC(=C3)C#N)F)F)F)O,CS(=O)(=O)C1=C2C(C(C(C2=C(C=C1)OC3=CC(=CC(=C3)C#N)F)F)F)O,LOMMPXLFBTZENJ-ZACQAIPSSA-N,Belzutifan
LT03635,Bempedoic acid,name,True,Bempedoic acid,,,PubChem_name_property,10472693.0,C19H36O5,344.5,CC(C)(CCCCCC(CCCCCC(C)(C)C(=O)O)O)C(=O)O,CC(C)(CCCCCC(CCCCCC(C)(C)C(=O)O)O)C(=O)O,HYHMLYSLQUKXKP-UHFFFAOYSA-N,Bempedoic Acid
LT02756,Benznidazole,name,True,Benznidazole,,,PubChem_name_property,31593.0,C12H12N4O3,260.25,C1=CC=C(C=C1)CNC(=O)CN2C=CN=C2[N+](=O)[O-],C1=CC=C(C=C1)CNC(=O)CN2C=CN=C2[N+](=O)[O-],CULUWZNBISUWAS-UHFFFAOYSA-N,Benznidazole
LT00832,Benzphetamine hydrochloride,name,True,Benzphetamine hydrochloride,,,PubChem_name_property,11558159.0,C17H22ClN,275.8,C[C@@H](CC1=CC=CC=C1)N(C)CC2=CC=CC=C2.Cl,CC(CC1=CC=CC=C1)N(C)CC2=CC=CC=C2.Cl,ANFSNXAXVLRZCG-RSAXXLAASA-N,Benzphetamine Hydrochloride
LT01276,Benzylpenicilloyl polylysine,chembl_id,False,CHEMBL1201779,200.0,,,,,,,,,
LT01276,Benzylpenicilloyl polylysine,name,False,Benzylpenicilloyl polylysine,,,,,,,,,,
LT01276,Benzylpenicilloyl polylysine,ChEMBL_synonym,False,CHEMBL1201779,,,,,,,,,,
LT03636,Berotralstat hydrochloride,name,True,Berotralstat hydrochloride,,,PubChem_name_property,139030242.0,C30H28Cl2F4N6O,635.5,C1CC1CN[C@@H](C2=CC(=C(C=C2)F)NC(=O)C3=CC(=NN3C4=CC=CC(=C4)CN)C(F)(F)F)C5=CC=CC(=C5)C#N.Cl.Cl,C1CC1CNC(C2=CC(=C(C=C2)F)NC(=O)C3=CC(=NN3C4=CC=CC(=C4)CN)C(F)(F)F)C5=CC=CC(=C5)C#N.Cl.Cl,XFZLBLTUANGZBD-QDSLRZTOSA-N,Berotralstat Hydrochloride
LT03798,Betrixaban,name,True,Betrixaban,,,PubChem_name_property,10275777.0,C23H22ClN5O3,451.9,CN(C)C(=N)C1=CC=C(C=C1)C(=O)NC2=C(C=C(C=C2)OC)C(=O)NC3=NC=C(C=C3)Cl,CN(C)C(=N)C1=CC=C(C=C1)C(=O)NC2=C(C=C(C=C2)OC)C(=O)NC3=NC=C(C=C3)Cl,XHOLNRLADUSQLD-UHFFFAOYSA-N,Betrixaban
LT01390,Bevacizumab,chembl_id,False,CHEMBL1201583,200.0,,,,,,,,,
LT01390,Bevacizumab,name,False,Bevacizumab,,,,,,,,,,
LT01390,Bevacizumab,ChEMBL_synonym,False,CHEMBL1201583,,,,,,,,,,
LT03637,Binimetinib,name,True,Binimetinib,,,PubChem_name_property,10288191.0,C17H15BrF2N4O3,441.2,CN1C=NC2=C1C=C(C(=C2F)NC3=C(C=C(C=C3)Br)F)C(=O)NOCCO,CN1C=NC2=C1C=C(C(=C2F)NC3=C(C=C(C=C3)Br)F)C(=O)NOCCO,ACWZRVQXLIRSDF-UHFFFAOYSA-N,Binimetinib
LT02349,Bosutinib monohydrate,name,True,Bosutinib monohydrate,,,PubChem_name_property,11990828.0,C26H31Cl2N5O4,548.5,CN1CCN(CC1)CCCOC2=C(C=C3C(=C2)N=CC(=C3NC4=CC(=C(C=C4Cl)Cl)OC)C#N)OC.O,CN1CCN(CC1)CCCOC2=C(C=C3C(=C2)N=CC(=C3NC4=CC(=C(C=C4Cl)Cl)OC)C#N)OC.O,BXPOSPOKHGNMEP-UHFFFAOYSA-N,Bosutinib Monohydrate
LT01305,Botulinum toxin type a,chembl_id,False,CHEMBL4297862,200.0,,,,,,,,,
LT01305,Botulinum toxin type a,name,False,Botulinum toxin type a,,,,,,,,,,
LT01305,Botulinum toxin type a,ChEMBL_synonym,False,CHEMBL4297862,,,,,,,,,,
LT01356,Botulinum toxin type b,chembl_id,False,CHEMBL1201569,200.0,,,,,,,,,
LT01356,Botulinum toxin type b,name,False,Botulinum toxin type b,,,,,,,,,,
LT01356,Botulinum toxin type b,ChEMBL_synonym,False,CHEMBL1201569,,,,,,,,,,
LT03638,Bremelanotide acetate,name,True,Bremelanotide acetate,,,PubChem_name_property,91971505.0,C52H72N14O12,1085.2,CCCC[C@@H](C(=O)N[C@H]1CC(=O)NCCCC[C@H](NC(=O)[C@@H](NC(=O)[C@@H](NC(=O)[C@H](NC(=O)[C@@H](NC1=O)CC2=CN=CN2)CC3=CC=CC=C3)CCCN=C(N)N)CC4=CNC5=CC=CC=C54)C(=O)O)NC(=O)C.CC(=O)O,CCCCC(C(=O)NC1CC(=O)NCCCCC(NC(=O)C(NC(=O)C(NC(=O)C(NC(=O)C(NC1=O)CC2=CN=CN2)CC3=CC=CC=C3)CCCN=C(N)N)CC4=CNC5=CC=CC=C54)C(=O)O)NC(=O)C.CC(=O)O,MAYUSRUHXFWITM-GBRHMYBBSA-N,Bremelanotide Acetate
LT03639,Brexanolone,name,True,Brexanolone,,,PubChem_name_property,92786.0,C21H34O2,318.5,CC(=O)[C@H]1CC[C@@H]2[C@@]1(CC[C@H]3[C@H]2CC[C@@H]4[C@@]3(CC[C@H](C4)O)C)C,CC(=O)C1CCC2C1(CCC3C2CCC4C3(CCC(C4)O)C)C,AURFZBICLPNKBZ-SYBPFIFISA-N,Allopregnanolone
LT03640,Brexpiprazole,name,True,Brexpiprazole,,,PubChem_name_property,11978813.0,C25H27N3O2S,433.6,C1CN(CCN1CCCCOC2=CC3=C(C=C2)C=CC(=O)N3)C4=C5C=CSC5=CC=C4,C1CN(CCN1CCCCOC2=CC3=C(C=C2)C=CC(=O)N3)C4=C5C=CSC5=CC=C4,ZKIAIYBUSXZPLP-UHFFFAOYSA-N,Brexpiprazole
LT03641,Brigatinib,name,True,Brigatinib,,,PubChem_name_property,68165256.0,C29H39ClN7O2P,584.1,CN1CCN(CC1)C2CCN(CC2)C3=CC(=C(C=C3)NC4=NC=C(C(=N4)NC5=CC=CC=C5P(=O)(C)C)Cl)OC,CN1CCN(CC1)C2CCN(CC2)C3=CC(=C(C=C3)NC4=NC=C(C(=N4)NC5=CC=CC=C5P(=O)(C)C)Cl)OC,AILRADAXUVEEIR-UHFFFAOYSA-N,Brigatinib
LT03868,Brilliant blue g,name,True,Brilliant blue g,,,PubChem_name_property,61363.0,C47H48N3NaO7S2,854.0,CCN(CC1=CC(=CC=C1)S(=O)(=O)[O-])C2=CC(=C(C=C2)C(=C3C=CC(=[N+](CC)CC4=CC(=CC=C4)S(=O)(=O)[O-])C=C3C)C5=CC=C(C=C5)NC6=CC=C(C=C6)OCC)C.[Na+],CCN(CC1=CC(=CC=C1)S(=O)(=O)[O-])C2=CC(=C(C=C2)C(=C3C=CC(=[N+](CC)CC4=CC(=CC=C4)S(=O)(=O)[O-])C=C3C)C5=CC=C(C=C5)NC6=CC=C(C=C6)OCC)C.[Na+],RWVGQQGBQSJDQV-UHFFFAOYSA-M,C.I. Acid Blue 90
LT03643,Brivaracetam,name,True,Brivaracetam,,,PubChem_name_property,9837243.0,C11H20N2O2,212.29,CCC[C@@H]1CC(=O)N(C1)[C@@H](CC)C(=O)N,CCCC1CC(=O)N(C1)C(CC)C(=O)N,MSYKRHVOOPPJKU-BDAKNGLRSA-N,Brivaracetam
LT03644,Cabotegravir sodium,name,True,Cabotegravir sodium,,,PubChem_name_property,46215800.0,C19H16F2N3NaO5,427.3,C[C@H]1CO[C@H]2N1C(=O)C3=C(C(=O)C(=CN3C2)C(=O)NCC4=C(C=C(C=C4)F)F)[O-].[Na+],CC1COC2N1C(=O)C3=C(C(=O)C(=CN3C2)C(=O)NCC4=C(C=C(C=C4)F)F)[O-].[Na+],AEZBWGMXBKPGFP-KIUAEZIZSA-M,Cabotegravir Sodium
LT02429,Cabozantinib s-malate,name,True,Cabozantinib s-malate,,,PubChem_name_property,25102846.0,C32H30FN3O10,635.6,COC1=CC2=C(C=CN=C2C=C1OC)OC3=CC=C(C=C3)NC(=O)C4(CC4)C(=O)NC5=CC=C(C=C5)F.C([C@@H](C(=O)O)O)C(=O)O,COC1=CC2=C(C=CN=C2C=C1OC)OC3=CC=C(C=C3)NC(=O)C4(CC4)C(=O)NC5=CC=C(C=C5)F.C(C(C(=O)O)O)C(=O)O,HFCFMRYTXDINDK-WNQIDUERSA-N,Cabozantinib S-malate
LT02899,Canagliflozin,name,True,Canagliflozin,,,PubChem_name_property,24812758.0,C24H25FO5S,444.5,CC1=C(C=C(C=C1)[C@H]2[C@@H]([C@H]([C@@H]([C@H](O2)CO)O)O)O)CC3=CC=C(S3)C4=CC=C(C=C4)F,CC1=C(C=C(C=C1)C2C(C(C(C(O2)CO)O)O)O)CC3=CC=C(S3)C4=CC=C(C=C4)F,XTNGUQKDFGDXSJ-ZXGKGEBGSA-N,Canagliflozin
LT02432,Canakinumab,chembl_id,False,CHEMBL1201834,200.0,,,,,,,,,
LT02432,Canakinumab,name,False,Canakinumab,,,,,,,,,,
LT02432,Canakinumab,ChEMBL_synonym,False,CHEMBL1201834,,,,,,,,,,
LT02516,Cangrelor,name,True,Cangrelor,,,PubChem_name_property,9854012.0,C17H25Cl2F3N5O12P3S2,776.4,CSCCNC1=C2C(=NC(=N1)SCCC(F)(F)F)N(C=N2)[C@H]3[C@@H]([C@@H]([C@H](O3)COP(=O)(O)OP(=O)(C(P(=O)(O)O)(Cl)Cl)O)O)O,CSCCNC1=C2C(=NC(=N1)SCCC(F)(F)F)N(C=N2)C3C(C(C(O3)COP(=O)(O)OP(=O)(C(P(=O)(O)O)(Cl)Cl)O)O)O,PAEBIVWUMLRPSK-IDTAVKCVSA-N,Cangrelor
LT03645,Cannabidiol,name,True,Cannabidiol,,,PubChem_name_property,644019.0,C21H30O2,314.5,CCCCCC1=CC(=C(C(=C1)O)[C@@H]2C=C(CC[C@H]2C(=C)C)C)O,CCCCCC1=CC(=C(C(=C1)O)C2C=C(CCC2C(=C)C)C)O,QHMBSVQNZZTUGM-ZWKOTPCHSA-N,Cannabidiol
LT03646,Capmatinib hydrochloride,name,True,Capmatinib hydrochloride,,,PubChem_name_property,122201352.0,C23H21Cl2FN6O2,503.4,CNC(=O)C1=C(C=C(C=C1)C2=NN3C(=CN=C3N=C2)CC4=CC5=C(C=C4)N=CC=C5)F.O.Cl.Cl,CNC(=O)C1=C(C=C(C=C1)C2=NN3C(=CN=C3N=C2)CC4=CC5=C(C=C4)N=CC=C5)F.O.Cl.Cl,COWBUPJEEDYWKD-UHFFFAOYSA-N,Capmatinib Hydrochloride
LT00061,Carboplatin,chembl_id,False,CHEMBL1351,200.0,,,,,,,,,
LT00061,Carboplatin,CAS,True,41575-94-4,,,PubChem_name_property,426756.0,C6H12N2O4Pt,371.25,C1CC(C1)(C(=O)O)C(=O)O.[NH2-].[NH2-].[Pt+2],C1CC(C1)(C(=O)O)C(=O)O.[NH2-].[NH2-].[Pt+2],VSRXQHXAPYXROS-UHFFFAOYSA-N,"Platinum(II),1-cyclobutanedicarboxylato)diammine-, cis-"
LT00898,Carboprost tromethamine,name,True,Carboprost tromethamine,,,PubChem_name_property,5281074.0,C25H47NO8,489.6,CCCCC[C@@](C)(/C=C/[C@H]1[C@@H](C[C@@H]([C@@H]1C/C=C\CCCC(=O)O)O)O)O.C(C(CO)(CO)N)O,CCCCCC(C)(C=CC1C(CC(C1CC=CCCCC(=O)O)O)O)O.C(C(CO)(CO)N)O,UMMADZJLZAPZAW-XOWPVRJPSA-N,Carboprost Tromethamine
LT02395,Carfilzomib,name,True,Carfilzomib,,,PubChem_name_property,11556711.0,C40H57N5O7,719.9,CC(C)C[C@@H](C(=O)[C@]1(CO1)C)NC(=O)[C@H](CC2=CC=CC=C2)NC(=O)[C@H](CC(C)C)NC(=O)[C@H](CCC3=CC=CC=C3)NC(=O)CN4CCOCC4,CC(C)CC(C(=O)C1(CO1)C)NC(=O)C(CC2=CC=CC=C2)NC(=O)C(CC(C)C)NC(=O)C(CCC3=CC=CC=C3)NC(=O)CN4CCOCC4,BLMPQMFVWMYDKT-NZTKNTHTSA-N,Carfilzomib
LT00675,Carglumic acid,name,True,Carglumic acid,,,PubChem_name_property,121396.0,C6H10N2O5,190.15,C(CC(=O)O)[C@@H](C(=O)O)NC(=O)N,C(CC(=O)O)C(C(=O)O)NC(=O)N,LCQLHJZYVOQKHU-VKHMYHEASA-N,Carglumic Acid
LT03647,Cariprazine hydrochloride,name,True,Cariprazine hydrochloride,,,PubChem_name_property,25096873.0,C21H33Cl3N4O,463.9,CN(C)C(=O)NC1CCC(CC1)CCN2CCN(CC2)C3=C(C(=CC=C3)Cl)Cl.Cl,CN(C)C(=O)NC1CCC(CC1)CCN2CCN(CC2)C3=C(C(=CC=C3)Cl)Cl.Cl,GPPJWWMREQHLQT-UHFFFAOYSA-N,Cariprazine hydrochloride
LT03648,Casimersen,name,False,Casimersen,,,,,,,,,,
LT03649,Cefiderocol sulfate tosylate,name,True,Cefiderocol sulfate tosylate,,,PubChem_name_property,131839616.0,C118H138Cl3N21O47S11,3061.6,CC1=CC=C(C=C1)S(=O)(=O)O.CC1=CC=C(C=C1)S(=O)(=O)O.CC1=CC=C(C=C1)S(=O)(=O)O.CC1=CC=C(C=C1)S(=O)(=O)[O-].CC(O/N=C(\C(=O)N[C@@H]1C(=O)N2[C@@H]1SCC(=C2C(=O)O)C[N+]3(CCCC3)CCNC(=O)C4=C(C(=C(C=C4)O)O)Cl)/C5=CSC(=N5)N)(C(=O)O)C.CC(O/N=C(\C(=O)N[C@@H]1C(=O)N2[C@@H]1SCC(=C2C(=O)O)C[N+]3(CCCC3)CCNC(=O)C4=C(C(=C(C=C4)O)O)Cl)/C5=CSC(=N5)N)(C(=O)O)C.CC(O/N=C(\C(=O)N[C@@H]1C(=O)N2[C@@H]1SCC(=C2C(=O)O)C[N+]3(CCCC3)CCNC(=O)C4=C(C(=C(C=C4)O)O)Cl)/C5=CSC(=N5)N)(C(=O)O)C.O.[O-]S(=O)(=O)[O-],CC1=CC=C(C=C1)S(=O)(=O)O.CC1=CC=C(C=C1)S(=O)(=O)O.CC1=CC=C(C=C1)S(=O)(=O)O.CC1=CC=C(C=C1)S(=O)(=O)[O-].CC(C)(C(=O)O)ON=C(C1=CSC(=N1)N)C(=O)NC2C3N(C2=O)C(=C(CS3)C[N+]4(CCCC4)CCNC(=O)C5=C(C(=C(C=C5)O)O)Cl)C(=O)O.CC(C)(C(=O)O)ON=C(C1=CSC(=N1)N)C(=O)NC2C3N(C2=O)C(=C(CS3)C[N+]4(CCCC4)CCNC(=O)C5=C(C(=C(C=C5)O)O)Cl)C(=O)O.CC(C)(C(=O)O)ON=C(C1=CSC(=N1)N)C(=O)NC2C3N(C2=O)C(=C(CS3)C[N+]4(CCCC4)CCNC(=O)C5=C(C(=C(C=C5)O)O)Cl)C(=O)O.O.[O-]S(=O)(=O)[O-],QNMVZYPDWLKAJC-RXVBEKIDSA-N,Cefiderocol Sulfate Tosylate
LT02387,Ceftaroline fosamil,name,True,Ceftaroline fosamil,,,PubChem_name_property,9852981.0,C22H21N8O8PS4,684.7,CCO/N=C(/C1=NSC(=N1)NP(=O)(O)O)\C(=O)N[C@H]2[C@@H]3N(C2=O)C(=C(CS3)SC4=NC(=CS4)C5=CC=[N+](C=C5)C)C(=O)[O-],CCON=C(C1=NSC(=N1)NP(=O)(O)O)C(=O)NC2C3N(C2=O)C(=C(CS3)SC4=NC(=CS4)C5=CC=[N+](C=C5)C)C(=O)[O-],ZCCUWMICIWSJIX-NQJJCJBVSA-N,"Pyridinium, 4-(2-(((6R,7R)-2-carboxy-7-(((2Z)-2-(ethoxyimino)-2-(5-(phosphonoamino)-1,2,4-thiadiazol-3-yl)acetyl)amino)-8-oxo-5-thia-1-azabicyclo(4.2.0)oct-2-en-3-yl)thio)-4-thiazolyl)-1-methyl-, inner salt"
LT03650,Cenobamate,name,True,Cenobamate,,,PubChem_name_property,11962412.0,C10H10ClN5O2,267.67,C1=CC=C(C(=C1)[C@H](CN2N=CN=N2)OC(=O)N)Cl,C1=CC=C(C(=C1)C(CN2N=CN=N2)OC(=O)N)Cl,GFHAXPJGXSQLPT-VIFPVBQESA-N,Cenobamate
LT03596,Ceritinib,name,True,Ceritinib,,,PubChem_name_property,57379345.0,C28H36ClN5O3S,558.1,CC1=CC(=C(C=C1C2CCNCC2)OC(C)C)NC3=NC=C(C(=N3)NC4=CC=CC=C4S(=O)(=O)C(C)C)Cl,CC1=CC(=C(C=C1C2CCNCC2)OC(C)C)NC3=NC=C(C(=N3)NC4=CC=CC=C4S(=O)(=O)C(C)C)Cl,VERWOWGGCGHDQE-UHFFFAOYSA-N,Ceritinib
LT01412,Certolizumab pegol,chembl_id,False,CHEMBL1201831,200.0,,,,,,,,,
LT01412,Certolizumab pegol,name,False,Certolizumab pegol,,,,,,,,,,
LT01412,Certolizumab pegol,ChEMBL_synonym,False,CHEMBL1201831,,,,,,,,,,
LT01389,Cetuximab,chembl_id,False,CHEMBL1201577,200.0,,,,,,,,,
LT01389,Cetuximab,name,False,Cetuximab,,,,,,,,,,
LT01389,Cetuximab,ChEMBL_synonym,False,CHEMBL1201577,,,,,,,,,,
LT00328,Cholestyramine,chembl_id,False,CHEMBL1201625,200.0,,,,,,,,,
LT00328,Cholestyramine,name,False,Cholestyramine,,,,,,,,,,
LT00328,Cholestyramine,ChEMBL_synonym,False,CHEMBL1201625,,,,,,,,,,
LT00529,Cholic acid,name,True,Cholic acid,,,PubChem_name_property,221493.0,C24H40O5,408.6,C[C@H](CCC(=O)O)[C@H]1CC[C@@H]2[C@@]1([C@H](C[C@H]3[C@H]2[C@@H](C[C@H]4[C@@]3(CC[C@H](C4)O)C)O)O)C,CC(CCC(=O)O)C1CCC2C1(C(CC3C2C(CC4C3(CCC(C4)O)C)O)O)C,BHQCQFFYRZLCQQ-OELDTZBJSA-N,Cholic Acid
LT03899,Choline c-11,name,True,Choline c-11,,,PubChem_name_property,449688.0,C5H14NO+,103.17,C[N+](C)([11CH3])CCO,C[N+](C)(C)CCO,OEYIOHPDSNJKLS-BJUDXGSMSA-N,Choline C-11
LT01082,Choriogonadotropin alfa,chembl_id,False,CHEMBL1201464,200.0,,,,,,,,,
LT01082,Choriogonadotropin alfa,name,False,Choriogonadotropin alfa,,,,,,,,,,
LT01082,Choriogonadotropin alfa,ChEMBL_synonym,False,CHEMBL1201464,,,,,,,,,,
LT00978,Cisatracurium besylate,CAS,True,96946-42-8,,,PubChem_name_property,62886.0,C65H82N2O18S2,1243.5,C[N@@+]1(CCC2=CC(=C(C=C2[C@H]1CC3=CC(=C(C=C3)OC)OC)OC)OC)CCC(=O)OCCCCCOC(=O)CC[N@+]4(CCC5=CC(=C(C=C5[C@H]4CC6=CC(=C(C=C6)OC)OC)OC)OC)C.C1=CC=C(C=C1)S(=O)(=O)[O-].C1=CC=C(C=C1)S(=O)(=O)[O-],C[N+]1(CCC2=CC(=C(C=C2C1CC3=CC(=C(C=C3)OC)OC)OC)OC)CCC(=O)OCCCCCOC(=O)CC[N+]4(CCC5=CC(=C(C=C5C4CC6=CC(=C(C=C6)OC)OC)OC)OC)C.C1=CC=C(C=C1)S(=O)(=O)[O-].C1=CC=C(C=C1)S(=O)(=O)[O-],XXZSQOVSEBAPGS-DONVQRBFSA-L,Cisatracurium Besylate
LT00071,Cisplatin,chembl_id,False,CHEMBL1386,200.0,,,,,,,,,
LT00071,Cisplatin,CAS,True,15663-27-1,,,PubChem_name_property,5460033.0,Cl2H6N2Pt,300.05,N.N.Cl[Pt]Cl,N.N.Cl[Pt]Cl,LXZZYRPGZAFOLE-UHFFFAOYSA-L,Cisplatin
LT03613,Cobimetinib fumarate,name,True,Cobimetinib fumarate,,,PubChem_name_property,71491931.0,C46H46F6I2N6O8,1178.7,C1CCN[C@@H](C1)C2(CN(C2)C(=O)C3=C(C(=C(C=C3)F)F)NC4=C(C=C(C=C4)I)F)O.C1CCN[C@@H](C1)C2(CN(C2)C(=O)C3=C(C(=C(C=C3)F)F)NC4=C(C=C(C=C4)I)F)O.C(=C/C(=O)O)\C(=O)O,C1CCNC(C1)C2(CN(C2)C(=O)C3=C(C(=C(C=C3)F)F)NC4=C(C=C(C=C4)I)F)O.C1CCNC(C1)C2(CN(C2)C(=O)C3=C(C(=C(C=C3)F)F)NC4=C(C=C(C=C4)I)F)O.C(=CC(=O)O)C(=O)O,RESIMIUSNACMNW-BXRWSSRYSA-N,Cobimetinib Fumarate
LT01080,Colesevelam hydrochloride,chembl_id,False,CHEMBL1201473,200.0,,,,,,,,,
LT01080,Colesevelam hydrochloride,name,False,Colesevelam hydrochloride,,,,,,,,,,
LT01080,Colesevelam hydrochloride,name,False,Colesevelam,,,,,,,,,,
LT01080,Colesevelam hydrochloride,ChEMBL_synonym,False,CHEMBL1201473,,,,,,,,,,
LT00881,Colestipol hydrochloride,chembl_id,False,CHEMBL1201474,200.0,,,,,,,,,
LT00881,Colestipol hydrochloride,name,True,Colestipol hydrochloride,,,PubChem_name_property,3084661.0,C8H24ClN5,225.76,C(CNCCNCCNCCN)N.Cl,C(CNCCNCCNCCN)N.Cl,GACQNVJDWUAPFY-UHFFFAOYSA-N,Colestipol Hydrochloride
LT03651,Copanlisib dihydrochloride,name,True,Copanlisib dihydrochloride,,,PubChem_name_property,135565785.0,C23H30Cl2N8O4,553.4,COC1=C(C=CC2=C3NCCN3C(=NC(=O)C4=CN=C(N=C4)N)N=C21)OCCCN5CCOCC5.Cl.Cl,COC1=C(C=CC2=C3NCCN3C(=NC(=O)C4=CN=C(N=C4)N)N=C21)OCCCN5CCOCC5.Cl.Cl,KWVVOPDWPMORCQ-UHFFFAOYSA-N,Copanlisib Dihydrochloride
LT03900,Copper cu-64 dotatate,name,True,Copper cu-64 dotatate,,,PubChem_name_property,124220636.0,C65H88CuN14O19S2,1497.5,C[C@H]([C@H]1C(=O)N[C@@H](CSSC[C@@H](C(=O)N[C@H](C(=O)N[C@@H](C(=O)N[C@H](C(=O)N1)CCCCN)CC2=CNC3=CC=CC=C32)CC4=CC=C(C=C4)O)NC(=O)[C@@H](CC5=CC=CC=C5)NC(=O)CN6CCN(CCN(CCN(CC6)CC(=O)[O-])CC(=O)[O-])CC(=O)O)C(=O)N[C@@H]([C@@H](C)O)C(=O)O)O.[64Cu+2],CC(C1C(=O)NC(CSSCC(C(=O)NC(C(=O)NC(C(=O)NC(C(=O)N1)CCCCN)CC2=CNC3=CC=CC=C32)CC4=CC=C(C=C4)O)NC(=O)C(CC5=CC=CC=C5)NC(=O)CN6CCN(CCN(CCN(CC6)CC(=O)[O-])CC(=O)[O-])CC(=O)O)C(=O)NC(C(C)O)C(=O)O)O.[Cu+2],IJRLLVFQGCCPPI-NVGRTJHCSA-L,Copper Cu 64 Dotatate
LT00438,Corticorelin ovine triflutate,chembl_id,False,CHEMBL1201591,200.0,,,,,,,,,
LT00438,Corticorelin ovine triflutate,name,True,Corticorelin ovine triflutate,,,PubChem_name_property,16132344.0,C205H339N59O63S,4670.0,CC[C@H](C)[C@@H](C(=O)N[C@@H](CO)C(=O)N[C@@H](CC(C)C)C(=O)N[C@@H](CC(=O)O)C(=O)N[C@@H](CC(C)C)C(=O)N[C@@H]([C@@H](C)O)C(=O)N[C@@H](CC1=CC=CC=C1)C(=O)N[C@@H](CC2=CN=CN2)C(=O)N[C@@H](CC(C)C)C(=O)N[C@@H](CC(C)C)C(=O)N[C@@H](CCCNC(=N)N)C(=O)N[C@@H](CCC(=O)O)C(=O)N[C@@H](C(C)C)C(=O)N[C@@H](CC(C)C)C(=O)N[C@@H](CCC(=O)O)C(=O)N[C@@H](CCSC)C(=O)N[C@@H]([C@@H](C)O)C(=O)N[C@@H](CCCCN)C(=O)N[C@@H](C)C(=O)N[C@@H](CC(=O)O)C(=O)N[C@@H](CCC(=O)N)C(=O)N[C@@H](CC(C)C)C(=O)N[C@@H](C)C(=O)N[C@@H](CCC(=O)N)C(=O)N[C@@H](CCC(=O)N)C(=O)N[C@@H](C)C(=O)N[C@@H](CC3=CN=CN3)C(=O)N[C@@H](CO)C(=O)N[C@@H](CC(=O)N)C(=O)N[C@@H](CCCNC(=N)N)C(=O)N[C@@H](CCCCN)C(=O)N[C@@H](CC(C)C)C(=O)N[C@@H](CC(C)C)C(=O)N[C@@H](CC(=O)O)C(=O)N[C@@H]([C@@H](C)CC)C(=O)N[C@@H](C)C(=O)N)NC(=O)[C@@H]4CCCN4C(=O)[C@@H]5CCCN5C(=O)[C@H](CCC(=O)O)NC(=O)[C@H](CCC(=O)N)NC(=O)[C@H](CO)N,CCC(C)C(C(=O)NC(CO)C(=O)NC(CC(C)C)C(=O)NC(CC(=O)O)C(=O)NC(CC(C)C)C(=O)NC(C(C)O)C(=O)NC(CC1=CC=CC=C1)C(=O)NC(CC2=CN=CN2)C(=O)NC(CC(C)C)C(=O)NC(CC(C)C)C(=O)NC(CCCNC(=N)N)C(=O)NC(CCC(=O)O)C(=O)NC(C(C)C)C(=O)NC(CC(C)C)C(=O)NC(CCC(=O)O)C(=O)NC(CCSC)C(=O)NC(C(C)O)C(=O)NC(CCCCN)C(=O)NC(C)C(=O)NC(CC(=O)O)C(=O)NC(CCC(=O)N)C(=O)NC(CC(C)C)C(=O)NC(C)C(=O)NC(CCC(=O)N)C(=O)NC(CCC(=O)N)C(=O)NC(C)C(=O)NC(CC3=CN=CN3)C(=O)NC(CO)C(=O)NC(CC(=O)N)C(=O)NC(CCCNC(=N)N)C(=O)NC(CCCCN)C(=O)NC(CC(C)C)C(=O)NC(CC(C)C)C(=O)NC(CC(=O)O)C(=O)NC(C(C)CC)C(=O)NC(C)C(=O)N)NC(=O)C4CCCN4C(=O)C5CCCN5C(=O)C(CCC(=O)O)NC(=O)C(CCC(=O)N)NC(=O)C(CO)N,QEEJLLNYQOBRRM-KSHGRFHLSA-N,Corticorelin Ovine Triflutate
LT00077,Corticotropin,chembl_id,False,CHEMBL1201610,200.0,,,,,,,,,
LT00077,Corticotropin,name,True,Corticotropin,,,PubChem_name_property,16132265.0,C207H308N56O58S,4541.0,C[C@@H](C(=O)N[C@@H](CCC(=O)O)C(=O)N[C@@H](CC(=O)O)C(=O)N[C@@H](CCC(=O)O)C(=O)N[C@@H](CO)C(=O)N[C@@H](C)C(=O)N[C@@H](CCC(=O)O)C(=O)N[C@@H](C)C(=O)N[C@@H](CC1=CC=CC=C1)C(=O)N2CCC[C@H]2C(=O)N[C@@H](CC(C)C)C(=O)N[C@@H](CCC(=O)O)C(=O)N[C@@H](CC3=CC=CC=C3)C(=O)O)NC(=O)CNC(=O)[C@H](CC(=O)N)NC(=O)[C@@H]4CCCN4C(=O)[C@H](CC5=CC=C(C=C5)O)NC(=O)[C@H](C(C)C)NC(=O)[C@H](CCCCN)NC(=O)[C@H](C(C)C)NC(=O)[C@@H]6CCCN6C(=O)[C@H](CCCNC(=N)N)NC(=O)[C@H](CCCNC(=N)N)NC(=O)[C@H](CCCCN)NC(=O)[C@H](CCCCN)NC(=O)CNC(=O)[C@H](C(C)C)NC(=O)[C@@H]7CCCN7C(=O)[C@H](CCCCN)NC(=O)CNC(=O)[C@H](CC8=CNC9=CC=CC=C98)NC(=O)[C@H](CCCNC(=N)N)NC(=O)[C@H](CC1=CC=CC=C1)NC(=O)[C@H](CC1=CN=CN1)NC(=O)[C@H](CCC(=O)O)NC(=O)[C@H](CCSC)NC(=O)[C@H](CO)NC(=O)[C@H](CC1=CC=C(C=C1)O)NC(=O)[C@H](CO)N,CC(C)CC(C(=O)NC(CCC(=O)O)C(=O)NC(CC1=CC=CC=C1)C(=O)O)NC(=O)C2CCCN2C(=O)C(CC3=CC=CC=C3)NC(=O)C(C)NC(=O)C(CCC(=O)O)NC(=O)C(C)NC(=O)C(CO)NC(=O)C(CCC(=O)O)NC(=O)C(CC(=O)O)NC(=O)C(CCC(=O)O)NC(=O)C(C)NC(=O)CNC(=O)C(CC(=O)N)NC(=O)C4CCCN4C(=O)C(CC5=CC=C(C=C5)O)NC(=O)C(C(C)C)NC(=O)C(CCCCN)NC(=O)C(C(C)C)NC(=O)C6CCCN6C(=O)C(CCCNC(=N)N)NC(=O)C(CCCNC(=N)N)NC(=O)C(CCCCN)NC(=O)C(CCCCN)NC(=O)CNC(=O)C(C(C)C)NC(=O)C7CCCN7C(=O)C(CCCCN)NC(=O)CNC(=O)C(CC8=CNC9=CC=CC=C98)NC(=O)C(CCCNC(=N)N)NC(=O)C(CC1=CC=CC=C1)NC(=O)C(CC1=CN=CN1)NC(=O)C(CCC(=O)O)NC(=O)C(CCSC)NC(=O)C(CO)NC(=O)C(CC1=CC=C(C=C1)O)NC(=O)C(CO)N,IDLFZVILOHSSID-OVLDLUHVSA-N,Corticotropin
LT02430,Crofelemer,name,False,Crofelemer,,,,,,,,,,
LT00361,Cupric chloride,chembl_id,False,CHEMBL1200553,200.0,,,,,,,,,
LT00361,Cupric chloride,name,True,Cupric chloride,,,PubChem_name_property,24014.0,Cl2Cu,134.45,Cl[Cu]Cl,Cl[Cu]Cl,ORTQZVOHEJQUHG-UHFFFAOYSA-L,Cupric Chloride
LT02002,Cyanocobalamin,chembl_id,False,CHEMBL2110563,200.0,,,,,,,,,
LT02002,Cyanocobalamin,CAS,True,68-19-9,,,PubChem_name_property,165339223.0,C63H88CoN14O14P,1355.4,CC1=CC2=C(C=C1C)N(C=N2)[C@@H]3C([C@@H]([C@H](O3)CO)OP(=O)([O-])O[C@H](C)CNC(=O)CC[C@@]\4([C@H]([C@@H]5[C@]6([C@@]([C@@H](C(=N6)/C(=C\7/[C@@]([C@@H](C(=N7)/C=C\8/C([C@@H](C(=N8)/C(=C4\[N-]5)/C)CCC(=O)N)(C)C)CCC(=O)N)(C)CC(=O)N)/C)CCC(=O)N)(C)CC(=O)N)C)CC(=O)N)C)O.[C-]#N.[Co+3],CC1=CC2=C(C=C1C)N(C=N2)C3C(C(C(O3)CO)OP(=O)([O-])OC(C)CNC(=O)CCC4(C(C5C6(C(C(C(=N6)C(=C7C(C(C(=N7)C=C8C(C(C(=N8)C(=C4[N-]5)C)CCC(=O)N)(C)C)CCC(=O)N)(C)CC(=O)N)C)CCC(=O)N)(C)CC(=O)N)C)CC(=O)N)C)O.[C-]#N.[Co+3],FDJOLVPMNUYSCM-SYUKHSAKSA-L,Vitamin B12
LT02345,Dabigatran etexilate mesylate,name,True,Dabigatran etexilate mesylate,,,PubChem_name_property,135566083.0,C35H45N7O8S,723.8,CCCCCCOC(=O)NC(=N)C1=CC=C(C=C1)NCC2=NC3=C(N2C)C=CC(=C3)C(=O)N(CCC(=O)OCC)C4=CC=CC=N4.CS(=O)(=O)O,CCCCCCOC(=O)NC(=N)C1=CC=C(C=C1)NCC2=NC3=C(N2C)C=CC(=C3)C(=O)N(CCC(=O)OCC)C4=CC=CC=N4.CS(=O)(=O)O,XETBXHPXHHOLOE-UHFFFAOYSA-N,Dabigatran Etexilate Mesylate
LT02904,Dabrafenib mesylate,name,True,Dabrafenib mesylate,,,PubChem_name_property,44516822.0,C24H24F3N5O5S3,615.7,CC(C)(C)C1=NC(=C(S1)C2=NC(=NC=C2)N)C3=C(C(=CC=C3)NS(=O)(=O)C4=C(C=CC=C4F)F)F.CS(=O)(=O)O,CC(C)(C)C1=NC(=C(S1)C2=NC(=NC=C2)N)C3=C(C(=CC=C3)NS(=O)(=O)C4=C(C=CC=C4F)F)F.CS(=O)(=O)O,YKGMKSIHIVVYKY-UHFFFAOYSA-N,Dabrafenib Mesylate
LT03652,Dacomitinib,name,True,Dacomitinib,,,PubChem_name_property,11511120.0,C24H25ClFN5O2,469.9,COC1=C(C=C2C(=C1)N=CN=C2NC3=CC(=C(C=C3)F)Cl)NC(=O)/C=C/CN4CCCCC4,COC1=C(C=C2C(=C1)N=CN=C2NC3=CC(=C(C=C3)F)Cl)NC(=O)C=CCN4CCCCC4,LVXJQMNHJWSHET-AATRIKPKSA-N,Dacomitinib
LT03562,Dalbavancin hydrochloride,name,False,Dalbavancin hydrochloride,,,,,,,,,,
LT03562,Dalbavancin hydrochloride,name,True,Dalbavancin,,,PubChem_name_property,16134627.0,C88H100Cl2N10O28,1816.7,CC(C)CCCCCCCCC(=O)N[C@@H]1[C@H]([C@@H]([C@H](O[C@H]1OC2=C3C=C4C=C2OC5=C(C=C(C=C5)[C@H]([C@H]6C(=O)N[C@@H](C7=C(C(=CC(=C7)O)O[C@@H]8[C@H]([C@H]([C@@H]([C@H](O8)CO)O)O)O)C9=C(C=CC(=C9)[C@H](C(=O)N6)NC(=O)[C@@H]4NC(=O)[C@@H]1C2=C(C(=CC(=C2)OC2=C(C=CC(=C2)[C@H](C(=O)N[C@H](CC2=CC=C(O3)C=C2)C(=O)N1)NC)O)O)Cl)O)C(=O)NCCCN(C)C)O)Cl)C(=O)O)O)O,CC(C)CCCCCCCCC(=O)NC1C(C(C(OC1OC2=C3C=C4C=C2OC5=C(C=C(C=C5)C(C6C(=O)NC(C7=C(C(=CC(=C7)O)OC8C(C(C(C(O8)CO)O)O)O)C9=C(C=CC(=C9)C(C(=O)N6)NC(=O)C4NC(=O)C1C2=C(C(=CC(=C2)OC2=C(C=CC(=C2)C(C(=O)NC(CC2=CC=C(O3)C=C2)C(=O)N1)NC)O)O)Cl)O)C(=O)NCCCN(C)C)O)Cl)C(=O)O)O)O,KGPGQDLTDHGEGT-SZUNQUCBSA-N,Dalbavancin
LT03653,Dalfampridine,name,True,Dalfampridine,,,PubChem_name_property,1727.0,C5H6N2,94.11,C1=CN=CC=C1N,C1=CN=CC=C1N,NUKYPUAOHBNCPY-UHFFFAOYSA-N,4-Aminopyridine
LT00961,Dalteparin sodium,chembl_id,False,CHEMBL1201460,200.0,,,,,,,,,
LT00961,Dalteparin sodium,name,False,Dalteparin sodium,,,,,,,,,,
LT00961,Dalteparin sodium,name,False,Dalteparin,,,,,,,,,,
LT00961,Dalteparin sodium,ChEMBL_synonym,False,CHEMBL1201460,,,,,,,,,,
LT02891,Dapagliflozin,name,True,Dapagliflozin,,,PubChem_name_property,9887712.0,C21H25ClO6,408.9,CCOC1=CC=C(C=C1)CC2=C(C=CC(=C2)[C@H]3[C@@H]([C@H]([C@@H]([C@H](O3)CO)O)O)O)Cl,CCOC1=CC=C(C=C1)CC2=C(C=CC(=C2)C3C(C(C(C(O3)CO)O)O)O)Cl,JVHXJTBJCFBINQ-ADAARDCZSA-N,Dapagliflozin
LT01374,Darbepoetin alfa,chembl_id,False,CHEMBL1201566,200.0,,,,,,,,,
LT01374,Darbepoetin alfa,name,False,Darbepoetin alfa,,,,,,,,,,
LT01374,Darbepoetin alfa,ChEMBL_synonym,False,CHEMBL1201566,,,,,,,,,,
LT03654,Darolutamide,name,True,Darolutamide,,,PubChem_name_property,67171867.0,C19H19ClN6O2,398.8,C[C@@H](CN1C=CC(=N1)C2=CC(=C(C=C2)C#N)Cl)NC(=O)C3=NNC(=C3)C(C)O,CC(CN1C=CC(=N1)C2=CC(=C(C=C2)C#N)Cl)NC(=O)C3=NNC(=C3)C(C)O,BLIJXOOIHRSQRB-PXYINDEMSA-N,Darolutamide
LT03655,Dasiglucagon hydrochloride,name,False,Dasiglucagon hydrochloride,,,,,,,,,,
LT03655,Dasiglucagon hydrochloride,name,True,Dasiglucagon,,,PubChem_name_property,126961379.0,C152H222N38O50,3381.6,C[C@H]([C@@H](C(=O)N[C@@H](CC1=CC=CC=C1)C(=O)N[C@@H]([C@@H](C)O)C(=O)N[C@@H](CO)C(=O)N[C@@H](CC(=O)O)C(=O)N[C@@H](CC2=CC=C(C=C2)O)C(=O)N[C@@H](CO)C(=O)N[C@@H](CCCCN)C(=O)N[C@@H](CC3=CC=C(C=C3)O)C(=O)N[C@@H](CC(C)C)C(=O)N[C@@H](CC(=O)O)C(=O)NC(C)(C)C(=O)N[C@@H](C)C(=O)N[C@@H](CCCNC(=N)N)C(=O)N[C@@H](C)C(=O)N[C@@H](CCC(=O)O)C(=O)N[C@@H](CCC(=O)O)C(=O)N[C@@H](CC4=CC=CC=C4)C(=O)N[C@@H](C(C)C)C(=O)N[C@@H](CCCCN)C(=O)N[C@@H](CC5=CNC6=CC=CC=C65)C(=O)N[C@@H](CC(C)C)C(=O)N[C@@H](CCC(=O)O)C(=O)N[C@@H](CO)C(=O)N[C@@H]([C@@H](C)O)C(=O)O)NC(=O)CNC(=O)[C@H](CCC(=O)N)NC(=O)[C@H](CO)NC(=O)[C@H](CC7=CNC=N7)N)O,CC(C)CC(C(=O)NC(CCC(=O)O)C(=O)NC(CO)C(=O)NC(C(C)O)C(=O)O)NC(=O)C(CC1=CNC2=CC=CC=C21)NC(=O)C(CCCCN)NC(=O)C(C(C)C)NC(=O)C(CC3=CC=CC=C3)NC(=O)C(CCC(=O)O)NC(=O)C(CCC(=O)O)NC(=O)C(C)NC(=O)C(CCCNC(=N)N)NC(=O)C(C)NC(=O)C(C)(C)NC(=O)C(CC(=O)O)NC(=O)C(CC(C)C)NC(=O)C(CC4=CC=C(C=C4)O)NC(=O)C(CCCCN)NC(=O)C(CO)NC(=O)C(CC5=CC=C(C=C5)O)NC(=O)C(CC(=O)O)NC(=O)C(CO)NC(=O)C(C(C)O)NC(=O)C(CC6=CC=CC=C6)NC(=O)C(C(C)O)NC(=O)CNC(=O)C(CCC(=O)N)NC(=O)C(CO)NC(=O)C(CC7=CNC=N7)N,RZRMFQMNPDPAIX-AJTOSFMRSA-N,Dasiglucagon
LT00541,Deferiprone,name,True,Deferiprone,,,PubChem_name_property,2972.0,C7H9NO2,139.15,CC1=C(C(=O)C=CN1C)O,CC1=C(C(=O)C=CN1C)O,TZXKOCQBRNJULO-UHFFFAOYSA-N,Deferiprone
LT01774,Defibrotide sodium,name,False,Defibrotide sodium,,,,,,,,,,
LT01774,Defibrotide sodium,name,False,Defibrotide,,,,,,,,,,
LT02726,Deflazacort,name,True,Deflazacort,,,PubChem_name_property,189821.0,C25H31NO6,441.5,CC1=N[C@@]2([C@H](O1)C[C@@H]3[C@@]2(C[C@@H]([C@H]4[C@H]3CCC5=CC(=O)C=C[C@]45C)O)C)C(=O)COC(=O)C,CC1=NC2(C(O1)CC3C2(CC(C4C3CCC5=CC(=O)C=CC45C)O)C)C(=O)COC(=O)C,FBHSPRKOSMHSIF-GRMWVWQJSA-N,Deflazacort
LT03656,Delafloxacin meglumine,name,True,Delafloxacin meglumine,,,PubChem_name_property,11578213.0,C25H29ClF3N5O9,636.0,CNC[C@@H]([C@H]([C@@H]([C@@H](CO)O)O)O)O.C1C(CN1C2=C(C=C3C(=C2Cl)N(C=C(C3=O)C(=O)O)C4=C(C=C(C(=N4)N)F)F)F)O,CNCC(C(C(C(CO)O)O)O)O.C1C(CN1C2=C(C=C3C(=C2Cl)N(C=C(C3=O)C(=O)O)C4=C(C=C(C(=N4)N)F)F)F)O,AHJGUEMIZPMAMR-WZTVWXICSA-N,Delafloxacin Meglumine
LT01347,Denileukin diftitox,chembl_id,False,CHEMBL1201550,200.0,,,,,,,,,
LT01347,Denileukin diftitox,name,False,Denileukin diftitox,,,,,,,,,,
LT01347,Denileukin diftitox,ChEMBL_synonym,False,CHEMBL1201550,,,,,,,,,,
LT03657,Deoxycholic acid,name,True,Deoxycholic acid,,,PubChem_name_property,222528.0,C24H40O4,392.6,C[C@H](CCC(=O)O)[C@H]1CC[C@@H]2[C@@]1([C@H](C[C@H]3[C@H]2CC[C@H]4[C@@]3(CC[C@H](C4)O)C)O)C,CC(CCC(=O)O)C1CCC2C1(C(CC3C2CCC4C3(CCC(C4)O)C)O)C,KXGVEGMKQFWNSR-LLQZFEROSA-N,Deoxycholic Acid
LT00695,Dermatan,name,False,Dermatan,,,,,,,,,,
LT03658,Deutetrabenazine,name,True,Deutetrabenazine,,,PubChem_name_property,73442840.0,C19H27NO3,323.5,[2H]C([2H])([2H])OC1=C(C=C2[C@@H]3CC(=O)[C@H](CN3CCC2=C1)CC(C)C)OC([2H])([2H])[2H],CC(C)CC1CN2CCC3=CC(=C(C=C3C2CC1=O)OC)OC,MKJIEFSOBYUXJB-WEZHFFAMSA-N,Deutetrabenazine
LT03659,Difelikefalin acetate,name,True,Difelikefalin acetate,,,PubChem_name_property,91864509.0,C38H57N7O8,739.9,CC(C)C[C@H](C(=O)N[C@H](CCCCN)C(=O)N1CCC(CC1)(C(=O)O)N)NC(=O)[C@@H](CC2=CC=CC=C2)NC(=O)[C@@H](CC3=CC=CC=C3)N.CC(=O)O,CC(C)CC(C(=O)NC(CCCCN)C(=O)N1CCC(CC1)(C(=O)O)N)NC(=O)C(CC2=CC=CC=C2)NC(=O)C(CC3=CC=CC=C3)N.CC(=O)O,MZWHRPKAHCWTOI-KGURMGBCSA-N,Difelikefalin acetate
LT02877,Dimethyl fumarate,name,True,Dimethyl fumarate,,,PubChem_name_property,637568.0,C6H8O4,144.12,COC(=O)/C=C/C(=O)OC,COC(=O)C=CC(=O)OC,LDCRTTXIJACKKU-ONEGZZNKSA-N,Dimethyl Fumarate
LT03660,Diroximel fumarate,name,True,Diroximel fumarate,,,PubChem_name_property,73330464.0,C11H13NO6,255.22,COC(=O)/C=C/C(=O)OCCN1C(=O)CCC1=O,COC(=O)C=CC(=O)OCCN1C(=O)CCC1=O,YIMYDTCOUQIDMT-SNAWJCMRSA-N,Diroximel Fumarate
LT00684,Divalproex sodium,CAS,True,76584-70-8,,,PubChem_name_property,23663956.0,C16H31NaO4,310.4,CCCC(CCC)C(=O)O.CCCC(CCC)C(=O)[O-].[Na+],CCCC(CCC)C(=O)O.CCCC(CCC)C(=O)[O-].[Na+],MSRILKIQRXUYCT-UHFFFAOYSA-M,Divalproex Sodium
LT01309,Docetaxel,CAS,True,114977-28-5,,,PubChem_name_property,148124.0,C43H53NO14,807.9,CC1=C2[C@H](C(=O)[C@@]3([C@H](C[C@@H]4[C@]([C@H]3[C@@H]([C@@](C2(C)C)(C[C@@H]1OC(=O)[C@@H]([C@H](C5=CC=CC=C5)NC(=O)OC(C)(C)C)O)O)OC(=O)C6=CC=CC=C6)(CO4)OC(=O)C)O)C)O,CC1=C2C(C(=O)C3(C(CC4C(C3C(C(C2(C)C)(CC1OC(=O)C(C(C5=CC=CC=C5)NC(=O)OC(C)(C)C)O)O)OC(=O)C6=CC=CC=C6)(CO4)OC(=O)C)O)C)O,ZDZOTLJHXYCWBA-VCVYQWHSSA-N,Docetaxel
LT02905,Dolutegravir sodium,name,True,Dolutegravir sodium,,,PubChem_name_property,46216142.0,C20H18F2N3NaO5,441.4,C[C@@H]1CCO[C@@H]2N1C(=O)C3=C(C(=O)C(=CN3C2)C(=O)NCC4=C(C=C(C=C4)F)F)[O-].[Na+],CC1CCOC2N1C(=O)C3=C(C(=O)C(=CN3C2)C(=O)NCC4=C(C=C(C=C4)F)F)[O-].[Na+],UGWJRRXTMKRYNK-VSLILLSYSA-M,Dolutegravir Sodium
LT03661,Doravirine,name,True,Doravirine,,,PubChem_name_property,58460047.0,C17H11ClF3N5O3,425.7,CN1C(=NNC1=O)CN2C=CC(=C(C2=O)OC3=CC(=CC(=C3)C#N)Cl)C(F)(F)F,CN1C(=NNC1=O)CN2C=CC(=C(C2=O)OC3=CC(=CC(=C3)C#N)Cl)C(F)(F)F,ZIAOVIPSKUPPQW-UHFFFAOYSA-N,Doravirine
LT00393,Doxycycline,CAS,True,24390-14-5,,,PubChem_name_property,54686183.0,C46H58Cl2N4O18,1025.9,CCO.C[C@@H]1[C@H]2[C@@H]([C@H]3[C@@H](C(=O)C(=C([C@]3(C(=O)C2=C(C4=C1C=CC=C4O)O)O)O)C(=O)N)N(C)C)O.C[C@@H]1[C@H]2[C@@H]([C@H]3[C@@H](C(=O)C(=C([C@]3(C(=O)C2=C(C4=C1C=CC=C4O)O)O)O)C(=O)N)N(C)C)O.O.Cl.Cl,CCO.CC1C2C(C3C(C(=O)C(=C(C3(C(=O)C2=C(C4=C1C=CC=C4O)O)O)O)C(=O)N)N(C)C)O.CC1C2C(C3C(C(=O)C(=C(C3(C(=O)C2=C(C4=C1C=CC=C4O)O)O)O)C(=O)N)N(C)C)O.O.Cl.Cl,UHHHTIKWXBRCLT-VDBOFHIQSA-N,Doryx
LT03662,Duvelisib,name,True,Duvelisib,,,PubChem_name_property,50905713.0,C22H17ClN6O,416.9,C[C@@H](C1=CC2=C(C(=CC=C2)Cl)C(=O)N1C3=CC=CC=C3)NC4=NC=NC5=C4NC=N5,CC(C1=CC2=C(C(=CC=C2)Cl)C(=O)N1C3=CC=CC=C3)NC4=NC=NC5=C4NC=N5,SJVQHLPISAIATJ-ZDUSSCGKSA-N,Duvelisib
LT00683,Ecallantide,chembl_id,False,CHEMBL1201837,200.0,,,,,,,,,
LT00683,Ecallantide,name,True,Ecallantide,,,PubChem_name_property,44152182.0,C305H442N88O91S8,7054.0,CC[C@H](C)[C@H]1C(=O)N[C@H](C(=O)NCC(=O)NCC(=O)N[C@H]2CSSC[C@H]3C(=O)N[C@H](C(=O)N[C@H](C(=O)N[C@H](C(=O)N[C@H](C(=O)N4CCC[C@H]4C(=O)N[C@H](C(=O)N[C@H](C(=O)N[C@H](C(=O)N[C@H](C(=O)N[C@H](C(=O)N[C@H](C(=O)N[C@H](C(=O)N[C@H](C(=O)N[C@H](C(=O)N[C@H](C(=O)N[C@@H](CSSC[C@@H](C(=O)N[C@H](C(=O)N[C@H](C(=O)N[C@H](C(=O)N[C@@H](CSSC[C@@H](C(=O)N[C@H](C(=O)N[C@H](C(=O)N[C@H](C(=O)N[C@H](C(=O)N[C@H](C(=O)N[C@H](C(=O)NCC(=O)N5CCC[C@H]5C(=O)N3)CC(=O)O)CC(=O)O)C)CCCCN)CC6=CC=CC=C6)C)NC(=O)[C@H](CC7=CC=CC=C7)NC(=O)[C@H](CO)NC(=O)[C@H](CC8=CN=CN8)NC(=O)[C@H](CCSC)NC(=O)[C@H](C)NC(=O)[C@H](CCC(=O)O)N)C(=O)N[C@@H]([C@H](C)O)C(=O)N[C@@H](CCCNC(=N)N)C(=O)N[C@@H](CC(=O)O)C(=O)O)CCSC)CCCCN)CCCCN)NC(=O)[C@@H](NC(=O)[C@@H](NC(=O)[C@@H](NC(=O)[C@@H](NC(=O)[C@@H](NC(=O)[C@@H](NC(=O)[C@@H](NC(=O)[C@@H](NC(=O)[C@@H](NC(=O)[C@@H](NC(=O)CNC(=O)[C@@H](NC2=O)CCC(=O)O)CC(=O)N)CCC(=O)N)CC(=O)N)CCCNC(=N)N)CC9=CC=CC=C9)CCC(=O)O)CO)CC(C)C)CCC(=O)O)CCC(=O)O)C(=O)N[C@H](C(=O)N[C@H](C(=O)N[C@H](C(=O)N1)CC1=CC=CC=C1)CCC(=O)O)CCC(=O)O)CCC(=O)N)CCCNC(=N)N)[C@H](C)O)CC1=CC=CC=C1)[C@@H](C)CC)CC(=O)N)CC1=CC=CC=C1)CC1=CC=CC=C1)CC1=CNC2=CC=CC=C21)CCCNC(=N)N)CC1=CN=CN1)C)C)CCCNC(=N)N)CC1=CC=C(C=C1)O,CCC(C)C1C(=O)NC(C(=O)NCC(=O)NCC(=O)NC2CSSCC3C(=O)NC(C(=O)NC(C(=O)NC(C(=O)NC(C(=O)N4CCCC4C(=O)NC(C(=O)NC(C(=O)NC(C(=O)NC(C(=O)NC(C(=O)NC(C(=O)NC(C(=O)NC(C(=O)NC(C(=O)NC(C(=O)NC(CSSCC(C(=O)NC(C(=O)NC(C(=O)NC(C(=O)NC(CSSCC(C(=O)NC(C(=O)NC(C(=O)NC(C(=O)NC(C(=O)NC(C(=O)NC(C(=O)NCC(=O)N5CCCC5C(=O)N3)CC(=O)O)CC(=O)O)C)CCCCN)CC6=CC=CC=C6)C)NC(=O)C(CC7=CC=CC=C7)NC(=O)C(CO)NC(=O)C(CC8=CN=CN8)NC(=O)C(CCSC)NC(=O)C(C)NC(=O)C(CCC(=O)O)N)C(=O)NC(C(C)O)C(=O)NC(CCCNC(=N)N)C(=O)NC(CC(=O)O)C(=O)O)CCSC)CCCCN)CCCCN)NC(=O)C(NC(=O)C(NC(=O)C(NC(=O)C(NC(=O)C(NC(=O)C(NC(=O)C(NC(=O)C(NC(=O)C(NC(=O)C(NC(=O)CNC(=O)C(NC2=O)CCC(=O)O)CC(=O)N)CCC(=O)N)CC(=O)N)CCCNC(=N)N)CC9=CC=CC=C9)CCC(=O)O)CO)CC(C)C)CCC(=O)O)CCC(=O)O)C(=O)NC(C(=O)NC(C(=O)NC(C(=O)N1)CC1=CC=CC=C1)CCC(=O)O)CCC(=O)O)CCC(=O)N)CCCNC(=N)N)C(C)O)CC1=CC=CC=C1)C(C)CC)CC(=O)N)CC1=CC=CC=C1)CC1=CC=CC=C1)CC1=CNC2=CC=CC=C21)CCCNC(=N)N)CC1=CN=CN1)C)C)CCCNC(=N)N)CC1=CC=C(C=C1)O,VBGWSQKGUZHFPS-VGMMZINCSA-N,Ecallantide
LT01414,Eculizumab,chembl_id,False,CHEMBL1201828,200.0,,,,,,,,,
LT01414,Eculizumab,name,False,Eculizumab,,,,,,,,,,
LT01414,Eculizumab,ChEMBL_synonym,False,CHEMBL1201828,,,,,,,,,,
LT03664,Edoxaban tosylate,name,True,Edoxaban tosylate,,,PubChem_name_property,44610678.0,C31H38ClN7O7S2,720.3,CC1=CC=C(C=C1)S(=O)(=O)O.CN1CCC2=C(C1)SC(=N2)C(=O)N[C@@H]3C[C@H](CC[C@@H]3NC(=O)C(=O)NC4=NC=C(C=C4)Cl)C(=O)N(C)C,CC1=CC=C(C=C1)S(=O)(=O)O.CN1CCC2=C(C1)SC(=N2)C(=O)NC3CC(CCC3NC(=O)C(=O)NC4=NC=C(C=C4)Cl)C(=O)N(C)C,ZLFZITWZOYXXAW-QXXZOGQOSA-N,Edoxaban Tosylate
LT03665,Elagolix sodium,name,True,Elagolix sodium,,,PubChem_name_property,24785956.0,C32H29F5N3NaO5,653.6,CC1=C(C(=O)N(C(=O)N1CC2=C(C=CC=C2F)C(F)(F)F)C[C@@H](C3=CC=CC=C3)NCCCC(=O)[O-])C4=C(C(=CC=C4)OC)F.[Na+],CC1=C(C(=O)N(C(=O)N1CC2=C(C=CC=C2F)C(F)(F)F)CC(C3=CC=CC=C3)NCCCC(=O)[O-])C4=C(C(=CC=C4)OC)F.[Na+],DQYGXRQUFSRDCH-UQIIZPHYSA-M,Elagolix Sodium
LT03666,Eliglustat tartrate,name,True,Eliglustat tartrate,,,PubChem_name_property,52918379.0,C50H78N4O14,959.2,CCCCCCCC(=O)N[C@H](CN1CCCC1)[C@@H](C2=CC3=C(C=C2)OCCO3)O.CCCCCCCC(=O)N[C@H](CN1CCCC1)[C@@H](C2=CC3=C(C=C2)OCCO3)O.[C@@H]([C@H](C(=O)O)O)(C(=O)O)O,CCCCCCCC(=O)NC(CN1CCCC1)C(C2=CC3=C(C=C2)OCCO3)O.CCCCCCCC(=O)NC(CN1CCCC1)C(C2=CC3=C(C=C2)OCCO3)O.C(C(C(=O)O)O)(C(=O)O)O,KUBARPMUNHKBIQ-VTHUDJRQSA-N,Eliglustat Tartrate
LT00663,Eltrombopag olamine,name,True,Eltrombopag olamine,,,PubChem_name_property,135449331.0,C29H36N6O6,564.6,CC1=C(C=C(C=C1)N2C(=O)C(=C(N2)C)N=NC3=CC=CC(=C3O)C4=CC(=CC=C4)C(=O)O)C.C(CO)N.C(CO)N,CC1=C(C=C(C=C1)N2C(=O)C(=C(N2)C)N=NC3=CC=CC(=C3O)C4=CC(=CC=C4)C(=O)O)C.C(CO)N.C(CO)N,DJMJHIKGMVJYCW-UHFFFAOYSA-N,Eltrombopag olamine
LT03605,Eluxadoline,name,True,Eluxadoline,,,PubChem_name_property,11250029.0,C32H35N5O5,569.6,CC1=CC(=CC(=C1C[C@@H](C(=O)N(CC2=CC(=C(C=C2)OC)C(=O)O)[C@@H](C)C3=NC=C(N3)C4=CC=CC=C4)N)C)C(=O)N,CC1=CC(=CC(=C1CC(C(=O)N(CC2=CC(=C(C=C2)OC)C(=O)O)C(C)C3=NC=C(N3)C4=CC=CC=C4)N)C)C(=O)N,QFNHIDANIVGXPE-FNZWTVRRSA-N,Eluxadoline
LT03667,Empagliflozin,name,True,Empagliflozin,,,PubChem_name_property,11949646.0,C23H27ClO7,450.9,C1COC[C@H]1OC2=CC=C(C=C2)CC3=C(C=CC(=C3)[C@H]4[C@@H]([C@H]([C@@H]([C@H](O4)CO)O)O)O)Cl,C1COCC1OC2=CC=C(C=C2)CC3=C(C=CC(=C3)C4C(C(C(C(O4)CO)O)O)O)Cl,OBWASQILIWPZMG-QZMOQZSNSA-N,Empagliflozin
LT03668,Enasidenib mesylate,name,True,Enasidenib mesylate,,,PubChem_name_property,90480031.0,C20H21F6N7O4S,569.5,CC(C)(CNC1=NC(=NC(=N1)C2=NC(=CC=C2)C(F)(F)F)NC3=CC(=NC=C3)C(F)(F)F)O.CS(=O)(=O)O,CC(C)(CNC1=NC(=NC(=N1)C2=NC(=CC=C2)C(F)(F)F)NC3=CC(=NC=C3)C(F)(F)F)O.CS(=O)(=O)O,ORZHZQZYWXEDDL-UHFFFAOYSA-N,Enasidenib Mesylate
LT03669,Encorafenib,name,True,Encorafenib,,,PubChem_name_property,50922675.0,C22H27ClFN7O4S,540.0,C[C@@H](CNC1=NC=CC(=N1)C2=CN(N=C2C3=C(C(=CC(=C3)Cl)NS(=O)(=O)C)F)C(C)C)NC(=O)OC,CC(C)N1C=C(C(=N1)C2=C(C(=CC(=C2)Cl)NS(=O)(=O)C)F)C3=NC(=NC=C3)NCC(C)NC(=O)OC,CMJCXYNUCSMDBY-ZDUSSCGKSA-N,Encorafenib
LT00954,Enoxaparin sodium,chembl_id,False,CHEMBL1201476,200.0,,,,,,,,,
LT00954,Enoxaparin sodium,name,False,Enoxaparin sodium,,,,,,,,,,
LT00954,Enoxaparin sodium,name,False,Enoxaparin,,,,,,,,,,
LT00954,Enoxaparin sodium,ChEMBL_synonym,False,CHEMBL1201476,,,,,,,,,,
LT03670,Entrectinib,name,True,Entrectinib,,,PubChem_name_property,25141092.0,C31H34F2N6O2,560.6,CN1CCN(CC1)C2=CC(=C(C=C2)C(=O)NC3=NNC4=C3C=C(C=C4)CC5=CC(=CC(=C5)F)F)NC6CCOCC6,CN1CCN(CC1)C2=CC(=C(C=C2)C(=O)NC3=NNC4=C3C=C(C=C4)CC5=CC(=CC(=C5)F)F)NC6CCOCC6,HAYYBYPASCDWEQ-UHFFFAOYSA-N,Entrectinib
LT02444,Enzalutamide,name,True,Enzalutamide,,,PubChem_name_property,15951529.0,C21H16F4N4O2S,464.4,CC1(C(=O)N(C(=S)N1C2=CC(=C(C=C2)C(=O)NC)F)C3=CC(=C(C=C3)C#N)C(F)(F)F)C,CC1(C(=O)N(C(=S)N1C2=CC(=C(C=C2)C(=O)NC)F)C3=CC(=C(C=C3)C#N)C(F)(F)F)C,WXCXUHSOUPDCQV-UHFFFAOYSA-N,Enzalutamide
LT01316,Epoetin alfa,chembl_id,False,CHEMBL1201565,200.0,,,,,,,,,
LT01316,Epoetin alfa,name,True,Epoetin alfa,,,PubChem_name_property,92043599.0,C42H73NO16,848.0,C[C@@H]1C/C=C/C=C/[C@@H]([C@@H](C[C@@H]([C@@H]([C@H]([C@@H](CC(=O)O1)O)OC)O[C@H]2[C@@H]([C@H]([C@@H]([C@H](O2)C)O[C@H]3C[C@@]([C@H]([C@@H](O3)C)O)(C)O)N(C)C)O)CCO)C)O[C@H]4C[C@@]([C@H]([C@@H](O4)C)O)(C)O,CC1CC=CC=CC(C(CC(C(C(C(CC(=O)O1)O)OC)OC2C(C(C(C(O2)C)OC3CC(C(C(O3)C)O)(C)O)N(C)C)O)CCO)C)OC4CC(C(C(O4)C)O)(C)O,CJKGNDLRMLFWEX-IUJNAFBCSA-N,Epoetin Alfa
LT03671,Eravacycline dihydrochloride,name,True,Eravacycline dihydrochloride,,,PubChem_name_property,56951485.0,C27H33Cl2FN4O8,631.5,CN(C)[C@H]1[C@@H]2C[C@@H]3CC4=C(C=C(C(=C4C(=C3C(=O)[C@@]2(C(=C(C1=O)C(=O)N)O)O)O)O)NC(=O)CN5CCCC5)F.Cl.Cl,CN(C)C1C2CC3CC4=C(C=C(C(=C4C(=C3C(=O)C2(C(=C(C1=O)C(=O)N)O)O)O)O)NC(=O)CN5CCCC5)F.Cl.Cl,XIBSSTYDNTVAEU-RZVFYPHASA-N,Eravacycline dihydrochloride
LT03672,Erdafitinib,name,True,Erdafitinib,,,PubChem_name_property,67462786.0,C25H30N6O2,446.5,CC(C)NCCN(C1=CC2=NC(=CN=C2C=C1)C3=CN(N=C3)C)C4=CC(=CC(=C4)OC)OC,CC(C)NCCN(C1=CC2=NC(=CN=C2C=C1)C3=CN(N=C3)C)C4=CC(=CC(=C4)OC)OC,OLAHOMJCDNXHFI-UHFFFAOYSA-N,Erdafitinib
LT02386,Eribulin mesylate,name,True,Eribulin mesylate,,,PubChem_name_property,17755248.0,C41H63NO14S,826.0,C[C@@H]1C[C@@H]2CC[C@H]3C(=C)C[C@@H](O3)CC[C@]45C[C@@H]6[C@H](O4)[C@H]7[C@@H](O6)[C@@H](O5)[C@@H]8[C@@H](O7)CC[C@@H](O8)CC(=O)C[C@H]9[C@H](C[C@H](C1=C)O2)O[C@@H]([C@@H]9OC)C[C@@H](CN)O.CS(=O)(=O)O,CC1CC2CCC3C(=C)CC(O3)CCC45CC6C(O4)C7C(O6)C(O5)C8C(O7)CCC(O8)CC(=O)CC9C(CC(C1=C)O2)OC(C9OC)CC(CN)O.CS(=O)(=O)O,QAMYWGZHLCQOOJ-WRNBYXCMSA-N,Eribulin Mesylate
LT03673,Ertugliflozin,name,True,Ertugliflozin,,,PubChem_name_property,44814423.0,C22H25ClO7,436.9,CCOC1=CC=C(C=C1)CC2=C(C=CC(=C2)[C@@]34[C@@H]([C@H]([C@@H]([C@@](O3)(CO4)CO)O)O)O)Cl,CCOC1=CC=C(C=C1)CC2=C(C=CC(=C2)C34C(C(C(C(O3)(CO4)CO)O)O)O)Cl,MCIACXAZCBVDEE-CUUWFGFTSA-N,Ertugliflozin
LT02330,Erythropoietin,chembl_id,False,CHEMBL1201565,200.0,,,,,,,,,
LT02330,Erythropoietin,name,True,Erythropoietin,,,PubChem_name_property,92043599.0,C42H73NO16,848.0,C[C@@H]1C/C=C/C=C/[C@@H]([C@@H](C[C@@H]([C@@H]([C@H]([C@@H](CC(=O)O1)O)OC)O[C@H]2[C@@H]([C@H]([C@@H]([C@H](O2)C)O[C@H]3C[C@@]([C@H]([C@@H](O3)C)O)(C)O)N(C)C)O)CCO)C)O[C@H]4C[C@@]([C@H]([C@@H](O4)C)O)(C)O,CC1CC=CC=CC(C(CC(C(C(C(CC(=O)O1)O)OC)OC2C(C(C(C(O2)C)OC3CC(C(C(O3)C)O)(C)O)N(C)C)O)CCO)C)OC4CC(C(C(O4)C)O)(C)O,CJKGNDLRMLFWEX-IUJNAFBCSA-N,Epoetin Alfa
LT02881,Eslicarbazepine acetate,name,True,Eslicarbazepine acetate,,,PubChem_name_property,179344.0,C17H16N2O3,296.32,CC(=O)O[C@H]1CC2=CC=CC=C2N(C3=CC=CC=C13)C(=O)N,CC(=O)OC1CC2=CC=CC=C2N(C3=CC=CC=C13)C(=O)N,QIALRBLEEWJACW-INIZCTEOSA-N,Eslicarbazepine Acetate
LT01589,Esomeprazole sodium,name,True,Esomeprazole sodium,,,PubChem_name_property,23674541.0,C17H18N3NaO3S,367.4,CC1=CN=C(C(=C1OC)C)C[S@](=O)C2=NC3=C([N-]2)C=CC(=C3)OC.[Na+],CC1=CN=C(C(=C1OC)C)CS(=O)C2=NC3=C([N-]2)C=CC(=C3)OC.[Na+],RYXPMWYHEBGTRV-JIDHJSLPSA-N,Esomeprazole Sodium
LT02424,"Estrogens, conjugated",chembl_id,False,CHEMBL1201649,200.0,,,,,,,,,
LT02424,"Estrogens, conjugated",name,True,"Estrogens, conjugated",,,PubChem_name_property,45357473.0,C18H21NaO5S,372.4,C[C@]12CCC3C(C1CCC2=O)CCC4=C3C=CC(=C4)OS(=O)(=O)[O-].[Na+],CC12CCC3C(C1CCC2=O)CCC4=C3C=CC(=C4)OS(=O)(=O)[O-].[Na+],VUCAHVBMSFIGAI-TWCWWGPMSA-M,"Estrogens, Conjugated"
LT00677,Estropipate,CAS,True,7280-37-7,,,PubChem_name_property,5284555.0,C22H32N2O5S,436.6,C[C@]12CC[C@H]3[C@H]([C@@H]1CCC2=O)CCC4=C3C=CC(=C4)OS(=O)(=O)O.C1CNCCN1,CC12CCC3C(C1CCC2=O)CCC4=C3C=CC(=C4)OS(=O)(=O)O.C1CNCCN1,HZEQBCVBILBTEP-ZFINNJDLSA-N,Ogen
LT01353,Etanercept,chembl_id,False,CHEMBL1201572,200.0,,,,,,,,,
LT01353,Etanercept,CAS,True,100874-08-6,,,PubChem_name_property,731364.0,C14H10BrNOS,320.21,C1=CC=C2C(=C1)N=C(O2)SCC3=CC=C(C=C3)Br,C1=CC=C2C(=C1)N=C(O2)SCC3=CC=C(C=C3)Br,JDVOIBFEFVKUPL-UHFFFAOYSA-N,2-((4-Bromobenzyl)thio)benzo[d]oxazole
LT03674,Etelcalcetide,name,True,Etelcalcetide,,,PubChem_name_property,71511839.0,C38H73N21O10S2,1048.3,C[C@H](C(=O)N[C@H](CCCN=C(N)N)C(=O)N)NC(=O)[C@@H](CCCN=C(N)N)NC(=O)[C@@H](CCCN=C(N)N)NC(=O)[C@@H](CCCN=C(N)N)NC(=O)[C@@H](C)NC(=O)[C@@H](CSSC[C@@H](C(=O)O)N)NC(=O)C,CC(C(=O)NC(CCCN=C(N)N)C(=O)N)NC(=O)C(CCCN=C(N)N)NC(=O)C(CCCN=C(N)N)NC(=O)C(CCCN=C(N)N)NC(=O)C(C)NC(=O)C(CSSCC(C(=O)O)N)NC(=O)C,ANIAZGVDEUQPRI-ZJQCGQFWSA-N,Etelcalcetide
LT03675,Eteplirsen,name,False,Eteplirsen,,,,,,,,,,
LT03676,Fedratinib hydrochloride,name,True,Fedratinib hydrochloride,,,PubChem_name_property,67517580.0,C27H40Cl2N6O4S,615.6,CC1=CN=C(N=C1NC2=CC(=CC=C2)S(=O)(=O)NC(C)(C)C)NC3=CC=C(C=C3)OCCN4CCCC4.O.Cl.Cl,CC1=CN=C(N=C1NC2=CC(=CC=C2)S(=O)(=O)NC(C)(C)C)NC3=CC=C(C=C3)OCCN4CCCC4.O.Cl.Cl,QAFZLTVOFJHYDF-UHFFFAOYSA-N,Fedratinib Hydrochloride
LT03677,Ferric maltol,name,True,Ferric maltol,,,PubChem_name_property,169535.0,C18H15FeO9,431.2,CC1=C(C(=O)C=CO1)[O-].CC1=C(C(=O)C=CO1)[O-].CC1=C(C(=O)C=CO1)[O-].[Fe+3],CC1=C(C(=O)C=CO1)[O-].CC1=C(C(=O)C=CO1)[O-].CC1=C(C(=O)C=CO1)[O-].[Fe+3],AHPWLYJHTFAWKI-UHFFFAOYSA-K,Ferric Maltol
LT00967,Ferumoxides,chembl_id,False,CHEMBL1201502,200.0,,,,,,,,,
LT00967,Ferumoxides,name,False,Ferumoxides,,,,,,,,,,
LT00967,Ferumoxides,ChEMBL_synonym,False,CHEMBL1201502,,,,,,,,,,
LT00966,Ferumoxsil,chembl_id,False,CHEMBL1201503,200.0,,,,,,,,,
LT00966,Ferumoxsil,name,False,Ferumoxsil,,,,,,,,,,
LT00966,Ferumoxsil,ChEMBL_synonym,False,CHEMBL1201503,,,,,,,,,,
LT00650,Ferumoxytol,chembl_id,False,CHEMBL1201867,200.0,,,,,,,,,
LT00650,Ferumoxytol,name,True,Ferumoxytol,,,PubChem_name_property,6432052.0,Fe3O4,231.53,[O-2].[O-2].[O-2].[O-2].[Fe+2].[Fe+3].[Fe+3],[O-2].[O-2].[O-2].[O-2].[Fe+2].[Fe+3].[Fe+3],WTFXARWRTYJXII-UHFFFAOYSA-N,Ferumoxytol
LT03678,Fexinidazole,name,True,Fexinidazole,,,PubChem_name_property,68792.0,C12H13N3O3S,279.32,CN1C(=CN=C1COC2=CC=C(C=C2)SC)[N+](=O)[O-],CN1C(=CN=C1COC2=CC=C(C=C2)SC)[N+](=O)[O-],MIWWSGDADVMLTG-UHFFFAOYSA-N,Fexinidazole
LT02357,Fidaxomicin,name,True,Fidaxomicin,,,PubChem_name_property,10034073.0,C52H74Cl2O18,1058.0,CC[C@H]1/C=C(/[C@H](C/C=C/C=C(/C(=O)O[C@@H](C/C=C(/C=C(/[C@@H]1O[C@H]2[C@H]([C@H]([C@@H](C(O2)(C)C)OC(=O)C(C)C)O)O)\C)\C)[C@@H](C)O)\CO[C@H]3[C@H]([C@H]([C@@H]([C@H](O3)C)OC(=O)C4=C(C(=C(C(=C4O)Cl)O)Cl)CC)O)OC)O)\C,CCC1C=C(C(CC=CC=C(C(=O)OC(CC=C(C=C(C1OC2C(C(C(C(O2)(C)C)OC(=O)C(C)C)O)O)C)C)C(C)O)COC3C(C(C(C(O3)C)OC(=O)C4=C(C(=C(C(=C4O)Cl)O)Cl)CC)O)OC)O)C,ZVGNESXIJDCBKN-UUEYKCAUSA-N,Fidaxomicin
LT01320,Filgrastim,chembl_id,False,CHEMBL1201567,200.0,,,,,,,,,
LT01320,Filgrastim,name,False,Filgrastim,,,,,,,,,,
LT01320,Filgrastim,ChEMBL_synonym,False,CHEMBL1201567,,,,,,,,,,
LT03679,Finerenone,name,True,Finerenone,,,PubChem_name_property,60150535.0,C21H22N4O3,378.4,CCOC1=NC=C(C2=C1[C@@H](C(=C(N2)C)C(=O)N)C3=C(C=C(C=C3)C#N)OC)C,CCOC1=NC=C(C2=C1C(C(=C(N2)C)C(=O)N)C3=C(C=C(C=C3)C#N)OC)C,BTBHLEZXCOBLCY-QGZVFWFLSA-N,Finerenone
LT02342,Fingolimod hydrochloride,name,True,Fingolimod hydrochloride,,,PubChem_name_property,107969.0,C19H34ClNO2,343.9,CCCCCCCCC1=CC=C(C=C1)CCC(CO)(CO)N.Cl,CCCCCCCCC1=CC=C(C=C1)CCC(CO)(CO)N.Cl,SWZTYAVBMYWFGS-UHFFFAOYSA-N,Fingolimod Hydrochloride
LT03680,Flibanserin,name,True,Flibanserin,,,PubChem_name_property,6918248.0,C20H21F3N4O,390.4,C1CN(CCN1CCN2C3=CC=CC=C3NC2=O)C4=CC=CC(=C4)C(F)(F)F,C1CN(CCN1CCN2C3=CC=CC=C3NC2=O)C4=CC=CC(=C4)C(F)(F)F,PPRRDFIXUUSXRA-UHFFFAOYSA-N,Flibanserin
LT03903,Florbetaben f-18,name,True,Florbetaben f-18,,,PubChem_name_property,11501341.0,C21H26FNO3,358.4,CNC1=CC=C(C=C1)/C=C/C2=CC=C(C=C2)OCCOCCOCC[18F],CNC1=CC=C(C=C1)C=CC2=CC=C(C=C2)OCCOCCOCCF,NCWZOASIUQVOFA-FWZJPQCDSA-N,Florbetaben (18F)
LT03904,Florbetapir f-18,name,True,Florbetapir f-18,,,PubChem_name_property,24822371.0,C20H25FN2O3,359.4,CNC1=CC=C(C=C1)/C=C/C2=CN=C(C=C2)OCCOCCOCC[18F],CNC1=CC=C(C=C1)C=CC2=CN=C(C=C2)OCCOCCOCCF,YNDIAUKFXKEXSV-CRYLGTRXSA-N,Florbetapir F-18
LT03905,Flortaucipir f-18,name,True,Flortaucipir f-18,,,PubChem_name_property,70957463.0,C16H10FN3,262.27,C1=CC2=C(C=C1C3=CN=C(C=C3)[18F])NC4=C2C=NC=C4,C1=CC2=C(C=C1C3=CN=C(C=C3)F)NC4=C2C=NC=C4,GETAAWDSFUCLBS-SJPDSGJFSA-N,Flortaucipir F-18
LT03906,Fluciclovine f-18,name,True,Fluciclovine f-18,,,PubChem_name_property,450601.0,C5H8FNO2,132.12,C1C(CC1(C(=O)O)N)[18F],C1C(CC1(C(=O)O)N)F,NTEDWGYJNHZKQW-KWCOIAHCSA-N,Fluciclovine (18F)
LT03907,Fluorodopa f-18,name,True,Fluorodopa f-18,,,PubChem_name_property,56494.0,C9H10FNO4,214.18,C1=C(C(=CC(=C1O)O)[18F])C[C@@H](C(=O)O)N,C1=C(C(=CC(=C1O)O)F)CC(C(=O)O)N,PAXWQORCRCBOCU-RPDRGXCHSA-N,6-(18F)fluoro-L-DOPA
LT03908,Fluoroestradiol f-18,name,True,Fluoroestradiol f-18,,,PubChem_name_property,10869981.0,C18H23FO2,289.4,C[C@]12CC[C@H]3[C@H]([C@@H]1C[C@H]([C@@H]2O)[18F])CCC4=C3C=CC(=C4)O,CC12CCC3C(C1CC(C2O)F)CCC4=C3C=CC(=C4)O,KDLLNMRYZGUVMA-ZYMZXAKXSA-N,Fluoroestradiol F-18
LT03909,Flutemetamol f-18,name,True,Flutemetamol f-18,,,PubChem_name_property,15950376.0,C14H11FN2OS,273.32,CNC1=C(C=C(C=C1)C2=NC3=C(S2)C=C(C=C3)O)[18F],CNC1=C(C=C(C=C1)C2=NC3=C(S2)C=C(C=C3)O)F,VVECGOCJFKTUAX-HUYCHCPVSA-N,Flutemetamol F-18
LT01953,Follitropin alfa/beta,chembl_id,False,CHEMBL1201692,200.0,,,,,,,,,
LT01953,Follitropin alfa/beta,name,False,Follitropin alfa/beta,,,,,,,,,,
LT01953,Follitropin alfa/beta,ChEMBL_synonym,False,CHEMBL1201692,,,,,,,,,,
LT01125,Fondaparinux sodium,CAS,True,114870-03-0,,,PubChem_name_property,636380.0,C31H43N3Na10O49S8,1728.1,CO[C@@H]1[C@@H]([C@H]([C@@H]([C@H](O1)COS(=O)(=O)[O-])O[C@H]2[C@@H]([C@H]([C@@H]([C@@H](O2)C(=O)[O-])O[C@@H]3[C@@H]([C@H]([C@@H]([C@H](O3)COS(=O)(=O)[O-])O[C@H]4[C@@H]([C@H]([C@@H]([C@H](O4)C(=O)[O-])O[C@@H]5[C@@H]([C@H]([C@@H]([C@H](O5)COS(=O)(=O)[O-])O)O)NS(=O)(=O)[O-])O)O)OS(=O)(=O)[O-])NS(=O)(=O)[O-])O)OS(=O)(=O)[O-])O)NS(=O)(=O)[O-].[Na+].[Na+].[Na+].[Na+].[Na+].[Na+].[Na+].[Na+].[Na+].[Na+],COC1C(C(C(C(O1)COS(=O)(=O)[O-])OC2C(C(C(C(O2)C(=O)[O-])OC3C(C(C(C(O3)COS(=O)(=O)[O-])OC4C(C(C(C(O4)C(=O)[O-])OC5C(C(C(C(O5)COS(=O)(=O)[O-])O)O)NS(=O)(=O)[O-])O)O)OS(=O)(=O)[O-])NS(=O)(=O)[O-])O)OS(=O)(=O)[O-])O)NS(=O)(=O)[O-].[Na+].[Na+].[Na+].[Na+].[Na+].[Na+].[Na+].[Na+].[Na+].[Na+],XEKSTYNIJLDDAZ-JASSWCPGSA-D,Fondaparinux Sodium
LT03681,Fosdenopterin hydrobromide,name,True,Fosdenopterin hydrobromide,,,PubChem_name_property,145722612.0,C10H19BrN5O10P,480.16,C1[C@@H]2[C@@H](C([C@H]3[C@@H](O2)NC4=C(N3)C(=O)NC(=N4)N)(O)O)OP(=O)(O1)O.O.O.Br,C1C2C(C(C3C(O2)NC4=C(N3)C(=O)NC(=N4)N)(O)O)OP(=O)(O1)O.O.O.Br,GGLKTKQOHMCQHF-UNHNTEMGSA-N,Fosdenopterin Hydrobromide
LT03682,Fostamatinib disodium,name,True,Fostamatinib disodium,,,PubChem_name_property,24828759.0,C23H36FN6Na2O15P,732.5,CC1(C(=O)N(C2=C(O1)C=CC(=N2)NC3=NC(=NC=C3F)NC4=CC(=C(C(=C4)OC)OC)OC)COP(=O)([O-])[O-])C.O.O.O.O.O.O.[Na+].[Na+],CC1(C(=O)N(C2=C(O1)C=CC(=N2)NC3=NC(=NC=C3F)NC4=CC(=C(C(=C4)OC)OC)OC)COP(=O)([O-])[O-])C.O.O.O.O.O.O.[Na+].[Na+],ZQGJCHHKJNSPMS-UHFFFAOYSA-L,Fostamatinib Disodium
LT03683,Fostemsavir tromethamine,name,True,Fostemsavir tromethamine,,,PubChem_name_property,46892186.0,C29H37N8O11P,704.6,CC1=NN(C=N1)C2=NC=C(C3=C2N(C=C3C(=O)C(=O)N4CCN(CC4)C(=O)C5=CC=CC=C5)COP(=O)(O)O)OC.C(C(CO)(CO)N)O,CC1=NN(C=N1)C2=NC=C(C3=C2N(C=C3C(=O)C(=O)N4CCN(CC4)C(=O)C5=CC=CC=C5)COP(=O)(O)O)OC.C(C(CO)(CO)N)O,RRGJSMBMTOKHTE-UHFFFAOYSA-N,Fostemsavir Tromethamine
LT01127,Gadobenate dimeglumine,chembl_id,False,CHEMBL1200571,200.0,,,,,,,,,
LT01127,Gadobenate dimeglumine,name,True,Gadobenate dimeglumine,,,PubChem_name_property,6918204.0,C36H62GdN5O21,1058.1,CNC[C@@H]([C@H]([C@@H]([C@@H](CO)O)O)O)O.CNC[C@@H]([C@H]([C@@H]([C@@H](CO)O)O)O)O.C1=CC=C(C=C1)COCC(C(=O)[O-])N(CCN(CCN(CC(=O)O)CC(=O)[O-])CC(=O)[O-])CC(=O)O.[Gd+3],CNCC(C(C(C(CO)O)O)O)O.CNCC(C(C(C(CO)O)O)O)O.C1=CC=C(C=C1)COCC(C(=O)[O-])N(CCN(CCN(CC(=O)O)CC(=O)[O-])CC(=O)[O-])CC(=O)O.[Gd+3],OCDAWJYGVOLXGZ-VPVMAENOSA-K,Gadobenate Dimeglumine
LT02336,Gadobutrol,name,True,Gadobutrol,,,PubChem_name_property,6102852.0,C18H31GdN4O9,604.7,C1CN(CCN(CCN(CCN1CC(=O)[O-])CC(=O)[O-])[C@H](CO)[C@@H](CO)O)CC(=O)[O-].[Gd+3],C1CN(CCN(CCN(CCN1CC(=O)[O-])CC(=O)[O-])C(CO)C(CO)O)CC(=O)[O-].[Gd+3],ZPDFIIGFYAHNSK-CTHHTMFSSA-K,Gadobutrol
LT00951,Gadodiamide,chembl_id,False,CHEMBL1200346,200.0,,,,,,,,,
LT00951,Gadodiamide,CAS,True,122795-43-1,,,PubChem_name_property,60754.0,C16H28GdN5O9,591.67,CNC(=O)CN(CCN(CCN(CC(=O)NC)CC(=O)[O-])CC(=O)[O-])CC(=O)[O-].O.[Gd+3],CNC(=O)CN(CCN(CCN(CC(=O)NC)CC(=O)[O-])CC(=O)[O-])CC(=O)[O-].O.[Gd+3],XPCLDSMKWNNKOM-UHFFFAOYSA-K,Omniscan
LT00528,Gadofosveset trisodium,name,True,Gadofosveset trisodium,,,PubChem_name_property,73049652.0,C33H38GdN3Na3O14P,957.9,C1CC(CCC1OP(=O)([O-])OCC(CN(CCN(CC(=O)[O-])CC(=O)[O-])CC(=O)[O-])N(CC(=O)[O-])CC(=O)[O-])(C2=CC=CC=C2)C3=CC=CC=C3.[Na+].[Na+].[Na+].[Gd+3],C1CC(CCC1OP(=O)([O-])OCC(CN(CCN(CC(=O)[O-])CC(=O)[O-])CC(=O)[O-])N(CC(=O)[O-])CC(=O)[O-])(C2=CC=CC=C2)C3=CC=CC=C3.[Na+].[Na+].[Na+].[Gd+3],XGOSYNSWSRUASG-UHFFFAOYSA-H,Gadofosveset Trisodium
LT00935,Gadopentetate dimeglumine,chembl_id,False,CHEMBL1200431,200.0,,,,,,,,,
LT00935,Gadopentetate dimeglumine,CAS,True,86050-77-3,,,PubChem_name_property,55466.0,C28H54GdN5O20,938.0,CNC[C@@H]([C@H]([C@@H]([C@@H](CO)O)O)O)O.CNC[C@@H]([C@H]([C@@H]([C@@H](CO)O)O)O)O.C(CN(CC(=O)O)CC(=O)[O-])N(CCN(CC(=O)O)CC(=O)[O-])CC(=O)[O-].[Gd+3],CNCC(C(C(C(CO)O)O)O)O.CNCC(C(C(C(CO)O)O)O)O.C(CN(CC(=O)O)CC(=O)[O-])N(CCN(CC(=O)O)CC(=O)[O-])CC(=O)[O-].[Gd+3],LGMLJQFQKXPRGA-VPVMAENOSA-K,Gadopentetate Dimeglumine
LT02876,Gadoterate meglumine,name,True,Gadoterate meglumine,,,PubChem_name_property,6918037.0,C23H42GdN5O13,753.9,CNC[C@@H]([C@H]([C@@H]([C@@H](CO)O)O)O)O.C1CN(CCN(CCN(CCN1CC(=O)O)CC(=O)[O-])CC(=O)[O-])CC(=O)[O-].[Gd+3],CNCC(C(C(C(CO)O)O)O)O.C1CN(CCN(CCN(CCN1CC(=O)O)CC(=O)[O-])CC(=O)[O-])CC(=O)[O-].[Gd+3],RYHQMKVRYNEBNJ-BMWGJIJESA-K,Gadoterate Meglumine
LT00952,Gadoteridol,chembl_id,False,CHEMBL1200593,200.0,,,,,,,,,
LT00952,Gadoteridol,CAS,True,120066-54-8,,,PubChem_name_property,60714.0,C17H29GdN4O7,558.7,CC(CN1CCN(CCN(CCN(CC1)CC(=O)[O-])CC(=O)[O-])CC(=O)[O-])O.[Gd+3],CC(CN1CCN(CCN(CCN(CC1)CC(=O)[O-])CC(=O)[O-])CC(=O)[O-])O.[Gd+3],DPNNNPAKRZOSMO-UHFFFAOYSA-K,Gadoteridol
LT01044,Gadoversetamide,chembl_id,False,CHEMBL1200457,200.0,,,,,,,,,
LT01044,Gadoversetamide,CAS,True,131069-91-5,,,PubChem_name_property,444013.0,C20H34GdN5O10,661.8,COCCNC(=O)CN(CCN(CCN(CC(=O)NCCOC)CC(=O)[O-])CC(=O)[O-])CC(=O)[O-].[Gd+3],COCCNC(=O)CN(CCN(CCN(CC(=O)NCCOC)CC(=O)[O-])CC(=O)[O-])CC(=O)[O-].[Gd+3],HBEAOBRDTOXWRZ-UHFFFAOYSA-K,Gadoversetamide
LT02404,Gadoxetate disodium,name,True,Gadoxetate disodium,,,PubChem_name_property,91754427.0,C23H28GdN3Na2O11,725.7,CCOC1=CC=C(C=C1)CC(CN(CCN(CC(=O)[O-])CC(=O)[O-])CC(=O)[O-])N(CC(=O)[O-])CC(=O)[O-].[Na+].[Na+].[Gd+3],CCOC1=CC=C(C=C1)CC(CN(CCN(CC(=O)[O-])CC(=O)[O-])CC(=O)[O-])N(CC(=O)[O-])CC(=O)[O-].[Na+].[Na+].[Gd+3],SLYTULCOCGSBBJ-UHFFFAOYSA-I,Gadoxetate Disodium
LT03901,Gallium dotatate ga-68,name,True,Gallium dotatate ga-68,,,PubChem_name_property,131634491.0,C65H87GaN14O19S2,1500.5,C[C@H]([C@H]1C(=O)N[C@@H](CSSC[C@@H](C(=O)N[C@H](C(=O)N[C@@H](C(=O)N[C@H](C(=O)N1)CCCCN)CC2=CNC3=CC=CC=C32)CC4=CC=C(C=C4)O)NC(=O)[C@@H](CC5=CC=CC=C5)NC(=O)CN6CCN(CCN(CCN(CC6)CC(=O)[O-])CC(=O)[O-])CC(=O)[O-])C(=O)N[C@@H]([C@@H](C)O)C(=O)O)O.[68Ga+3],CC(C1C(=O)NC(CSSCC(C(=O)NC(C(=O)NC(C(=O)NC(C(=O)N1)CCCCN)CC2=CNC3=CC=CC=C32)CC4=CC=C(C=C4)O)NC(=O)C(CC5=CC=CC=C5)NC(=O)CN6CCN(CCN(CCN(CC6)CC(=O)[O-])CC(=O)[O-])CC(=O)[O-])C(=O)NC(C(C)O)C(=O)O)O.[Ga+3],XBJPSVQFCQFGDC-WSCOIBMGSA-K,68Ga-DOTATATE
LT03902,Gallium ga-68 edotreotide,name,True,Gallium ga-68 edotreotide,,,PubChem_name_property,71661158.0,C65H89GaN14O18S2,1486.5,C[C@H]([C@H]1C(=O)N[C@@H](CSSC[C@@H](C(=O)N[C@H](C(=O)N[C@@H](C(=O)N[C@H](C(=O)N1)CCCCN)CC2=CNC3=CC=CC=C32)CC4=CC=C(C=C4)O)NC(=O)[C@@H](CC5=CC=CC=C5)NC(=O)CN6CCN(CCN(CCN(CC6)CC(=O)[O-])CC(=O)[O-])CC(=O)[O-])C(=O)N[C@H](CO)[C@@H](C)O)O.[68Ga+3],CC(C1C(=O)NC(CSSCC(C(=O)NC(C(=O)NC(C(=O)NC(C(=O)N1)CCCCN)CC2=CNC3=CC=CC=C32)CC4=CC=C(C=C4)O)NC(=O)C(CC5=CC=CC=C5)NC(=O)CN6CCN(CCN(CCN(CC6)CC(=O)[O-])CC(=O)[O-])CC(=O)[O-])C(=O)NC(CO)C(C)O)O.[Ga+3],PZBPHYLKIMOZPR-FIYGWYQWSA-K,Edotreotide Gallium Ga-68
LT03910,Gallium ga-68 gozetotide,name,True,Gallium ga-68 gozetotide,,,PubChem_name_property,154572876.0,C44H59GaN6O17,1011.9,[H+].C1=CC(=C(C=C1CCC(=O)NCCCCCC(=O)NCCCC[C@@H](C(=O)O)NC(=O)N[C@@H](CCC(=O)O)C(=O)O)CN(CCN(CC2=C(C=CC(=C2)CCC(=O)O)[O-])CC(=O)[O-])CC(=O)[O-])[O-].[68Ga+3],[H+].C1=CC(=C(C=C1CCC(=O)NCCCCCC(=O)NCCCCC(C(=O)O)NC(=O)NC(CCC(=O)O)C(=O)O)CN(CCN(CC2=C(C=CC(=C2)CCC(=O)O)[O-])CC(=O)[O-])CC(=O)[O-])[O-].[Ga+3],AEBYHKKMCWUMKX-LNTZDJBBSA-K,Gallium Ga-68 gozetotide
LT02064,Gallium nitrate,chembl_id,False,CHEMBL1200983,200.0,,,,,,,,,
LT02064,Gallium nitrate,name,True,Gallium nitrate,,,PubChem_name_property,61635.0,GaN3O9,255.74,[N+](=O)([O-])[O-].[N+](=O)([O-])[O-].[N+](=O)([O-])[O-].[Ga+3],[N+](=O)([O-])[O-].[N+](=O)([O-])[O-].[N+](=O)([O-])[O-].[Ga+3],CHPZKNULDCNCBW-UHFFFAOYSA-N,Gallium nitrate
LT01401,Galsulfase,chembl_id,False,CHEMBL1201822,200.0,,,,,,,,,
LT01401,Galsulfase,name,False,Galsulfase,,,,,,,,,,
LT01401,Galsulfase,ChEMBL_synonym,False,CHEMBL1201822,,,,,,,,,,
LT00477,Gemtuzumab ozogamicin,chembl_id,False,CHEMBL1201506,200.0,,,,,,,,,
LT00477,Gemtuzumab ozogamicin,name,False,Gemtuzumab ozogamicin,,,,,,,,,,
LT00477,Gemtuzumab ozogamicin,ChEMBL_synonym,False,CHEMBL1201506,,,,,,,,,,
LT03685,Gilteritinib fumarate,name,True,Gilteritinib fumarate,,,PubChem_name_property,76970819.0,C62H92N16O10,1221.5,CCC1=C(N=C(C(=N1)C(=O)N)NC2=CC(=C(C=C2)N3CCC(CC3)N4CCN(CC4)C)OC)NC5CCOCC5.CCC1=C(N=C(C(=N1)C(=O)N)NC2=CC(=C(C=C2)N3CCC(CC3)N4CCN(CC4)C)OC)NC5CCOCC5.C(=C/C(=O)O)\C(=O)O,CCC1=C(N=C(C(=N1)C(=O)N)NC2=CC(=C(C=C2)N3CCC(CC3)N4CCN(CC4)C)OC)NC5CCOCC5.CCC1=C(N=C(C(=N1)C(=O)N)NC2=CC(=C(C=C2)N3CCC(CC3)N4CCN(CC4)C)OC)NC5CCOCC5.C(=CC(=O)O)C(=O)O,UJOUWHLYTQFUCU-WXXKFALUSA-N,Gilteritinib Fumarate
LT03686,Givosiran sodium,name,False,Givosiran sodium,,,,,,,,,,
LT03686,Givosiran sodium,name,False,Givosiran,,,,,,,,,,
LT03687,Glasdegib maleate,name,True,Glasdegib maleate,,,PubChem_name_property,122640033.0,C25H26N6O5,490.5,CN1CC[C@H](C[C@@H]1C2=NC3=CC=CC=C3N2)NC(=O)NC4=CC=C(C=C4)C#N.C(=C\C(=O)O)\C(=O)O,CN1CCC(CC1C2=NC3=CC=CC=C3N2)NC(=O)NC4=CC=C(C=C4)C#N.C(=CC(=O)O)C(=O)O,VJCVKWFBWAVYOC-UIXXXISESA-N,Glasdegib Maleate
LT00985,Glatiramer acetate,chembl_id,False,CHEMBL1201507,200.0,,,,,,,,,
LT00985,Glatiramer acetate,CAS,False,147245-92-9,,,,,,,,,,
LT00985,Glatiramer acetate,name,False,Glatiramer acetate,,,,,,,,,,
LT00985,Glatiramer acetate,name,False,Glatiramer,,,,,,,,,,
LT00985,Glatiramer acetate,ChEMBL_synonym,False,CHEMBL1201507,,,,,,,,,,
LT00836,Glycopyrrolate,CAS,True,596-51-0,,,PubChem_name_property,11693.0,C19H28BrNO3,398.3,C[N+]1(CCC(C1)OC(=O)C(C2CCCC2)(C3=CC=CC=C3)O)C.[Br-],C[N+]1(CCC(C1)OC(=O)C(C2CCCC2)(C3=CC=CC=C3)O)C.[Br-],VPNYRYCIDCJBOM-UHFFFAOYSA-M,Glycopyrrolate
LT01419,Golimumab,chembl_id,False,CHEMBL1201833,200.0,,,,,,,,,
LT01419,Golimumab,name,False,Golimumab,,,,,,,,,,
LT01419,Golimumab,ChEMBL_synonym,False,CHEMBL1201833,,,,,,,,,,
LT03688,Golodirsen,name,False,Golodirsen,,,,,,,,,,
LT01426,Heparin sodium,chembl_id,False,CHEMBL1201657,200.0,,,,,,,,,
LT01426,Heparin sodium,CAS,False,9041-08-01 00:00:00,,,,,,,,,,
LT01426,Heparin sodium,name,True,Heparin sodium,,,PubChem_name_property,92044406.0,C26H42N2NaO37S5+,1157.9,CC(=O)NC1C(C(C(OC1O)COS(=O)(=O)O)OC2C(C(C(C(O2)C(=O)O)OC3C(C(C(C(O3)CO)OC4C(C(C(C(O4)C(=O)O)O)O)OS(=O)(=O)O)OS(=O)(=O)O)NS(=O)(=O)O)O)OS(=O)(=O)O)O.[Na+],CC(=O)NC1C(C(C(OC1O)COS(=O)(=O)O)OC2C(C(C(C(O2)C(=O)O)OC3C(C(C(C(O3)CO)OC4C(C(C(C(O4)C(=O)O)O)O)OS(=O)(=O)O)OS(=O)(=O)O)NS(=O)(=O)O)O)OS(=O)(=O)O)O.[Na+],JRTRSJGZMRQDHI-UHFFFAOYSA-N,"Sodium 6-[6-[6-[5-acetamido-4,6-dihydroxy-2-(sulfooxymethyl)oxan-3-yl]oxy-2-carboxy-4-hydroxy-5-sulfooxyoxan-3-yl]oxy-2-(hydroxymethyl)-5-(sulfoamino)-4-sulfooxyoxan-3-yl]oxy-3,4-dihydroxy-5-sulfooxyoxane-2-carboxylic acid"
LT02382,Hetastarch,chembl_id,False,CHEMBL2108448,200.0,,,,,,,,,
LT02382,Hetastarch,name,False,Hetastarch,,,,,,,,,,
LT02382,Hetastarch,ChEMBL_synonym,False,CHEMBL2108448,,,,,,,,,,
LT00706,Histamine phosphate,CAS,True,51-74-1,,,PubChem_name_property,65513.0,C5H15N3O8P2,307.14,C1=C(NC=N1)CCN.OP(=O)(O)O.OP(=O)(O)O,C1=C(NC=N1)CCN.OP(=O)(O)O.OP(=O)(O)O,ZHIBQGJKHVBLJJ-UHFFFAOYSA-N,Histamine Phosphate
LT00426,Histrelin acetate,name,True,Histrelin acetate,,,PubChem_name_property,56927879.0,C70H94N18O16,1443.6,CCNC(=O)[C@@H]1CCCN1C(=O)[C@H](CCCN=C(N)N)NC(=O)[C@H](CC(C)C)NC(=O)[C@@H](CC2=CN(C=N2)CC3=CC=CC=C3)NC(=O)[C@H](CC4=CC=C(C=C4)O)NC(=O)[C@H](CO)NC(=O)[C@H](CC5=CNC6=CC=CC=C65)NC(=O)[C@H](CC7=CN=CN7)NC(=O)[C@@H]8CCC(=O)N8.CC(=O)O.CC(=O)O,CCNC(=O)C1CCCN1C(=O)C(CCCN=C(N)N)NC(=O)C(CC(C)C)NC(=O)C(CC2=CN(C=N2)CC3=CC=CC=C3)NC(=O)C(CC4=CC=C(C=C4)O)NC(=O)C(CO)NC(=O)C(CC5=CNC6=CC=CC=C65)NC(=O)C(CC7=CN=CN7)NC(=O)C8CCC(=O)N8.CC(=O)O.CC(=O)O,BKEMVGVBBDMHKL-VYFXDUNUSA-N,Histrelin Acetate
LT00725,Hyaluronidase,chembl_id,False,CHEMBL1201636,200.0,,,,,,,,,
LT00725,Hyaluronidase,name,False,Hyaluronidase,,,,,,,,,,
LT00725,Hyaluronidase,ChEMBL_synonym,False,CHEMBL1201636,,,,,,,,,,
LT02913,Hyaluronidase recombinant human,chembl_id,False,CHEMBL1201718,200.0,,,,,,,,,
LT02913,Hyaluronidase recombinant human,name,False,Hyaluronidase recombinant human,,,,,,,,,,
LT02913,Hyaluronidase recombinant human,ChEMBL_synonym,False,CHEMBL1201718,,,,,,,,,,
LT01258,Hydroxocobalamin,chembl_id,False,CHEMBL2103737,200.0,,,,,,,,,
LT01258,Hydroxocobalamin,name,True,Hydroxocobalamin,,,PubChem_name_property,44475014.0,C62H89CoN13O15P,1346.4,CC1=CC2=C(C=C1C)N(C=N2)[C@@H]3[C@@H]([C@@H]([C@H](O3)CO)OP(=O)([O-])O[C@H](C)CNC(=O)CC[C@@]\4([C@H]([C@@H]5[C@]6([C@@]([C@@H](C(=N6)/C(=C\7/[C@@]([C@@H](C(=N7)/C=C\8/C([C@@H](C(=N8)/C(=C4\[N-]5)/C)CCC(=O)N)(C)C)CCC(=O)N)(C)CC(=O)N)/C)CCC(=O)N)(C)CC(=O)N)C)CC(=O)N)C)O.[OH-].[Co+3],CC1=CC2=C(C=C1C)N(C=N2)C3C(C(C(O3)CO)OP(=O)([O-])OC(C)CNC(=O)CCC4(C(C5C6(C(C(C(=N6)C(=C7C(C(C(=N7)C=C8C(C(C(=N8)C(=C4[N-]5)C)CCC(=O)N)(C)C)CCC(=O)N)(C)CC(=O)N)C)CCC(=O)N)(C)CC(=O)N)C)CC(=O)N)C)O.[OH-].[Co+3],YOZNUFWCRFCGIH-WZHZPDAFSA-K,Hydroxocobalamin
LT03689,Ibrexafungerp citrate,name,True,Ibrexafungerp citrate,,,PubChem_name_property,137552087.0,C50H75N5O11,922.2,C[C@H](C(C)C)[C@]1(CC[C@@]2([C@H]3CC[C@H]4[C@]5(COC[C@]4(C3=CC[C@]2([C@@H]1C(=O)O)C)C[C@H]([C@@H]5OC[C@@](C)(C(C)(C)C)N)N6C(=NC=N6)C7=CC=NC=C7)C)C)C.C(C(=O)O)C(CC(=O)O)(C(=O)O)O,CC(C)C(C)C1(CCC2(C3CCC4C5(COCC4(C3=CCC2(C1C(=O)O)C)CC(C5OCC(C)(C(C)(C)C)N)N6C(=NC=N6)C7=CC=NC=C7)C)C)C.C(C(=O)O)C(CC(=O)O)(C(=O)O)O,WKIRTJACGBEXBZ-FQGZCCSZSA-N,Ibrexafungerp Citrate
LT01378,Ibritumomab tiuxetan,chembl_id,False,CHEMBL1201606,200.0,,,,,,,,,
LT01378,Ibritumomab tiuxetan,name,False,Ibritumomab tiuxetan,,,,,,,,,,
LT01378,Ibritumomab tiuxetan,ChEMBL_synonym,False,CHEMBL1201606,,,,,,,,,,
LT02898,Ibrutinib,name,True,Ibrutinib,,,PubChem_name_property,24821094.0,C25H24N6O2,440.5,C=CC(=O)N1CCC[C@H](C1)N2C3=NC=NC(=C3C(=N2)C4=CC=C(C=C4)OC5=CC=CC=C5)N,C=CC(=O)N1CCCC(C1)N2C3=NC=NC(=C3C(=N2)C4=CC=C(C=C4)OC5=CC=CC=C5)N,XYFPWWZEPKGCCK-GOSISDBHSA-N,Ibrutinib
LT01784,Icatibant acetate,name,True,Icatibant acetate,,,PubChem_name_property,6918172.0,C61H93N19O15S,1364.6,CC(=O)O.C1CC[C@H]2[C@@H](C1)C[C@H](N2C(=O)[C@H]3CC4=CC=CC=C4CN3C(=O)[C@H](CO)NC(=O)[C@H](CC5=CC=CS5)NC(=O)CNC(=O)[C@@H]6C[C@H](CN6C(=O)[C@@H]7CCCN7C(=O)[C@H](CCCN=C(N)N)NC(=O)[C@@H](CCCN=C(N)N)N)O)C(=O)N[C@@H](CCCN=C(N)N)C(=O)O,CC(=O)O.C1CCC2C(C1)CC(N2C(=O)C3CC4=CC=CC=C4CN3C(=O)C(CO)NC(=O)C(CC5=CC=CS5)NC(=O)CNC(=O)C6CC(CN6C(=O)C7CCCN7C(=O)C(CCCN=C(N)N)NC(=O)C(CCCN=C(N)N)N)O)C(=O)NC(CCCN=C(N)N)C(=O)O,HKMZRZUEADSZDQ-DZJWSCHMSA-N,Icatibant Acetate
LT03610,Idelalisib,name,True,Idelalisib,,,PubChem_name_property,11625818.0,C22H18FN7O,415.4,CC[C@@H](C1=NC2=C(C(=CC=C2)F)C(=O)N1C3=CC=CC=C3)NC4=NC=NC5=C4NC=N5,CCC(C1=NC2=C(C(=CC=C2)F)C(=O)N1C3=CC=CC=C3)NC4=NC=NC5=C4NC=N5,IFSDAJWBUCMOAH-HNNXBMFYSA-N,Idelalisib
LT01409,Idursulfase,chembl_id,False,CHEMBL1201826,200.0,,,,,,,,,
LT01409,Idursulfase,name,False,Idursulfase,,,,,,,,,,
LT01409,Idursulfase,ChEMBL_synonym,False,CHEMBL1201826,,,,,,,,,,
LT02384,Imiglucerase,chembl_id,False,CHEMBL1201632,200.0,,,,,,,,,
LT02384,Imiglucerase,name,False,Imiglucerase,,,,,,,,,,
LT02384,Imiglucerase,ChEMBL_synonym,False,CHEMBL1201632,,,,,,,,,,
LT03691,Inclisiran sodium,name,False,Inclisiran sodium,,,,,,,,,,
LT03691,Inclisiran sodium,name,False,Inclisiran,,,,,,,,,,
LT03692,Infigratinib phosphate,name,True,Infigratinib phosphate,,,PubChem_name_property,56669626.0,C26H34Cl2N7O7P,658.5,CCN1CCN(CC1)C2=CC=C(C=C2)NC3=CC(=NC=N3)N(C)C(=O)NC4=C(C(=CC(=C4Cl)OC)OC)Cl.OP(=O)(O)O,CCN1CCN(CC1)C2=CC=C(C=C2)NC3=CC(=NC=N3)N(C)C(=O)NC4=C(C(=CC(=C4Cl)OC)OC)Cl.OP(=O)(O)O,GUQNHCGYHLSITB-UHFFFAOYSA-N,Infigratinib Phosphate
LT01350,Infliximab,chembl_id,False,CHEMBL1201581,200.0,,,,,,,,,
LT01350,Infliximab,name,False,Infliximab,,,,,,,,,,
LT01350,Infliximab,ChEMBL_synonym,False,CHEMBL1201581,,,,,,,,,,
LT03693,Inotersen sodium,name,False,Inotersen sodium,,,,,,,,,,
LT03693,Inotersen sodium,name,False,Inotersen,,,,,,,,,,
LT01311,"Interferon alfa-2a, recombinant",name,False,"Interferon alfa-2a, recombinant",,,,,,,,,,
LT01306,Interferon alfa-2b,chembl_id,False,CHEMBL1201558,200.0,,,,,,,,,
LT01306,Interferon alfa-2b,name,True,Interferon alfa-2b,,,PubChem_name_property,71306834.0,C16H17Cl3I2N3NaO5S,746.5,CCCN(CCOC1=C(C=C(C=C1Cl)Cl)Cl)C(=O)N2C=CN=C2.C(S(=O)(=O)[O-])(I)I.[Na+],CCCN(CCOC1=C(C=C(C=C1Cl)Cl)Cl)C(=O)N2C=CN=C2.C(S(=O)(=O)[O-])(I)I.[Na+],MIXCUJKCXRNYFM-UHFFFAOYSA-M,Interferon Alfa-2B
LT01336,Interferon alfacon-1,chembl_id,False,CHEMBL1201557,200.0,,,,,,,,,
LT01336,Interferon alfacon-1,name,False,Interferon alfacon-1,,,,,,,,,,
LT01336,Interferon alfacon-1,ChEMBL_synonym,False,CHEMBL1201557,,,,,,,,,,
LT01332,Interferon beta-1a,chembl_id,False,CHEMBL1201562,200.0,,,,,,,,,
LT01332,Interferon beta-1a,name,False,Interferon beta-1a,,,,,,,,,,
LT01332,Interferon beta-1a,ChEMBL_synonym,False,CHEMBL1201562,,,,,,,,,,
LT01328,Interferon beta-1b,chembl_id,False,CHEMBL1201563,200.0,,,,,,,,,
LT01328,Interferon beta-1b,name,False,Interferon beta-1b,,,,,,,,,,
LT01328,Interferon beta-1b,ChEMBL_synonym,False,CHEMBL1201563,,,,,,,,,,
LT01354,Interferon gamma-1b,chembl_id,False,CHEMBL1201564,200.0,,,,,,,,,
LT01354,Interferon gamma-1b,name,False,Interferon gamma-1b,,,,,,,,,,
LT01354,Interferon gamma-1b,ChEMBL_synonym,False,CHEMBL1201564,,,,,,,,,,
LT01454,Iodipamide sodium,name,True,Iodipamide sodium,,,PubChem_name_property,17478.0,C20H12I6N2Na2O6,1183.7,C1=C(C(=C(C(=C1I)NC(=O)CCCCC(=O)NC2=C(C=C(C(=C2I)C(=O)[O-])I)I)I)C(=O)[O-])I.[Na+].[Na+],C1=C(C(=C(C(=C1I)NC(=O)CCCCC(=O)NC2=C(C=C(C(=C2I)C(=O)[O-])I)I)I)C(=O)[O-])I.[Na+].[Na+],SIZXNBZGPPPFHM-UHFFFAOYSA-L,Iodipamide Sodium
LT03911,Ioflupane i-123,name,True,Ioflupane i-123,,,PubChem_name_property,3086674.0,C18H23FINO2,427.3,COC(=O)[C@@H]1[C@H]2CC[C@H](N2CCCF)C[C@@H]1C3=CC=C(C=C3)[123I],COC(=O)C1C2CCC(N2CCCF)CC1C3=CC=C(C=C3)I,HXWLAJVUJSVENX-HFIFKADTSA-N,Ioflupane I-123
LT00257,Iothalamate meglumine,name,True,Iothalamate meglumine,,,PubChem_name_property,656642.0,C18H26I3N3O9,809.1,CC(=O)NC1=C(C(=C(C(=C1I)C(=O)O)I)C(=O)NC)I.CNC[C@@H]([C@H]([C@@H]([C@@H](CO)O)O)O)O,CC(=O)NC1=C(C(=C(C(=C1I)C(=O)O)I)C(=O)NC)I.CNCC(C(C(C(CO)O)O)O)O,VLHUSFYMPUDOEL-WZTVWXICSA-N,Iothalamate Meglumine
LT03694,Isavuconazonium sulfate,name,True,Isavuconazonium sulfate,,,PubChem_name_property,72196309.0,C35H36F2N8O9S2,814.8,C[C@@H](C1=NC(=CS1)C2=CC=C(C=C2)C#N)[C@](CN3C=[N+](C=N3)C(C)OC(=O)N(C)C4=C(C=CC=N4)COC(=O)CNC)(C5=C(C=CC(=C5)F)F)O.OS(=O)(=O)[O-],CC(C1=NC(=CS1)C2=CC=C(C=C2)C#N)C(CN3C=[N+](C=N3)C(C)OC(=O)N(C)C4=C(C=CC=N4)COC(=O)CNC)(C5=C(C=CC(=C5)F)F)O.OS(=O)(=O)[O-],LWXUIUUOMSMZKJ-KLFWAVJMSA-M,Isavuconazonium Sulfate
LT00340,Isosorbide mononitrate,name,True,Isosorbide mononitrate,,,PubChem_name_property,27661.0,C6H9NO6,191.14,C1[C@@H]([C@@H]2[C@H](O1)[C@@H](CO2)O[N+](=O)[O-])O,C1C(C2C(O1)C(CO2)O[N+](=O)[O-])O,YWXYYJSYQOXTPL-SLPGGIOYSA-N,Isosorbide Mononitrate
LT03695,Istradefylline,name,True,Istradefylline,,,PubChem_name_property,5311037.0,C20H24N4O4,384.4,CCN1C2=C(C(=O)N(C1=O)CC)N(C(=N2)/C=C/C3=CC(=C(C=C3)OC)OC)C,CCN1C2=C(C(=O)N(C1=O)CC)N(C(=N2)C=CC3=CC(=C(C=C3)OC)OC)C,IQVRBWUUXZMOPW-PKNBQFBNSA-N,Istradefylline
LT02665,Ivabradine hydrochloride,name,True,Ivabradine hydrochloride,,,PubChem_name_property,3045381.0,C27H37ClN2O5,505.0,CN(CCCN1CCC2=CC(=C(C=C2CC1=O)OC)OC)C[C@H]3CC4=CC(=C(C=C34)OC)OC.Cl,CN(CCCN1CCC2=CC(=C(C=C2CC1=O)OC)OC)CC3CC4=CC(=C(C=C34)OC)OC.Cl,HLUKNZUABFFNQS-ZMBIFBSDSA-N,Ivabradine Hydrochloride
LT02431,Ivacaftor,name,True,Ivacaftor,,,PubChem_name_property,16220172.0,C24H28N2O3,392.5,CC(C)(C)C1=CC(=C(C=C1NC(=O)C2=CNC3=CC=CC=C3C2=O)O)C(C)(C)C,CC(C)(C)C1=CC(=C(C=C1NC(=O)C2=CNC3=CC=CC=C3C2=O)O)C(C)(C)C,PURKAOJPTOLRMP-UHFFFAOYSA-N,Ivacaftor
LT03696,Ivosidenib,name,True,Ivosidenib,,,PubChem_name_property,71657455.0,C28H22ClF3N6O3,583.0,C1CC(=O)N([C@@H]1C(=O)N(C2=CC(=CN=C2)F)[C@@H](C3=CC=CC=C3Cl)C(=O)NC4CC(C4)(F)F)C5=NC=CC(=C5)C#N,C1CC(=O)N(C1C(=O)N(C2=CC(=CN=C2)F)C(C3=CC=CC=C3Cl)C(=O)NC4CC(C4)(F)F)C5=NC=CC(=C5)C#N,WIJZXSAJMHAVGX-DHLKQENFSA-N,Ivosidenib
LT03697,Ixazomib citrate,name,True,Ixazomib citrate,,,PubChem_name_property,56844015.0,C20H23BCl2N2O9,517.1,B1(OC(=O)C(O1)(CC(=O)O)CC(=O)O)[C@H](CC(C)C)NC(=O)CNC(=O)C2=C(C=CC(=C2)Cl)Cl,B1(OC(=O)C(O1)(CC(=O)O)CC(=O)O)C(CC(C)C)NC(=O)CNC(=O)C2=C(C=CC(=C2)Cl)Cl,MBOMYENWWXQSNW-AWEZNQCLSA-N,Ixazomib citrate
LT02745,Lactitol,name,True,Lactitol,,,PubChem_name_property,157355.0,C12H24O11,344.31,C([C@@H]1[C@@H]([C@@H]([C@H]([C@@H](O1)O[C@H]([C@@H](CO)O)[C@@H]([C@H](CO)O)O)O)O)O)O,C(C1C(C(C(C(O1)OC(C(CO)O)C(C(CO)O)O)O)O)O)O,VQHSOMBJVWLPSR-JVCRWLNRSA-N,Lactitol
LT00493,Lanthanum carbonate,chembl_id,False,CHEMBL2096647,200.0,,,,,,,,,
LT00493,Lanthanum carbonate,name,True,Lanthanum carbonate,,,PubChem_name_property,168924.0,C3La2O9,457.84,C(=O)([O-])[O-].C(=O)([O-])[O-].C(=O)([O-])[O-].[La+3].[La+3],C(=O)([O-])[O-].C(=O)([O-])[O-].C(=O)([O-])[O-].[La+3].[La+3],NZPIUJUFIFZSPW-UHFFFAOYSA-H,Lanthanum carbonate anhydrous
LT02907,Laronidase,chembl_id,False,CHEMBL1201595,200.0,,,,,,,,,
LT02907,Laronidase,name,False,Laronidase,,,,,,,,,,
LT02907,Laronidase,ChEMBL_synonym,False,CHEMBL1201595,,,,,,,,,,
LT03698,Larotrectinib sulfate,name,True,Larotrectinib sulfate,,,PubChem_name_property,67330085.0,C21H24F2N6O6S,526.5,C1C[C@@H](N(C1)C2=NC3=C(C=NN3C=C2)NC(=O)N4CC[C@@H](C4)O)C5=C(C=CC(=C5)F)F.OS(=O)(=O)O,C1CC(N(C1)C2=NC3=C(C=NN3C=C2)NC(=O)N4CCC(C4)O)C5=C(C=CC(=C5)F)F.OS(=O)(=O)O,PXHANKVTFWSDSG-QLOBERJESA-N,Larotrectinib Sulfate
LT03699,Lasmiditan succinate,name,True,Lasmiditan succinate,,,PubChem_name_property,46927777.0,C42H42F6N6O8,872.8,CN1CCC(CC1)C(=O)C2=NC(=CC=C2)NC(=O)C3=C(C=C(C=C3F)F)F.CN1CCC(CC1)C(=O)C2=NC(=CC=C2)NC(=O)C3=C(C=C(C=C3F)F)F.C(CC(=O)O)C(=O)O,CN1CCC(CC1)C(=O)C2=NC(=CC=C2)NC(=O)C3=C(C=C(C=C3F)F)F.CN1CCC(CC1)C(=O)C2=NC(=CC=C2)NC(=O)C3=C(C=C(C=C3F)F)F.C(CC(=O)O)C(=O)O,MSOIHUHNGPOCTH-UHFFFAOYSA-N,Lasmiditan Succinate
LT03852,Lefamulin acetate,name,True,Lefamulin acetate,,,PubChem_name_property,86346053.0,C30H49NO7S,567.8,C[C@@H]1CC[C@@]23CCC(=O)[C@H]2[C@@]1([C@@H](C[C@@]([C@H]([C@@H]3C)O)(C)C=C)OC(=O)CS[C@@H]4CC[C@H](C[C@H]4O)N)C.CC(=O)O,CC1CCC23CCC(=O)C2C1(C(CC(C(C3C)O)(C)C=C)OC(=O)CSC4CCC(CC4O)N)C.CC(=O)O,WSMXIQXWHPSVDE-ZPJPNJFZSA-N,Lefamulin Acetate
LT03700,Lemborexant,name,True,Lemborexant,,,PubChem_name_property,56944144.0,C22H20F2N4O2,410.4,CC1=NC(=NC=C1OC[C@]2(C[C@H]2C(=O)NC3=NC=C(C=C3)F)C4=CC(=CC=C4)F)C,CC1=NC(=NC=C1OCC2(CC2C(=O)NC3=NC=C(C=C3)F)C4=CC(=CC=C4)F)C,MUGXRYIUWFITCP-PGRDOPGGSA-N,Lemborexant
LT03616,Lenvatinib mesylate,name,True,Lenvatinib mesylate,,,PubChem_name_property,11237762.0,C22H23ClN4O7S,523.0,COC1=CC2=NC=CC(=C2C=C1C(=O)N)OC3=CC(=C(C=C3)NC(=O)NC4CC4)Cl.CS(=O)(=O)O,COC1=CC2=NC=CC(=C2C=C1C(=O)N)OC3=CC(=C(C=C3)NC(=O)NC4CC4)Cl.CS(=O)(=O)O,HWLFIUUAYLEFCT-UHFFFAOYSA-N,Lenvatinib Mesylate
LT01013,Lepirudin,chembl_id,False,CHEMBL1201666,200.0,,,,,,,,,
LT01013,Lepirudin,name,True,Lepirudin,,,PubChem_name_property,118856773.0,C287H440N80O111S6,6979.0,CC[C@H](C)[C@H]1C(=O)N[C@H](C(=O)NCC(=O)N[C@H](C(=O)N[C@H](C(=O)NCC(=O)N[C@H](C(=O)N[C@H](C(=O)N[C@H](C(=O)N[C@H](C(=O)N[C@@H](CSSC[C@H]2C(=O)NCC(=O)N[C@H](C(=O)NCC(=O)N[C@H](C(=O)N[C@H](C(=O)N[C@@H](CSSC[C@@H](C(=O)N[C@H](C(=O)NCC(=O)N[C@H](C(=O)N[C@H](C(=O)N[C@H](C(=O)N2)C(C)C)CC(=O)N)CO)CCC(=O)O)NC(=O)[C@H](CC(C)C)NC(=O)[C@@H]3CSSC[C@@H](C(=O)N[C@H](C(=O)N[C@H](C(=O)N[C@H](C(=O)NCC(=O)N[C@H](C(=O)N[C@H](C(=O)N[C@H](C(=O)N3)CC(C)C)CC(=O)N)CCC(=O)N)CO)CCC(=O)O)[C@@H](C)O)NC(=O)[C@H](CC(=O)O)NC(=O)[C@H]([C@@H](C)O)NC(=O)[C@H](CC4=CC=C(C=C4)O)NC(=O)[C@H]([C@@H](C)O)NC(=O)[C@H](CC(C)C)N)C(=O)N1)CCCCN)CC(=O)N)CCC(=O)N)C(=O)N[C@@H](C(C)C)C(=O)N[C@@H]([C@@H](C)O)C(=O)NCC(=O)N[C@@H](CCC(=O)O)C(=O)NCC(=O)N[C@@H]([C@@H](C)O)C(=O)N5CCC[C@H]5C(=O)N[C@@H](CCCCN)C(=O)N6CCC[C@H]6C(=O)N[C@@H](CCC(=O)N)C(=O)N[C@@H](CO)C(=O)N[C@@H](CC7=CNC=N7)C(=O)N[C@@H](CC(=O)N)C(=O)N[C@@H](CC(=O)O)C(=O)NCC(=O)N[C@@H](CC(=O)O)C(=O)N[C@@H](CC8=CC=CC=C8)C(=O)N[C@@H](CCC(=O)O)C(=O)N[C@@H](CCC(=O)O)C(=O)N[C@@H]([C@@H](C)CC)C(=O)N9CCC[C@H]9C(=O)N[C@@H](CCC(=O)O)C(=O)N[C@@H](CCC(=O)O)C(=O)N[C@@H](CC1=CC=C(C=C1)O)C(=O)N[C@@H](CC(C)C)C(=O)N[C@@H](CCC(=O)N)C(=O)O)CCC(=O)N)CC(=O)N)CCCCN)CCC(=O)O)CC(=O)O)CO)CC(C)C,CCC(C)C1C(=O)NC(C(=O)NCC(=O)NC(C(=O)NC(C(=O)NCC(=O)NC(C(=O)NC(C(=O)NC(C(=O)NC(C(=O)NC(CSSCC2C(=O)NCC(=O)NC(C(=O)NCC(=O)NC(C(=O)NC(C(=O)NC(CSSCC(C(=O)NC(C(=O)NCC(=O)NC(C(=O)NC(C(=O)NC(C(=O)N2)C(C)C)CC(=O)N)CO)CCC(=O)O)NC(=O)C(CC(C)C)NC(=O)C3CSSCC(C(=O)NC(C(=O)NC(C(=O)NC(C(=O)NCC(=O)NC(C(=O)NC(C(=O)NC(C(=O)N3)CC(C)C)CC(=O)N)CCC(=O)N)CO)CCC(=O)O)C(C)O)NC(=O)C(CC(=O)O)NC(=O)C(C(C)O)NC(=O)C(CC4=CC=C(C=C4)O)NC(=O)C(C(C)O)NC(=O)C(CC(C)C)N)C(=O)N1)CCCCN)CC(=O)N)CCC(=O)N)C(=O)NC(C(C)C)C(=O)NC(C(C)O)C(=O)NCC(=O)NC(CCC(=O)O)C(=O)NCC(=O)NC(C(C)O)C(=O)N5CCCC5C(=O)NC(CCCCN)C(=O)N6CCCC6C(=O)NC(CCC(=O)N)C(=O)NC(CO)C(=O)NC(CC7=CNC=N7)C(=O)NC(CC(=O)N)C(=O)NC(CC(=O)O)C(=O)NCC(=O)NC(CC(=O)O)C(=O)NC(CC8=CC=CC=C8)C(=O)NC(CCC(=O)O)C(=O)NC(CCC(=O)O)C(=O)NC(C(C)CC)C(=O)N9CCCC9C(=O)NC(CCC(=O)O)C(=O)NC(CCC(=O)O)C(=O)NC(CC1=CC=C(C=C1)O)C(=O)NC(CC(C)C)C(=O)NC(CCC(=O)N)C(=O)O)CCC(=O)N)CC(=O)N)CCCCN)CCC(=O)O)CC(=O)O)CO)CC(C)C,FIBJDTSHOUXTKV-BRHMIFOHSA-N,Lepirudin
LT03701,Letermovir,name,True,Letermovir,,,PubChem_name_property,45138674.0,C29H28F4N4O4,572.5,COC1=C(C=C(C=C1)C(F)(F)F)N2[C@H](C3=C(C(=CC=C3)F)N=C2N4CCN(CC4)C5=CC(=CC=C5)OC)CC(=O)O,COC1=C(C=C(C=C1)C(F)(F)F)N2C(C3=C(C(=CC=C3)F)N=C2N4CCN(CC4)C5=CC(=CC=C5)OC)CC(=O)O,FWYSMLBETOMXAG-QHCPKHFHSA-N,Letermovir
LT03702,Levamlodipine maleate,name,True,Levamlodipine maleate,,,PubChem_name_property,69165622.0,C24H29ClN2O9,524.9,CCOC(=O)C1=C(NC(=C([C@@H]1C2=CC=CC=C2Cl)C(=O)OC)C)COCCN.C(=C\C(=O)O)\C(=O)O,CCOC(=O)C1=C(NC(=C(C1C2=CC=CC=C2Cl)C(=O)OC)C)COCCN.C(=CC(=O)O)C(=O)O,TZNOWAJJWCGILX-HNUXRKMMSA-N,Levamlodipine Maleate
LT01486,Levocarnitine,CAS,True,541-15-1,,,PubChem_name_property,10917.0,C7H15NO3,161.2,C[N+](C)(C)C[C@@H](CC(=O)[O-])O,C[N+](C)(C)CC(CC(=O)[O-])O,PHIQHXFUZVPYII-ZCFIWIBFSA-N,(-)-Carnitine
LT02442,Levomefolate calcium,name,True,Levomefolate calcium,,,PubChem_name_property,135564391.0,C20H23CaN7O6,497.5,CN1[C@H](CNC2=C1C(=O)NC(=N2)N)CNC3=CC=C(C=C3)C(=O)N[C@@H](CCC(=O)[O-])C(=O)[O-].[Ca+2],CN1C(CNC2=C1C(=O)NC(=N2)N)CNC3=CC=C(C=C3)C(=O)NC(CCC(=O)[O-])C(=O)[O-].[Ca+2],VWBBRFHSPXRJQD-QNTKWALQSA-L,Levomefolate Calcium
LT02412,Linaclotide,name,True,Linaclotide,,,PubChem_name_property,16158208.0,C59H79N15O21S6,1526.8,C[C@H]1C(=O)N[C@H]2CSSC[C@H]3C(=O)N[C@H](C(=O)N[C@H](C(=O)N[C@@H](CSSC[C@H](NC(=O)CNC(=O)[C@@H](NC2=O)[C@@H](C)O)C(=O)N[C@@H](CC4=CC=C(C=C4)O)C(=O)O)C(=O)N[C@@H](CSSC[C@@H](C(=O)N3)N)C(=O)N[C@H](C(=O)N5CCC[C@H]5C(=O)N1)CC(=O)N)CC6=CC=C(C=C6)O)CCC(=O)O,CC1C(=O)NC2CSSCC3C(=O)NC(C(=O)NC(C(=O)NC(CSSCC(NC(=O)CNC(=O)C(NC2=O)C(C)O)C(=O)NC(CC4=CC=C(C=C4)O)C(=O)O)C(=O)NC(CSSCC(C(=O)N3)N)C(=O)NC(C(=O)N5CCCC5C(=O)N1)CC(=O)N)CC6=CC=C(C=C6)O)CCC(=O)O,KXGCNMMJRFDFNR-WDRJZQOASA-N,Linaclotide
LT02445,Linagliptin,name,True,Linagliptin,,,PubChem_name_property,10096344.0,C25H28N8O2,472.5,CC#CCN1C2=C(N=C1N3CCC[C@H](C3)N)N(C(=O)N(C2=O)CC4=NC5=CC=CC=C5C(=N4)C)C,CC#CCN1C2=C(N=C1N3CCCC(C3)N)N(C(=O)N(C2=O)CC4=NC5=CC=CC=C5C(=N4)C)C,LTXREWYXXSTFRX-QGZVFWFLSA-N,Linagliptin
LT01776,Lofexidine hydrochloride,name,True,Lofexidine hydrochloride,,,PubChem_name_property,30667.0,C11H13Cl3N2O,295.6,CC(C1=NCCN1)OC2=C(C=CC=C2Cl)Cl.Cl,CC(C1=NCCN1)OC2=C(C=CC=C2Cl)Cl.Cl,DWWHMKBNNNZGHF-UHFFFAOYSA-N,Lofexidine Hydrochloride
LT03703,Lonafarnib,name,True,Lonafarnib,,,PubChem_name_property,148195.0,C27H31Br2ClN4O2,638.8,C1CN(CCC1CC(=O)N2CCC(CC2)[C@@H]3C4=C(CCC5=C3N=CC(=C5)Br)C=C(C=C4Br)Cl)C(=O)N,C1CN(CCC1CC(=O)N2CCC(CC2)C3C4=C(CCC5=C3N=CC(=C5)Br)C=C(C=C4Br)Cl)C(=O)N,DHMTURDWPRKSOA-RUZDIDTESA-N,Lonafarnib
LT03704,Lorlatinib,name,True,Lorlatinib,,,PubChem_name_property,71731823.0,C21H19FN6O2,406.4,C[C@@H]1C2=C(C=CC(=C2)F)C(=O)N(CC3=NN(C(=C3C4=CC(=C(N=C4)N)O1)C#N)C)C,CC1C2=C(C=CC(=C2)F)C(=O)N(CC3=NN(C(=C3C4=CC(=C(N=C4)N)O1)C#N)C)C,IIXWYSCJSQVBQM-LLVKDONJSA-N,Lorlatinib
LT03705,Lumasiran sodium,name,False,Lumasiran sodium,,,,,,,,,,
LT03705,Lumasiran sodium,name,False,Lumasiran,,,,,,,,,,
LT03706,Lumateperone tosylate,name,True,Lumateperone tosylate,,,PubChem_name_property,44241743.0,C31H36FN3O4S,565.7,CC1=CC=C(C=C1)S(=O)(=O)O.CN1CCN2[C@H]3CCN(C[C@H]3C4=C2C1=CC=C4)CCCC(=O)C5=CC=C(C=C5)F,CC1=CC=C(C=C1)S(=O)(=O)O.CN1CCN2C3CCN(CC3C4=C2C1=CC=C4)CCCC(=O)C5=CC=C(C=C5)F,LHAPOGAFBLSJJQ-GUTACTQSSA-N,Lumateperone Tosylate
LT02411,Lurasidone hydrochloride,name,True,Lurasidone hydrochloride,,,PubChem_name_property,11237860.0,C28H37ClN4O2S,529.1,C1CC[C@H]([C@@H](C1)CN2CCN(CC2)C3=NSC4=CC=CC=C43)CN5C(=O)[C@H]6[C@@H]7CC[C@@H](C7)[C@H]6C5=O.Cl,C1CCC(C(C1)CN2CCN(CC2)C3=NSC4=CC=CC=C43)CN5C(=O)C6C7CCC(C7)C6C5=O.Cl,NEKCRUIRPWNMLK-SCIYSFAVSA-N,Lurasidone Hydrochloride
LT03707,Lurbinectedin,name,True,Lurbinectedin,,,PubChem_name_property,57327016.0,C41H44N4O10S,784.9,CC1=CC2=C([C@@H]3[C@@H]4[C@H]5C6=C(C(=C7C(=C6[C@@H](N4[C@H]([C@H](C2)N3C)O)COC(=O)[C@@]8(CS5)C9=C(CCN8)C2=C(N9)C=CC(=C2)OC)OCO7)C)OC(=O)C)C(=C1OC)O,CC1=CC2=C(C3C4C5C6=C(C(=C7C(=C6C(N4C(C(C2)N3C)O)COC(=O)C8(CS5)C9=C(CCN8)C2=C(N9)C=CC(=C2)OC)OCO7)C)OC(=O)C)C(=C1OC)O,YDDMIZRDDREKEP-HWTBNCOESA-N,Lurbinectedin
LT03708,Lusutrombopag,name,True,Lusutrombopag,,,PubChem_name_property,49843517.0,C29H32Cl2N2O5S,591.5,CCCCCCO[C@@H](C)C1=CC=CC(=C1OC)C2=CSC(=N2)NC(=O)C3=CC(=C(C(=C3)Cl)/C=C(\C)/C(=O)O)Cl,CCCCCCOC(C)C1=CC=CC(=C1OC)C2=CSC(=N2)NC(=O)C3=CC(=C(C(=C3)Cl)C=C(C)C(=O)O)Cl,NOZIJMHMKORZBA-KJCUYJGMSA-N,Lusutrombopag
LT03912,Lutetium lu 177 dotatate,name,True,Lutetium lu 177 dotatate,,,PubChem_name_property,76966897.0,C65H87LuN14O19S2,1609.5,C[C@H]([C@H]1C(=O)N[C@@H](CSSC[C@@H](C(=O)N[C@H](C(=O)N[C@@H](C(=O)N[C@H](C(=O)N1)CCCCN)CC2=CNC3=CC=CC=C32)CC4=CC=C(C=C4)O)NC(=O)[C@@H](CC5=CC=CC=C5)NC(=O)CN6CCN(CCN(CCN(CC6)CC(=O)[O-])CC(=O)[O-])CC(=O)[O-])C(=O)N[C@@H]([C@@H](C)O)C(=O)O)O.[177Lu+3],CC(C1C(=O)NC(CSSCC(C(=O)NC(C(=O)NC(C(=O)NC(C(=O)N1)CCCCN)CC2=CNC3=CC=CC=C32)CC4=CC=C(C=C4)O)NC(=O)C(CC5=CC=CC=C5)NC(=O)CN6CCN(CCN(CCN(CC6)CC(=O)[O-])CC(=O)[O-])CC(=O)[O-])C(=O)NC(C(C)O)C(=O)O)O.[Lu+3],MXDPZUIOZWKRAA-PRDSJKGBSA-K,Lutetium Lu 177 Dotatate
LT03709,Macimorelin acetate,name,True,Macimorelin acetate,,,PubChem_name_property,71526737.0,C28H34N6O5,534.6,CC(=O)O.CC(C)(C(=O)N[C@H](CC1=CNC2=CC=CC=C21)C(=O)N[C@H](CC3=CNC4=CC=CC=C43)NC=O)N,CC(=O)O.CC(C)(C(=O)NC(CC1=CNC2=CC=CC=C21)C(=O)NC(CC3=CNC4=CC=CC=C43)NC=O)N,WVDSKQXKCDZXLH-OHIDFYLOSA-N,Macimorelin Acetate
LT02451,Macitentan,name,True,Macitentan,,,PubChem_name_property,16004692.0,C19H20Br2N6O4S,588.3,CCCNS(=O)(=O)NC1=C(C(=NC=N1)OCCOC2=NC=C(C=N2)Br)C3=CC=C(C=C3)Br,CCCNS(=O)(=O)NC1=C(C(=NC=N1)OCCOC2=NC=C(C=N2)Br)C3=CC=C(C=C3)Br,JGCMEBMXRHSZKX-UHFFFAOYSA-N,Macitentan
LT03710,Maralixibat chloride,name,True,Maralixibat chloride,,,PubChem_name_property,9831642.0,C40H56ClN3O4S,710.4,CCCCC1(CS(=O)(=O)C2=C(C=C(C=C2)N(C)C)[C@H]([C@H]1O)C3=CC=C(C=C3)OCC4=CC=C(C=C4)C[N+]56CCN(CC5)CC6)CCCC.[Cl-],CCCCC1(CS(=O)(=O)C2=C(C=C(C=C2)N(C)C)C(C1O)C3=CC=C(C=C3)OCC4=CC=C(C=C4)C[N+]56CCN(CC5)CC6)CCCC.[Cl-],POMVPJBWDDJCMP-RUKDTIIFSA-M,Maralixibat Chloride
LT03558,Maribavir,name,True,Maribavir,,,PubChem_name_property,471161.0,C15H19Cl2N3O4,376.2,CC(C)NC1=NC2=CC(=C(C=C2N1[C@@H]3[C@H]([C@H]([C@@H](O3)CO)O)O)Cl)Cl,CC(C)NC1=NC2=CC(=C(C=C2N1C3C(C(C(O3)CO)O)O)Cl)Cl,KJFBVJALEQWJBS-XUXIUFHCSA-N,Maribavir
LT01227,Mecasermin recombinant,chembl_id,False,CHEMBL1201716,200.0,,,,,,,,,
LT01227,Mecasermin recombinant,name,False,Mecasermin recombinant,,,,,,,,,,
LT01227,Mecasermin recombinant,ChEMBL_synonym,False,CHEMBL1201716,,,,,,,,,,
LT02110,Mepazine,name,True,Mepazine,,,PubChem_name_property,6075.0,C19H22N2S,310.5,CN1CCCC(C1)CN2C3=CC=CC=C3SC4=CC=CC=C42,CN1CCCC(C1)CN2C3=CC=CC=C3SC4=CC=CC=C42,CBHCDHNUZWWAPP-UHFFFAOYSA-N,Pecazine
LT00322,Methenamine hippurate,CAS,True,5714-73-8,,,PubChem_name_property,21945.0,C15H21N5O3,319.36,C1N2CN3CN1CN(C2)C3.C1=CC=C(C=C1)C(=O)NCC(=O)O,C1N2CN3CN1CN(C2)C3.C1=CC=C(C=C1)C(=O)NCC(=O)O,ROAIXOJGRFKICW-UHFFFAOYSA-N,Methenamine Hippurate
LT01547,Methscopolamine bromide,name,True,Methscopolamine bromide,,,PubChem_name_property,5459110.0,C18H24BrNO4,398.3,C[N+]1([C@@H]2CC(C[C@H]1[C@H]3[C@@H]2O3)OC(=O)[C@H](CO)C4=CC=CC=C4)C.[Br-],C[N+]1(C2CC(CC1C3C2O3)OC(=O)C(CO)C4=CC=CC=C4)C.[Br-],CXYRUNPLKGGUJF-OZVSTBQFSA-M,Methscopolamine bromide
LT00570,Methylnaltrexone bromide,name,True,Methylnaltrexone bromide,,,PubChem_name_property,5361917.0,C21H26BrNO4,436.3,C[N+]1(CC[C@]23[C@@H]4C(=O)CC[C@]2([C@H]1CC5=C3C(=C(C=C5)O)O4)O)CC6CC6.[Br-],C[N+]1(CCC23C4C(=O)CCC2(C1CC5=C3C(=C(C=C5)O)O4)O)CC6CC6.[Br-],IFGIYSGOEZJNBE-KNLJMPJLSA-N,Methylnaltrexone Bromide
LT03751,Midostaurin,name,True,Midostaurin,,,PubChem_name_property,9829523.0,C35H30N4O4,570.6,C[C@@]12[C@@H]([C@@H](C[C@@H](O1)N3C4=CC=CC=C4C5=C6C(=C7C8=CC=CC=C8N2C7=C53)CNC6=O)N(C)C(=O)C9=CC=CC=C9)OC,CC12C(C(CC(O1)N3C4=CC=CC=C4C5=C6C(=C7C8=CC=CC=C8N2C7=C53)CNC6=O)N(C)C(=O)C9=CC=CC=C9)OC,BMGQWWVMWDBQGC-IIFHNQTCSA-N,Midostaurin
LT03712,Migalastat hydrochloride,name,True,Migalastat hydrochloride,,,PubChem_name_property,11644097.0,C6H14ClNO4,199.63,C1[C@@H]([C@H]([C@H]([C@H](N1)CO)O)O)O.Cl,C1C(C(C(C(N1)CO)O)O)O.Cl,ZJIHMALTJRDNQI-OLALXQGDSA-N,Migalastat Hydrochloride
LT02956,Miltefosine,name,True,Miltefosine,,,PubChem_name_property,3599.0,C21H46NO4P,407.6,CCCCCCCCCCCCCCCCOP(=O)([O-])OCC[N+](C)(C)C,CCCCCCCCCCCCCCCCOP(=O)([O-])OCC[N+](C)(C)C,PQLXHQMOHUQAKB-UHFFFAOYSA-N,Miltefosine
LT02388,Mirabegron,name,True,Mirabegron,,,PubChem_name_property,9865528.0,C21H24N4O2S,396.5,C1=CC=C(C=C1)[C@H](CNCCC2=CC=C(C=C2)NC(=O)CC3=CSC(=N3)N)O,C1=CC=C(C=C1)C(CNCCC2=CC=C(C=C2)NC(=O)CC3=CSC(=N3)N)O,PBAPPPCECJKMCM-IBGZPJMESA-N,Mirabegron
LT03713,Mobocertinib succinate,name,True,Mobocertinib succinate,,,PubChem_name_property,146026179.0,C36H45N7O8,703.8,CC(C)OC(=O)C1=CN=C(N=C1C2=CN(C3=CC=CC=C32)C)NC4=C(C=C(C(=C4)NC(=O)C=C)N(C)CCN(C)C)OC.C(CC(=O)O)C(=O)O,CC(C)OC(=O)C1=CN=C(N=C1C2=CN(C3=CC=CC=C32)C)NC4=C(C=C(C(=C4)NC(=O)C=C)N(C)CCN(C)C)OC.C(CC(=O)O)C(=O)O,YXYAEUMTJQGKHS-UHFFFAOYSA-N,Mobocertinib Succinate
LT03714,Monomethyl fumarate,name,True,Monomethyl fumarate,,,PubChem_name_property,5369209.0,C5H6O4,130.1,COC(=O)/C=C/C(=O)O,COC(=O)C=CC(=O)O,NKHAVTQWNUWKEO-NSCUHMNNSA-N,Monomethyl Fumarate
LT03715,Moxidectin,name,True,Moxidectin,,,PubChem_name_property,9832912.0,C37H53NO8,639.8,C[C@@H]\1C/C(=C/C[C@@H]2C[C@@H](C[C@@]3(O2)C/C(=N\OC)/[C@@H]([C@H](O3)/C(=C/C(C)C)/C)C)OC(=O)[C@@H]4C=C([C@H]([C@@H]5[C@]4(/C(=C/C=C1)/CO5)O)O)C)/C,CC1CC(=CCC2CC(CC3(O2)CC(=NOC)C(C(O3)C(=CC(C)C)C)C)OC(=O)C4C=C(C(C5C4(C(=CC=C1)CO5)O)O)C)C,YZBLFMPOMVTDJY-LSGXYNIPSA-N,Moxidectin
LT01326,Muromonab-cd3,chembl_id,False,CHEMBL1201608,200.0,,,,,,,,,
LT01326,Muromonab-cd3,name,False,Muromonab-cd3,,,,,,,,,,
LT01326,Muromonab-cd3,ChEMBL_synonym,False,CHEMBL1201608,,,,,,,,,,
LT03716,Naldemedine tosylate,name,True,Naldemedine tosylate,,,PubChem_name_property,56837137.0,C39H42N4O9S,742.8,CC1=CC=C(C=C1)S(=O)(=O)O.CC(C)(C1=NC(=NO1)C2=CC=CC=C2)NC(=O)C3=C([C@H]4[C@@]56CCN([C@@H]([C@@]5(C3)O)CC7=C6C(=C(C=C7)O)O4)CC8CC8)O,CC1=CC=C(C=C1)S(=O)(=O)O.CC(C)(C1=NC(=NO1)C2=CC=CC=C2)NC(=O)C3=C(C4C56CCN(C(C5(C3)O)CC7=C6C(=C(C=C7)O)O4)CC8CC8)O,WCYDLROFMZJJLE-RTMHEQJQSA-N,Naldemedine Tosylate
LT03717,Naloxegol oxalate,name,True,Naloxegol oxalate,,,PubChem_name_property,56959086.0,C36H55NO15,741.8,COCCOCCOCCOCCOCCOCCOCCO[C@H]1CC[C@]2([C@H]3CC4=C5[C@]2([C@H]1OC5=C(C=C4)O)CCN3CC=C)O.C(=O)(C(=O)O)O,COCCOCCOCCOCCOCCOCCOCCOC1CCC2(C3CC4=C5C2(C1OC5=C(C=C4)O)CCN3CC=C)O.C(=O)(C(=O)O)O,MNYIRXLCPODKLG-VUTNLTPYSA-N,Naloxegol oxalate
LT01393,Natalizumab,chembl_id,False,CHEMBL1201607,200.0,,,,,,,,,
LT01393,Natalizumab,name,False,Natalizumab,,,,,,,,,,
LT01393,Natalizumab,ChEMBL_synonym,False,CHEMBL1201607,,,,,,,,,,
LT00595,Neomycin sulfate,chembl_id,False,CHEMBL3989751,200.0,,,,,,,,,
LT00595,Neomycin sulfate,CAS,False,"28002-70-2 ,1405-10-3",,,,,,,,,,
LT00595,Neomycin sulfate,name,True,Neomycin sulfate,,,PubChem_name_property,197162.0,C23H48N6O17S,712.7,C1[C@H]([C@@H]([C@H]([C@@H]([C@H]1N)O[C@@H]2[C@@H]([C@H]([C@@H]([C@H](O2)CN)O)O)N)O[C@H]3[C@@H]([C@@H]([C@H](O3)CO)O[C@@H]4[C@@H]([C@H]([C@@H]([C@@H](O4)CN)O)O)N)O)O)N.OS(=O)(=O)O,C1C(C(C(C(C1N)OC2C(C(C(C(O2)CN)O)O)N)OC3C(C(C(O3)CO)OC4C(C(C(C(O4)CN)O)O)N)O)O)N.OS(=O)(=O)O,OIXVKQDWLFHVGR-WQDIDPJDSA-N,Neomycin Sulfate
LT03582,Neratinib maleate,name,True,Neratinib maleate,,,PubChem_name_property,67307512.0,C34H33ClN6O7,673.1,CCOC1=C(C=C2C(=C1)N=CC(=C2NC3=CC(=C(C=C3)OCC4=CC=CC=N4)Cl)C#N)NC(=O)/C=C/CN(C)C.C(=C\C(=O)O)\C(=O)O,CCOC1=C(C=C2C(=C1)N=CC(=C2NC3=CC(=C(C=C3)OCC4=CC=CC=N4)Cl)C#N)NC(=O)C=CCN(C)C.C(=CC(=O)O)C(=O)O,VXZCUHNJXSIJIM-MEBGWEOYSA-N,Neratinib Maleate
LT00465,Nesiritide,chembl_id,False,CHEMBL1201668,200.0,,,,,,,,,
LT00465,Nesiritide,name,True,Nesiritide,,,PubChem_name_property,71308561.0,C143H244N50O42S4,3464.0,CC[C@H](C)[C@H]1C(=O)N[C@H](C(=O)N[C@H](C(=O)N[C@H](C(=O)N[C@H](C(=O)NCC(=O)N[C@H](C(=O)NCC(=O)N[C@@H](CSSC[C@@H](C(=O)N[C@H](C(=O)NCC(=O)N[C@H](C(=O)N[C@H](C(=O)N[C@H](C(=O)N[C@H](C(=O)N[C@H](C(=O)N1)CCCNC(=N)N)CC(=O)O)CCSC)CCCCN)CCCNC(=N)N)CC2=CC=CC=C2)NC(=O)CNC(=O)[C@H](CO)NC(=O)CNC(=O)[C@H](CCC(=O)N)NC(=O)[C@H](C(C)C)NC(=O)[C@H](CCSC)NC(=O)[C@H](CCCCN)NC(=O)[C@@H]3CCCN3C(=O)[C@H](CO)N)C(=O)N[C@@H](CCCCN)C(=O)N[C@@H](C(C)C)C(=O)N[C@@H](CC(C)C)C(=O)N[C@@H](CCCNC(=N)N)C(=O)N[C@@H](CCCNC(=N)N)C(=O)N[C@@H](CC4=CNC=N4)C(=O)O)CC(C)C)CO)CO)CO)CO,CCC(C)C1C(=O)NC(C(=O)NC(C(=O)NC(C(=O)NC(C(=O)NCC(=O)NC(C(=O)NCC(=O)NC(CSSCC(C(=O)NC(C(=O)NCC(=O)NC(C(=O)NC(C(=O)NC(C(=O)NC(C(=O)NC(C(=O)N1)CCCNC(=N)N)CC(=O)O)CCSC)CCCCN)CCCNC(=N)N)CC2=CC=CC=C2)NC(=O)CNC(=O)C(CO)NC(=O)CNC(=O)C(CCC(=O)N)NC(=O)C(C(C)C)NC(=O)C(CCSC)NC(=O)C(CCCCN)NC(=O)C3CCCN3C(=O)C(CO)N)C(=O)NC(CCCCN)C(=O)NC(C(C)C)C(=O)NC(CC(C)C)C(=O)NC(CCCNC(=N)N)C(=O)NC(CCCNC(=N)N)C(=O)NC(CC4=CNC=N4)C(=O)O)CC(C)C)CO)CO)CO)CO,HPNRHPKXQZSDFX-OAQDCNSJSA-N,Nesiritide
LT02164,Nifurtimox,name,True,Nifurtimox,,,PubChem_name_property,6842999.0,C10H13N3O5S,287.29,CC1CS(=O)(=O)CCN1/N=C/C2=CC=C(O2)[N+](=O)[O-],CC1CS(=O)(=O)CCN1N=CC2=CC=C(O2)[N+](=O)[O-],ARFHIAQFJWUCFH-IZZDOVSWSA-N,Nifurtimox
LT03718,Nintedanib esylate,name,True,Nintedanib esylate,,,PubChem_name_property,135476717.0,C33H39N5O7S,649.8,CCS(=O)(=O)O.CN1CCN(CC1)CC(=O)N(C)C2=CC=C(C=C2)N=C(C3=CC=CC=C3)C4=C(NC5=C4C=CC(=C5)C(=O)OC)O,CCS(=O)(=O)O.CN1CCN(CC1)CC(=O)N(C)C2=CC=C(C=C2)N=C(C3=CC=CC=C3)C4=C(NC5=C4C=CC(=C5)C(=O)OC)O,ZNMRDZZRAFJOKY-UHFFFAOYSA-N,Nintedanib esylate
LT03719,Niraparib tosylate,name,True,Niraparib tosylate,,,PubChem_name_property,78357761.0,C26H28N4O4S,492.6,CC1=CC=C(C=C1)S(=O)(=O)O.C1C[C@H](CNC1)C2=CC=C(C=C2)N3C=C4C=CC=C(C4=N3)C(=O)N,CC1=CC=C(C=C1)S(=O)(=O)O.C1CC(CNC1)C2=CC=C(C=C2)N3C=C4C=CC=C(C4=N3)C(=O)N,LCPFHXWLJMNKNC-PFEQFJNWSA-N,Niraparib Tosylate
LT03720,Nusinersen sodium,name,False,Nusinersen sodium,,,,,,,,,,
LT03720,Nusinersen sodium,name,False,Nusinersen,,,,,,,,,,
LT03603,Obeticholic acid,name,True,Obeticholic acid,,,PubChem_name_property,447715.0,C26H44O4,420.6,CC[C@@H]1[C@@H]2C[C@@H](CC[C@@]2([C@H]3CC[C@]4([C@H]([C@@H]3[C@@H]1O)CC[C@@H]4[C@H](C)CCC(=O)O)C)C)O,CCC1C2CC(CCC2(C3CCC4(C(C3C1O)CCC4C(C)CCC(=O)O)C)C)O,ZXERDUOLZKYMJM-ZWECCWDJSA-N,Obeticholic Acid
LT03721,Odevixibat,name,True,Odevixibat,,,PubChem_name_property,10153627.0,C37H48N4O8S2,740.9,CCCCC1(CN(C2=CC(=C(C=C2S(=O)(=O)N1)OCC(=O)N[C@H](C3=CC=C(C=C3)O)C(=O)N[C@@H](CC)C(=O)O)SC)C4=CC=CC=C4)CCCC,CCCCC1(CN(C2=CC(=C(C=C2S(=O)(=O)N1)OCC(=O)NC(C3=CC=C(C=C3)O)C(=O)NC(CC)C(=O)O)SC)C4=CC=CC=C4)CCCC,XULSCZPZVQIMFM-IPZQJPLYSA-N,Odevixibat
LT01421,Ofatumumab,chembl_id,False,CHEMBL1201836,200.0,,,,,,,,,
LT01421,Ofatumumab,name,False,Ofatumumab,,,,,,,,,,
LT01421,Ofatumumab,ChEMBL_synonym,False,CHEMBL1201836,,,,,,,,,,
LT03722,Olaparib,name,True,Olaparib,,,PubChem_name_property,23725625.0,C24H23FN4O3,434.5,C1CC1C(=O)N2CCN(CC2)C(=O)C3=C(C=CC(=C3)CC4=NNC(=O)C5=CC=CC=C54)F,C1CC1C(=O)N2CCN(CC2)C(=O)C3=C(C=CC(=C3)CC4=NNC(=O)C5=CC=CC=C54)F,FDLYAMZZIXQODN-UHFFFAOYSA-N,Olaparib
LT03723,Oliceridine,name,True,Oliceridine,,,PubChem_name_property,66553195.0,C22H30N2O2S,386.6,COC1=C(SC=C1)CNCC[C@]2(CCOC3(C2)CCCC3)C4=CC=CC=N4,COC1=C(SC=C1)CNCCC2(CCOC3(C2)CCCC3)C4=CC=CC=N4,DMNOVGJWPASQDL-OAQYLSRUSA-N,Oliceridine
LT02145,Omacetaxine mepesuccinate,name,True,Omacetaxine mepesuccinate,,,PubChem_name_property,285033.0,C29H39NO9,545.6,CC(C)(CCC[C@@](CC(=O)OC)(C(=O)O[C@H]1[C@H]2C3=CC4=C(C=C3CCN5[C@@]2(CCC5)C=C1OC)OCO4)O)O,CC(C)(CCCC(CC(=O)OC)(C(=O)OC1C2C3=CC4=C(C=C3CCN5C2(CCC5)C=C1OC)OCO4)O)O,HYFHYPWGAURHIV-JFIAXGOJSA-N,Omacetaxine Mepesuccinate
LT03896,Omadacycline tosylate,name,True,Omadacycline tosylate,,,PubChem_name_property,54746485.0,C36H48N4O10S,728.9,CC1=CC=C(C=C1)S(=O)(=O)O.CC(C)(C)CNCC1=CC(=C2C[C@H]3C[C@H]4[C@@H](C(=O)C(=C([C@]4(C(=O)C3=C(C2=C1O)O)O)O)C(=O)N)N(C)C)N(C)C,CC1=CC=C(C=C1)S(=O)(=O)O.CC(C)(C)CNCC1=CC(=C2CC3CC4C(C(=O)C(=C(C4(C(=O)C3=C(C2=C1O)O)O)O)C(=O)N)N(C)C)N(C)C,CSLDSXNLUZXVTF-XGLFQKEBSA-N,Omadacycline Tosylate
LT01377,Omalizumab,chembl_id,False,CHEMBL1201589,200.0,,,,,,,,,
LT01377,Omalizumab,name,False,Omalizumab,,,,,,,,,,
LT01377,Omalizumab,ChEMBL_synonym,False,CHEMBL1201589,,,,,,,,,,
LT03725,Opicapone,name,True,Opicapone,,,PubChem_name_property,135565903.0,C15H10Cl2N4O6,413.2,CC1=C(C(=[N+](C(=C1Cl)C)[O-])Cl)C2=NOC(=N2)C3=CC(=C(C(=C3)O)O)[N+](=O)[O-],CC1=C(C(=[N+](C(=C1Cl)C)[O-])Cl)C2=NOC(=N2)C3=CC(=C(C(=C3)O)O)[N+](=O)[O-],ASOADIZOVZTJSR-UHFFFAOYSA-N,Opicapone
LT01339,Oprelvekin,chembl_id,False,CHEMBL1201573,200.0,,,,,,,,,
LT01339,Oprelvekin,name,False,Oprelvekin,,,,,,,,,,
LT01339,Oprelvekin,ChEMBL_synonym,False,CHEMBL1201573,,,,,,,,,,
LT03897,Oritavancin diphosphate,name,True,Oritavancin diphosphate,,,PubChem_name_property,53297457.0,C86H103Cl3N10O34P2,1989.1,C[C@H]1[C@@H]([C@@](C[C@@H](O1)O[C@H]2[C@H]3C(=O)N[C@@H](C4=C(C(=CC(=C4)O)O)C5=C(C=CC(=C5)[C@H](C(=O)N3)NC(=O)[C@H]6C7=CC(=C(C(=C7)OC8=C(C=C2C=C8)Cl)O[C@H]9[C@@H]([C@H]([C@@H]([C@H](O9)CO)O)O)O[C@H]1C[C@]([C@H]([C@@H](O1)C)O)(C)NCC1=CC=C(C=C1)C1=CC=C(C=C1)Cl)OC1=C(C=C(C=C1)[C@H]([C@H](C(=O)N[C@H](C(=O)N6)CC(=O)N)NC(=O)[C@@H](CC(C)C)NC)O)Cl)O)C(=O)O)(C)N)O.OP(=O)(O)O.OP(=O)(O)O,CC1C(C(CC(O1)OC2C3C(=O)NC(C4=C(C(=CC(=C4)O)O)C5=C(C=CC(=C5)C(C(=O)N3)NC(=O)C6C7=CC(=C(C(=C7)OC8=C(C=C2C=C8)Cl)OC9C(C(C(C(O9)CO)O)O)OC1CC(C(C(O1)C)O)(C)NCC1=CC=C(C=C1)C1=CC=C(C=C1)Cl)OC1=C(C=C(C=C1)C(C(C(=O)NC(C(=O)N6)CC(=O)N)NC(=O)C(CC(C)C)NC)O)Cl)O)C(=O)O)(C)N)O.OP(=O)(O)O.OP(=O)(O)O,PWTROOMOPLCZHB-BHYQHFGMSA-N,Oritavancin Diphosphate
LT03726,Osilodrostat phosphate,name,True,Osilodrostat phosphate,,,PubChem_name_property,71009737.0,C13H13FN3O4P,325.23,C1CC2=CN=CN2[C@H]1C3=C(C=C(C=C3)C#N)F.OP(=O)(O)O,C1CC2=CN=CN2C1C3=C(C=C(C=C3)C#N)F.OP(=O)(O)O,FMCPYRDGUZBOJZ-BTQNPOSSSA-N,Osilodrostat Phosphate
LT03727,Osimertinib mesylate,name,True,Osimertinib mesylate,,,PubChem_name_property,78357807.0,C29H37N7O5S,595.7,CN1C=C(C2=CC=CC=C21)C3=NC(=NC=C3)NC4=C(C=C(C(=C4)NC(=O)C=C)N(C)CCN(C)C)OC.CS(=O)(=O)O,CN1C=C(C2=CC=CC=C21)C3=NC(=NC=C3)NC4=C(C=C(C(=C4)NC(=O)C=C)N(C)CCN(C)C)OC.CS(=O)(=O)O,FUKSNUHSJBTCFJ-UHFFFAOYSA-N,Osimertinib Mesylate
LT02880,Ospemifene,name,True,Ospemifene,,,PubChem_name_property,3036505.0,C24H23ClO2,378.9,C1=CC=C(C=C1)/C(=C(/C2=CC=CC=C2)\C3=CC=C(C=C3)OCCO)/CCCl,C1=CC=C(C=C1)C(=C(C2=CC=CC=C2)C3=CC=C(C=C3)OCCO)CCCl,LUMKNAVTFCDUIE-VHXPQNKSSA-N,Ospemifene
LT01181,Oxaliplatin,chembl_id,False,CHEMBL414804,200.0,,,,,,,,,
LT01181,Oxaliplatin,CAS,True,61825-94-3,,,PubChem_name_property,9887054.0,C8H14N2O4Pt,397.29,C1CC[C@H]([C@@H](C1)N)N.C(=O)(C(=O)[O-])[O-].[Pt+2],C1CCC(C(C1)N)N.C(=O)(C(=O)[O-])[O-].[Pt+2],ZROHGHOFXNOHSO-BNTLRKBRSA-L,Oxaliplatin
LT03728,Ozanimod hydrochloride,name,True,Ozanimod hydrochloride,,,PubChem_name_property,91618104.0,C23H25ClN4O3,440.9,CC(C)OC1=C(C=C(C=C1)C2=NC(=NO2)C3=C4CC[C@@H](C4=CC=C3)NCCO)C#N.Cl,CC(C)OC1=C(C=C(C=C1)C2=NC(=NO2)C3=C4CCC(C4=CC=C3)NCCO)C#N.Cl,HAOOCAKHSFYDBU-BDQAORGHSA-N,Ozanimod Hydrochloride
LT03729,Pafolacianine sodium,name,True,Pafolacianine sodium,,,PubChem_name_property,135564971.0,C61H63N9Na4O17S4,1414.4,CC1(C2=C(C=CC(=C2)S(=O)(=O)[O-])[N+](=C1/C=C/C3=C(/C(=C/C=C/4\C(C5=C(N4CCCCS(=O)(=O)[O-])C=CC(=C5)S(=O)(=O)[O-])(C)C)/CCC3)OC6=CC=C(C=C6)C[C@@H](C(=O)[O-])NC(=O)C7=CC=C(C=C7)NCC8=CN=C9C(=N8)C(=O)NC(=N9)N)CCCCS(=O)(=O)[O-])C.[Na+].[Na+].[Na+].[Na+],CC1(C2=C(C=CC(=C2)S(=O)(=O)[O-])[N+](=C1C=CC3=C(C(=CC=C4C(C5=C(N4CCCCS(=O)(=O)[O-])C=CC(=C5)S(=O)(=O)[O-])(C)C)CCC3)OC6=CC=C(C=C6)CC(C(=O)[O-])NC(=O)C7=CC=C(C=C7)NCC8=CN=C9C(=N8)C(=O)NC(=N9)N)CCCCS(=O)(=O)[O-])C.[Na+].[Na+].[Na+].[Na+],LRVBSDMJFVZFHH-NFVAJSDSSA-J,Pafolacianine Sodium
LT00702,Pafuraidine,name,False,Pafuraidine,,,,,,,,,,
LT03594,Palbociclib,name,True,Palbociclib,,,PubChem_name_property,5330286.0,C24H29N7O2,447.5,CC1=C(C(=O)N(C2=NC(=NC=C12)NC3=NC=C(C=C3)N4CCNCC4)C5CCCC5)C(=O)C,CC1=C(C(=O)N(C2=NC(=NC=C12)NC3=NC=C(C=C3)N4CCNCC4)C5CCCC5)C(=O)C,AHJRHEGDXFFMBM-UHFFFAOYSA-N,Palbociclib
LT01392,Palifermin,chembl_id,False,CHEMBL1201821,200.0,,,,,,,,,
LT01392,Palifermin,name,False,Palifermin,,,,,,,,,,
LT01392,Palifermin,ChEMBL_synonym,False,CHEMBL1201821,,,,,,,,,,
LT01349,Palivizumab,chembl_id,False,CHEMBL1201586,200.0,,,,,,,,,
LT01349,Palivizumab,name,False,Palivizumab,,,,,,,,,,
LT01349,Palivizumab,ChEMBL_synonym,False,CHEMBL1201586,,,,,,,,,,
LT00674,Pancrelipase,chembl_id,False,CHEMBL2108074,200.0,,,,,,,,,
LT00674,Pancrelipase,name,False,Pancrelipase,,,,,,,,,,
LT00674,Pancrelipase,ChEMBL_synonym,False,CHEMBL2108074,,,,,,,,,,
LT01408,Panitumumab,chembl_id,False,CHEMBL1201827,200.0,,,,,,,,,
LT01408,Panitumumab,name,False,Panitumumab,,,,,,,,,,
LT01408,Panitumumab,ChEMBL_synonym,False,CHEMBL1201827,,,,,,,,,,
LT03565,Panobinostat lactate,name,True,Panobinostat lactate,,,PubChem_name_property,23725423.0,C24H29N3O5,439.5,CC1=C(C2=CC=CC=C2N1)CCNCC3=CC=C(C=C3)/C=C/C(=O)NO.CC(C(=O)O)O,CC1=C(C2=CC=CC=C2N1)CCNCC3=CC=C(C=C3)C=CC(=O)NO.CC(C(=O)O)O,XVDWNSFFSMWXJJ-ASTDGNLGSA-N,Panobinostat Lactate
LT02401,Pasireotide diaspartate,name,True,Pasireotide diaspartate,,,PubChem_name_property,70788982.0,C66H80N12O17,1313.4,C1[C@H](CN2[C@@H]1C(=O)N[C@H](C(=O)N[C@@H](C(=O)N[C@H](C(=O)N[C@H](C(=O)N[C@H](C2=O)CC3=CC=CC=C3)CC4=CC=C(C=C4)OCC5=CC=CC=C5)CCCCN)CC6=CNC7=CC=CC=C76)C8=CC=CC=C8)OC(=O)NCCN.C([C@@H](C(=O)O)N)C(=O)O.C([C@@H](C(=O)O)N)C(=O)O,C1C(CN2C1C(=O)NC(C(=O)NC(C(=O)NC(C(=O)NC(C(=O)NC(C2=O)CC3=CC=CC=C3)CC4=CC=C(C=C4)OCC5=CC=CC=C5)CCCCN)CC6=CNC7=CC=CC=C76)C8=CC=CC=C8)OC(=O)NCCN.C(C(C(=O)O)N)C(=O)O.C(C(C(=O)O)N)C(=O)O,NEEFMPSSNFRRNC-HQUONIRXSA-N,Pasireotide Diaspartate
LT03730,Patiromer sorbitex calcium,name,False,Patiromer sorbitex calcium,,,,,,,,,,
LT03730,Patiromer sorbitex calcium,name,False,Patiromer sorbitex,,,,,,,,,,
LT03731,Patisiran sodium,name,False,Patisiran sodium,,,,,,,,,,
LT03731,Patisiran sodium,name,False,Patisiran,,,,,,,,,,
LT00941,Pegademase bovine,chembl_id,False,CHEMBL1201514,200.0,,,,,,,,,
LT00941,Pegademase bovine,name,False,Pegademase bovine,,,,,,,,,,
LT00941,Pegademase bovine,ChEMBL_synonym,False,CHEMBL1201514,,,,,,,,,,
LT01322,Pegaspargase,chembl_id,False,CHEMBL2108546,200.0,,,,,,,,,
LT01322,Pegaspargase,name,False,Pegaspargase,,,,,,,,,,
LT01322,Pegaspargase,ChEMBL_synonym,False,CHEMBL2108546,,,,,,,,,,
LT03732,Pegcetacoplan,name,False,Pegcetacoplan,,,,,,,,,,
LT01380,Pegfilgrastim,chembl_id,False,CHEMBL1201568,200.0,,,,,,,,,
LT01380,Pegfilgrastim,name,False,Pegfilgrastim,,,,,,,,,,
LT01380,Pegfilgrastim,ChEMBL_synonym,False,CHEMBL1201568,,,,,,,,,,
LT01376,Peginterferon alfa-2a,chembl_id,False,CHEMBL1201560,200.0,,,,,,,,,
LT01376,Peginterferon alfa-2a,name,False,Peginterferon alfa-2a,,,,,,,,,,
LT01376,Peginterferon alfa-2a,ChEMBL_synonym,False,CHEMBL1201560,,,,,,,,,,
LT01367,Peginterferon alfa-2b,chembl_id,False,CHEMBL1201561,200.0,,,,,,,,,
LT01367,Peginterferon alfa-2b,name,False,Peginterferon alfa-2b,,,,,,,,,,
LT01367,Peginterferon alfa-2b,ChEMBL_synonym,False,CHEMBL1201561,,,,,,,,,,
LT01069,Pegvisomant,chembl_id,False,CHEMBL1201515,200.0,,,,,,,,,
LT01069,Pegvisomant,name,False,Pegvisomant,,,,,,,,,,
LT01069,Pegvisomant,ChEMBL_synonym,False,CHEMBL1201515,,,,,,,,,,
LT03733,Pemigatinib,name,True,Pemigatinib,,,PubChem_name_property,86705695.0,C24H27F2N5O4,487.5,CCN1C2=C3C=C(NC3=NC=C2CN(C1=O)C4=C(C(=CC(=C4F)OC)OC)F)CN5CCOCC5,CCN1C2=C3C=C(NC3=NC=C2CN(C1=O)C4=C(C(=CC(=C4F)OC)OC)F)CN5CCOCC5,HCDMJFOHIXMBOV-UHFFFAOYSA-N,Pemigatinib
LT00956,Pentosan polysulfate sodium,name,False,Pentosan polysulfate sodium,,,,,,,,,,
LT00956,Pentosan polysulfate sodium,name,False,Pentosan polysulfate,,,,,,,,,,
LT02446,Perampanel,name,True,Perampanel,,,PubChem_name_property,9924495.0,C23H15N3O,349.4,C1=CC=C(C=C1)N2C=C(C=C(C2=O)C3=CC=CC=C3C#N)C4=CC=CC=N4,C1=CC=C(C=C1)N2C=C(C=C(C2=O)C3=CC=CC=C3C#N)C4=CC=CC=N4,PRMWGUBFXWROHD-UHFFFAOYSA-N,Perampanel
LT03735,Pexidartinib hydrochloride,name,True,Pexidartinib hydrochloride,,,PubChem_name_property,73053710.0,C20H16Cl2F3N5,454.3,C1=CC(=NC=C1CC2=CNC3=C2C=C(C=N3)Cl)NCC4=CN=C(C=C4)C(F)(F)F.Cl,C1=CC(=NC=C1CC2=CNC3=C2C=C(C=N3)Cl)NCC4=CN=C(C=C4)C(F)(F)F.Cl,CJLUYLRKLUYCEK-UHFFFAOYSA-N,Pexidartinib Hydrochloride
LT03915,Piflufolastat f-18,name,True,Piflufolastat f-18,,,PubChem_name_property,52950901.0,C18H23FN4O8,441.4,C1=CC(=NC=C1C(=O)NCCCC[C@@H](C(=O)O)NC(=O)N[C@@H](CCC(=O)O)C(=O)O)[18F],C1=CC(=NC=C1C(=O)NCCCCC(C(=O)O)NC(=O)NC(CCC(=O)O)C(=O)O)F,OLWVRJUNLXQDSP-MVBOSPHXSA-N,Piflufolastat F-18
LT03736,Pimavanserin tartrate,name,True,Pimavanserin tartrate,,,PubChem_name_property,11672491.0,C54H74F2N6O10,1005.2,CC(C)COC1=CC=C(C=C1)CNC(=O)N(CC2=CC=C(C=C2)F)C3CCN(CC3)C.CC(C)COC1=CC=C(C=C1)CNC(=O)N(CC2=CC=C(C=C2)F)C3CCN(CC3)C.[C@@H]([C@H](C(=O)O)O)(C(=O)O)O,CC(C)COC1=CC=C(C=C1)CNC(=O)N(CC2=CC=C(C=C2)F)C3CCN(CC3)C.CC(C)COC1=CC=C(C=C1)CNC(=O)N(CC2=CC=C(C=C2)F)C3CCN(CC3)C.C(C(C(=O)O)O)(C(=O)O)O,RGSULKHNAKTFIZ-CEAXSRTFSA-N,Pimavanserin Tartrate
LT03550,Pirfenidone,name,True,Pirfenidone,,,PubChem_name_property,40632.0,C12H11NO,185.22,CC1=CN(C(=O)C=C1)C2=CC=CC=C2,CC1=CN(C(=O)C=C1)C2=CC=CC=C2,ISWRGOKTTBVCFA-UHFFFAOYSA-N,Pirfenidone
LT03737,Pitolisant hydrochloride,name,True,Pitolisant hydrochloride,,,PubChem_name_property,11551689.0,C17H27Cl2NO,332.3,C1CCN(CC1)CCCOCCCC2=CC=C(C=C2)Cl.Cl,C1CCN(CC1)CCCOCCCC2=CC=C(C=C2)Cl.Cl,XLFKECRRMPOAQS-UHFFFAOYSA-N,Pitolisant Hydrochloride
LT03738,Plazomicin sulfate,name,True,Plazomicin sulfate,,,PubChem_name_property,71515458.0,C25H50N6O14S,690.8,C[C@@]1(CO[C@@H]([C@@H]([C@H]1NC)O)O[C@H]2[C@@H](C[C@@H]([C@H]([C@@H]2O)O[C@@H]3[C@@H](CC=C(O3)CNCCO)N)N)NC(=O)[C@H](CCN)O)O.OS(=O)(=O)O,CC1(COC(C(C1NC)O)OC2C(CC(C(C2O)OC3C(CC=C(O3)CNCCO)N)N)NC(=O)C(CCN)O)O.OS(=O)(=O)O,SFTBRKHJMASSAP-BGJNVEJLSA-N,Plazomicin Sulfate
LT03739,Plecanatide,name,True,Plecanatide,,,PubChem_name_property,70693500.0,C65H104N18O26S4,1681.9,C[C@H]1C(=O)N[C@H]2CSSC[C@@H](C(=O)N[C@H](C(=O)N[C@H](C(=O)N[C@@H](CSSC[C@H](NC(=O)CNC(=O)[C@@H](NC2=O)[C@@H](C)O)C(=O)N[C@@H](CC(C)C)C(=O)O)C(=O)N[C@H](C(=O)N[C@H](C(=O)N[C@H](C(=O)N1)C(C)C)CC(=O)N)C(C)C)CC(C)C)CCC(=O)O)NC(=O)[C@H](CCC(=O)O)NC(=O)[C@H](CC(=O)O)NC(=O)[C@H](CC(=O)N)N,CC1C(=O)NC2CSSCC(C(=O)NC(C(=O)NC(C(=O)NC(CSSCC(NC(=O)CNC(=O)C(NC2=O)C(C)O)C(=O)NC(CC(C)C)C(=O)O)C(=O)NC(C(=O)NC(C(=O)NC(C(=O)N1)C(C)C)CC(=O)N)C(C)C)CC(C)C)CCC(=O)O)NC(=O)C(CCC(=O)O)NC(=O)C(CC(=O)O)NC(=O)C(CC(=O)N)N,NSPHQWLKCGGCQR-DLJDZFDSSA-N,Plecanatide
LT00486,Polidocanol,name,True,Polidocanol,,,PubChem_name_property,656641.0,C30H62O10,582.8,CCCCCCCCCCCCOCCOCCOCCOCCOCCOCCOCCOCCOCCO,CCCCCCCCCCCCOCCOCCOCCOCCOCCOCCOCCOCCOCCO,ONJQDTZCDSESIW-UHFFFAOYSA-N,Nonaethylene Glycol Monododecyl Ether
LT00995,Polyethylene glycol 3350,chembl_id,False,CHEMBL1201478,200.0,,,,,,,,,
LT00995,Polyethylene glycol 3350,name,False,Polyethylene glycol 3350,,,,,,,,,,
LT00995,Polyethylene glycol 3350,ChEMBL_synonym,False,CHEMBL1201478,,,,,,,,,,
LT01291,Polymyxin b sulfate,name,False,Polymyxin b sulfate,,,,,,,,,,
LT01291,Polymyxin b sulfate,name,False,Polymyxin b,,,,,,,,,,
LT02883,Pomalidomide,name,True,Pomalidomide,,,PubChem_name_property,134780.0,C13H11N3O4,273.24,C1CC(=O)NC(=O)C1N2C(=O)C3=C(C2=O)C(=CC=C3)N,C1CC(=O)NC(=O)C1N2C(=O)C3=C(C2=O)C(=CC=C3)N,UVSMNLNDYGZFPF-UHFFFAOYSA-N,Pomalidomide
LT02434,Ponatinib hydrochloride,name,True,Ponatinib hydrochloride,,,PubChem_name_property,46908927.0,C29H28ClF3N6O,569.0,CC1=C(C=C(C=C1)C(=O)NC2=CC(=C(C=C2)CN3CCN(CC3)C)C(F)(F)F)C#CC4=CN=C5N4N=CC=C5.Cl,CC1=C(C=C(C=C1)C(=O)NC2=CC(=C(C=C2)CN3CCN(CC3)C)C(F)(F)F)C#CC4=CN=C5N4N=CC=C5.Cl,BWTNNZPNKQIADY-UHFFFAOYSA-N,Ponatinib Hydrochloride
LT03740,Ponesimod,name,True,Ponesimod,,,PubChem_name_property,11363176.0,C23H25ClN2O4S,461.0,CCCN=C1N(C(=O)/C(=C/C2=CC(=C(C=C2)OC[C@@H](CO)O)Cl)/S1)C3=CC=CC=C3C,CCCN=C1N(C(=O)C(=CC2=CC(=C(C=C2)OCC(CO)O)Cl)S1)C3=CC=CC=C3C,LPAUOXUZGSBGDU-ULCCENQXSA-N,Ponesimod
LT00972,Porfimer sodium,name,False,Porfimer sodium,,,,,,,,,,
LT00972,Porfimer sodium,name,False,Porfimer,,,,,,,,,,
LT03741,Pralsetinib,name,True,Pralsetinib,,,PubChem_name_property,129073603.0,C27H32FN9O2,533.6,CC1=CC(=NN1)NC2=NC(=NC(=C2)C)C3CCC(CC3)(C(=O)N[C@@H](C)C4=CN=C(C=C4)N5C=C(C=N5)F)OC,CC1=CC(=NN1)NC2=NC(=NC(=C2)C)C3CCC(CC3)(C(=O)NC(C)C4=CN=C(C=C4)N5C=C(C=N5)F)OC,GBLBJPZSROAGMF-SIYOEGHHSA-N,Pralsetinib
LT00665,Prasugrel hydrochloride,CAS,True,389574-19-0,,,PubChem_name_property,10158453.0,C20H21ClFNO3S,409.9,CC(=O)OC1=CC2=C(S1)CCN(C2)C(C3=CC=CC=C3F)C(=O)C4CC4.Cl,CC(=O)OC1=CC2=C(S1)CCN(C2)C(C3=CC=CC=C3F)C(=O)C4CC4.Cl,JALHGCPDPSNJNY-UHFFFAOYSA-N,Prasugrel Hydrochloride
LT03742,Pretomanid,name,True,Pretomanid,,,PubChem_name_property,456199.0,C14H12F3N3O5,359.26,C1[C@@H](COC2=NC(=CN21)[N+](=O)[O-])OCC3=CC=C(C=C3)OC(F)(F)F,C1C(COC2=NC(=CN21)[N+](=O)[O-])OCC3=CC=C(C=C3)OC(F)(F)F,ZLHZLMOSPGACSZ-NSHDSACASA-N,Pretomanid
LT00728,Protamine sulfate,chembl_id,False,CHEMBL1201651,200.0,,,,,,,,,
LT00728,Protamine sulfate,name,False,Protamine sulfate,,,,,,,,,,
LT00728,Protamine sulfate,name,False,Protamine,,,,,,,,,,
LT00728,Protamine sulfate,ChEMBL_synonym,False,CHEMBL1201651,,,,,,,,,,
LT03197,Prucalopride succinate,name,True,Prucalopride succinate,,,PubChem_name_property,9870009.0,C22H32ClN3O7,486.0,COCCCN1CCC(CC1)NC(=O)C2=CC(=C(C3=C2OCC3)N)Cl.C(CC(=O)O)C(=O)O,COCCCN1CCC(CC1)NC(=O)C2=CC(=C(C3=C2OCC3)N)Cl.C(CC(=O)O)C(=O)O,QZRSNVSQLGRAID-UHFFFAOYSA-N,Prucalopride Succinate
LT03913,Radium ra-223 dichloride,name,False,Radium ra-223 dichloride,,,,,,,,,,
LT01363,Rasburicase,chembl_id,False,CHEMBL1201594,200.0,,,,,,,,,
LT01363,Rasburicase,name,False,Rasburicase,,,,,,,,,,
LT01363,Rasburicase,ChEMBL_synonym,False,CHEMBL1201594,,,,,,,,,,
LT00646,Regadenoson,CAS,True,313348-27-5,,,PubChem_name_property,219024.0,C15H18N8O5,390.35,CNC(=O)C1=CN(N=C1)C2=NC(=C3C(=N2)N(C=N3)[C@H]4[C@@H]([C@@H]([C@H](O4)CO)O)O)N,CNC(=O)C1=CN(N=C1)C2=NC(=C3C(=N2)N(C=N3)C4C(C(C(O4)CO)O)O)N,LZPZPHGJDAGEJZ-AKAIJSEGSA-N,Regadenoson
LT02433,Regorafenib,name,True,Regorafenib,,,PubChem_name_property,11167602.0,C21H15ClF4N4O3,482.8,CNC(=O)C1=NC=CC(=C1)OC2=CC(=C(C=C2)NC(=O)NC3=CC(=C(C=C3)Cl)C(F)(F)F)F,CNC(=O)C1=NC=CC(=C1)OC2=CC(=C(C=C2)NC(=O)NC3=CC(=C(C=C3)Cl)C(F)(F)F)F,FNHKPVJBJVTLMP-UHFFFAOYSA-N,Regorafenib
LT03743,Relugolix,name,True,Relugolix,,,PubChem_name_property,10348973.0,C29H27F2N7O5S,623.6,CN(C)CC1=C(SC2=C1C(=O)N(C(=O)N2CC3=C(C=CC=C3F)F)C4=NN=C(C=C4)OC)C5=CC=C(C=C5)NC(=O)NOC,CN(C)CC1=C(SC2=C1C(=O)N(C(=O)N2CC3=C(C=CC=C3F)F)C4=NN=C(C=C4)OC)C5=CC=C(C=C5)NC(=O)NOC,AOMXMOCNKJTRQP-UHFFFAOYSA-N,Relugolix
LT03819,Remdesivir,name,True,Remdesivir,,,PubChem_name_property,121304016.0,C27H35N6O8P,602.6,CCC(CC)COC(=O)[C@H](C)N[P@](=O)(OC[C@@H]1[C@H]([C@H]([C@](O1)(C#N)C2=CC=C3N2N=CN=C3N)O)O)OC4=CC=CC=C4,CCC(CC)COC(=O)C(C)NP(=O)(OCC1C(C(C(O1)(C#N)C2=CC=C3N2N=CN=C3N)O)O)OC4=CC=CC=C4,RWWYLEGWBNMMLJ-YSOARWBDSA-N,Remdesivir
LT03744,Remimazolam besylate,name,True,Remimazolam besylate,,,PubChem_name_property,23658607.0,C27H25BrN4O5S,597.5,CC1=CN=C2N1C3=C(C=C(C=C3)Br)C(=N[C@H]2CCC(=O)OC)C4=CC=CC=N4.C1=CC=C(C=C1)S(=O)(=O)O,CC1=CN=C2N1C3=C(C=C(C=C3)Br)C(=NC2CCC(=O)OC)C4=CC=CC=N4.C1=CC=C(C=C1)S(=O)(=O)O,QMTKNJZIWGTNTE-LMOVPXPDSA-N,Remimazolam Besylate
LT01351,Reteplase,chembl_id,False,CHEMBL2107885,200.0,,,,,,,,,
LT01351,Reteplase,name,False,Reteplase,,,,,,,,,,
LT01351,Reteplase,ChEMBL_synonym,False,CHEMBL2107885,,,,,,,,,,
LT03606,Ribociclib succinate,name,True,Ribociclib succinate,,,PubChem_name_property,57334219.0,C27H36N8O5,552.6,CN(C)C(=O)C1=CC2=CN=C(N=C2N1C3CCCC3)NC4=NC=C(C=C4)N5CCNCC5.C(CC(=O)O)C(=O)O,CN(C)C(=O)C1=CC2=CN=C(N=C2N1C3CCCC3)NC4=NC=C(C=C4)N5CCNCC5.C(CC(=O)O)C(=O)O,NHANOMFABJQAAH-UHFFFAOYSA-N,Ribociclib Succinate
LT03745,Rifamycin sodium,name,True,Rifamycin sodium,,,PubChem_name_property,23702994.0,C37H46NNaO12,719.7,C[C@H]1/C=C/C=C(\C(=O)NC2=CC(=C3C(=C2O)C(=C(C4=C3C(=O)[C@](O4)(O/C=C/[C@@H]([C@H]([C@H]([C@@H]([C@@H]([C@@H]([C@H]1O)C)O)C)OC(=O)C)C)OC)C)C)O)[O-])/C.[Na+],CC1C=CC=C(C(=O)NC2=CC(=C3C(=C2O)C(=C(C4=C3C(=O)C(O4)(OC=CC(C(C(C(C(C(C1O)C)O)C)OC(=O)C)C)OC)C)C)O)[O-])C.[Na+],YVOFSHPIJOYKSH-NLYBMVFSSA-M,Rifamycin Sodium
LT01415,Rilonacept,chembl_id,False,CHEMBL1201830,200.0,,,,,,,,,
LT01415,Rilonacept,name,False,Rilonacept,,,,,,,,,,
LT01415,Rilonacept,ChEMBL_synonym,False,CHEMBL1201830,,,,,,,,,,
LT03746,Rimegepant sulfate,name,True,Rimegepant sulfate,,,PubChem_name_property,71586738.0,C56H64F4N12O13S,1221.2,C1C[C@H](C2=C(C=CC=N2)[C@H]([C@@H]1C3=C(C(=CC=C3)F)F)N)OC(=O)N4CCC(CC4)N5C6=C(NC5=O)N=CC=C6.C1C[C@H](C2=C(C=CC=N2)[C@H]([C@@H]1C3=C(C(=CC=C3)F)F)N)OC(=O)N4CCC(CC4)N5C6=C(NC5=O)N=CC=C6.O.O.O.OS(=O)(=O)O,C1CC(C2=C(C=CC=N2)C(C1C3=C(C(=CC=C3)F)F)N)OC(=O)N4CCC(CC4)N5C6=C(NC5=O)N=CC=C6.C1CC(C2=C(C=CC=N2)C(C1C3=C(C(=CC=C3)F)F)N)OC(=O)N4CCC(CC4)N5C6=C(NC5=O)N=CC=C6.O.O.O.OS(=O)(=O)O,SOGUOEZRYKUOHR-CQZKMDJHSA-N,Rimegepant Sulfate
LT02894,Riociguat,name,True,Riociguat,,,PubChem_name_property,11304743.0,C20H19FN8O2,422.4,CN(C1=C(N=C(N=C1N)C2=NN(C3=C2C=CC=N3)CC4=CC=CC=C4F)N)C(=O)OC,CN(C1=C(N=C(N=C1N)C2=NN(C3=C2C=CC=N3)CC4=CC=CC=C4F)N)C(=O)OC,WXXSNCNJFUAIDG-UHFFFAOYSA-N,Riociguat
LT03747,Ripretinib,name,True,Ripretinib,,,PubChem_name_property,71584930.0,C24H21BrFN5O2,510.4,CCN1C2=CC(=NC=C2C=C(C1=O)C3=CC(=C(C=C3Br)F)NC(=O)NC4=CC=CC=C4)NC,CCN1C2=CC(=NC=C2C=C(C1=O)C3=CC(=C(C=C3Br)F)NC(=O)NC4=CC=CC=C4)NC,CEFJVGZHQAGLHS-UHFFFAOYSA-N,Ripretinib
LT03748,Risdiplam,name,True,Risdiplam,,,PubChem_name_property,118513932.0,C22H23N7O,401.5,CC1=CC(=NN2C1=NC(=C2)C)C3=CC(=O)N4C=C(C=CC4=N3)N5CCNC6(C5)CC6,CC1=CC(=NN2C1=NC(=C2)C)C3=CC(=O)N4C=C(C=CC4=N3)N5CCNC6(C5)CC6,ASKZRYGFUPSJPN-UHFFFAOYSA-N,Risdiplam
LT00619,Roflumilast,name,True,Roflumilast,,,PubChem_name_property,449193.0,C17H14Cl2F2N2O3,403.2,C1CC1COC2=C(C=CC(=C2)C(=O)NC3=C(C=NC=C3Cl)Cl)OC(F)F,C1CC1COC2=C(C=CC(=C2)C(=O)NC3=C(C=NC=C3Cl)Cl)OC(F)F,MNDBXUUTURYVHR-UHFFFAOYSA-N,Roflumilast
LT03749,Rolapitant hydrochloride,name,True,Rolapitant hydrochloride,,,PubChem_name_property,16203739.0,C25H29ClF6N2O3,555.0,C[C@H](C1=CC(=CC(=C1)C(F)(F)F)C(F)(F)F)OC[C@]2(CC[C@]3(CCC(=O)N3)CN2)C4=CC=CC=C4.O.Cl,CC(C1=CC(=CC(=C1)C(F)(F)F)C(F)(F)F)OCC2(CCC3(CCC(=O)N3)CN2)C4=CC=CC=C4.O.Cl,GZQWMYVDLCUBQX-WVZIYJGPSA-N,Rolapitant Hydrochloride
LT01417,Romiplostim,chembl_id,False,CHEMBL1201832,200.0,,,,,,,,,
LT01417,Romiplostim,name,False,Romiplostim,,,,,,,,,,
LT01417,Romiplostim,ChEMBL_synonym,False,CHEMBL1201832,,,,,,,,,,
LT00928,Rubidium chloride rb-82,name,True,Rubidium chloride rb-82,,,PubChem_name_property,71357.0,ClRb,117.37,[Cl-].[82Rb+],[Cl-].[Rb+],FGDZQCVHDSGLHJ-RYDPDVNUSA-M,Rubidium Chloride Rb-82
LT03750,Rucaparib camsylate,name,True,Rucaparib camsylate,,,PubChem_name_property,121490161.0,C29H34FN3O5S,555.7,CC1([C@@H]2CC[C@]1(C(=O)C2)CS(=O)(=O)O)C.CNCC1=CC=C(C=C1)C2=C3CCNC(=O)C4=C3C(=CC(=C4)F)N2,CC1(C2CCC1(C(=O)C2)CS(=O)(=O)O)C.CNCC1=CC=C(C=C1)C2=C3CCNC(=O)C4=C3C(=CC(=C4)F)N2,INBJJAFXHQQSRW-STOWLHSFSA-N,Rucaparib Camsylate
LT02441,Ruxolitinib phosphate,name,True,Ruxolitinib phosphate,,,PubChem_name_property,25127112.0,C17H21N6O4P,404.4,C1CCC(C1)[C@@H](CC#N)N2C=C(C=N2)C3=C4C=CNC4=NC=N3.OP(=O)(O)O,C1CCC(C1)C(CC#N)N2C=C(C=N2)C3=C4C=CNC4=NC=N3.OP(=O)(O)O,JFMWPOCYMYGEDM-XFULWGLBSA-N,Jakafi
LT00463,Sacrosidase,chembl_id,False,CHEMBL1201487,200.0,,,,,,,,,
LT00463,Sacrosidase,name,False,Sacrosidase,,,,,,,,,,
LT00463,Sacrosidase,ChEMBL_synonym,False,CHEMBL1201487,,,,,,,,,,
LT03752,Safinamide mesylate,name,True,Safinamide mesylate,,,PubChem_name_property,3038502.0,C18H23FN2O5S,398.5,C[C@@H](C(=O)N)NCC1=CC=C(C=C1)OCC2=CC(=CC=C2)F.CS(=O)(=O)O,CC(C(=O)N)NCC1=CC=C(C=C1)OCC2=CC(=CC=C2)F.CS(=O)(=O)O,YKOCHIUQOBQIAC-YDALLXLXSA-N,Safinamide Mesylate
LT03753,Sarecycline hydrochloride,name,True,Sarecycline hydrochloride,,,PubChem_name_property,71296095.0,C24H30ClN3O8,524.0,CN(C)[C@H]1[C@@H]2C[C@@H]3CC4=C(C=CC(=C4C(=C3C(=O)[C@@]2(C(=C(C1=O)C(=O)N)O)O)O)O)CN(C)OC.Cl,CN(C)C1C2CC3CC4=C(C=CC(=C4C(=C3C(=O)C2(C(=C(C1=O)C(=O)N)O)O)O)O)CN(C)OC.Cl,JGPBDCKZLBSHOI-FIPJBXKNSA-N,Sarecycline Hydrochloride
LT01321,Sargramostim,chembl_id,False,CHEMBL1201670,200.0,,,,,,,,,
LT01321,Sargramostim,name,False,Sargramostim,,,,,,,,,,
LT01321,Sargramostim,ChEMBL_synonym,False,CHEMBL1201670,,,,,,,,,,
LT03143,Secnidazole,name,True,Secnidazole,,,PubChem_name_property,71815.0,C7H11N3O3,185.18,CC1=NC=C(N1CC(C)O)[N+](=O)[O-],CC1=NC=C(N1CC(C)O)[N+](=O)[O-],KPQZUUQMTUIKBP-UHFFFAOYSA-N,Secnidazole
LT03754,Selenious acid,name,True,Selenious acid,,,PubChem_name_property,1091.0,H2O3Se,128.99,O[Se](=O)O,O[Se](=O)O,MCAHWIHFGHIESP-UHFFFAOYSA-N,Selenious Acid
LT03755,Selexipag,name,True,Selexipag,,,PubChem_name_property,9913767.0,C26H32N4O4S,496.6,CC(C)N(CCCCOCC(=O)NS(=O)(=O)C)C1=CN=C(C(=N1)C2=CC=CC=C2)C3=CC=CC=C3,CC(C)N(CCCCOCC(=O)NS(=O)(=O)C)C1=CN=C(C(=N1)C2=CC=CC=C2)C3=CC=CC=C3,QXWZQTURMXZVHJ-UHFFFAOYSA-N,Selexipag
LT03756,Selinexor,name,True,Selinexor,,,PubChem_name_property,71481097.0,C17H11F6N7O,443.3,C1=CN=C(C=N1)NNC(=O)/C=C\N2C=NC(=N2)C3=CC(=CC(=C3)C(F)(F)F)C(F)(F)F,C1=CN=C(C=N1)NNC(=O)C=CN2C=NC(=N2)C3=CC(=CC(=C3)C(F)(F)F)C(F)(F)F,DEVSOMFAQLZNKR-RJRFIUFISA-N,Selinexor
LT03757,Selpercatinib,name,True,Selpercatinib,,,PubChem_name_property,134436906.0,C29H31N7O3,525.6,CC(C)(COC1=CN2C(=C(C=N2)C#N)C(=C1)C3=CN=C(C=C3)N4CC5CC(C4)N5CC6=CN=C(C=C6)OC)O,CC(C)(COC1=CN2C(=C(C=N2)C#N)C(=C1)C3=CN=C(C=C3)N4CC5CC(C4)N5CC6=CN=C(C=C6)OC)O,XIIOFHFUYBLOLW-UHFFFAOYSA-N,Selpercatinib
LT03758,Selumetinib sulfate,name,True,Selumetinib sulfate,,,PubChem_name_property,16214875.0,C17H17BrClFN4O7S,555.8,CN1C=NC2=C1C=C(C(=C2F)NC3=C(C=C(C=C3)Br)Cl)C(=O)NOCCO.OS(=O)(=O)O,CN1C=NC2=C1C=C(C(=C2F)NC3=C(C=C(C=C3)Br)Cl)C(=O)NOCCO.OS(=O)(=O)O,GRKFGZYYYYISDX-UHFFFAOYSA-N,Selumetinib Sulfate
LT03759,Semaglutide,name,True,Semaglutide,,,PubChem_name_property,56843331.0,C187H291N45O59,4114.0,CC[C@H](C)[C@@H](C(=O)N[C@@H](C)C(=O)N[C@@H](CC1=CNC2=CC=CC=C21)C(=O)N[C@@H](CC(C)C)C(=O)N[C@@H](C(C)C)C(=O)N[C@@H](CCCNC(=N)N)C(=O)NCC(=O)N[C@@H](CCCNC(=N)N)C(=O)NCC(=O)O)NC(=O)[C@H](CC3=CC=CC=C3)NC(=O)[C@H](CCC(=O)O)NC(=O)[C@H](CCCCNC(=O)COCCOCCNC(=O)COCCOCCNC(=O)CC[C@H](C(=O)O)NC(=O)CCCCCCCCCCCCCCCCC(=O)O)NC(=O)[C@H](C)NC(=O)[C@H](C)NC(=O)[C@H](CCC(=O)N)NC(=O)CNC(=O)[C@H](CCC(=O)O)NC(=O)[C@H](CC(C)C)NC(=O)[C@H](CC4=CC=C(C=C4)O)NC(=O)[C@H](CO)NC(=O)[C@H](CO)NC(=O)[C@H](C(C)C)NC(=O)[C@H](CC(=O)O)NC(=O)[C@H](CO)NC(=O)[C@H]([C@@H](C)O)NC(=O)[C@H](CC5=CC=CC=C5)NC(=O)[C@H]([C@@H](C)O)NC(=O)CNC(=O)[C@H](CCC(=O)O)NC(=O)C(C)(C)NC(=O)[C@H](CC6=CN=CN6)N,CCC(C)C(C(=O)NC(C)C(=O)NC(CC1=CNC2=CC=CC=C21)C(=O)NC(CC(C)C)C(=O)NC(C(C)C)C(=O)NC(CCCNC(=N)N)C(=O)NCC(=O)NC(CCCNC(=N)N)C(=O)NCC(=O)O)NC(=O)C(CC3=CC=CC=C3)NC(=O)C(CCC(=O)O)NC(=O)C(CCCCNC(=O)COCCOCCNC(=O)COCCOCCNC(=O)CCC(C(=O)O)NC(=O)CCCCCCCCCCCCCCCCC(=O)O)NC(=O)C(C)NC(=O)C(C)NC(=O)C(CCC(=O)N)NC(=O)CNC(=O)C(CCC(=O)O)NC(=O)C(CC(C)C)NC(=O)C(CC4=CC=C(C=C4)O)NC(=O)C(CO)NC(=O)C(CO)NC(=O)C(C(C)C)NC(=O)C(CC(=O)O)NC(=O)C(CO)NC(=O)C(C(C)O)NC(=O)C(CC5=CC=CC=C5)NC(=O)C(C(C)O)NC(=O)CNC(=O)C(CCC(=O)O)NC(=O)C(C)(C)NC(=O)C(CC6=CN=CN6)N,DLSWIYLPEUIQAV-CCUURXOWSA-N,Semaglutide
LT03760,Setmelanotide acetate,name,True,Setmelanotide acetate,,,PubChem_name_property,155491122.0,C55H80N18O15S2,1297.5,C[C@@H]1C(=O)N[C@H](C(=O)N[C@@H](C(=O)N[C@H](C(=O)N[C@H](C(=O)N[C@@H](CSSC[C@@H](C(=O)N1)NC(=O)[C@H](CCCN=C(N)N)NC(=O)C)C(=O)N)CC2=CNC3=CC=CC=C32)CCCN=C(N)N)CC4=CC=CC=C4)CC5=CN=CN5.CC(=O)O.CC(=O)O.CC(=O)O,CC1C(=O)NC(C(=O)NC(C(=O)NC(C(=O)NC(C(=O)NC(CSSCC(C(=O)N1)NC(=O)C(CCCN=C(N)N)NC(=O)C)C(=O)N)CC2=CNC3=CC=CC=C32)CCCN=C(N)N)CC4=CC=CC=C4)CC5=CN=CN5.CC(=O)O.CC(=O)O.CC(=O)O,PILXXDANZBQUJH-AKVBKPKISA-N,Setmelanotide acetate
LT02171,Simethicone-cellulose,chembl_id,False,CHEMBL4297192,200.0,,,,,,,,,
LT02171,Simethicone-cellulose,name,False,Simethicone-cellulose,,,,,,,,,,
LT02171,Simethicone-cellulose,ChEMBL_synonym,False,CHEMBL4297192,,,,,,,,,,
LT03761,Siponimod,name,True,Siponimod,,,PubChem_name_property,44599207.0,C29H35F3N2O3,516.6,CCC1=C(C=CC(=C1)/C(=N/OCC2=CC(=C(C=C2)C3CCCCC3)C(F)(F)F)/C)CN4CC(C4)C(=O)O,CCC1=C(C=CC(=C1)C(=NOCC2=CC(=C(C=C2)C3CCCCC3)C(F)(F)F)C)CN4CC(C4)C(=O)O,KIHYPELVXPAIDH-HNSNBQBZSA-N,Siponimod
LT03914,Sodium fluoride f-18,name,True,Sodium fluoride f-18,,,PubChem_name_property,23690531.0,FNa,40.990707,[18F-].[Na+],[F-].[Na+],PUZPDOWCWNUUKD-ULWFUOSBSA-M,Sodium Fluoride F-18
LT00880,Sodium nitroprusside,chembl_id,False,CHEMBL2097081,200.0,,,,,,,,,
LT00880,Sodium nitroprusside,name,True,Sodium nitroprusside,,,PubChem_name_property,11953895.0,C5H4FeN6Na2O3,297.95,[C-]#N.[C-]#N.[C-]#N.[C-]#N.[C-]#N.[N-]=O.O.O.[Na+].[Na+].[Fe+4],[C-]#N.[C-]#N.[C-]#N.[C-]#N.[C-]#N.[N-]=O.O.O.[Na+].[Na+].[Fe+4],XRKMNJXYOFSTBE-UHFFFAOYSA-N,Sodium nitroprusside dihydrate
LT00480,Sodium oxybate,CAS,True,202402-01-5,,,PubChem_name_property,10221200.0,C13H16F3NO2,275.27,COCCCC(=O)NCC1=CC=C(C=C1)C(F)(F)F,COCCCC(=O)NCC1=CC=C(C=C1)C(F)(F)F,QLZOWJNFLXSDSH-UHFFFAOYSA-N,Get-73
LT02343,Sodium phenylbutyrate,CAS,True,1821-12-1,,,PubChem_name_property,4775.0,C10H12O2,164.2,C1=CC=C(C=C1)CCCC(=O)O,C1=CC=C(C=C1)CCCC(=O)O,OBKXEAXTFZPCHS-UHFFFAOYSA-N,4-Phenylbutyric Acid
LT00801,Sodium polystyrene sulfonate,chembl_id,False,CHEMBL1201484,200.0,,,,,,,,,
LT00801,Sodium polystyrene sulfonate,name,False,Sodium polystyrene sulfonate,,,,,,,,,,
LT00801,Sodium polystyrene sulfonate,ChEMBL_synonym,False,CHEMBL1201484,,,,,,,,,,
LT00439,Sodium thiosulfate,name,True,Sodium thiosulfate,,,PubChem_name_property,24477.0,Na2O3S2,158.11,[O-]S(=O)(=S)[O-].[Na+].[Na+],[O-]S(=O)(=S)[O-].[Na+].[Na+],AKHNMLFCWUSKQB-UHFFFAOYSA-L,Sodium Thiosulfate
LT03762,Sodium zirconium cyclosilicate,name,True,Sodium zirconium cyclosilicate,,,PubChem_name_property,155804812.0,Na2O9Si3Zr,365.45,[O-][Si]1(O[Si](O[Si](O1)([O-])[O-])([O-])[O-])[O-].[Na+].[Na+].[Zr+4],[O-][Si]1(O[Si](O[Si](O1)([O-])[O-])([O-])[O-])[O-].[Na+].[Na+].[Zr+4],QMLIRKACNOVYNW-UHFFFAOYSA-N,Sodium Zirconium Cyclosilicate
LT02901,Sofosbuvir,name,True,Sofosbuvir,,,PubChem_name_property,45375808.0,C22H29FN3O9P,529.5,C[C@@H](C(=O)OC(C)C)N[P@](=O)(OC[C@@H]1[C@H]([C@@]([C@@H](O1)N2C=CC(=O)NC2=O)(C)F)O)OC3=CC=CC=C3,CC(C)OC(=O)C(C)NP(=O)(OCC1C(C(C(O1)N2C=CC(=O)NC2=O)(C)F)O)OC3=CC=CC=C3,TTZHDVOVKQGIBA-IQWMDFIBSA-N,Sofosbuvir
LT03763,Solriamfetol hydrochloride,name,True,Solriamfetol hydrochloride,,,PubChem_name_property,67583702.0,C10H15ClN2O2,230.69,C1=CC=C(C=C1)C[C@H](COC(=O)N)N.Cl,C1=CC=C(C=C1)CC(COC(=O)N)N.Cl,KAOVAAHCFNYXNJ-SBSPUUFOSA-N,Solriamfetol Hydrochloride
LT00888,Somatropin,chembl_id,False,CHEMBL1201621,200.0,,,,,,,,,
LT00888,Somatropin,name,False,Somatropin,,,,,,,,,,
LT00888,Somatropin,ChEMBL_synonym,False,CHEMBL1201621,,,,,,,,,,
LT03764,Sonidegib phosphate,name,True,Sonidegib phosphate,,,PubChem_name_property,45138699.0,C26H32F3N3O11P2,681.5,C[C@@H]1CN(C[C@@H](O1)C)C2=NC=C(C=C2)NC(=O)C3=CC=CC(=C3C)C4=CC=C(C=C4)OC(F)(F)F.OP(=O)(O)O.OP(=O)(O)O,CC1CN(CC(O1)C)C2=NC=C(C=C2)NC(=O)C3=CC=CC(=C3C)C4=CC=C(C=C4)OC(F)(F)F.OP(=O)(O)O.OP(=O)(O)O,RWIVSVMMGFFZIJ-VWDRLOGHSA-N,Sonidegib Phosphate
LT03765,Sotorasib,name,True,Sotorasib,,,PubChem_name_property,137278711.0,C30H30F2N6O3,560.6,C[C@H]1CN(CCN1C2=NC(=O)N(C3=NC(=C(C=C32)F)C4=C(C=CC=C4F)O)C5=C(C=CN=C5C(C)C)C)C(=O)C=C,CC1CN(CCN1C2=NC(=O)N(C3=NC(=C(C=C32)F)C4=C(C=CC=C4F)O)C5=C(C=CN=C5C(C)C)C)C(=O)C=C,NXQKSXLFSAEQCZ-SFHVURJKSA-N,Sotorasib
LT02728,Stiripentol,name,True,Stiripentol,,,PubChem_name_property,5311454.0,C14H18O3,234.29,CC(C)(C)C(/C=C/C1=CC2=C(C=C1)OCO2)O,CC(C)(C)C(C=CC1=CC2=C(C=C1)OCO2)O,IBLNKMRFIPWSOY-FNORWQNLSA-N,Stiripentol
LT03224,Sugammadex sodium,name,True,Sugammadex sodium,,,PubChem_name_property,6918584.0,C72H104Na8O48S8,2178.0,C(CSC[C@@H]1[C@@H]2[C@@H]([C@H]([C@H](O1)O[C@@H]3[C@H](O[C@@H]([C@@H]([C@H]3O)O)O[C@@H]4[C@H](O[C@@H]([C@@H]([C@H]4O)O)O[C@@H]5[C@H](O[C@@H]([C@@H]([C@H]5O)O)O[C@@H]6[C@H](O[C@@H]([C@@H]([C@H]6O)O)O[C@@H]7[C@H](O[C@@H]([C@@H]([C@H]7O)O)O[C@@H]8[C@H](O[C@@H]([C@@H]([C@H]8O)O)O[C@@H]9[C@H](O[C@H](O2)[C@@H]([C@H]9O)O)CSCCC(=O)[O-])CSCCC(=O)[O-])CSCCC(=O)[O-])CSCCC(=O)[O-])CSCCC(=O)[O-])CSCCC(=O)[O-])CSCCC(=O)[O-])O)O)C(=O)[O-].[Na+].[Na+].[Na+].[Na+].[Na+].[Na+].[Na+].[Na+],C(CSCC1C2C(C(C(O1)OC3C(OC(C(C3O)O)OC4C(OC(C(C4O)O)OC5C(OC(C(C5O)O)OC6C(OC(C(C6O)O)OC7C(OC(C(C7O)O)OC8C(OC(C(C8O)O)OC9C(OC(O2)C(C9O)O)CSCCC(=O)[O-])CSCCC(=O)[O-])CSCCC(=O)[O-])CSCCC(=O)[O-])CSCCC(=O)[O-])CSCCC(=O)[O-])CSCCC(=O)[O-])O)O)C(=O)[O-].[Na+].[Na+].[Na+].[Na+].[Na+].[Na+].[Na+].[Na+],KMGKABOMYQLLDJ-VKHHSAQNSA-F,Sugammadex Sodium
LT03766,Suvorexant,name,True,Suvorexant,,,PubChem_name_property,24965990.0,C23H23ClN6O2,450.9,C[C@@H]1CCN(CCN1C(=O)C2=C(C=CC(=C2)C)N3N=CC=N3)C4=NC5=C(O4)C=CC(=C5)Cl,CC1CCN(CCN1C(=O)C2=C(C=CC(=C2)C)N3N=CC=N3)C4=NC5=C(O4)C=CC(=C5)Cl,JYTNQNCOQXFQPK-MRXNPFEDSA-N,Suvorexant
LT03576,Tafamidis meglumine,name,True,Tafamidis meglumine,,,PubChem_name_property,24970412.0,C21H24Cl2N2O8,503.3,CNC[C@@H]([C@H]([C@@H]([C@@H](CO)O)O)O)O.C1=CC2=C(C=C1C(=O)O)OC(=N2)C3=CC(=CC(=C3)Cl)Cl,CNCC(C(C(C(CO)O)O)O)O.C1=CC2=C(C=C1C(=O)O)OC(=N2)C3=CC(=CC(=C3)Cl)Cl,DQJDBUPLRMRBAB-WZTVWXICSA-N,Tafamidis Meglumine
LT03898,Tafenoquine succinate,name,True,Tafenoquine succinate,,,PubChem_name_property,163761.0,C28H34F3N3O7,581.6,CC1=CC(=NC2=C1C(=C(C=C2NC(C)CCCN)OC)OC3=CC=CC(=C3)C(F)(F)F)OC.C(CC(=O)O)C(=O)O,CC1=CC(=NC2=C1C(=C(C=C2NC(C)CCCN)OC)OC3=CC=CC(=C3)C(F)(F)F)OC.C(CC(=O)O)C(=O)O,CQBKFGJRAOXYIP-UHFFFAOYSA-N,Tafenoquine Succinate
LT03768,Talazoparib tosylate,name,True,Talazoparib tosylate,,,PubChem_name_property,135565654.0,C26H22F2N6O4S,552.6,CC1=CC=C(C=C1)S(=O)(=O)O.CN1C(=NC=N1)[C@@H]2[C@H](NC3=CC(=CC4=C3C2=NNC4=O)F)C5=CC=C(C=C5)F,CC1=CC=C(C=C1)S(=O)(=O)O.CN1C(=NC=N1)C2C(NC3=CC(=CC4=C3C2=NNC4=O)F)C5=CC=C(C=C5)F,QUQKKHBYEFLEHK-QNBGGDODSA-N,Talazoparib Tosylate
LT02884,Tasimelteon,name,True,Tasimelteon,,,PubChem_name_property,10220503.0,C15H19NO2,245.32,CCC(=O)NC[C@@H]1C[C@H]1C2=C3CCOC3=CC=C2,CCC(=O)NCC1CC1C2=C3CCOC3=CC=C2,PTOIAAWZLUQTIO-GXFFZTMASA-N,Tasimelteon
LT03769,Tazemetostat hydrobromide,name,True,Tazemetostat hydrobromide,,,PubChem_name_property,71761627.0,C34H45BrN4O4,653.6,CCN(C1CCOCC1)C2=CC(=CC(=C2C)C(=O)NCC3=C(C=C(NC3=O)C)C)C4=CC=C(C=C4)CN5CCOCC5.Br,CCN(C1CCOCC1)C2=CC(=CC(=C2C)C(=O)NCC3=C(C=C(NC3=O)C)C)C4=CC=C(C=C4)CN5CCOCC5.Br,UQRICAQPWZSJNF-UHFFFAOYSA-N,Tazemetostat Hydrobromide
LT03770,Tecovirimat,name,True,Tecovirimat,,,PubChem_name_property,16124688.0,C19H15F3N2O3,376.3,C1[C@@H]2[C@H]1[C@@H]3C=C[C@H]2[C@@H]4[C@H]3C(=O)N(C4=O)NC(=O)C5=CC=C(C=C5)C(F)(F)F,C1C2C1C3C=CC2C4C3C(=O)N(C4=O)NC(=O)C5=CC=C(C=C5)C(F)(F)F,CSKDFZIMJXRJGH-VWLPUNTISA-N,Tecovirimat
LT03771,Tedizolid phosphate,name,True,Tedizolid phosphate,,,PubChem_name_property,11476460.0,C17H16FN6O6P,450.3,CN1N=C(N=N1)C2=NC=C(C=C2)C3=C(C=C(C=C3)N4C[C@@H](OC4=O)COP(=O)(O)O)F,CN1N=C(N=N1)C2=NC=C(C=C2)C3=C(C=C(C=C3)N4CC(OC4=O)COP(=O)(O)O)F,QCGUSIANLFXSGE-GFCCVEGCSA-N,Tedizolid Phosphate
LT03772,Telotristat etiprate,name,True,Telotristat etiprate,,,PubChem_name_property,25253377.0,C36H35ClF3N7O6,754.2,CCOC(=O)[C@H](CC1=CC=C(C=C1)C2=CC(=NC(=N2)N)O[C@H](C3=C(C=C(C=C3)Cl)N4C=CC(=N4)C)C(F)(F)F)N.C1=CC=C(C=C1)C(=O)NCC(=O)O,CCOC(=O)C(CC1=CC=C(C=C1)C2=CC(=NC(=N2)N)OC(C3=C(C=C(C=C3)Cl)N4C=CC(=N4)C)C(F)(F)F)N.C1=CC=C(C=C1)C(=O)NCC(=O)O,XSFPZBUIBYMVEA-CELUQASASA-N,Telotristat Etiprate
LT03773,Tenapanor hydrochloride,name,True,Tenapanor hydrochloride,,,PubChem_name_property,78131177.0,C50H68Cl6N8O10S2,1218.0,CN1C[C@H](C2=C(C1)C(=CC(=C2)Cl)Cl)C3=CC(=CC=C3)S(=O)(=O)NCCOCCOCCNC(=O)NCCCCNC(=O)NCCOCCOCCNS(=O)(=O)C4=CC=CC(=C4)[C@@H]5CN(CC6=C5C=C(C=C6Cl)Cl)C.Cl.Cl,CN1CC(C2=C(C1)C(=CC(=C2)Cl)Cl)C3=CC(=CC=C3)S(=O)(=O)NCCOCCOCCNC(=O)NCCCCNC(=O)NCCOCCOCCNS(=O)(=O)C4=CC=CC(=C4)C5CN(CC6=C5C=C(C=C6Cl)Cl)C.Cl.Cl,VFRAXTZDILCRKY-OWRGXFNZSA-N,Tenapanor Hydrochloride
LT01360,Tenecteplase,chembl_id,False,CHEMBL2108791,200.0,,,,,,,,,
LT01360,Tenecteplase,name,False,Tenecteplase,,,,,,,,,,
LT01360,Tenecteplase,ChEMBL_synonym,False,CHEMBL2108791,,,,,,,,,,
LT03775,Tepotinib hydrochloride,name,True,Tepotinib hydrochloride,,,PubChem_name_property,46700774.0,C29H31ClN6O3,547.0,CN1CCC(CC1)COC2=CN=C(N=C2)C3=CC=CC(=C3)CN4C(=O)C=CC(=N4)C5=CC=CC(=C5)C#N.O.Cl,CN1CCC(CC1)COC2=CN=C(N=C2)C3=CC=CC(=C3)CN4C(=O)C=CC(=N4)C5=CC=CC(=C5)C#N.O.Cl,KZVOMLRKFJUTLK-UHFFFAOYSA-N,Tepotinib Hydrochloride
LT02397,Teriflunomide,name,True,Teriflunomide,,,PubChem_name_property,54684141.0,C12H9F3N2O2,270.21,C/C(=C(\C#N)/C(=O)NC1=CC=C(C=C1)C(F)(F)F)/O,CC(=C(C#N)C(=O)NC1=CC=C(C=C1)C(F)(F)F)O,UTNUDOFZCWSZMS-YFHOEESVSA-N,Teriflunomide
LT01858,Tetrabamate,name,True,Tetrabamate,,,PubChem_name_property,57394584.0,C60H81N9O18,1216.3,CCCCCOC(CN1C(=O)C(C(=O)N(C1=O)CC(COCCCC)OC(=O)N)(CC)C2=CC=CC=C2)OC(=O)N.CCCCOCC(CN1C(=O)C(C(=O)NC1=O)(CC)C2=CC=CC=C2)OC(=O)N.CCC1(C(=O)NC(=O)NC1=O)C2=CC=CC=C2,CCCCCOC(CN1C(=O)C(C(=O)N(C1=O)CC(COCCCC)OC(=O)N)(CC)C2=CC=CC=C2)OC(=O)N.CCCCOCC(CN1C(=O)C(C(=O)NC1=O)(CC)C2=CC=CC=C2)OC(=O)N.CCC1(C(=O)NC(=O)NC1=O)C2=CC=CC=C2,YADPKIAGCVAODE-UHFFFAOYSA-N,Tetrabamate
LT00751,Thyrotropin alfa,chembl_id,False,CHEMBL1201533,200.0,,,,,,,,,
LT00751,Thyrotropin alfa,name,False,Thyrotropin alfa,,,,,,,,,,
LT00751,Thyrotropin alfa,ChEMBL_synonym,False,CHEMBL1201533,,,,,,,,,,
LT02413,Ticagrelor,name,True,Ticagrelor,,,PubChem_name_property,9871419.0,C23H28F2N6O4S,522.6,CCCSC1=NC(=C2C(=N1)N(N=N2)[C@@H]3C[C@@H]([C@H]([C@H]3O)O)OCCO)N[C@@H]4C[C@H]4C5=CC(=C(C=C5)F)F,CCCSC1=NC(=C2C(=N1)N(N=N2)C3CC(C(C3O)O)OCCO)NC4CC4C5=CC(=C(C=C5)F)F,OEKWJQXRCDYSHL-FNOIDJSQSA-N,Ticagrelor
LT00973,Tinzaparin sodium,chembl_id,False,CHEMBL1201414,200.0,,,,,,,,,
LT00973,Tinzaparin sodium,name,False,Tinzaparin sodium,,,,,,,,,,
LT00973,Tinzaparin sodium,name,False,Tinzaparin,,,,,,,,,,
LT00973,Tinzaparin sodium,ChEMBL_synonym,False,CHEMBL1201414,,,,,,,,,,
LT03776,Tivozanib hydrochloride,name,True,Tivozanib hydrochloride,,,PubChem_name_property,11547978.0,C22H22Cl2N4O6,509.3,CC1=CC(=NO1)NC(=O)NC2=C(C=C(C=C2)OC3=C4C=C(C(=CC4=NC=C3)OC)OC)Cl.O.Cl,CC1=CC(=NO1)NC(=O)NC2=C(C=C(C=C2)OC3=C4C=C(C(=CC4=NC=C3)OC)OC)Cl.O.Cl,RQXMKRRBJITKRN-UHFFFAOYSA-N,Tivozanib Hydrochloride
LT02392,Tofacitinib citrate,name,True,Tofacitinib citrate,,,PubChem_name_property,10174505.0,C22H28N6O8,504.5,C[C@@H]1CCN(C[C@@H]1N(C)C2=NC=NC3=C2C=CN3)C(=O)CC#N.C(C(=O)O)C(CC(=O)O)(C(=O)O)O,CC1CCN(CC1N(C)C2=NC=NC3=C2C=CN3)C(=O)CC#N.C(C(=O)O)C(CC(=O)O)(C(=O)O)O,SYIKUFDOYJFGBQ-YLAFAASESA-N,Tofacitinib Citrate
LT02903,Trametinib dimethyl sulfoxide,name,True,Trametinib dimethyl sulfoxide,,,PubChem_name_property,50992434.0,C28H29FIN5O5S,693.5,CC1=C2C(=C(N(C1=O)C)NC3=C(C=C(C=C3)I)F)C(=O)N(C(=O)N2C4=CC=CC(=C4)NC(=O)C)C5CC5.CS(=O)C,CC1=C2C(=C(N(C1=O)C)NC3=C(C=C(C=C3)I)F)C(=O)N(C(=O)N2C4=CC=CC(=C4)NC(=O)C)C5CC5.CS(=O)C,OQUFJVRYDFIQBW-UHFFFAOYSA-N,Trametinib Dimethyl Sulfoxide
LT01352,Trastuzumab,chembl_id,False,CHEMBL1201585,200.0,,,,,,,,,
LT01352,Trastuzumab,name,False,Trastuzumab,,,,,,,,,,
LT01352,Trastuzumab,ChEMBL_synonym,False,CHEMBL1201585,,,,,,,,,,
LT03076,Triclabendazole,name,True,Triclabendazole,,,PubChem_name_property,50248.0,C14H9Cl3N2OS,359.7,CSC1=NC2=CC(=C(C=C2N1)Cl)OC3=C(C(=CC=C3)Cl)Cl,CSC1=NC2=CC(=C(C=C2N1)Cl)OC3=C(C(=CC=C3)Cl)Cl,NQPDXQQQCQDHHW-UHFFFAOYSA-N,Triclabendazole
LT00375,Trientine hydrochloride,name,True,Trientine hydrochloride,,,PubChem_name_property,71433.0,C6H20Cl2N4,219.15,C(CNCCNCCN)N.Cl.Cl,C(CNCCNCCN)N.Cl.Cl,WYHIICXRPHEJKI-UHFFFAOYSA-N,Trientine Hydrochloride
LT03777,Triheptanoin,name,True,Triheptanoin,,,PubChem_name_property,69286.0,C24H44O6,428.6,CCCCCCC(=O)OCC(COC(=O)CCCCCC)OC(=O)CCCCCC,CCCCCCC(=O)OCC(COC(=O)CCCCCC)OC(=O)CCCCCC,PJHKBYALYHRYSK-UHFFFAOYSA-N,Triheptanoin
LT03778,Trilaciclib dihydrochloride,name,True,Trilaciclib dihydrochloride,,,PubChem_name_property,124081865.0,C24H32Cl2N8O,519.5,CN1CCN(CC1)C2=CN=C(C=C2)NC3=NC=C4C=C5C(=O)NCC6(N5C4=N3)CCCCC6.Cl.Cl,CN1CCN(CC1)C2=CN=C(C=C2)NC3=NC=C4C=C5C(=O)NCC6(N5C4=N3)CCCCC6.Cl.Cl,BRCYOXKEDFAUSA-UHFFFAOYSA-N,Trilaciclib dihydrochloride
LT00460,Triptorelin pamoate,name,True,Triptorelin pamoate,,,PubChem_name_property,25074469.0,C87H98N18O19,1699.8,CC(C)C[C@@H](C(=O)N[C@@H](CCCN=C(N)N)C(=O)N1CCC[C@H]1C(=O)NCC(=O)N)NC(=O)[C@@H](CC2=CNC3=CC=CC=C32)NC(=O)[C@H](CC4=CC=C(C=C4)O)NC(=O)[C@H](CO)NC(=O)[C@H](CC5=CNC6=CC=CC=C65)NC(=O)[C@H](CC7=CN=CN7)NC(=O)[C@@H]8CCC(=O)N8.C1=CC=C2C(=C1)C=C(C(=C2CC3=C(C(=CC4=CC=CC=C43)C(=O)O)O)O)C(=O)O,CC(C)CC(C(=O)NC(CCCN=C(N)N)C(=O)N1CCCC1C(=O)NCC(=O)N)NC(=O)C(CC2=CNC3=CC=CC=C32)NC(=O)C(CC4=CC=C(C=C4)O)NC(=O)C(CO)NC(=O)C(CC5=CNC6=CC=CC=C65)NC(=O)C(CC7=CN=CN7)NC(=O)C8CCC(=O)N8.C1=CC=C2C(=C1)C=C(C(=C2CC3=C(C(=CC4=CC=CC=C43)C(=O)O)O)O)C(=O)O,ZBVJFYPGLGEMIN-OYLNGHKZSA-N,Triptorelin Pamoate
LT03779,Tucatinib,name,True,Tucatinib,,,PubChem_name_property,51039094.0,C26H24N8O2,480.5,CC1=C(C=CC(=C1)NC2=NC=NC3=C2C=C(C=C3)NC4=NC(CO4)(C)C)OC5=CC6=NC=NN6C=C5,CC1=C(C=CC(=C1)NC2=NC=NC3=C2C=C(C=C3)NC4=NC(CO4)(C)C)OC5=CC6=NC=NN6C=C5,SDEAXTCZPQIFQM-UHFFFAOYSA-N,Tucatinib
LT03780,Ubrogepant,name,True,Ubrogepant,,,PubChem_name_property,68748835.0,C29H26F3N5O3,549.5,C[C@@H]1[C@@H](C[C@@H](C(=O)N1CC(F)(F)F)NC(=O)C2=CC3=C(C[C@@]4(C3)C5=C(NC4=O)N=CC=C5)N=C2)C6=CC=CC=C6,CC1C(CC(C(=O)N1CC(F)(F)F)NC(=O)C2=CC3=C(CC4(C3)C5=C(NC4=O)N=CC=C5)N=C2)C6=CC=CC=C6,DDOOFTLHJSMHLN-ZQHRPCGSSA-N,Ubrogepant
LT02443,Ulipristal acetate,name,True,Ulipristal acetate,,,PubChem_name_property,130904.0,C30H37NO4,475.6,CC(=O)[C@]1(CC[C@@H]2[C@@]1(C[C@@H](C3=C4CCC(=O)C=C4CC[C@@H]23)C5=CC=C(C=C5)N(C)C)C)OC(=O)C,CC(=O)C1(CCC2C1(CC(C3=C4CCC(=O)C=C4CCC23)C5=CC=C(C=C5)N(C)C)C)OC(=O)C,OOLLAFOLCSJHRE-ZHAKMVSLSA-N,Ulipristal Acetate
LT03781,Umbralisib tosylate,name,True,Umbralisib tosylate,,,PubChem_name_property,86707828.0,C38H32F3N5O6S,743.8,CC1=CC=C(C=C1)S(=O)(=O)O.C[C@@H](C1=C(C(=O)C2=C(O1)C=CC(=C2)F)C3=CC(=CC=C3)F)N4C5=NC=NC(=C5C(=N4)C6=CC(=C(C=C6)OC(C)C)F)N,CC1=CC=C(C=C1)S(=O)(=O)O.CC(C)OC1=C(C=C(C=C1)C2=NN(C3=NC=NC(=C23)N)C(C)C4=C(C(=O)C5=C(O4)C=CC(=C5)F)C6=CC(=CC=C6)F)F,KYJWUPZPSXZEPG-NTISSMGPSA-N,Umbralisib Tosylate
LT03782,Umeclidinium bromide,name,True,Umeclidinium bromide,,,PubChem_name_property,11519069.0,C29H34BrNO2,508.5,C1C[N+]2(CCC1(CC2)C(C3=CC=CC=C3)(C4=CC=CC=C4)O)CCOCC5=CC=CC=C5.[Br-],C1C[N+]2(CCC1(CC2)C(C3=CC=CC=C3)(C4=CC=CC=C4)O)CCOCC5=CC=CC=C5.[Br-],PEJHHXHHNGORMP-UHFFFAOYSA-M,Umeclidinium bromide
LT03783,Upadacitinib,name,True,Upadacitinib,,,PubChem_name_property,58557659.0,C17H19F3N6O,380.4,CC[C@@H]1CN(C[C@@H]1C2=CN=C3N2C4=C(NC=C4)N=C3)C(=O)NCC(F)(F)F,CCC1CN(CC1C2=CN=C3N2C4=C(NC=C4)N=C3)C(=O)NCC(F)(F)F,WYQFJHHDOKWSHR-MNOVXSKESA-N,Upadacitinib
LT03784,Uridine triacetate,name,True,Uridine triacetate,,,PubChem_name_property,20058.0,C15H18N2O9,370.31,CC(=O)OC[C@@H]1[C@H]([C@H]([C@@H](O1)N2C=CC(=O)NC2=O)OC(=O)C)OC(=O)C,CC(=O)OCC1C(C(C(O1)N2C=CC(=O)NC2=O)OC(=O)C)OC(=O)C,AUFUWRKPQLGTGF-FMKGYKFTSA-N,"2',3',5'-tri-O-acetyluridine"
LT00929,Urofollitropin,chembl_id,False,CHEMBL1201520,200.0,,,,,,,,,
LT00929,Urofollitropin,name,True,Urofollitropin,,,PubChem_name_property,73759969.0,C42H65N11O12S2,980.2,CC[C@@H](C)C1C(=O)N[C@H](C(=O)N[C@H](C(=O)N[C@H](CSSC[C@H](C(=O)N[C@@H](C(=O)N1)CC2=CC=C(C=C2)O)N)C(=O)N3CCC[C@@H]3C(=O)N[C@H](CC(C)C)C(=O)NCC(=O)N)CC(=O)N)[C@H](C)O,CCC(C)C1C(=O)NC(C(=O)NC(C(=O)NC(CSSCC(C(=O)NC(C(=O)N1)CC2=CC=C(C=C2)O)N)C(=O)N3CCCC3C(=O)NC(CC(C)C)C(=O)NCC(=O)N)CC(=O)N)C(C)O,ZDRRIRUAESZNIH-JLSAMJFVSA-N,Urofollitropin
LT01229,Urokinase,chembl_id,False,CHEMBL1201420,200.0,,,,,,,,,
LT01229,Urokinase,name,False,Urokinase,,,,,,,,,,
LT01229,Urokinase,ChEMBL_synonym,False,CHEMBL1201420,,,,,,,,,,
LT01416,Ustekinumab,chembl_id,False,CHEMBL1201835,200.0,,,,,,,,,
LT01416,Ustekinumab,name,False,Ustekinumab,,,,,,,,,,
LT01416,Ustekinumab,ChEMBL_synonym,False,CHEMBL1201835,,,,,,,,,,
LT03785,Valbenazine tosylate,name,True,Valbenazine tosylate,,,PubChem_name_property,92042922.0,C38H54N2O10S2,763.0,CC1=CC=C(C=C1)S(=O)(=O)O.CC1=CC=C(C=C1)S(=O)(=O)O.CC(C)C[C@@H]1CN2CCC3=CC(=C(C=C3[C@H]2C[C@H]1OC(=O)[C@H](C(C)C)N)OC)OC,CC1=CC=C(C=C1)S(=O)(=O)O.CC1=CC=C(C=C1)S(=O)(=O)O.CC(C)CC1CN2CCC3=CC(=C(C=C3C2CC1OC(=O)C(C(C)C)N)OC)OC,BXGKAGLZHGYAMW-TZYFFPFWSA-N,Valbenazine tosylate
LT02389,Vandetanib,name,True,Vandetanib,,,PubChem_name_property,3081361.0,C22H24BrFN4O2,475.4,CN1CCC(CC1)COC2=C(C=C3C(=C2)N=CN=C3NC4=C(C=C(C=C4)Br)F)OC,CN1CCC(CC1)COC2=C(C=C3C(=C2)N=CN=C3NC4=C(C=C(C=C4)Br)F)OC,UHTHHESEBZOYNR-UHFFFAOYSA-N,Vandetanib
LT03786,Venetoclax,name,True,Venetoclax,,,PubChem_name_property,49846579.0,C45H50ClN7O7S,868.4,CC1(CCC(=C(C1)C2=CC=C(C=C2)Cl)CN3CCN(CC3)C4=CC(=C(C=C4)C(=O)NS(=O)(=O)C5=CC(=C(C=C5)NCC6CCOCC6)[N+](=O)[O-])OC7=CN=C8C(=C7)C=CN8)C,CC1(CCC(=C(C1)C2=CC=C(C=C2)Cl)CN3CCN(CC3)C4=CC(=C(C=C4)C(=O)NS(=O)(=O)C5=CC(=C(C=C5)NCC6CCOCC6)[N+](=O)[O-])OC7=CN=C8C(=C7)C=CN8)C,LQBVNQSMGBZMKD-UHFFFAOYSA-N,Venetoclax
LT03787,Vericiguat,name,True,Vericiguat,,,PubChem_name_property,54674461.0,C19H16F2N8O2,426.4,COC(=O)NC1=C(N=C(N=C1N)C2=NN(C3=C2C=C(C=N3)F)CC4=CC=CC=C4F)N,COC(=O)NC1=C(N=C(N=C1N)C2=NN(C3=C2C=C(C=N3)F)CC4=CC=CC=C4F)N,QZFHIXARHDBPBY-UHFFFAOYSA-N,Vericiguat
LT03788,Vibegron,name,True,Vibegron,,,PubChem_name_property,44472635.0,C26H28N4O3,444.5,C1C[C@@H](N[C@@H]1CC2=CC=C(C=C2)NC(=O)[C@@H]3CCC4=NC=CC(=O)N34)[C@@H](C5=CC=CC=C5)O,C1CC(NC1CC2=CC=C(C=C2)NC(=O)C3CCC4=NC=CC(=O)N34)C(C5=CC=CC=C5)O,DJXRIQMCROIRCZ-XOEOCAAJSA-N,Vibegron
LT02391,Vilazodone hydrochloride,name,True,Vilazodone hydrochloride,,,PubChem_name_property,6918313.0,C26H28ClN5O2,478.0,C1CN(CCN1CCCCC2=CNC3=C2C=C(C=C3)C#N)C4=CC5=C(C=C4)OC(=C5)C(=O)N.Cl,C1CN(CCN1CCCCC2=CNC3=C2C=C(C=C3)C#N)C4=CC5=C(C=C4)OC(=C5)C(=O)N.Cl,RPZBRGFNBNQSOP-UHFFFAOYSA-N,"2-benzofurancarboxamide, 5-(4-(4-(5-cyano-1H-indol-3-yl)butyl)-1-piperazinyl)-, hydrochloride (1:1)"
LT01861,Viloxazine hydrochloride,name,True,Viloxazine hydrochloride,,,PubChem_name_property,71424.0,C13H20ClNO3,273.75,CCOC1=CC=CC=C1OCC2CNCCO2.Cl,CCOC1=CC=CC=C1OCC2CNCCO2.Cl,HJOCKFVCMLCPTP-UHFFFAOYSA-N,Viloxazine Hydrochloride
LT03789,Viltolarsen,name,False,Viltolarsen,,,,,,,,,,
LT01516,Vitamin E,chembl_id,False,CHEMBL3989727,200.0,,,,,,,,,
LT01516,Vitamin E,CAS,True,58-95-7,,,PubChem_name_property,86472.0,C31H52O3,472.7,CC1=C(C(=C(C2=C1O[C@](CC2)(C)CCC[C@H](C)CCC[C@H](C)CCCC(C)C)C)OC(=O)C)C,CC1=C(C(=C(C2=C1OC(CC2)(C)CCCC(C)CCCC(C)CCCC(C)C)C)OC(=O)C)C,ZAKOWWREFLAJOT-CEFNRUSXSA-N,Alpha-Tocopherol Acetate
LT03563,Voclosporin,name,True,Voclosporin,,,PubChem_name_property,6918486.0,C63H111N11O12,1214.6,CC[C@H]1C(=O)N(CC(=O)N([C@H](C(=O)N[C@H](C(=O)N([C@H](C(=O)N[C@H](C(=O)N[C@@H](C(=O)N([C@H](C(=O)N([C@H](C(=O)N([C@H](C(=O)N([C@H](C(=O)N1)[C@@H]([C@H](C)C/C=C/C=C)O)C)C(C)C)C)CC(C)C)C)CC(C)C)C)C)C)CC(C)C)C)C(C)C)CC(C)C)C)C,CCC1C(=O)N(CC(=O)N(C(C(=O)NC(C(=O)N(C(C(=O)NC(C(=O)NC(C(=O)N(C(C(=O)N(C(C(=O)N(C(C(=O)N(C(C(=O)N1)C(C(C)CC=CC=C)O)C)C(C)C)C)CC(C)C)C)CC(C)C)C)C)C)CC(C)C)C)C(C)C)CC(C)C)C)C,BICRTLVBTLFLRD-PTWUADNWSA-N,Voclosporin
LT03790,Vorapaxar sulfate,name,True,Vorapaxar sulfate,,,PubChem_name_property,10077129.0,C29H35FN2O8S,590.7,CCOC(=O)N[C@@H]1CC[C@@H]2[C@@H](C1)C[C@@H]3[C@H]([C@H]2/C=C/C4=NC=C(C=C4)C5=CC(=CC=C5)F)[C@H](OC3=O)C.OS(=O)(=O)O,CCOC(=O)NC1CCC2C(C1)CC3C(C2C=CC4=NC=C(C=C4)C5=CC(=CC=C5)F)C(OC3=O)C.OS(=O)(=O)O,NQRYCIGCIAWEIC-CKLVGUEFSA-N,Vorapaxar Sulfate
LT02902,Vortioxetine hydrobromide,name,True,Vortioxetine hydrobromide,,,PubChem_name_property,56843850.0,C18H23BrN2S,379.4,CC1=CC(=C(C=C1)SC2=CC=CC=C2N3CCNCC3)C.Br,CC1=CC(=C(C=C1)SC2=CC=CC=C2N3CCNCC3)C.Br,VNGRUFUIHGGOOM-UHFFFAOYSA-N,Vortioxetine Hydrobromide
LT03791,Vosoritide,name,True,Vosoritide,,,PubChem_name_property,119058036.0,C176H290N56O51S3,4103.0,CC[C@H](C)[C@H]1C(=O)NCC(=O)N[C@H](C(=O)N[C@H](C(=O)N[C@H](C(=O)NCC(=O)N[C@H](C(=O)NCC(=O)N[C@@H](CSSC[C@@H](C(=O)N[C@H](C(=O)NCC(=O)N[C@H](C(=O)N[C@H](C(=O)N[C@H](C(=O)N[C@H](C(=O)N[C@H](C(=O)N1)CCCNC(=N)N)CC(=O)O)CC(C)C)CCCCN)CC(C)C)CC2=CC=CC=C2)NC(=O)CNC(=O)[C@H](CCCCN)NC(=O)[C@H](CO)NC(=O)[C@H](CC(C)C)NC(=O)CNC(=O)[C@H](CCCCN)NC(=O)[C@H](CCCCN)NC(=O)[C@H](CC(=O)N)NC(=O)[C@H](C)NC(=O)CNC(=O)[C@H](CCCCN)NC(=O)[C@H](CC3=CC=C(C=C3)O)NC(=O)[C@H](CCCCN)NC(=O)[C@H](CCCNC(=N)N)NC(=O)[C@H](C)NC(=O)[C@H](CC(=O)N)NC(=O)[C@@H]4CCCN4C(=O)[C@H](CC5=CN=CN5)NC(=O)[C@H](CCC(=O)O)NC(=O)[C@H](CCC(=O)N)NC(=O)CNC(=O)[C@@H]6CCCN6)C(=O)O)CC(C)C)CO)CCSC)CO,CCC(C)C1C(=O)NCC(=O)NC(C(=O)NC(C(=O)NC(C(=O)NCC(=O)NC(C(=O)NCC(=O)NC(CSSCC(C(=O)NC(C(=O)NCC(=O)NC(C(=O)NC(C(=O)NC(C(=O)NC(C(=O)NC(C(=O)N1)CCCNC(=N)N)CC(=O)O)CC(C)C)CCCCN)CC(C)C)CC2=CC=CC=C2)NC(=O)CNC(=O)C(CCCCN)NC(=O)C(CO)NC(=O)C(CC(C)C)NC(=O)CNC(=O)C(CCCCN)NC(=O)C(CCCCN)NC(=O)C(CC(=O)N)NC(=O)C(C)NC(=O)CNC(=O)C(CCCCN)NC(=O)C(CC3=CC=C(C=C3)O)NC(=O)C(CCCCN)NC(=O)C(CCCNC(=N)N)NC(=O)C(C)NC(=O)C(CC(=O)N)NC(=O)C4CCCN4C(=O)C(CC5=CN=CN5)NC(=O)C(CCC(=O)O)NC(=O)C(CCC(=O)N)NC(=O)CNC(=O)C6CCCN6)C(=O)O)CC(C)C)CO)CCSC)CO,IGYWDDBBJPSOTG-WBAGYEQSSA-N,Vosoritide
LT03792,Voxelotor,name,True,Voxelotor,,,PubChem_name_property,71602803.0,C19H19N3O3,337.4,CC(C)N1C(=CC=N1)C2=C(C=CC=N2)COC3=CC=CC(=C3C=O)O,CC(C)N1C(=CC=N1)C2=C(C=CC=N2)COC3=CC=CC(=C3C=O)O,FWCVZAQENIZVMY-UHFFFAOYSA-N,Voxelotor
LT03600,Zanubrutinib,name,True,Zanubrutinib,,,PubChem_name_property,135565884.0,C27H29N5O3,471.5,C=CC(=O)N1CCC(CC1)[C@@H]2CCNC3=C(C(=NN23)C4=CC=C(C=C4)OC5=CC=CC=C5)C(=O)N,C=CC(=O)N1CCC(CC1)C2CCNC3=C(C(=NN23)C4=CC=C(C=C4)OC5=CC=CC=C5)C(=O)N,RNOAOAWBMHREKO-QFIPXVFZSA-N,Zanubrutinib
LT03783,Upadacitinib,name,True,Upadacitinib,,,PubChem_name_property,58557659.0,C17H19F3N6O,380.4,CC[C@@H]1CN(C[C@@H]1C2=CN=C3N2C4=C(NC=C4)N=C3)C(=O)NCC(F)(F)F,CCC1CN(CC1C2=CN=C3N2C4=C(NC=C4)N=C3)C(=O)NCC(F)(F)F,WYQFJHHDOKWSHR-MNOVXSKESA-N,Upadacitinib
DMAP_TOFACITINIB,Tofacitinib,name,True,Tofacitinib,,,PubChem_name_property,9926791.0,C16H20N6O,312.37,C[C@@H]1CCN(C[C@@H]1N(C)C2=NC=NC3=C2C=CN3)C(=O)CC#N,CC1CCN(CC1N(C)C2=NC=NC3=C2C=CN3)C(=O)CC#N,UJLAWZDWDVHWOW-YPMHNXCESA-N,Tofacitinib
DMAP_AKN_028,AKN-028,name,True,AKN-028,,,PubChem_name_property,44177328.0,C17H14N6,302.33,C1=CC2=C(C=CN2)C=C1NC3=NC(=CN=C3N)C4=CC=NC=C4,C1=CC2=C(C=CN2)C=C1NC3=NC(=CN=C3N)C4=CC=NC=C4,JLRIJKVMMZEKDF-UHFFFAOYSA-N,Akn-028
DMAP_ORELABRUTINIB,Orelabrutinib,name,True,Orelabrutinib,,,PubChem_name_property,91667513.0,C26H25N3O3,427.5,C=CC(=O)N1CCC(CC1)C2=NC(=C(C=C2)C(=O)N)C3=CC=C(C=C3)OC4=CC=CC=C4,C=CC(=O)N1CCC(CC1)C2=NC(=C(C=C2)C(=O)N)C3=CC=C(C=C3)OC4=CC=CC=C4,MZPVEMOYADUARK-UHFFFAOYSA-N,Orelabrutinib
DMAP_BMS_986142,BMS-986142,name,True,BMS-986142,,,PubChem_name_property,86582336.0,C32H30F2N4O4,572.6,CC1=C(C=CC=C1N2C(=O)C3=C(C(=CC=C3)F)N(C2=O)C)C4=C(C=C(C5=C4C6=C(N5)C[C@H](CC6)C(C)(C)O)C(=O)N)F,CC1=C(C=CC=C1N2C(=O)C3=C(C(=CC=C3)F)N(C2=O)C)C4=C(C=C(C5=C4C6=C(N5)CC(CC6)C(C)(C)O)C(=O)N)F,ZRYMMWAJAFUANM-INIZCTEOSA-N,Bms-986142
DMAP_EVOBRUTINIB,Evobrutinib,name,True,Evobrutinib,,,PubChem_name_property,71479709.0,C25H27N5O2,429.5,C=CC(=O)N1CCC(CC1)CNC2=NC=NC(=C2C3=CC=C(C=C3)OC4=CC=CC=C4)N,C=CC(=O)N1CCC(CC1)CNC2=NC=NC(=C2C3=CC=C(C=C3)OC4=CC=CC=C4)N,QUIWHXQETADMGN-UHFFFAOYSA-N,Evobrutinib
DMAP_TAK_875,TAK-875,name,True,TAK-875,,,PubChem_name_property,24857286.0,C29H32O7S,524.6,CC1=CC(=CC(=C1C2=CC=CC(=C2)COC3=CC4=C(C=C3)[C@@H](CO4)CC(=O)O)C)OCCCS(=O)(=O)C,CC1=CC(=CC(=C1C2=CC=CC(=C2)COC3=CC4=C(C=C3)C(CO4)CC(=O)O)C)OCCCS(=O)(=O)C,BZCALJIHZVNMGJ-HSZRJFAPSA-N,Fasiglifam
DMAP_RUXOLITINIB,Ruxolitinib,name,True,Ruxolitinib,,,PubChem_name_property,25126798.0,C17H18N6,306.4,C1CCC(C1)[C@@H](CC#N)N2C=C(C=N2)C3=C4C=CNC4=NC=N3,C1CCC(C1)C(CC#N)N2C=C(C=N2)C3=C4C=CNC4=NC=N3,HFNKQEVNSGCOJV-OAHLLOKOSA-N,Ruxolitinib
LT02898,Ibrutinib,name,True,Ibrutinib,,,PubChem_name_property,24821094.0,C25H24N6O2,440.5,C=CC(=O)N1CCC[C@H](C1)N2C3=NC=NC(=C3C(=N2)C4=CC=C(C=C4)OC5=CC=CC=C5)N,C=CC(=O)N1CCCC(C1)N2C3=NC=NC(=C3C(=N2)C4=CC=C(C=C4)OC5=CC=CC=C5)N,XYFPWWZEPKGCCK-GOSISDBHSA-N,Ibrutinib
DMAP_REMIBRUTINIB,Remibrutinib,name,True,Remibrutinib,,,PubChem_name_property,118107483.0,C27H27F2N5O3,507.5,CC1=C(C=C(C=C1NC(=O)C2=C(C=C(C=C2)C3CC3)F)F)C4=C(C(=NC=N4)N)OCCN(C)C(=O)C=C,CC1=C(C=C(C=C1NC(=O)C2=C(C=C(C=C2)C3CC3)F)F)C4=C(C(=NC=N4)N)OCCN(C)C(=O)C=C,CUABMPOJOBCXJI-UHFFFAOYSA-N,Remibrutinib
DMAP_RILZABRUTINIB,Rilzabrutinib,name,True,Rilzabrutinib,,,PubChem_name_property,73388818.0,C36H40FN9O3,665.8,CC(C)(/C=C(\C#N)/C(=O)N1CCC[C@H](C1)N2C3=NC=NC(=C3C(=N2)C4=C(C=C(C=C4)OC5=CC=CC=C5)F)N)N6CCN(CC6)C7COC7,CC(C)(C=C(C#N)C(=O)N1CCCC(C1)N2C3=NC=NC(=C3C(=N2)C4=C(C=C(C=C4)OC5=CC=CC=C5)F)N)N6CCN(CC6)C7COC7,LCFFREMLXLZNHE-GBOLQPHISA-N,Rilzabrutinib
